"Estimator","mean_estimate","mean_bias","sd_estimate","var_estimate","n","target_r2","achieved_r2_raw","ss","relative_efficiency"
"unadj",50.0455473776539,0.0455473776538858,2.57425669348671,6.62679752396115,2000,0.4,0.399999999999999,47.2971889375013,0.726997408293074
"lm",50.1172800173968,0.117280017396754,2.19491790853387,4.81766462520272,2000,0.4,0.399999999999999,47.2971889375013,1
"lm_interact",50.1138538756012,0.113853875601236,2.19229822995966,4.80617152908425,2000,0.4,0.399999999999999,47.2971889375013,1.00239132041978
"rf",50.1159942350118,0.11599423501179,2.17455433430932,4.72868655286345,2000,0.4,0.399999999999999,47.2971889375013,1.01881665687598
"bart",50.1086341233422,0.108634123342213,2.15480739259572,4.64319489918515,2000,0.4,0.399999999999999,47.2971889375013,1.03757536132032
"super",49.9846214970917,-0.0153785029082687,2.16930950411106,4.70590372462657,2000,0.4,0.399999999999999,47.2971889375013,1.02374908351637
"xgboost",50.1220136970035,0.122013697003453,2.25887087567641,5.10249763297909,2000,0.4,0.399999999999999,47.2971889375013,0.944177728582291
"correct_model",50.0966472774981,0.0966472774980711,2.10159834945571,4.41671562243496,2000,0.4,0.399999999999999,47.2971889375013,1.09077990005313
