"Estimator","mean_estimate","mean_bias","sd_estimate","var_estimate","n","target_r2","achieved_r2_raw","ss","relative_efficiency"
"unadj",50.0855389014985,0.0855389014984592,3.02525217701596,9.15215073453978,1000,0.6,0.600000000000008,29.0587736588985,0.512293351031883
"lm",50.0837614268957,0.083761426895725,2.16531428872261,4.68858596894629,1000,0.6,0.600000000000008,29.0587736588985,1
"lm_interact",50.0822210105081,0.082221010508138,2.16358678693535,4.68110778460124,1000,0.6,0.600000000000008,29.0587736588985,1.00159752449402
"rf",50.0661873793545,0.0661873793544563,2.03265579548637,4.13168958292433,1000,0.6,0.600000000000008,29.0587736588985,1.13478659876181
"bart",50.0479625121668,0.0479625121668461,2.01029605305747,4.04129022093845,1000,0.6,0.600000000000008,29.0587736588985,1.16017056747227
"super",49.4648650136544,-0.535134986345616,2.10449073532933,4.42888125508699,1000,0.6,0.600000000000008,29.0587736588985,1.058638897478
"xgboost",50.1022122639498,0.102212263949761,2.10385867203327,4.42622131188959,1000,0.6,0.600000000000008,29.0587736588985,1.05927508783891
"correct_model",50.0347633050601,0.0347633050601145,1.86454623040801,3.47653264532871,1000,0.6,0.600000000000008,29.0587736588985,1.34863855665103
