"Estimator","mean_estimate","mean_bias","sd_estimate","var_estimate","n","target_r2","achieved_r2_raw","ss","relative_efficiency"
"unadj",50.1313834180909,0.131383418090877,5.45048117879193,29.7077450803651,500,0.4,0.400000000000003,47.8578236664634,0.702592611510374
"lm",50.0955795421606,0.0955795421605592,4.56863679866305,20.8724421980982,500,0.4,0.400000000000003,47.8578236664634,1
"lm_interact",50.1092711617089,0.109271161708927,4.55523222030242,20.7501405808813,500,0.4,0.400000000000003,47.8578236664634,1.00589401390994
"rf",50.1917743127073,0.191774312707286,4.5804706928634,20.9807117681805,500,0.4,0.400000000000003,47.8578236664634,0.994839566394191
"bart",50.1027410738034,0.102741073803426,4.55904513928294,20.7848925820194,500,0.4,0.400000000000003,47.8578236664634,1.00421217553727
"super",49.3597131696903,-0.640286830309714,4.61190335785782,21.2696525822203,500,0.4,0.400000000000003,47.8578236664634,0.981325017764788
"xgboost",50.1908801973728,0.190880197372799,4.83285167992039,23.3564553601093,500,0.4,0.400000000000003,47.8578236664634,0.893647682248325
"correct_model",50.153408288197,0.153408288196977,4.29123682881197,18.4147135209522,500,0.4,0.400000000000003,47.8578236664634,1.13346548532235
