"Estimator","mean_estimate","mean_bias","sd_estimate","var_estimate","n","target_r2","achieved_r2_raw","ss","relative_efficiency"
"unadj",50.0080288209883,0.00802882098829633,0.895827607610712,0.802507102557532,10000,0.6,0.599999999999996,28.8267951585152,0.536335853041946
"lm",50.0163304922193,0.0163304922193252,0.656058938985221,0.430413331422414,10000,0.6,0.599999999999996,28.8267951585152,1
"lm_interact",50.0160769379066,0.0160769379066241,0.656321165067402,0.430757471715431,10000,0.6,0.599999999999996,28.8267951585152,0.999201081082479
"rf",49.9970244862036,-0.0029755137963518,0.578668172358727,0.334856853700989,10000,0.6,0.599999999999996,28.8267951585152,1.28536515428994
"bart",50.0084713736597,0.0084713736597303,0.572546056396283,0.327808986694935,10000,0.6,0.599999999999996,28.8267951585152,1.31300040234396
"super",49.9649235633369,-0.0350764366630997,0.570653262118899,0.325645145566941,10000,0.6,0.599999999999996,28.8267951585152,1.32172500429286
"xgboost",50.0001432497154,0.000143249715429254,0.585977383404058,0.343369493861066,10000,0.6,0.599999999999996,28.8267951585152,1.2534990414628
"correct_model",50.002412317158,0.00241231715799945,0.559640100197921,0.313197041749539,10000,0.6,0.599999999999996,28.8267951585152,1.37425733339657
