"Estimator","mean_estimate","mean_bias","sd_estimate","var_estimate","n","target_r2","achieved_r2_raw","ss","relative_efficiency"
"unadj",50.0313599243947,0.0313599243947217,0.75801017517245,0.574579425664968,10000,0.8,0.8,11.7369867540522,0.283175708473367
"lm",50.0130065692972,0.0130065692972279,0.403369478192014,0.162706935936898,10000,0.8,0.8,11.7369867540522,1
"lm_interact",50.0133207549322,0.0133207549321764,0.403491239087438,0.162805180020316,10000,0.8,0.8,11.7369867540522,0.999396554314756
"rf",50.0054831046852,0.00548310468517202,0.259931052051206,0.0675641518204469,10000,0.8,0.8,11.7369867540522,2.4081843929499
"bart",50.0074078587464,0.00740785874635533,0.252747836227223,0.0638814687175433,10000,0.8,0.8,11.7369867540522,2.54701307285715
"super",49.9594604435292,-0.0405395564708264,0.248417484376811,0.061711246544103,10000,0.8,0.8,11.7369867540522,2.63658482122244
"xgboost",50.0023812213054,0.00238122130542458,0.25380773869188,0.0644183682198858,10000,0.8,0.8,11.7369867540522,2.52578481003296
"correct_model",50.0034106230392,0.00341062303920168,0.236348205748401,0.0558604743604886,10000,0.8,0.8,11.7369867540522,2.91273817130318
