"Estimator","mean_estimate","mean_bias","sd_estimate","var_estimate","n","target_r2","achieved_r2_raw","ss","relative_efficiency"
"unadj",50.1359700955496,0.135970095549573,5.6535954039696,31.9631409917861,1000,0.2,0.200000000000003,81.2560617244581,0.855858191748227
"lm",50.1500838478957,0.150083847895665,5.23028833352653,27.3559160518237,1000,0.2,0.200000000000003,81.2560617244581,1
"lm_interact",50.1324107708294,0.132410770829435,5.23424292856806,27.3972990352648,1000,0.2,0.200000000000003,81.2560617244581,0.998489523241404
"rf",50.1466416778587,0.146641677858673,5.3419743710575,28.5366901810352,1000,0.2,0.200000000000003,81.2560617244581,0.958622597024367
"bart",50.1185991158928,0.118599115892813,5.29797681014422,28.0685582808259,1000,0.2,0.200000000000003,81.2560617244581,0.974610657880173
"super",49.4363100230784,-0.563689976921556,5.42815451701401,29.4648614605797,1000,0.2,0.200000000000003,81.2560617244581,0.928425069584072
"xgboost",50.1289385764705,0.128938576470476,5.48778084792436,30.1157386348454,1000,0.2,0.200000000000003,81.2560617244581,0.908359458936582
"correct_model",50.103150884676,0.103150884676016,5.16531281556469,26.6804564826368,1000,0.2,0.200000000000003,81.2560617244581,1.02531664215065
