"Estimator","mean_estimate","mean_bias","sd_estimate","var_estimate","n","target_r2","achieved_r2_raw","ss","relative_efficiency"
"unadj",50.058919916567,0.0589199165670032,2.02671871773391,4.107588760813,2000,0.6,0.600000000000008,28.9729226647621,0.537934310847482
"lm",50.0037370944448,0.00373709444477789,1.48647668306395,2.2096129292928,2000,0.6,0.600000000000008,28.9729226647621,1
"lm_interact",50.0078135977093,0.00781359770930732,1.48526634469767,2.20601611469158,2000,0.6,0.600000000000008,28.9729226647621,1.00163045708382
"rf",50.0409654473768,0.0409654473767839,1.37720484117647,1.89669317455992,2000,0.6,0.600000000000008,28.9729226647621,1.16498174767012
"bart",50.0484518126609,0.0484518126609437,1.37035027527778,1.87785987695388,2000,0.6,0.600000000000008,28.9729226647621,1.17666549906645
"super",49.9166090065008,-0.0833909934991784,1.37468212889348,1.8897509554991,2000,0.6,0.600000000000008,28.9729226647621,1.16926144308218
"xgboost",50.03767505986,0.0376750598599899,1.45089870854173,2.10510706244806,2000,0.6,0.600000000000008,28.9729226647621,1.04964396761997
"correct_model",50.0561380122908,0.056138012290778,1.29328840853253,1.67259490764459,2000,0.6,0.600000000000008,28.9729226647621,1.32106878909757
