"Estimator","mean_estimate","mean_bias","sd_estimate","var_estimate","n","target_r2","achieved_r2_raw","ss","relative_efficiency"
"unadj",49.9830611962812,-0.0169388037188173,3.30457671897106,10.9202272915656,500,0.8,0.800000000000003,11.995593976497,0.311199176845207
"lm",49.94719965357,-0.052800346430003,1.84346568834296,3.39836574409777,500,0.8,0.800000000000003,11.995593976497,1
"lm_interact",49.9450344801883,-0.0549655198117073,1.84748035731772,3.41318367067481,500,0.8,0.800000000000003,11.995593976497,0.995658620218902
"rf",50.0194311138774,0.0194311138773544,1.47715489536489,2.18198658490045,500,0.8,0.800000000000003,11.995593976497,1.55746408690813
"bart",50.0005260838102,0.00052608381023551,1.31754391684991,1.73592197282819,500,0.8,0.800000000000003,11.995593976497,1.95767194452934
"super",49.8288986623573,-0.171101337642674,1.28371843567884,1.64793302210173,500,0.8,0.800000000000003,11.995593976497,2.06219894772398
"xgboost",50.0531604645065,0.0531604645064818,1.41627622932031,2.00583835773776,500,0.8,0.800000000000003,11.995593976497,1.69423709093416
"correct_model",50.0275255497855,0.0275255497855055,1.04696721838589,1.09614035637469,500,0.8,0.800000000000003,11.995593976497,3.10030163959782
