"Estimator","mean_estimate","mean_bias","sd_estimate","var_estimate","n","target_r2","achieved_r2_raw","ss","relative_efficiency"
"unadj",51.2126678848738,1.21266788487383,13.953196939648,194.691704836603,200,0.2,0.2,87.265358238047,0.908827160102832
"lm",51.4067487070214,1.40674870702135,13.3019212598116,176.941109202229,200,0.2,0.2,87.265358238047,1
"lm_interact",51.416656872426,1.41665687242595,13.2856767875806,176.509207704058,200,0.2,0.2,87.265358238047,1.00244690633304
"rf",51.4589628939965,1.45896289399649,13.5926512110339,184.760166944822,200,0.2,0.2,87.265358238047,0.957679959528679
"bart",51.4526642448681,1.45266424486805,13.4570847814807,181.09313081596,200,0.2,0.2,87.265358238047,0.977072451091751
"super",49.3295973052686,-0.670402694731371,13.8247761439824,191.124435431225,200,0.2,0.2,87.265358238047,0.925790094830128
"xgboost",51.3798181977449,1.37981819774491,13.8010294770727,190.468414627031,200,0.2,0.2,87.265358238047,0.928978747204407
"correct_model",51.4919680809744,1.49196808097444,13.0892445755045,171.328323557374,200,0.2,0.2,87.265358238047,1.03276040720129
