"Estimator","mean_estimate","mean_bias","sd_estimate","var_estimate","n","target_r2","achieved_r2_raw","ss","relative_efficiency"
"unadj",50.035278792139,0.0352787921390502,1.19202199585552,1.42091643860339,10000,0.4,0.4,47.0989340742241,0.701467812329009
"lm",50.0212641361205,0.0212641361204523,0.998362231702223,0.996727145689444,10000,0.4,0.4,47.0989340742241,1
"lm_interact",50.0219691977413,0.021969197741254,0.998358748268723,0.996720190244691,10000,0.4,0.4,47.0989340742241,1.00000697833236
"rf",50.0437248649276,0.0437248649276408,0.962741318845214,0.926870847011821,10000,0.4,0.4,47.0989340742241,1.0753678885282
"bart",50.0372707741982,0.0372707741981632,0.961258618654396,0.924018131937358,10000,0.4,0.4,47.0989340742241,1.07868786470633
"super",50.0021500844628,0.00215008446281697,0.963243732045447,0.927838487324842,10000,0.4,0.4,47.0989340742241,1.07424639019149
"xgboost",50.0338133003449,0.0338133003449293,0.978078389372129,0.956637335756779,10000,0.4,0.4,47.0989340742241,1.04190700951573
"correct_model",50.0347643640886,0.0347643640885628,0.952608778541914,0.907463484955118,10000,0.4,0.4,47.0989340742241,1.09836611854277
