"Estimator","mean_estimate","mean_bias","sd_estimate","var_estimate","n","target_r2","achieved_r2_raw","ss","relative_efficiency"
"unadj",49.9920449160003,-0.00795508399972997,1.75895626112965,3.09392712856721,10000,0.2,0.199999999999997,79.9620246715776,0.842494187090003
"lm",49.999193636342,-0.00080636365797555,1.61450166339275,2.60661562109794,10000,0.2,0.199999999999997,79.9620246715776,1
"lm_interact",49.9988895728811,-0.00111042711892777,1.61492258233859,2.60797494694715,10000,0.2,0.199999999999997,79.9620246715776,0.999478781093815
"rf",49.9763277165134,-0.0236722834866141,1.62008168258929,2.62466465826134,10000,0.2,0.199999999999997,79.9620246715776,0.99312329782527
"bart",49.9937301732239,-0.00626982677607656,1.59952271869392,2.55847292761799,10000,0.2,0.199999999999997,79.9620246715776,1.01881696419777
"super",49.963679072899,-0.036320927100977,1.5986286987794,2.5556137165611,10000,0.2,0.199999999999997,79.9620246715776,1.01995681280247
"xgboost",49.981845681038,-0.0181543189619949,1.6475311351257,2.71435884120858,10000,0.2,0.199999999999997,79.9620246715776,0.960306198843384
"correct_model",49.9962764119182,-0.0037235880817792,1.58079415399257,2.49891015729709,10000,0.2,0.199999999999997,79.9620246715776,1.0431009748335
