"Estimator","mean_estimate","mean_bias","sd_estimate","var_estimate","n","target_r2","achieved_r2_raw","ss","relative_efficiency"
"unadj",50.0282080849132,0.0282080849131909,1.70876013480923,2.91986119831325,2000,0.8,0.8,11.8140479563888,0.284640821418211
"lm",50.0219410811308,0.0219410811307845,0.911653272859284,0.831111689915043,2000,0.8,0.8,11.8140479563888,1
"lm_interact",50.0214439166792,0.0214439166792023,0.912022572955312,0.831785173580028,2000,0.8,0.8,11.8140479563888,0.999190315376643
"rf",50.0278977828507,0.0278977828507223,0.635205894955915,0.403486528986745,2000,0.8,0.8,11.8140479563888,2.05982512477473
"bart",50.0236476624615,0.0236476624614645,0.590609951684035,0.348820115028218,2000,0.8,0.8,11.8140479563888,2.3826369355099
"super",49.9163173165577,-0.0836826834423119,0.57677612405978,0.332670697285422,2000,0.8,0.8,11.8140479563888,2.49830146357006
"xgboost",50.0277534438706,0.0277534438706345,0.616721670353775,0.38034561868395,2000,0.8,0.8,11.8140479563888,2.1851485835194
"correct_model",50.013896744371,0.0138967443709502,0.512371390904589,0.262524442217503,2000,0.8,0.8,11.8140479563888,3.16584498911709
