"Estimator","mean_estimate","mean_bias","sd_estimate","var_estimate","n","target_r2","achieved_r2_raw","ss","relative_efficiency"
"unadj",50.0114178162936,0.0114178162936155,8.05918825048899,64.9505152568199,500,0.2,0.200000000000001,82.2909199108999,0.859645389088103
"lm",50.1417760400188,0.141776040018797,7.47224269944584,55.8344109594217,500,0.2,0.200000000000001,82.2909199108999,1
"lm_interact",50.1404115252199,0.140411525219925,7.47927268490473,55.939519895162,500,0.2,0.200000000000001,82.2909199108999,0.998121025422862
"rf",50.0940203967653,0.0940203967653296,7.48596062176979,56.0396064306879,500,0.2,0.200000000000001,82.2909199108999,0.996338384861428
"bart",50.153680609827,0.153680609826997,7.41636944217241,55.0025357027887,500,0.2,0.200000000000001,82.2909199108999,1.01512430737972
"super",49.1490028195317,-0.850997180468318,7.60614238151321,57.8534019278515,500,0.2,0.200000000000001,82.2909199108999,0.96510160334309
"xgboost",50.1979687970514,0.197968797051413,7.67179581926889,58.8564510925516,500,0.2,0.200000000000001,82.2909199108999,0.948654054448886
"correct_model",50.130946008027,0.130946008027037,7.37637465112979,54.4109029938302,500,0.2,0.200000000000001,82.2909199108999,1.02616218234336
