"Estimator","mean_estimate","mean_bias","sd_estimate","var_estimate","n","target_r2","achieved_r2_raw","ss","relative_efficiency"
"unadj",50.224104807487,0.224104807487031,5.11866752682056,26.2007572501273,200,0.8,0.800000000000007,12.723571281659,0.334119123509574
"lm",50.0727422382021,0.0727422382020835,2.95874535026245,8.75417404769965,200,0.8,0.800000000000007,12.723571281659,1
"lm_interact",50.0957794988398,0.0957794988398099,2.94902644238769,8.69675695790181,200,0.8,0.800000000000007,12.723571281659,1.00660212652553
"rf",50.2219813999451,0.221981399945083,2.6445012773324,6.99338700581269,200,0.8,0.800000000000007,12.723571281659,1.25177886486526
"bart",50.109510848464,0.109510848464033,2.43310734310494,5.92001134307117,200,0.8,0.800000000000007,12.723571281659,1.47874278280659
"super",49.7224630221465,-0.27753697785347,2.37915207551499,5.66036459842731,200,0.8,0.800000000000007,12.723571281659,1.54657423483497
"xgboost",50.1553394236156,0.155339423615606,2.67132277869738,7.1359653879875,200,0.8,0.800000000000007,12.723571281659,1.22676800849345
"correct_model",50.0200660871342,0.0200660871341848,1.84720654157005,3.4121720072192,200,0.8,0.800000000000007,12.723571281659,2.56557231850512
