"Estimator","mean_estimate","mean_bias","sd_estimate","var_estimate","n","target_r2","achieved_r2_raw","ss","relative_efficiency"
"unadj",50.4558995540968,0.455899554096838,3.95781262673051,15.6642807883075,1000,0.4,0.400000000000003,47.6772522158372,0.71435362401235
"lm",50.4216947644532,0.421694764453219,3.34512118594745,11.1898357486745,1000,0.4,0.400000000000003,47.6772522158372,1
"lm_interact",50.4199556977067,0.419955697706696,3.36079986960266,11.2949757635213,1000,0.4,0.400000000000003,47.6772522158372,0.990691435108133
"rf",50.4484309266762,0.448430926676215,3.29805749904545,10.8771832670099,1000,0.4,0.400000000000003,47.6772522158372,1.02874388285916
"bart",50.449060405011,0.449060405010954,3.26611382705217,10.6674995312614,1000,0.4,0.400000000000003,47.6772522158372,1.04896519712819
"super",49.8481254720075,-0.151874527992457,3.3959341194979,11.53236854397,1000,0.4,0.400000000000003,47.6772522158372,0.970298140057738
"xgboost",50.5021693941958,0.50216939419583,3.46309441924466,11.9930229566035,1000,0.4,0.400000000000003,47.6772522158372,0.933028794255181
"correct_model",50.3997325856893,0.399732585689316,3.14099436100694,9.86584557587741,1000,0.4,0.400000000000003,47.6772522158372,1.13419936108004
