"Estimator","mean_estimate","mean_bias","sd_estimate","var_estimate","n","target_r2","achieved_r2_raw","ss","relative_efficiency"
"unadj",50.0319757443751,0.0319757443751397,4.26487739872598,18.1891792261637,500,0.6,0.600000000000007,29.1674322845581,0.54430344039142
"lm",50.0878348708602,0.0878348708601832,3.14649532507153,9.90043283069702,500,0.6,0.600000000000007,29.1674322845581,1
"lm_interact",50.0720843600739,0.0720843600738568,3.13207385116151,9.80988660912967,500,0.6,0.600000000000007,29.1674322845581,1.00923009869279
"rf",50.1483318986456,0.148331898645646,2.92216902736033,8.53907182446402,500,0.6,0.600000000000007,29.1674322845581,1.15942728135074
"bart",50.0734443310066,0.0734443310065968,2.90423601759748,8.43458684591048,500,0.6,0.600000000000007,29.1674322845581,1.17378989766372
"super",49.7501535079234,-0.249846492076601,2.89642385288809,8.38927113557908,500,0.6,0.600000000000007,29.1674322845581,1.18013027242725
"xgboost",50.0388558304129,0.0388558304129349,3.07037953543438,9.42723049161421,500,0.6,0.600000000000007,29.1674322845581,1.05019526567254
"correct_model",50.0738968783301,0.0738968783300983,2.69395716342862,7.25740519838839,500,0.6,0.600000000000007,29.1674322845581,1.36418355597612
