"Estimator","mean_estimate","mean_bias","sd_estimate","var_estimate","n","target_r2","achieved_r2_raw","ss","relative_efficiency"
"unadj",50.0530852991722,0.0530852991721691,3.98847876817745,15.9079628842023,2000,0.2,0.2,80.3346816814468,0.871174377296885
"lm",50.0848368871313,0.0848368871313452,3.72271536109154,13.8586096597069,2000,0.2,0.2,80.3346816814468,1
"lm_interact",50.0834058736733,0.0834058736733493,3.73056475840914,13.9171134166843,2000,0.2,0.2,80.3346816814468,0.995796272170402
"rf",50.0485806325736,0.048580632573586,3.74046557910314,13.9910827484554,2000,0.2,0.2,80.3346816814468,0.990531605656957
"bart",50.0581104501856,0.0581104501855808,3.71376919291152,13.7920816182187,2000,0.2,0.2,80.3346816814468,1.0048236403561
"super",49.8789573178916,-0.121042682108395,3.73863261079509,13.9773737985005,2000,0.2,0.2,80.3346816814468,0.991503114926615
"xgboost",50.0671143037762,0.0671143037762436,3.88600081914593,15.1010023664028,2000,0.2,0.2,80.3346816814468,0.917727798688379
"correct_model",50.0696555634648,0.0696555634647894,3.67595658022755,13.5126567797182,2000,0.2,0.2,80.3346816814468,1.0256021362511
