"Estimator","mean_estimate","mean_bias","sd_estimate","var_estimate","n","target_r2","achieved_r2_raw","ss","relative_efficiency"
"unadj",49.9929391998288,-0.00706080017118904,2.40332058242022,5.77594982188467,1000,0.8,0.800000000000001,11.8770717188204,0.2879405338728
"lm",50.0581828230453,0.0581828230453018,1.28962400541242,1.66313007533598,1000,0.8,0.800000000000001,11.8770717188204,1
"lm_interact",50.0569932445771,0.0569932445771378,1.28233902708725,1.64439338039107,1000,0.8,0.800000000000001,11.8770717188204,1.01139428993593
"rf",50.0384647894083,0.0384647894082883,0.988086433588767,0.976314800242169,1000,0.8,0.800000000000001,11.8770717188204,1.7034772748743
"bart",50.0385096343102,0.0385096343101929,0.90997134198153,0.828047843227666,1000,0.8,0.800000000000001,11.8770717188204,2.00849514788086
"super",49.4921315623718,-0.507868437628196,0.953228912106532,0.908645358875803,1000,0.8,0.800000000000001,11.8770717188204,1.83034014215804
"xgboost",50.0160207576579,0.0160207576579006,0.929707140144764,0.864355366436156,1000,0.8,0.800000000000001,11.8770717188204,1.92412766775923
"correct_model",50.0254294132934,0.0254294132933905,0.76064781700304,0.578585101511491,1000,0.8,0.800000000000001,11.8770717188204,2.87447787886558
