"replicate","Estimator","Procedure","ModelSpec","n_obs","estimate","bias","eif_var","eif_se","bootstrap_se","bootstrap_bias","bc_estimate","ci_lower","ci_upper","bc_ci_lower","bc_ci_upper","covered_true_95","covered_true_95_bc","reject_h0_effect","reject_h0_null","bootstrap_time_sec","replicate_time_sec","covered_mc_mean_95"
1,"lm_interact","single_stage_drml_bc","m1",619,41.6386712782417,-8.36132872175829,143108.584288179,11.9628000187322,NA,NA,NA,18.1920140872715,65.0853284692119,NA,NA,1,NA,0,1,NA,0.179486274719238,NA
10,"lm_interact","single_stage_drml_bc","m1",621,46.4268988236423,-3.5731011763577,49165.8032467703,7.01183308748649,NA,NA,NA,32.6839585065625,60.1698391407221,NA,NA,1,NA,0,1,NA,0.0661771297454834,NA
100,"lm_interact","single_stage_drml_bc","m1",601,58.4485968926762,8.44859689267623,51348.1069520047,7.16575934231709,NA,NA,NA,44.4039666598533,72.4932271254991,NA,NA,1,NA,0,1,NA,0.0528173446655273,NA
101,"lm_interact","single_stage_drml_bc","m1",615,62.1666365175359,12.1666365175359,54875.8502119645,7.40782358132026,NA,NA,NA,47.6475690943217,76.6857039407501,NA,NA,1,NA,0,1,NA,0.0531725883483887,NA
102,"lm_interact","single_stage_drml_bc","m1",594,58.2643750647701,8.26437506477013,70733.6079199663,8.41032745616758,NA,NA,NA,41.7804361524933,74.748313977047,NA,NA,1,NA,0,1,NA,0.053048849105835,NA
103,"lm_interact","single_stage_drml_bc","m1",621,36.6984837271368,-13.3015162728632,170192.674359971,13.0457914424527,NA,NA,NA,11.1292023501088,62.2677651041648,NA,NA,1,NA,0,1,NA,0.0527684688568115,NA
104,"lm_interact","single_stage_drml_bc","m1",613,40.3265571351305,-9.67344286486947,43978.6707123839,6.63164163027405,NA,NA,NA,27.3287783814169,53.3243358888442,NA,NA,1,NA,0,1,NA,0.0520520210266113,NA
105,"lm_interact","single_stage_drml_bc","m1",610,44.934301901943,-5.06569809805704,43017.9296009126,6.55880550107354,NA,NA,NA,32.0792793382356,57.7893244656503,NA,NA,1,NA,0,1,NA,0.0523719787597656,NA
106,"lm_interact","single_stage_drml_bc","m1",628,84.7293827703736,34.7293827703736,747641.523694979,27.3430342810556,NA,NA,NA,31.1380203514606,138.320745189286,NA,NA,1,NA,0,1,NA,0.0521237850189209,NA
107,"lm_interact","single_stage_drml_bc","m1",613,47.6678333706542,-2.33216662934581,64514.21645658,8.03207423126679,NA,NA,NA,31.925257156219,63.4104095850893,NA,NA,1,NA,0,1,NA,0.0522286891937256,NA
108,"lm_interact","single_stage_drml_bc","m1",617,50.8536149377626,0.853614937762636,167098.310158475,12.9266511579169,NA,NA,NA,25.5178442275325,76.1893856479928,NA,NA,1,NA,0,1,NA,0.0517075061798096,NA
109,"lm_interact","single_stage_drml_bc","m1",616,56.2833840139541,6.28338401395406,65846.5136109086,8.11458647195953,NA,NA,NA,40.3790867794774,72.1876812484307,NA,NA,1,NA,0,1,NA,0.0546977519989014,NA
11,"lm_interact","single_stage_drml_bc","m1",610,45.0857395729594,-4.91426042704062,46565.9181149856,6.82392248746904,NA,NA,NA,31.7110972642271,58.4603818816917,NA,NA,1,NA,0,1,NA,0.0661647319793701,NA
110,"lm_interact","single_stage_drml_bc","m1",591,55.8565404542487,5.85654045424874,59924.8298327503,7.74111295827353,NA,NA,NA,40.6842378557763,71.0288430527212,NA,NA,1,NA,0,1,NA,0.0521748065948486,NA
111,"lm_interact","single_stage_drml_bc","m1",601,49.0326370422898,-0.967362957710215,65089.67236842,8.0678170757907,NA,NA,NA,33.2200061398828,64.8452679446968,NA,NA,1,NA,0,1,NA,0.0525393486022949,NA
112,"lm_interact","single_stage_drml_bc","m1",592,65.3899986821334,15.3899986821334,60377.2791023248,7.77028179040662,NA,NA,NA,50.1605262232091,80.6194711410578,NA,NA,0,NA,1,1,NA,0.0509817600250244,NA
113,"lm_interact","single_stage_drml_bc","m1",602,21.9215826996847,-28.0784173003153,141147.476969572,11.8805503647589,NA,NA,NA,-1.36386813175685,45.2070335311263,NA,NA,0,NA,1,0,NA,0.0534288883209229,NA
114,"lm_interact","single_stage_drml_bc","m1",589,64.9279839126213,14.9279839126213,70565.9019319572,8.40035129812779,NA,NA,NA,48.4635979108065,81.392369914436,NA,NA,1,NA,0,1,NA,0.0530953407287598,NA
115,"lm_interact","single_stage_drml_bc","m1",606,49.6919544786221,-0.308045521377856,73798.1213074808,8.59058329262227,NA,NA,NA,32.854720618891,66.5291883383533,NA,NA,1,NA,0,1,NA,0.0491209030151367,NA
116,"lm_interact","single_stage_drml_bc","m1",614,42.7042745457349,-7.29572545426512,51250.1059346777,7.15891793043318,NA,NA,NA,28.6730532338078,56.7354958576619,NA,NA,1,NA,0,1,NA,0.0466713905334473,NA
117,"lm_interact","single_stage_drml_bc","m1",614,41.0171442786759,-8.98285572132405,58943.9595905686,7.67749696128683,NA,NA,NA,25.9695267431381,56.0647618142138,NA,NA,1,NA,0,1,NA,0.0483019351959229,NA
118,"lm_interact","single_stage_drml_bc","m1",598,58.4604727896114,8.46047278961136,92286.2334767611,9.60657241042616,NA,NA,NA,39.6319368503,77.2890087289228,NA,NA,1,NA,0,1,NA,0.0484318733215332,NA
119,"lm_interact","single_stage_drml_bc","m1",599,33.8191232401454,-16.1808767598546,47666.1354878647,6.90406659063082,NA,NA,NA,20.2874013756428,47.3508451046481,NA,NA,0,NA,1,1,NA,0.0552568435668945,NA
12,"lm_interact","single_stage_drml_bc","m1",603,41.2442062268927,-8.75579377310726,80680.1997170483,8.98221574652091,NA,NA,NA,23.6393868623432,58.8490255914423,NA,NA,1,NA,0,1,NA,0.0663928985595703,NA
120,"lm_interact","single_stage_drml_bc","m1",613,35.3622892590242,-14.6377107409758,47802.0077832856,6.9138996075504,NA,NA,NA,21.8112950354998,48.9132834825486,NA,NA,0,NA,1,1,NA,0.0480623245239258,NA
121,"lm_interact","single_stage_drml_bc","m1",621,70.4308985475486,20.4308985475486,64866.1525956337,8.05395260698955,NA,NA,NA,54.6454415046566,86.2163555904406,NA,NA,0,NA,1,1,NA,0.0629050731658936,NA
122,"lm_interact","single_stage_drml_bc","m1",596,47.5831418223605,-2.41685817763955,43360.3695698421,6.58485911541334,NA,NA,NA,34.67705511288,60.4892285318409,NA,NA,1,NA,0,1,NA,0.0557847023010254,NA
123,"lm_interact","single_stage_drml_bc","m1",617,60.3651724302894,10.3651724302894,61762.9383622411,7.85894002790714,NA,NA,NA,44.9619330189312,75.7684118416476,NA,NA,1,NA,0,1,NA,0.0564370155334473,NA
124,"lm_interact","single_stage_drml_bc","m1",610,45.0453416663929,-4.95465833360711,91312.6885907143,9.5557672947134,NA,NA,NA,26.3163819241089,63.7743014086769,NA,NA,1,NA,0,1,NA,0.0544769763946533,NA
125,"lm_interact","single_stage_drml_bc","m1",590,47.8835569269161,-2.11644307308393,62786.5963097844,7.92379936077286,NA,NA,NA,32.3531955590798,63.4139182947524,NA,NA,1,NA,0,1,NA,0.054617166519165,NA
126,"lm_interact","single_stage_drml_bc","m1",595,42.184097880895,-7.81590211910499,52002.4940270203,7.2112754785142,NA,NA,NA,28.0502576604103,56.3179381013797,NA,NA,1,NA,0,1,NA,0.0569989681243896,NA
127,"lm_interact","single_stage_drml_bc","m1",607,46.6896376932311,-3.31036230676892,42785.8375455689,6.54108840679966,NA,NA,NA,33.8693399962113,59.5099353902509,NA,NA,1,NA,0,1,NA,0.0484955310821533,NA
128,"lm_interact","single_stage_drml_bc","m1",591,52.2667479365832,2.26674793658321,60292.3147855928,7.76481260466682,NA,NA,NA,37.0479948847336,67.4855009884328,NA,NA,1,NA,0,1,NA,0.047762393951416,NA
129,"lm_interact","single_stage_drml_bc","m1",605,45.9346908606658,-4.06530913933425,60418.4306309322,7.7729293468378,NA,NA,NA,30.7000292864892,61.1693524348423,NA,NA,1,NA,0,1,NA,0.0483682155609131,NA
13,"lm_interact","single_stage_drml_bc","m1",598,43.3532251765172,-6.6467748234828,365104.023680788,19.1076954047522,NA,NA,NA,5.90283035564145,80.803619997393,NA,NA,1,NA,0,1,NA,0.0666611194610596,NA
130,"lm_interact","single_stage_drml_bc","m1",590,32.0813019310871,-17.9186980689129,131596.47086306,11.471550499521,NA,NA,NA,9.59747610519353,54.5651277569806,NA,NA,1,NA,0,1,NA,0.0541243553161621,NA
131,"lm_interact","single_stage_drml_bc","m1",609,47.6200413974674,-2.37995860253261,53460.4451231452,7.31166500348212,NA,NA,NA,33.2894413236205,61.9506414713143,NA,NA,1,NA,0,1,NA,0.0483858585357666,NA
132,"lm_interact","single_stage_drml_bc","m1",612,40.6460919529307,-9.35390804706926,55706.9144012229,7.46370647876931,NA,NA,NA,26.0174960633646,55.2746878424968,NA,NA,1,NA,0,1,NA,0.0539250373840332,NA
133,"lm_interact","single_stage_drml_bc","m1",591,59.170439948191,9.170439948191,61503.2562762599,7.84240118052245,NA,NA,NA,43.7996160820526,74.5412638143294,NA,NA,1,NA,0,1,NA,0.053342342376709,NA
134,"lm_interact","single_stage_drml_bc","m1",636,56.9495624315171,6.9495624315171,47375.6361063359,6.88299615765808,NA,NA,NA,43.4591378567797,70.4399870062545,NA,NA,1,NA,0,1,NA,0.0512371063232422,NA
135,"lm_interact","single_stage_drml_bc","m1",608,44.4239325145238,-5.57606748547619,57059.0845521727,7.55374639183582,NA,NA,NA,29.6188616381762,59.2290033908714,NA,NA,1,NA,0,1,NA,0.0532660484313965,NA
136,"lm_interact","single_stage_drml_bc","m1",607,50.1983761613498,0.198376161349763,56452.9882996387,7.51352036662167,NA,NA,NA,35.4721468456631,64.9246054770364,NA,NA,1,NA,0,1,NA,0.0486965179443359,NA
137,"lm_interact","single_stage_drml_bc","m1",589,45.9923785307344,-4.00762146926557,44903.5784328266,6.70101323926663,NA,NA,NA,32.8586339218458,59.1261231396231,NA,NA,1,NA,0,1,NA,0.0465595722198486,NA
138,"lm_interact","single_stage_drml_bc","m1",627,53.3750333936299,3.37503339362994,109240.061886052,10.4517970649096,NA,NA,NA,32.8898875726858,73.8601792145741,NA,NA,1,NA,0,1,NA,0.0474066734313965,NA
139,"lm_interact","single_stage_drml_bc","m1",623,66.728109220831,16.728109220831,107561.421403904,10.3711822568068,NA,NA,NA,46.4009655203888,87.0552529212732,NA,NA,1,NA,0,1,NA,0.0486407279968262,NA
14,"lm_interact","single_stage_drml_bc","m1",578,40.5086791114108,-9.49132088858916,101469.523926085,10.0732082241005,NA,NA,NA,20.7655537834012,60.2518044394204,NA,NA,1,NA,0,1,NA,0.0664136409759521,NA
140,"lm_interact","single_stage_drml_bc","m1",609,51.5566611324396,1.55666113243963,89433.2405161624,9.45691495764673,NA,NA,NA,33.0214484105939,70.0918738542853,NA,NA,1,NA,0,1,NA,0.0471551418304443,NA
141,"lm_interact","single_stage_drml_bc","m1",588,48.5445498393444,-1.45545016065564,59398.6099640952,7.70704936821448,NA,NA,NA,33.4390106505718,63.6500890281169,NA,NA,1,NA,0,1,NA,0.0469920635223389,NA
142,"lm_interact","single_stage_drml_bc","m1",634,56.7823702891424,6.78237028914236,57657.7525237998,7.59327021274759,NA,NA,NA,41.8998341472763,71.6649064310084,NA,NA,1,NA,0,1,NA,0.048703670501709,NA
143,"lm_interact","single_stage_drml_bc","m1",601,56.3973049724547,6.39730497245474,63025.6330618838,7.93886850010024,NA,NA,NA,40.8374086342588,71.9572013106507,NA,NA,1,NA,0,1,NA,0.0469229221343994,NA
144,"lm_interact","single_stage_drml_bc","m1",606,78.9270704356003,28.9270704356003,118148.064612668,10.8695935808414,NA,NA,NA,57.6230584905634,100.231082380637,NA,NA,0,NA,1,1,NA,0.049069881439209,NA
145,"lm_interact","single_stage_drml_bc","m1",600,60.3688005087404,10.3688005087404,58575.6006174521,7.65346984167652,NA,NA,NA,45.368275262291,75.3693257551899,NA,NA,1,NA,0,1,NA,0.05338454246521,NA
146,"lm_interact","single_stage_drml_bc","m1",583,36.5284064495267,-13.4715935504733,82308.6713005543,9.07241265047806,NA,NA,NA,18.7468044017042,54.3100084973493,NA,NA,1,NA,0,1,NA,0.0538628101348877,NA
147,"lm_interact","single_stage_drml_bc","m1",596,53.6934000652923,3.69340006529227,69646.5473073084,8.34545069527754,NA,NA,NA,37.3366172677935,70.050182862791,NA,NA,1,NA,0,1,NA,0.0544412136077881,NA
148,"lm_interact","single_stage_drml_bc","m1",619,56.5715596349089,6.57155963490892,54251.2516668431,7.36554489951987,NA,NA,NA,42.1353569053373,71.0077623644805,NA,NA,1,NA,0,1,NA,0.054175853729248,NA
149,"lm_interact","single_stage_drml_bc","m1",595,49.8930320062401,-0.106967993759923,53085.6824558694,7.28599220805715,NA,NA,NA,35.6127496868086,64.1733143256715,NA,NA,1,NA,0,1,NA,0.0550992488861084,NA
15,"lm_interact","single_stage_drml_bc","m1",601,42.2296334594685,-7.77036654053147,45014.9983455816,6.70932175004162,NA,NA,NA,29.0796044686957,55.3796624502413,NA,NA,1,NA,0,1,NA,0.0660061836242676,NA
150,"lm_interact","single_stage_drml_bc","m1",587,55.1807255356413,5.18072553564125,149398.026639308,12.2228485484893,NA,NA,NA,31.2243825921145,79.137068479168,NA,NA,1,NA,0,1,NA,0.0554153919219971,NA
151,"lm_interact","single_stage_drml_bc","m1",593,47.6420293782696,-2.3579706217304,54711.1545402449,7.39669889479387,NA,NA,NA,33.1447659399864,62.1392928165528,NA,NA,1,NA,0,1,NA,0.0539703369140625,NA
152,"lm_interact","single_stage_drml_bc","m1",592,53.6456472510735,3.64564725107353,72818.7164919331,8.53338833593861,NA,NA,NA,36.9205134465397,70.3707810556074,NA,NA,1,NA,0,1,NA,0.0532448291778564,NA
153,"lm_interact","single_stage_drml_bc","m1",591,46.35624446321,-3.64375553679,53786.4627371123,7.33392546574563,NA,NA,NA,31.9820146850474,60.7304742413726,NA,NA,1,NA,0,1,NA,0.0492756366729736,NA
154,"lm_interact","single_stage_drml_bc","m1",631,56.5273657105851,6.52736571058506,68951.2011993213,8.30368600076624,NA,NA,NA,40.2524402101538,72.8022912110163,NA,NA,1,NA,0,1,NA,0.0464890003204346,NA
155,"lm_interact","single_stage_drml_bc","m1",612,38.0113918802607,-11.9886081197393,46074.0143308181,6.78778419889864,NA,NA,NA,24.7075793155893,51.3152044449321,NA,NA,1,NA,0,1,NA,0.046257495880127,NA
156,"lm_interact","single_stage_drml_bc","m1",615,40.0235102523592,-9.97648974764081,60100.2024495795,7.75243203450243,NA,NA,NA,24.8290226721399,55.2179978325785,NA,NA,1,NA,0,1,NA,0.0478241443634033,NA
157,"lm_interact","single_stage_drml_bc","m1",622,218.10240522217,168.10240522217,25901767.2780634,160.940259966434,NA,NA,NA,-97.3347079745541,533.539518418895,NA,NA,1,NA,0,0,NA,0.0465686321258545,NA
158,"lm_interact","single_stage_drml_bc","m1",588,50.6541157649659,0.654115764965852,66571.872700553,8.15915882309892,NA,NA,NA,34.6624583275497,66.6457732023819,NA,NA,1,NA,0,1,NA,0.0471413135528564,NA
159,"lm_interact","single_stage_drml_bc","m1",616,52.5564435249766,2.55644352497656,51647.8035046959,7.18664062721212,NA,NA,NA,38.4708867258085,66.6420003241447,NA,NA,1,NA,0,1,NA,0.0472259521484375,NA
16,"lm_interact","single_stage_drml_bc","m1",611,54.6180455545751,4.61804555457505,58013.3878826997,7.61665201270871,NA,NA,NA,39.6896819268915,69.5464091822586,NA,NA,1,NA,0,1,NA,0.0659022331237793,NA
160,"lm_interact","single_stage_drml_bc","m1",601,49.6282772311126,-0.371722768887437,56808.3116062358,7.53712887021549,NA,NA,NA,34.8557760986531,64.400778363572,NA,NA,1,NA,0,1,NA,0.0466039180755615,NA
161,"lm_interact","single_stage_drml_bc","m1",579,38.4070955103652,-11.5929044896348,175537.277398114,13.2490481695144,NA,NA,NA,12.4394382686805,64.3747527520498,NA,NA,1,NA,0,1,NA,0.0473458766937256,NA
162,"lm_interact","single_stage_drml_bc","m1",559,39.4613754487202,-10.5386245512798,60995.8127390261,7.80998160939103,NA,NA,NA,24.1540927743937,54.7686581230468,NA,NA,1,NA,0,1,NA,0.050330638885498,NA
163,"lm_interact","single_stage_drml_bc","m1",617,56.1650094067914,6.16500940679144,74094.4854614694,8.60781537101427,NA,NA,NA,39.2940012940332,73.0360175195497,NA,NA,1,NA,0,1,NA,0.0465488433837891,NA
164,"lm_interact","single_stage_drml_bc","m1",604,44.5044190720171,-5.49558092798294,68103.1970807322,8.25246612115022,NA,NA,NA,28.3298826909257,60.6789554531085,NA,NA,1,NA,0,1,NA,0.0461094379425049,NA
165,"lm_interact","single_stage_drml_bc","m1",587,32.8544291707438,-17.1455708292562,138382.879285621,11.7636252611863,NA,NA,NA,9.79814733119304,55.9107110102946,NA,NA,1,NA,0,1,NA,0.046306848526001,NA
166,"lm_interact","single_stage_drml_bc","m1",627,46.1014899723101,-3.89851002768991,51171.3589052279,7.15341589069361,NA,NA,NA,32.0810524601141,60.1219274845061,NA,NA,1,NA,0,1,NA,0.0461010932922363,NA
167,"lm_interact","single_stage_drml_bc","m1",605,58.8821016011743,8.88210160117426,96665.4855438963,9.83186073659998,NA,NA,NA,39.6120086564249,78.1521945459237,NA,NA,1,NA,0,1,NA,0.0465853214263916,NA
168,"lm_interact","single_stage_drml_bc","m1",607,49.3919829221251,-0.608017077874898,55013.3941997757,7.41710146888768,NA,NA,NA,34.8547311734261,63.9292346708241,NA,NA,1,NA,0,1,NA,0.046560525894165,NA
169,"lm_interact","single_stage_drml_bc","m1",635,47.1144994068113,-2.88550059318868,58196.191133951,7.62864281074629,NA,NA,NA,32.1626342468282,62.0663645667944,NA,NA,1,NA,0,1,NA,0.0465257167816162,NA
17,"lm_interact","single_stage_drml_bc","m1",618,54.2343201809503,4.23432018095027,53260.8811165413,7.29800528340048,NA,NA,NA,39.9304926665023,68.5381476953982,NA,NA,1,NA,0,1,NA,0.0660502910614014,NA
170,"lm_interact","single_stage_drml_bc","m1",631,52.8754809456924,2.8754809456924,52947.440624081,7.27649920113244,NA,NA,NA,38.6138045779384,67.1371573134465,NA,NA,1,NA,0,1,NA,0.0467591285705566,NA
171,"lm_interact","single_stage_drml_bc","m1",616,48.7244051481101,-1.27559485188991,45594.8789332563,6.7523980135398,NA,NA,NA,35.4899482322923,61.9588620639279,NA,NA,1,NA,0,1,NA,0.0485131740570068,NA
172,"lm_interact","single_stage_drml_bc","m1",608,51.5697411231687,1.56974112316867,63816.3774045287,7.98851534420062,NA,NA,NA,35.9125387585899,67.2269434877475,NA,NA,1,NA,0,1,NA,0.0536777973175049,NA
173,"lm_interact","single_stage_drml_bc","m1",610,55.5599795824955,5.55997958249552,54746.3168799561,7.39907540710027,NA,NA,NA,41.0580582656829,70.0619008993081,NA,NA,1,NA,0,1,NA,0.0453369617462158,NA
174,"lm_interact","single_stage_drml_bc","m1",601,45.6876608751995,-4.31233912480048,50355.3890237443,7.09615311445182,NA,NA,NA,31.7794563420922,59.5958654083068,NA,NA,1,NA,0,1,NA,0.0551817417144775,NA
175,"lm_interact","single_stage_drml_bc","m1",604,40.6720111713051,-9.32798882869489,63377.5498028462,7.96100180899654,NA,NA,NA,25.0687343448137,56.2752879977965,NA,NA,1,NA,0,1,NA,0.0465919971466064,NA
176,"lm_interact","single_stage_drml_bc","m1",597,68.4108234395858,18.4108234395858,88211.5303799771,9.39209935956691,NA,NA,NA,50.002646955613,86.8189999235587,NA,NA,0,NA,1,1,NA,0.0489668846130371,NA
177,"lm_interact","single_stage_drml_bc","m1",609,48.4260181909258,-1.57398180907416,67284.6671481066,8.20272315442296,NA,NA,NA,32.3489762331041,64.5030601487476,NA,NA,1,NA,0,1,NA,0.0491821765899658,NA
178,"lm_interact","single_stage_drml_bc","m1",594,46.2884987743583,-3.71150122564168,54230.9554999245,7.36416699294119,NA,NA,NA,31.854996692055,60.7220008566617,NA,NA,1,NA,0,1,NA,0.0467479228973389,NA
179,"lm_interact","single_stage_drml_bc","m1",603,52.2442641049128,2.24426410491275,75156.7330392201,8.66929830143248,NA,NA,NA,35.2527516628708,69.2357765469547,NA,NA,1,NA,0,1,NA,0.0471737384796143,NA
18,"lm_interact","single_stage_drml_bc","m1",615,63.4385731353198,13.4385731353198,62346.6968589632,7.8959924556045,NA,NA,NA,47.962712300135,78.9144339705046,NA,NA,1,NA,0,1,NA,0.0673801898956299,NA
180,"lm_interact","single_stage_drml_bc","m1",606,41.1604835851074,-8.83951641489256,47057.3775429518,6.85983801142212,NA,NA,NA,27.7154481429412,54.6055190272737,NA,NA,1,NA,0,1,NA,0.0465610027313232,NA
181,"lm_interact","single_stage_drml_bc","m1",612,46.9847525478547,-3.01524745214531,45098.9423113806,6.71557460768478,NA,NA,NA,33.8224681813008,60.1470369144086,NA,NA,1,NA,0,1,NA,0.0464153289794922,NA
182,"lm_interact","single_stage_drml_bc","m1",635,66.4664898964467,16.4664898964467,113535.109769743,10.6552855320608,NA,NA,NA,45.5825140086169,87.3504657842765,NA,NA,1,NA,0,1,NA,0.0494563579559326,NA
183,"lm_interact","single_stage_drml_bc","m1",571,8.78817194988617,-41.2118280501138,420652.613308584,20.5098174859891,NA,NA,NA,-31.4103316521423,48.9866755519146,NA,NA,0,NA,1,0,NA,0.0522315502166748,NA
184,"lm_interact","single_stage_drml_bc","m1",586,51.0163930518289,1.01639305182891,76539.2993014643,8.74867414534707,NA,NA,NA,33.8693068144719,68.1634792891859,NA,NA,1,NA,0,1,NA,0.0522823333740234,NA
185,"lm_interact","single_stage_drml_bc","m1",585,47.4618848924913,-2.5381151075087,60179.3811099686,7.75753705179477,NA,NA,NA,32.2573916622385,62.6663781227441,NA,NA,1,NA,0,1,NA,0.0480146408081055,NA
186,"lm_interact","single_stage_drml_bc","m1",634,48.1653076372462,-1.83469236275378,81006.731682229,9.00037397457623,NA,NA,NA,30.5248987996852,65.8057164748072,NA,NA,1,NA,0,1,NA,0.0498347282409668,NA
187,"lm_interact","single_stage_drml_bc","m1",634,49.0670034459531,-0.932996554046923,51492.1774072723,7.17580500064434,NA,NA,NA,35.0026840846078,63.1313228072984,NA,NA,1,NA,0,1,NA,0.0517327785491943,NA
188,"lm_interact","single_stage_drml_bc","m1",624,38.311691893767,-11.688308106233,65401.5388412733,8.08712178968966,NA,NA,NA,22.4612244473862,54.1621593401479,NA,NA,1,NA,0,1,NA,0.0467145442962646,NA
189,"lm_interact","single_stage_drml_bc","m1",624,48.0626075762278,-1.9373924237722,118991.694083918,10.908331406953,NA,NA,NA,26.6826708871727,69.4425442652829,NA,NA,1,NA,0,1,NA,0.0463428497314453,NA
19,"lm_interact","single_stage_drml_bc","m1",611,42.1001273682159,-7.89987263178413,73744.1249703571,8.58743995439602,NA,NA,NA,25.2690543381994,58.9312003982323,NA,NA,1,NA,0,1,NA,0.0932776927947998,NA
190,"lm_interact","single_stage_drml_bc","m1",619,59.4456097982731,9.44560979827309,46420.2666775131,6.81324200931635,NA,NA,NA,46.0919008420577,72.7993187544885,NA,NA,1,NA,0,1,NA,0.0461852550506592,NA
191,"lm_interact","single_stage_drml_bc","m1",611,52.5769154974125,2.5769154974125,52721.0959952792,7.26092941676747,NA,NA,NA,38.3457553462608,66.8080756485642,NA,NA,1,NA,0,1,NA,0.0554134845733643,NA
192,"lm_interact","single_stage_drml_bc","m1",601,38.1108286039989,-11.8891713960011,59678.4678286677,7.72518399966419,NA,NA,NA,22.969746190712,53.2519110172858,NA,NA,1,NA,0,1,NA,0.047055721282959,NA
193,"lm_interact","single_stage_drml_bc","m1",597,45.9904352448161,-4.0095647551839,65499.1992915822,8.09315756003689,NA,NA,NA,30.1281379059358,61.8527325836965,NA,NA,1,NA,0,1,NA,0.0568804740905762,NA
194,"lm_interact","single_stage_drml_bc","m1",604,70.3331749345304,20.3331749345304,93538.4928766341,9.67153001735682,NA,NA,NA,51.377324425113,89.2890254439478,NA,NA,0,NA,1,1,NA,0.0532882213592529,NA
195,"lm_interact","single_stage_drml_bc","m1",623,45.6796936114717,-4.32030638852832,68190.9157855492,8.25777910733565,NA,NA,NA,29.4947439688065,61.8646432541369,NA,NA,1,NA,0,1,NA,0.055673360824585,NA
196,"lm_interact","single_stage_drml_bc","m1",591,56.7865152785709,6.78651527857087,83589.0571808318,9.14270513474167,NA,NA,NA,38.8671424932078,74.705888063934,NA,NA,1,NA,0,1,NA,0.047072172164917,NA
197,"lm_interact","single_stage_drml_bc","m1",618,59.0382342747402,9.03823427474022,69528.2694398677,8.33836131622201,NA,NA,NA,42.6953464048631,75.3811221446174,NA,NA,1,NA,0,1,NA,0.049098014831543,NA
198,"lm_interact","single_stage_drml_bc","m1",597,45.0200430930071,-4.97995690699288,51589.0371130763,7.18255087786201,NA,NA,NA,30.942502055271,59.0975841307432,NA,NA,1,NA,0,1,NA,0.0464236736297607,NA
199,"lm_interact","single_stage_drml_bc","m1",627,49.7188188218657,-0.281181178134318,46868.4897604312,6.84605651162998,NA,NA,NA,36.300794622945,63.1368430207863,NA,NA,1,NA,0,1,NA,0.047884464263916,NA
2,"lm_interact","single_stage_drml_bc","m1",612,40.9234440480575,-9.07655595194248,50835.6533518129,7.12991257673002,NA,NA,NA,26.9490721847475,54.8978159113675,NA,NA,1,NA,0,1,NA,0.175162076950073,NA
20,"lm_interact","single_stage_drml_bc","m1",613,54.0150021314106,4.01500213141058,44270.5475566398,6.65361161750818,NA,NA,NA,40.9741629939773,67.0558412688439,NA,NA,1,NA,0,1,NA,0.093848705291748,NA
200,"lm_interact","single_stage_drml_bc","m1",610,37.7783481797516,-12.2216518202484,45329.9100166904,6.73274906829969,NA,NA,NA,24.5824024889386,50.9742938705646,NA,NA,1,NA,0,1,NA,0.0466544628143311,NA
201,"lm_interact","single_stage_drml_bc","m1",603,49.766191925294,-0.233808074705962,43809.7201168143,6.61889115462811,NA,NA,NA,36.7934036446322,62.7389802059559,NA,NA,1,NA,0,1,NA,0.0486466884613037,NA
202,"lm_interact","single_stage_drml_bc","m1",621,59.6892033913474,9.68920339134737,72423.4245050672,8.51019532708076,NA,NA,NA,43.009527048868,76.3688797338267,NA,NA,1,NA,0,1,NA,0.0475988388061523,NA
203,"lm_interact","single_stage_drml_bc","m1",607,62.2089322703291,12.2089322703291,48613.2009634138,6.9723167572489,NA,NA,NA,48.5434425373162,75.874422003342,NA,NA,1,NA,0,1,NA,0.0480329990386963,NA
204,"lm_interact","single_stage_drml_bc","m1",602,49.6256989278139,-0.374301072186093,66964.0939746204,8.18315916835426,NA,NA,NA,33.5870016780808,65.664396177547,NA,NA,1,NA,0,1,NA,0.0482246875762939,NA
205,"lm_interact","single_stage_drml_bc","m1",620,45.396232364122,-4.60376763587796,60273.1472039534,7.76357824742904,NA,NA,NA,30.1798986080025,60.6125661202415,NA,NA,1,NA,0,1,NA,0.0471632480621338,NA
206,"lm_interact","single_stage_drml_bc","m1",602,35.3411578817234,-14.6588421182766,69382.0802481451,8.32959064109066,NA,NA,NA,19.0154602192238,51.6668555442229,NA,NA,1,NA,0,1,NA,0.0463612079620361,NA
207,"lm_interact","single_stage_drml_bc","m1",620,56.6943663037487,6.69436630374866,54404.4423824483,7.37593671220465,NA,NA,NA,42.2377959955808,71.1509366119165,NA,NA,1,NA,0,1,NA,0.0464153289794922,NA
208,"lm_interact","single_stage_drml_bc","m1",615,46.7246071975528,-3.27539280244722,64336.7514103195,8.02101934982827,NA,NA,NA,31.0036981525905,62.4455162425151,NA,NA,1,NA,0,1,NA,0.048189640045166,NA
209,"lm_interact","single_stage_drml_bc","m1",598,48.143619340358,-1.85638065964198,51885.6816495672,7.20317163821377,NA,NA,NA,34.0256623549987,62.2615763257174,NA,NA,1,NA,0,1,NA,0.0469832420349121,NA
21,"lm_interact","single_stage_drml_bc","m1",631,51.9945936890614,1.99459368906138,65179.4836258759,8.07338117679798,NA,NA,NA,36.1710573490737,67.818130029049,NA,NA,1,NA,0,1,NA,0.0942814350128174,NA
210,"lm_interact","single_stage_drml_bc","m1",606,52.6917488959109,2.69174889591091,55812.683673437,7.47078869152628,NA,NA,NA,38.0492721244103,67.3342256674115,NA,NA,1,NA,0,1,NA,0.0463159084320068,NA
211,"lm_interact","single_stage_drml_bc","m1",604,44.1796170794166,-5.82038292058341,63462.6976842036,7.96634782596163,NA,NA,NA,28.5658622522128,59.7933719066203,NA,NA,1,NA,0,1,NA,0.0568125247955322,NA
212,"lm_interact","single_stage_drml_bc","m1",627,50.9278252465927,0.927825246592668,53465.9574357955,7.31204194707577,NA,NA,NA,36.596486376878,65.2591641163073,NA,NA,1,NA,0,1,NA,0.0468556880950928,NA
213,"lm_interact","single_stage_drml_bc","m1",622,44.7693592171044,-5.23064078289561,60680.5266699426,7.78977064296136,NA,NA,NA,29.5016893090727,60.0370291251361,NA,NA,1,NA,0,1,NA,0.0541105270385742,NA
214,"lm_interact","single_stage_drml_bc","m1",597,45.3047309958884,-4.69526900411157,43816.6092890351,6.61941155156825,NA,NA,NA,32.3309227559663,58.2785392358106,NA,NA,1,NA,0,1,NA,0.054546594619751,NA
215,"lm_interact","single_stage_drml_bc","m1",615,41.4897342801845,-8.51026571981546,95258.1223538729,9.76002675989533,NA,NA,NA,22.3604333426425,60.6190352177265,NA,NA,1,NA,0,1,NA,0.0558412075042725,NA
216,"lm_interact","single_stage_drml_bc","m1",612,61.2913538202181,11.2913538202181,53257.0763907725,7.29774460986218,NA,NA,NA,46.9880372165169,75.5946704239193,NA,NA,1,NA,0,1,NA,0.0562946796417236,NA
217,"lm_interact","single_stage_drml_bc","m1",613,43.4148536818453,-6.58514631815466,54750.8590817133,7.39938234460913,NA,NA,NA,28.9123307785699,57.9173765851208,NA,NA,1,NA,0,1,NA,0.0457098484039307,NA
218,"lm_interact","single_stage_drml_bc","m1",611,70.820776374428,20.820776374428,61510.5807188609,7.84286814366153,NA,NA,NA,55.4490372773549,86.1925154715011,NA,NA,0,NA,1,1,NA,0.0465106964111328,NA
219,"lm_interact","single_stage_drml_bc","m1",626,56.7591868804921,6.75918688049212,46594.1003212659,6.82598713163642,NA,NA,NA,43.3804979435509,70.1378758174334,NA,NA,1,NA,0,1,NA,0.0466351509094238,NA
22,"lm_interact","single_stage_drml_bc","m1",574,43.85476250175,-6.14523749824997,54955.863084682,7.41322217963835,NA,NA,NA,29.3251140202653,58.3844109832347,NA,NA,1,NA,0,1,NA,0.150956153869629,NA
220,"lm_interact","single_stage_drml_bc","m1",617,48.2020944487425,-1.79790555125754,49406.0176364821,7.02894143071929,NA,NA,NA,34.4256223950912,61.9785665023937,NA,NA,1,NA,0,1,NA,0.0465023517608643,NA
221,"lm_interact","single_stage_drml_bc","m1",619,39.5836214552845,-10.4163785447155,50260.2812905477,7.08944858861024,NA,NA,NA,25.6885575513601,53.4786853592089,NA,NA,1,NA,0,1,NA,0.0489473342895508,NA
222,"lm_interact","single_stage_drml_bc","m1",617,54.6213837368339,4.62138373683388,78028.184019244,8.83335632810338,NA,NA,NA,37.3083234711423,71.9344440025255,NA,NA,1,NA,0,1,NA,0.0475120544433594,NA
223,"lm_interact","single_stage_drml_bc","m1",596,53.67620882751,3.67620882750995,49455.1914395727,7.03243851303179,NA,NA,NA,39.8928826184752,67.4595350365447,NA,NA,1,NA,0,1,NA,0.048128604888916,NA
224,"lm_interact","single_stage_drml_bc","m1",656,47.3706735596202,-2.62932644037983,54218.9643610776,7.36335279346831,NA,NA,NA,32.9387672789599,61.8025798402805,NA,NA,1,NA,0,1,NA,0.0488450527191162,NA
225,"lm_interact","single_stage_drml_bc","m1",627,33.6180270327777,-16.3819729672223,61051.9141286024,7.81357243062368,NA,NA,NA,18.3037064781602,48.9323475873952,NA,NA,0,NA,1,1,NA,0.0481736660003662,NA
226,"lm_interact","single_stage_drml_bc","m1",626,51.0577291123537,1.05772911235366,59818.2610753481,7.73422659839677,NA,NA,NA,35.8989235312243,66.2165346934831,NA,NA,1,NA,0,1,NA,0.0468127727508545,NA
227,"lm_interact","single_stage_drml_bc","m1",609,57.6856528369002,7.68565283690019,58124.3867027488,7.62393511926412,NA,NA,NA,42.7430145826724,72.6282910911279,NA,NA,1,NA,0,1,NA,0.046422004699707,NA
228,"lm_interact","single_stage_drml_bc","m1",607,49.8984404086226,-0.101559591377395,52437.9787996831,7.2414072389062,NA,NA,NA,35.7055430229788,64.0913377942664,NA,NA,1,NA,0,1,NA,0.0478935241699219,NA
229,"lm_interact","single_stage_drml_bc","m1",589,46.8403665596277,-3.1596334403723,86820.2844196981,9.31774030651735,NA,NA,NA,28.5779311415565,65.1028019776989,NA,NA,1,NA,0,1,NA,0.0539498329162598,NA
23,"lm_interact","single_stage_drml_bc","m1",593,47.5802843722036,-2.41971562779638,58589.512622423,7.65437865684884,NA,NA,NA,32.5779778807478,62.5825908636594,NA,NA,1,NA,0,1,NA,0.0939731597900391,NA
230,"lm_interact","single_stage_drml_bc","m1",634,47.8165913908927,-2.18340860910732,73964.8248138045,8.60028050785581,NA,NA,NA,30.9603513385535,64.6728314432319,NA,NA,1,NA,0,1,NA,0.0468041896820068,NA
231,"lm_interact","single_stage_drml_bc","m1",628,55.9791615419445,5.97916154194449,64070.6756416904,8.0044160087848,NA,NA,NA,40.2907944474504,71.6675286364385,NA,NA,1,NA,0,1,NA,0.0529656410217285,NA
232,"lm_interact","single_stage_drml_bc","m1",625,66.374823254358,16.374823254358,65141.8603098924,8.07105075624558,NA,NA,NA,50.5558544547219,82.1937920539941,NA,NA,0,NA,1,1,NA,0.0560512542724609,NA
233,"lm_interact","single_stage_drml_bc","m1",630,47.0278412330344,-2.97215876696558,41733.2566309186,6.46012822093483,NA,NA,NA,34.3662225844914,59.6894598815775,NA,NA,1,NA,0,1,NA,0.0553162097930908,NA
234,"lm_interact","single_stage_drml_bc","m1",610,41.6251284909606,-8.37487150903935,49888.875929822,7.0632057827747,NA,NA,NA,27.7814995413272,55.4687574405941,NA,NA,1,NA,0,1,NA,0.0536642074584961,NA
235,"lm_interact","single_stage_drml_bc","m1",602,28.6101891715402,-21.3898108284598,64573.6833076678,8.03577521510326,NA,NA,NA,12.8603591620783,44.3600191810022,NA,NA,0,NA,1,1,NA,0.047091007232666,NA
236,"lm_interact","single_stage_drml_bc","m1",603,38.6617435487581,-11.3382564512419,51414.2977060142,7.17037639918674,NA,NA,NA,24.6080640507561,52.7154230467601,NA,NA,1,NA,0,1,NA,0.0480117797851562,NA
237,"lm_interact","single_stage_drml_bc","m1",605,46.1379232050112,-3.86207679498876,47881.0224524905,6.91961143797038,NA,NA,NA,32.5757339995779,59.7001124104446,NA,NA,1,NA,0,1,NA,0.0532791614532471,NA
238,"lm_interact","single_stage_drml_bc","m1",613,70.4815135071213,20.4815135071213,46177.4143040115,6.79539655237363,NA,NA,NA,57.1627810038013,83.8002460104413,NA,NA,0,NA,1,1,NA,0.0547833442687988,NA
239,"lm_interact","single_stage_drml_bc","m1",610,40.4919209487243,-9.50807905127569,40030.6048565248,6.3269743840579,NA,NA,NA,28.0912790248633,52.8925628725853,NA,NA,1,NA,0,1,NA,0.0463478565216064,NA
24,"lm_interact","single_stage_drml_bc","m1",595,47.4326551551087,-2.56734484489128,62191.3973729082,7.88615225397711,NA,NA,NA,31.9760807607142,62.8892295495032,NA,NA,1,NA,0,1,NA,0.0944387912750244,NA
240,"lm_interact","single_stage_drml_bc","m1",632,40.6152401687263,-9.3847598312737,54332.0831342817,7.37102999141108,NA,NA,NA,26.168286856596,55.0621934808566,NA,NA,1,NA,0,1,NA,0.0470890998840332,NA
241,"lm_interact","single_stage_drml_bc","m1",603,50.2069719587019,0.206971958701928,69449.42716571,8.33363229124672,NA,NA,NA,33.8733528074584,66.5405911099455,NA,NA,1,NA,0,1,NA,0.0545611381530762,NA
242,"lm_interact","single_stage_drml_bc","m1",623,34.5955540675081,-15.4044459324919,145356.468200242,12.0563870292987,NA,NA,NA,10.9654697064068,58.2256384286094,NA,NA,1,NA,0,1,NA,0.049015998840332,NA
243,"lm_interact","single_stage_drml_bc","m1",597,37.1033308421351,-12.8966691578649,49987.6804490083,7.07019663439485,NA,NA,NA,23.2460000751049,50.9606616091653,NA,NA,1,NA,0,1,NA,0.0560421943664551,NA
244,"lm_interact","single_stage_drml_bc","m1",622,47.020948790383,-2.97905120961702,59331.5336296417,7.70269651678175,NA,NA,NA,31.9239410336486,62.1179565471173,NA,NA,1,NA,0,1,NA,0.0513124465942383,NA
245,"lm_interact","single_stage_drml_bc","m1",625,52.101289364153,2.10128936415297,49031.6963447893,7.00226365861707,NA,NA,NA,38.3771047830098,65.8254739452961,NA,NA,1,NA,0,1,NA,0.0532283782958984,NA
246,"lm_interact","single_stage_drml_bc","m1",631,58.5319437548148,8.5319437548148,78512.4563884522,8.86072550011861,NA,NA,NA,41.1652408976867,75.8986466119429,NA,NA,1,NA,0,1,NA,0.0543208122253418,NA
247,"lm_interact","single_stage_drml_bc","m1",593,47.122403673285,-2.87759632671496,80368.7737180204,8.96486328495981,NA,NA,NA,29.5515945084384,64.6932128381317,NA,NA,1,NA,0,1,NA,0.0618143081665039,NA
248,"lm_interact","single_stage_drml_bc","m1",593,42.908313674768,-7.091686325232,71178.3999278703,8.43672921977885,NA,NA,NA,26.3726282566847,59.4439990928513,NA,NA,1,NA,0,1,NA,0.0519804954528809,NA
249,"lm_interact","single_stage_drml_bc","m1",581,46.6328249563476,-3.36717504365239,102047.812754616,10.1018717451082,NA,NA,NA,26.8335201594927,66.4321297532025,NA,NA,1,NA,0,1,NA,0.0625720024108887,NA
25,"lm_interact","single_stage_drml_bc","m1",617,41.4773526985299,-8.52264730147007,63882.44638273,7.99264952207527,NA,NA,NA,25.8120474942111,57.1426579028487,NA,NA,1,NA,0,1,NA,0.0939185619354248,NA
250,"lm_interact","single_stage_drml_bc","m1",600,51.5372851102545,1.5372851102545,44010.9596679845,6.6340756453318,NA,NA,NA,38.5347357746899,64.5398344458191,NA,NA,1,NA,0,1,NA,0.0526974201202393,NA
251,"lm_interact","single_stage_drml_bc","m1",606,44.8311849293214,-5.16881507067859,57154.6810179128,7.56007149555563,NA,NA,NA,30.0137170774845,59.6486527811583,NA,NA,1,NA,0,1,NA,0.0638012886047363,NA
252,"lm_interact","single_stage_drml_bc","m1",602,49.2609887557051,-0.739011244294879,71212.6423594648,8.43875834228382,NA,NA,NA,32.7213263305919,65.8006511808183,NA,NA,1,NA,0,1,NA,0.0634336471557617,NA
253,"lm_interact","single_stage_drml_bc","m1",608,58.2389740654636,8.2389740654636,54251.0113446302,7.36552858555516,NA,NA,NA,43.8028033106752,72.675144820252,NA,NA,1,NA,0,1,NA,0.0532021522521973,NA
254,"lm_interact","single_stage_drml_bc","m1",612,45.3461709233466,-4.65382907665336,53396.4502538775,7.30728747579274,NA,NA,NA,31.0241506461123,59.668191200581,NA,NA,1,NA,0,1,NA,0.0528957843780518,NA
255,"lm_interact","single_stage_drml_bc","m1",586,47.8571546597384,-2.14284534026163,62835.8017360039,7.92690366637591,NA,NA,NA,32.3207089647231,63.3936003547537,NA,NA,1,NA,0,1,NA,0.0536684989929199,NA
256,"lm_interact","single_stage_drml_bc","m1",607,43.9855802896367,-6.01441971036331,48865.8068480163,6.99040820324652,NA,NA,NA,30.2846319740402,57.6865286052332,NA,NA,1,NA,0,1,NA,0.0554406642913818,NA
257,"lm_interact","single_stage_drml_bc","m1",586,30.4730697205969,-19.5269302794031,55817.6366468977,7.47112017350127,NA,NA,NA,15.8299432563638,45.1161961848301,NA,NA,0,NA,1,1,NA,0.0527076721191406,NA
258,"lm_interact","single_stage_drml_bc","m1",587,43.8951918439656,-6.1048081560344,78345.3401463648,8.85129030968733,NA,NA,NA,26.5469816202701,61.2434020676611,NA,NA,1,NA,0,1,NA,0.0542445182800293,NA
259,"lm_interact","single_stage_drml_bc","m1",626,54.5662154656681,4.56621546566807,47414.7754677214,6.88583876283212,NA,NA,NA,41.0702194871673,68.0622114441689,NA,NA,1,NA,0,1,NA,0.05306077003479,NA
26,"lm_interact","single_stage_drml_bc","m1",616,56.3423396555283,6.34233965552835,61245.1806267891,7.82593001673214,NA,NA,NA,41.0037986772024,71.6808806338543,NA,NA,1,NA,0,1,NA,0.0945060253143311,NA
260,"lm_interact","single_stage_drml_bc","m1",611,59.3511558371657,9.35115583716568,129864.129690369,11.3957943861044,NA,NA,NA,37.0158092651773,81.6865024091541,NA,NA,1,NA,0,1,NA,0.0558052062988281,NA
261,"lm_interact","single_stage_drml_bc","m1",595,44.0043422339752,-5.99565776602485,103249.281430709,10.161165357906,NA,NA,NA,24.0888240915234,63.9198603764269,NA,NA,1,NA,0,1,NA,0.0542457103729248,NA
262,"lm_interact","single_stage_drml_bc","m1",632,42.6091258418108,-7.3908741581892,144250.246369813,12.0104224059694,NA,NA,NA,19.0691304869978,66.1491211966238,NA,NA,1,NA,0,1,NA,0.052936315536499,NA
263,"lm_interact","single_stage_drml_bc","m1",631,14.3794098860541,-35.6205901139459,701449.622618232,26.4848942346054,NA,NA,NA,-37.5300289481249,66.2888487202331,NA,NA,1,NA,0,0,NA,0.0613341331481934,NA
264,"lm_interact","single_stage_drml_bc","m1",616,53.5079523022257,3.50795230222567,47524.3423756474,6.8937901313898,NA,NA,NA,39.996371927724,67.0195326767273,NA,NA,1,NA,0,1,NA,0.0536196231842041,NA
265,"lm_interact","single_stage_drml_bc","m1",615,56.1563547839883,6.15635478398831,62723.0957462695,7.91979139537586,NA,NA,NA,40.6338488839814,71.6788606839952,NA,NA,1,NA,0,1,NA,0.0508873462677002,NA
266,"lm_interact","single_stage_drml_bc","m1",599,45.3852481568222,-4.61475184317778,76156.7713071035,8.72678470612765,NA,NA,NA,28.2810644319771,62.4894318816674,NA,NA,1,NA,0,1,NA,0.0540866851806641,NA
267,"lm_interact","single_stage_drml_bc","m1",607,31.4398904677247,-18.5601095322753,526949.563543267,22.9553820169316,NA,NA,NA,-13.5518315368197,76.431612472269,NA,NA,1,NA,0,0,NA,0.057523250579834,NA
268,"lm_interact","single_stage_drml_bc","m1",575,65.7752415821762,15.7752415821762,72317.8593522013,8.50399078975285,NA,NA,NA,49.1077259094003,82.4427572549521,NA,NA,1,NA,0,1,NA,0.0533065795898438,NA
269,"lm_interact","single_stage_drml_bc","m1",584,52.5627158825809,2.56271588258086,80596.2326098691,8.97754045437107,NA,NA,NA,34.9670599222622,70.1583718428995,NA,NA,1,NA,0,1,NA,0.0536935329437256,NA
27,"lm_interact","single_stage_drml_bc","m1",613,33.5725955343593,-16.4274044656407,63302.3216947472,7.95627561706778,NA,NA,NA,17.9785818738323,49.1666091948863,NA,NA,0,NA,1,1,NA,0.0933308601379395,NA
270,"lm_interact","single_stage_drml_bc","m1",630,28.075497554869,-21.924502445131,84351.0890676348,9.1842848969114,NA,NA,NA,10.0746299331675,46.0763651765705,NA,NA,0,NA,1,1,NA,0.0529971122741699,NA
271,"lm_interact","single_stage_drml_bc","m1",622,52.6926875018376,2.69268750183758,46027.1993036862,6.78433484607638,NA,NA,NA,39.3956355444678,65.9897394592074,NA,NA,1,NA,0,1,NA,0.0533974170684814,NA
272,"lm_interact","single_stage_drml_bc","m1",608,65.178500077362,15.178500077362,138600.06624202,11.7728529355471,NA,NA,NA,42.1041323284031,88.252867826321,NA,NA,1,NA,0,1,NA,0.0551116466522217,NA
273,"lm_interact","single_stage_drml_bc","m1",603,47.11285919961,-2.88714080039005,83807.6863750806,9.15465380967957,NA,NA,NA,29.1700674417056,65.0556509575143,NA,NA,1,NA,0,1,NA,0.0537383556365967,NA
274,"lm_interact","single_stage_drml_bc","m1",618,43.3618104617619,-6.63818953823807,117431.831223302,10.8365968469489,NA,NA,NA,22.1224709267618,64.601149996762,NA,NA,1,NA,0,1,NA,0.0531420707702637,NA
275,"lm_interact","single_stage_drml_bc","m1",612,46.6046984680961,-3.39530153190394,78950.5807229958,8.88541393087547,NA,NA,NA,29.1896071758497,64.0197897603424,NA,NA,1,NA,0,1,NA,0.055431604385376,NA
276,"lm_interact","single_stage_drml_bc","m1",605,68.4494359918039,18.4494359918039,62367.7764440394,7.89732717088759,NA,NA,NA,52.9709591627347,83.9279128208732,NA,NA,0,NA,1,1,NA,0.053919792175293,NA
277,"lm_interact","single_stage_drml_bc","m1",613,42.0912767926329,-7.90872320736706,48893.6548479562,6.99239979177079,NA,NA,NA,28.3864250352568,55.7961285500091,NA,NA,1,NA,0,1,NA,0.0521314144134521,NA
278,"lm_interact","single_stage_drml_bc","m1",593,44.5657428420392,-5.43425715796078,49530.9243740295,7.03782099616277,NA,NA,NA,30.7718671599204,58.3596185241581,NA,NA,1,NA,0,1,NA,0.0546467304229736,NA
279,"lm_interact","single_stage_drml_bc","m1",635,42.2465026929115,-7.75349730708847,40026.7141785788,6.32666690909035,NA,NA,NA,29.8464634089131,54.6465419769099,NA,NA,1,NA,0,1,NA,0.050654411315918,NA
28,"lm_interact","single_stage_drml_bc","m1",607,46.7778245012022,-3.22217549879775,68365.5414846284,8.26834575260544,NA,NA,NA,30.5721646143709,62.9834843880336,NA,NA,1,NA,0,1,NA,0.0606539249420166,NA
280,"lm_interact","single_stage_drml_bc","m1",601,39.4900371646074,-10.5099628353926,104915.432818433,10.2428234788281,NA,NA,NA,19.4144720461029,59.5656022831118,NA,NA,1,NA,0,1,NA,0.0541114807128906,NA
281,"lm_interact","single_stage_drml_bc","m1",601,61.2936546787434,11.2936546787434,72078.6868914603,8.4899167776522,NA,NA,NA,44.6537235628027,77.933585794684,NA,NA,1,NA,0,1,NA,0.0598831176757812,NA
282,"lm_interact","single_stage_drml_bc","m1",621,52.974392907425,2.974392907425,62179.1018297575,7.8853726500247,NA,NA,NA,37.5193465086994,68.4294393061506,NA,NA,1,NA,0,1,NA,0.0538229942321777,NA
283,"lm_interact","single_stage_drml_bc","m1",603,50.9408409722806,0.940840972280562,64000.2129768883,8.00001331104444,NA,NA,NA,35.2611030067924,66.6205789377687,NA,NA,1,NA,0,1,NA,0.0542116165161133,NA
284,"lm_interact","single_stage_drml_bc","m1",599,56.0761339805171,6.0761339805171,103827.669596151,10.1895863309632,NA,NA,NA,36.1049117544677,76.0473562065665,NA,NA,1,NA,0,1,NA,0.0631773471832275,NA
285,"lm_interact","single_stage_drml_bc","m1",633,51.4512154874229,1.45121548742286,60482.2952987371,7.77703640847444,NA,NA,NA,36.2085042203562,66.6939267544895,NA,NA,1,NA,0,1,NA,0.0534446239471436,NA
286,"lm_interact","single_stage_drml_bc","m1",601,40.7666448330572,-9.23335516694277,54332.0903880996,7.37103048346021,NA,NA,NA,26.3196905565284,55.2135991095861,NA,NA,1,NA,0,1,NA,0.0534131526947021,NA
287,"lm_interact","single_stage_drml_bc","m1",620,59.404840871123,9.40484087112305,71136.1705169331,8.43422613622217,NA,NA,NA,42.8740614066612,75.9356203355849,NA,NA,1,NA,0,1,NA,0.0528199672698975,NA
288,"lm_interact","single_stage_drml_bc","m1",593,61.1363656413498,11.1363656413498,72531.0282101111,8.51651502729321,NA,NA,NA,44.444302914061,77.8284283686387,NA,NA,1,NA,0,1,NA,0.0539355278015137,NA
289,"lm_interact","single_stage_drml_bc","m1",594,34.2542491696058,-15.7457508303942,54088.4858228192,7.35448746159916,NA,NA,NA,19.83971862012,48.6687797190915,NA,NA,0,NA,1,1,NA,0.054363489151001,NA
29,"lm_interact","single_stage_drml_bc","m1",630,45.4669058603281,-4.53309413967189,60401.9829986709,7.77187126750507,NA,NA,NA,30.2343180835365,60.6994936371197,NA,NA,1,NA,0,1,NA,0.0600972175598145,NA
290,"lm_interact","single_stage_drml_bc","m1",591,59.7702329314103,9.77023293141028,53750.7001432779,7.33148689852733,NA,NA,NA,45.4007826571694,74.1396832056511,NA,NA,1,NA,0,1,NA,0.0525672435760498,NA
291,"lm_interact","single_stage_drml_bc","m1",623,53.4427387195717,3.44273871957171,66617.2605361654,8.16193975327957,NA,NA,NA,37.445630759158,69.4398466799854,NA,NA,1,NA,0,1,NA,0.0607373714447021,NA
292,"lm_interact","single_stage_drml_bc","m1",605,47.1564659977247,-2.84353400227526,54791.8112042301,7.40214909362342,NA,NA,NA,32.648520366027,61.6644116294224,NA,NA,1,NA,0,1,NA,0.0616371631622314,NA
293,"lm_interact","single_stage_drml_bc","m1",632,41.5903543830291,-8.40964561697091,61555.9133805726,7.84575766771907,NA,NA,NA,26.2129519228707,56.9677568431874,NA,NA,1,NA,0,1,NA,0.0537903308868408,NA
294,"lm_interact","single_stage_drml_bc","m1",589,36.6868253295381,-13.3131746704619,57100.8364608796,7.55650954216823,NA,NA,NA,21.8763387780551,51.4973118810211,NA,NA,1,NA,0,1,NA,0.0528299808502197,NA
295,"lm_interact","single_stage_drml_bc","m1",615,45.7837666167114,-4.21623338328857,50095.0598591741,7.07778636716128,NA,NA,NA,31.9115602468067,59.6559729866161,NA,NA,1,NA,0,1,NA,0.0624744892120361,NA
296,"lm_interact","single_stage_drml_bc","m1",600,65.4798684297294,15.4798684297294,87527.6994116164,9.35562394560707,NA,NA,NA,47.143182443439,83.8165544160198,NA,NA,1,NA,0,1,NA,0.06955885887146,NA
297,"lm_interact","single_stage_drml_bc","m1",593,50.798320089898,0.79832008989802,56849.7498634315,7.53987731090046,NA,NA,NA,36.0204321126824,65.5762080671136,NA,NA,1,NA,0,1,NA,0.0537497997283936,NA
298,"lm_interact","single_stage_drml_bc","m1",614,47.6489613889903,-2.35103861100973,57981.3184140598,7.61454650087974,NA,NA,NA,32.7247244886605,62.57319828932,NA,NA,1,NA,0,1,NA,0.0542707443237305,NA
299,"lm_interact","single_stage_drml_bc","m1",588,46.1455164282288,-3.8544835717712,66371.2354463785,8.14685432829006,NA,NA,NA,30.177975357486,62.1130574989716,NA,NA,1,NA,0,1,NA,0.0541431903839111,NA
3,"lm_interact","single_stage_drml_bc","m1",603,33.7753339219339,-16.2246660780661,243946.609587659,15.6187902728623,NA,NA,NA,3.16306750503924,64.3876003388286,NA,NA,1,NA,0,1,NA,0.175039052963257,NA
30,"lm_interact","single_stage_drml_bc","m1",608,53.1989612954905,3.19896129549052,45507.8366509668,6.74594964782326,NA,NA,NA,39.9771429442363,66.4207796467448,NA,NA,1,NA,0,1,NA,0.0599329471588135,NA
300,"lm_interact","single_stage_drml_bc","m1",610,62.8747074792936,12.8747074792936,67993.1392340899,8.24579524570492,NA,NA,NA,46.7132457738204,79.0361691847669,NA,NA,1,NA,0,1,NA,0.0537090301513672,NA
301,"lm_interact","single_stage_drml_bc","m1",617,54.0003222228143,4.00032222281429,38308.4769087113,6.18938421078473,NA,NA,NA,41.8693520831954,66.1312923624332,NA,NA,1,NA,0,1,NA,0.0549235343933105,NA
302,"lm_interact","single_stage_drml_bc","m1",630,-31.8523852833402,-81.8523852833402,7253958.12967553,85.1701715959028,NA,NA,NA,-198.782854168406,135.078083601726,NA,NA,1,NA,0,0,NA,0.0538408756256104,NA
303,"lm_interact","single_stage_drml_bc","m1",625,56.3029233424225,6.30292334242245,65448.8874069772,8.09004866530339,NA,NA,NA,40.4467193252515,72.1591273595934,NA,NA,1,NA,0,1,NA,0.0550553798675537,NA
304,"lm_interact","single_stage_drml_bc","m1",603,61.08034500048,11.08034500048,66075.2358840636,8.12866753435418,NA,NA,NA,45.1484493908458,77.0122406101141,NA,NA,1,NA,0,1,NA,0.0518786907196045,NA
305,"lm_interact","single_stage_drml_bc","m1",599,45.752218730978,-4.24778126902199,99095.2664418119,9.95466053875328,NA,NA,NA,26.2414425966995,65.2629948652565,NA,NA,1,NA,0,1,NA,0.0539467334747314,NA
306,"lm_interact","single_stage_drml_bc","m1",601,42.8516536025767,-7.14834639742328,62423.9891143221,7.90088533737341,NA,NA,NA,27.3662028953443,58.3371043098092,NA,NA,1,NA,0,1,NA,0.0488724708557129,NA
307,"lm_interact","single_stage_drml_bc","m1",579,49.7937627385104,-0.20623726148964,56971.3482402889,7.54793668761794,NA,NA,NA,35.0000786731906,64.5874468038301,NA,NA,1,NA,0,1,NA,0.0528643131256104,NA
308,"lm_interact","single_stage_drml_bc","m1",596,62.8505416471243,12.8505416471243,52772.3133254104,7.26445547342747,NA,NA,NA,48.6124705519115,77.088612742337,NA,NA,1,NA,0,1,NA,0.0521459579467773,NA
309,"lm_interact","single_stage_drml_bc","m1",614,37.5228468165472,-12.4771531834528,61974.4941116405,7.87238808187455,NA,NA,NA,22.0932497037508,52.9524439293437,NA,NA,1,NA,0,1,NA,0.0536887645721436,NA
31,"lm_interact","single_stage_drml_bc","m1",594,36.4784064342478,-13.5215935657522,59774.1071599617,7.73137162216134,NA,NA,NA,21.3251965037166,51.631616364779,NA,NA,1,NA,0,1,NA,0.0665860176086426,NA
310,"lm_interact","single_stage_drml_bc","m1",627,45.5247865791461,-4.47521342085394,55094.7242118124,7.42258204480169,NA,NA,NA,30.9767930990411,60.072780059251,NA,NA,1,NA,0,1,NA,0.0453627109527588,NA
311,"lm_interact","single_stage_drml_bc","m1",603,49.7592333833997,-0.240766616600254,58251.2104854283,7.63224806236199,NA,NA,NA,34.8003020600946,64.7181647067049,NA,NA,1,NA,0,1,NA,0.0480995178222656,NA
312,"lm_interact","single_stage_drml_bc","m1",629,51.5792485820892,1.57924858208924,60076.3930054226,7.75089627110456,NA,NA,NA,36.3877710428185,66.77072612136,NA,NA,1,NA,0,1,NA,0.0562102794647217,NA
313,"lm_interact","single_stage_drml_bc","m1",605,57.7244281710034,7.72442817100342,56955.7060448759,7.54690042632576,NA,NA,NA,42.932775140495,72.5160812015119,NA,NA,1,NA,0,1,NA,0.053267240524292,NA
314,"lm_interact","single_stage_drml_bc","m1",609,46.2990029196378,-3.70099708036224,52540.8310964775,7.24850543881133,NA,NA,NA,32.0921933178249,60.5058125214507,NA,NA,1,NA,0,1,NA,0.0483155250549316,NA
315,"lm_interact","single_stage_drml_bc","m1",627,68.4012140872063,18.4012140872063,84804.0032166178,9.20890890478442,NA,NA,NA,50.3520842969187,86.450343877494,NA,NA,0,NA,1,1,NA,0.0537798404693604,NA
316,"lm_interact","single_stage_drml_bc","m1",608,41.9455547462638,-8.0544452537362,47553.3885463989,6.89589650055733,NA,NA,NA,28.4298459640556,55.461263528472,NA,NA,1,NA,0,1,NA,0.0629277229309082,NA
317,"lm_interact","single_stage_drml_bc","m1",611,56.8421285558102,6.84212855581017,57319.3719793018,7.570955816758,NA,NA,NA,42.0033278264205,71.6809292851999,NA,NA,1,NA,0,1,NA,0.0551767349243164,NA
318,"lm_interact","single_stage_drml_bc","m1",605,37.9885021045767,-12.0114978954233,59548.2980732859,7.7167543743005,NA,NA,NA,22.8639414534058,53.1130627557476,NA,NA,1,NA,0,1,NA,0.0536503791809082,NA
319,"lm_interact","single_stage_drml_bc","m1",602,52.1967675171522,2.1967675171522,47855.2153151794,6.91774640437039,NA,NA,NA,38.6382337104048,65.7553013238996,NA,NA,1,NA,0,1,NA,0.0521376132965088,NA
32,"lm_interact","single_stage_drml_bc","m1",623,42.7105730326681,-7.28942696733193,49667.1323738122,7.04749121133274,NA,NA,NA,28.8977440770933,56.5234019882428,NA,NA,1,NA,0,1,NA,0.0601186752319336,NA
320,"lm_interact","single_stage_drml_bc","m1",617,39.2970336558971,-10.7029663441029,58329.6993047101,7.63738825153666,NA,NA,NA,24.3280277469359,54.2660395648582,NA,NA,1,NA,0,1,NA,0.0497756004333496,NA
321,"lm_interact","single_stage_drml_bc","m1",595,66.010431809401,16.010431809401,70786.2329463895,8.41345547004259,NA,NA,NA,49.520362102586,82.500501516216,NA,NA,1,NA,0,1,NA,0.0534603595733643,NA
322,"lm_interact","single_stage_drml_bc","m1",607,55.8384200882274,5.83842008822743,56218.1197033223,7.49787434566106,NA,NA,NA,41.1428564101249,70.5339837663299,NA,NA,1,NA,0,1,NA,0.0466361045837402,NA
323,"lm_interact","single_stage_drml_bc","m1",608,63.0169081695861,13.0169081695861,55000.6827312675,7.41624451668548,NA,NA,NA,48.4813360163399,77.5524803228323,NA,NA,1,NA,0,1,NA,0.0477221012115479,NA
324,"lm_interact","single_stage_drml_bc","m1",618,46.7892305389386,-3.2107694610614,48254.7373605896,6.94656298903203,NA,NA,NA,33.1742172640969,60.4042438137803,NA,NA,1,NA,0,1,NA,0.0464174747467041,NA
325,"lm_interact","single_stage_drml_bc","m1",615,48.4898856369036,-1.51011436309643,75720.3882793238,8.70174627757692,NA,NA,NA,31.4347763302473,65.5449949435598,NA,NA,1,NA,0,1,NA,0.0465061664581299,NA
326,"lm_interact","single_stage_drml_bc","m1",588,62.0092712402235,12.0092712402235,71288.7476382318,8.44326640810485,NA,NA,NA,45.4607731684611,78.5577693119859,NA,NA,1,NA,0,1,NA,0.0462651252746582,NA
327,"lm_interact","single_stage_drml_bc","m1",624,62.0944901801515,12.0944901801515,54980.3075772609,7.41487070536371,NA,NA,NA,47.5616106476175,76.6273697126855,NA,NA,1,NA,0,1,NA,0.04791259765625,NA
328,"lm_interact","single_stage_drml_bc","m1",626,45.4771697560462,-4.52283024395385,53327.0333402811,7.30253608962538,NA,NA,NA,31.1644620245765,59.7898774875159,NA,NA,1,NA,0,1,NA,0.0545876026153564,NA
329,"lm_interact","single_stage_drml_bc","m1",608,36.4663788756397,-13.5336211243603,39795.0009344081,6.30832790320923,NA,NA,NA,24.1022833826805,48.8304743685989,NA,NA,0,NA,1,1,NA,0.0461728572845459,NA
33,"lm_interact","single_stage_drml_bc","m1",609,59.3478667982341,9.34786679823409,66339.5600351914,8.14491006918992,NA,NA,NA,43.3841364053042,75.311597191164,NA,NA,1,NA,0,1,NA,0.0605466365814209,NA
330,"lm_interact","single_stage_drml_bc","m1",586,28.3746643291899,-21.6253356708101,236194.785980572,15.3686299317985,NA,NA,NA,-1.74729682885937,58.4966254872392,NA,NA,1,NA,0,0,NA,0.0463776588439941,NA
331,"lm_interact","single_stage_drml_bc","m1",605,43.0024623224792,-6.99753767752077,41806.3817484914,6.46578547034244,NA,NA,NA,30.3297556688457,55.6751689761128,NA,NA,1,NA,0,1,NA,0.0499582290649414,NA
332,"lm_interact","single_stage_drml_bc","m1",629,48.7026404535114,-1.29735954648859,57251.2409054336,7.56645497610562,NA,NA,NA,33.8726612097005,63.5326196973223,NA,NA,1,NA,0,1,NA,0.0469996929168701,NA
333,"lm_interact","single_stage_drml_bc","m1",620,56.0133991647777,6.01339916477771,66169.1643401453,8.1344430872768,NA,NA,NA,40.0701836794244,71.956614650131,NA,NA,1,NA,0,1,NA,0.0519006252288818,NA
334,"lm_interact","single_stage_drml_bc","m1",587,72.5312795735002,22.5312795735002,69378.4477704906,8.32937259164762,NA,NA,NA,56.2060092800558,88.8565498669446,NA,NA,0,NA,1,1,NA,0.046442985534668,NA
335,"lm_interact","single_stage_drml_bc","m1",617,51.3924215048121,1.39242150481212,53791.642466609,7.33427859210495,NA,NA,NA,37.0174996117033,65.767343397921,NA,NA,1,NA,0,1,NA,0.0468986034393311,NA
336,"lm_interact","single_stage_drml_bc","m1",632,57.1458823933028,7.14588239330276,43507.4195053168,6.59601542640076,NA,NA,NA,44.2179297160867,70.0738350705188,NA,NA,1,NA,0,1,NA,0.0473067760467529,NA
337,"lm_interact","single_stage_drml_bc","m1",603,51.4229258057148,1.42292580571485,71619.3320181241,8.46282057106992,NA,NA,NA,34.8361022787931,68.0097493326366,NA,NA,1,NA,0,1,NA,0.0460579395294189,NA
338,"lm_interact","single_stage_drml_bc","m1",609,48.8333153175976,-1.16668468240244,48470.6529679728,6.96208682565599,NA,NA,NA,35.187875882071,62.4787547531241,NA,NA,1,NA,0,1,NA,0.0484240055084229,NA
339,"lm_interact","single_stage_drml_bc","m1",624,47.200110313687,-2.79988968631299,60137.6825966005,7.75484897316515,NA,NA,NA,32.0008856207359,62.3993350066381,NA,NA,1,NA,0,1,NA,0.0508852005004883,NA
34,"lm_interact","single_stage_drml_bc","m1",585,34.6552290834964,-15.3447709165036,160690.885234041,12.6763908599428,NA,NA,NA,9.80995954405577,59.5004986229369,NA,NA,1,NA,0,1,NA,0.0609796047210693,NA
340,"lm_interact","single_stage_drml_bc","m1",643,47.6840753299657,-2.3159246700343,84951.8299252061,9.21693169797878,NA,NA,NA,29.6192211539617,65.7489295059697,NA,NA,1,NA,0,1,NA,0.0555338859558105,NA
341,"lm_interact","single_stage_drml_bc","m1",620,38.1943958203096,-11.8056041796904,166173.621817182,12.8908347990804,NA,NA,NA,12.9288238834564,63.4599677571628,NA,NA,1,NA,0,1,NA,0.0476408004760742,NA
342,"lm_interact","single_stage_drml_bc","m1",599,40.7591364176618,-9.24086358233819,56769.3720641826,7.53454524601071,NA,NA,NA,25.9916990955933,55.5265737397303,NA,NA,1,NA,0,1,NA,0.0478672981262207,NA
343,"lm_interact","single_stage_drml_bc","m1",601,50.8412826640713,0.841282664071315,57066.0273565936,7.55420593819056,NA,NA,NA,36.0353110934192,65.6472542347234,NA,NA,1,NA,0,1,NA,0.0535953044891357,NA
344,"lm_interact","single_stage_drml_bc","m1",599,45.9212322159425,-4.07876778405748,69469.3467511789,8.33482733781444,NA,NA,NA,29.5852708164664,62.2571936154187,NA,NA,1,NA,0,1,NA,0.0481936931610107,NA
345,"lm_interact","single_stage_drml_bc","m1",600,53.0339460019875,3.03394600198746,51500.6373739492,7.17639445501355,NA,NA,NA,38.968471331308,67.099420672667,NA,NA,1,NA,0,1,NA,0.0464138984680176,NA
346,"lm_interact","single_stage_drml_bc","m1",602,33.732413678631,-16.267586321369,198951.156207469,14.105004651097,NA,NA,NA,6.08711256071084,61.3777147965511,NA,NA,1,NA,0,1,NA,0.0460946559906006,NA
347,"lm_interact","single_stage_drml_bc","m1",606,58.7583010802083,8.75830108020827,55161.153039442,7.42705547572132,NA,NA,NA,44.2015398366135,73.315062323803,NA,NA,1,NA,0,1,NA,0.0496387481689453,NA
348,"lm_interact","single_stage_drml_bc","m1",609,43.3195258788191,-6.68047412118094,48713.523120137,6.97950736944499,NA,NA,NA,29.639942804875,56.9991089527631,NA,NA,1,NA,0,1,NA,0.0479812622070312,NA
349,"lm_interact","single_stage_drml_bc","m1",612,49.6866634517658,-0.313336548234233,58202.8238262076,7.62907752131328,NA,NA,NA,34.7339462747276,64.6393806288039,NA,NA,1,NA,0,1,NA,0.0469722747802734,NA
35,"lm_interact","single_stage_drml_bc","m1",628,53.7953137160072,3.79531371600716,57962.4666756939,7.61330852361139,NA,NA,NA,38.873503206537,68.7171242254773,NA,NA,1,NA,0,1,NA,0.060570240020752,NA
350,"lm_interact","single_stage_drml_bc","m1",620,38.3453072302334,-11.6546927697666,38912.5432726638,6.2379919263064,NA,NA,NA,26.1190677188212,50.5715467416456,NA,NA,1,NA,0,1,NA,0.0474014282226562,NA
351,"lm_interact","single_stage_drml_bc","m1",595,41.0598551974212,-8.94014480257881,47791.7602751588,6.91315848763493,NA,NA,NA,27.5103135422394,54.609396852603,NA,NA,1,NA,0,1,NA,0.0461580753326416,NA
352,"lm_interact","single_stage_drml_bc","m1",605,57.5642116790085,7.5642116790085,63077.3138021517,7.94212275164214,NA,NA,NA,41.9979371249938,73.1304862330232,NA,NA,1,NA,0,1,NA,0.0465512275695801,NA
353,"lm_interact","single_stage_drml_bc","m1",629,47.7948257113465,-2.20517428865352,53116.4216255732,7.288101373168,NA,NA,NA,33.5104095042603,62.0792419184327,NA,NA,1,NA,0,1,NA,0.0466852188110352,NA
354,"lm_interact","single_stage_drml_bc","m1",611,42.4335034268841,-7.56649657311593,47150.1586973137,6.86659731579723,NA,NA,NA,28.9752199915821,55.891786862186,NA,NA,1,NA,0,1,NA,0.0499591827392578,NA
355,"lm_interact","single_stage_drml_bc","m1",622,50.8305551533934,0.830555153393398,43135.1746794101,6.567737409444,NA,NA,NA,37.9580263709668,63.70308393582,NA,NA,1,NA,0,1,NA,0.0528473854064941,NA
356,"lm_interact","single_stage_drml_bc","m1",596,46.6813767989999,-3.31862320100011,69188.1785360013,8.31794316739428,NA,NA,NA,30.3785077654561,62.9842458325437,NA,NA,1,NA,0,1,NA,0.0472342967987061,NA
357,"lm_interact","single_stage_drml_bc","m1",611,74.839649642069,24.839649642069,64582.9468942783,8.03635159100685,NA,NA,NA,59.0886899565944,90.5906093275436,NA,NA,0,NA,1,1,NA,0.0548715591430664,NA
358,"lm_interact","single_stage_drml_bc","m1",611,56.3448535494622,6.34485354946221,61286.7704463887,7.82858674643059,NA,NA,NA,41.0011054766107,71.6886016223138,NA,NA,1,NA,0,1,NA,0.0528521537780762,NA
359,"lm_interact","single_stage_drml_bc","m1",610,51.9153177186349,1.91531771863487,64736.3792316303,8.04589207183581,NA,NA,NA,36.1456590343403,67.6849764029294,NA,NA,1,NA,0,1,NA,0.0492911338806152,NA
36,"lm_interact","single_stage_drml_bc","m1",602,37.7119928829049,-12.2880071170951,168646.881893507,12.9864114324746,NA,NA,NA,12.2590941868355,63.1648915789743,NA,NA,1,NA,0,1,NA,0.0611958503723145,NA
360,"lm_interact","single_stage_drml_bc","m1",630,60.9441184036493,10.9441184036493,76419.4648361102,8.74182274105979,NA,NA,NA,43.8104606719389,78.0777761353597,NA,NA,1,NA,0,1,NA,0.0541231632232666,NA
361,"lm_interact","single_stage_drml_bc","m1",616,45.0773755393877,-4.92262446061232,46651.2644405209,6.83017309008497,NA,NA,NA,31.6904822746465,58.4642688041289,NA,NA,1,NA,0,1,NA,0.0491321086883545,NA
362,"lm_interact","single_stage_drml_bc","m1",629,49.36853406664,-0.631465933360026,42659.5924353331,6.53143111694007,NA,NA,NA,36.5671643099332,62.1699038233467,NA,NA,1,NA,0,1,NA,0.0533061027526855,NA
363,"lm_interact","single_stage_drml_bc","m1",617,38.8190202798546,-11.1809797201454,46932.1234715247,6.85070240716415,NA,NA,NA,25.391890293011,52.2461502666982,NA,NA,1,NA,0,1,NA,0.0630309581756592,NA
364,"lm_interact","single_stage_drml_bc","m1",586,56.3047648947004,6.30476489470038,67490.6516478912,8.2152694202863,NA,NA,NA,40.203132707646,72.4063970817548,NA,NA,1,NA,0,1,NA,0.05283522605896,NA
365,"lm_interact","single_stage_drml_bc","m1",574,40.0798348933584,-9.92016510664158,69859.5759130719,8.35820410812466,NA,NA,NA,23.6980558659994,56.4616139207175,NA,NA,1,NA,0,1,NA,0.0545880794525146,NA
366,"lm_interact","single_stage_drml_bc","m1",622,55.7588308190498,5.75883081904982,44709.8196645685,6.68654018641692,NA,NA,NA,42.6534528724929,68.8642087656067,NA,NA,1,NA,0,1,NA,0.0531232357025146,NA
367,"lm_interact","single_stage_drml_bc","m1",621,52.367759431671,2.36775943167099,47054.4215640705,6.85962255259504,NA,NA,NA,38.923146281046,65.812372582296,NA,NA,1,NA,0,1,NA,0.0642931461334229,NA
368,"lm_interact","single_stage_drml_bc","m1",590,43.0802758816411,-6.91972411835889,53099.5219914899,7.28694188198931,NA,NA,NA,28.7981322355055,57.3624195277767,NA,NA,1,NA,0,1,NA,0.0541613101959229,NA
369,"lm_interact","single_stage_drml_bc","m1",605,45.7708667171897,-4.22913328281027,56017.7143111096,7.48449826715923,NA,NA,NA,31.1015196712052,60.4402137631743,NA,NA,1,NA,0,1,NA,0.052448034286499,NA
37,"lm_interact","single_stage_drml_bc","m1",611,63.4639485555131,13.4639485555131,84002.844232042,9.16530655417711,NA,NA,NA,45.5002778020571,81.4276193089692,NA,NA,1,NA,0,1,NA,0.0706222057342529,NA
370,"lm_interact","single_stage_drml_bc","m1",578,68.6199885124536,18.6199885124536,74276.174073848,8.61836260979126,NA,NA,NA,51.7283081915561,85.5116688333511,NA,NA,0,NA,1,1,NA,0.0620763301849365,NA
371,"lm_interact","single_stage_drml_bc","m1",572,55.7659754365521,5.76597543655212,61384.3331576395,7.83481545140914,NA,NA,NA,40.4100193262723,71.121931546832,NA,NA,1,NA,0,1,NA,0.0533843040466309,NA
372,"lm_interact","single_stage_drml_bc","m1",592,54.4814862447177,4.48148624471771,71743.8646536983,8.4701750072651,NA,NA,NA,37.8802482877268,71.0827242017086,NA,NA,1,NA,0,1,NA,0.0539178848266602,NA
373,"lm_interact","single_stage_drml_bc","m1",610,40.3955279250816,-9.60447207491841,45007.162181443,6.70873774874552,NA,NA,NA,27.2466435558161,53.5444122943471,NA,NA,1,NA,0,1,NA,0.0629003047943115,NA
374,"lm_interact","single_stage_drml_bc","m1",605,56.0906870108806,6.09068701088057,54230.2158567077,7.36411677370122,NA,NA,NA,41.6572833564789,70.5240906652823,NA,NA,1,NA,0,1,NA,0.0549077987670898,NA
375,"lm_interact","single_stage_drml_bc","m1",603,52.0973493055305,2.09734930553049,69296.5307010685,8.32445377794054,NA,NA,NA,35.7817197097987,68.4129789012623,NA,NA,1,NA,0,1,NA,0.0531749725341797,NA
376,"lm_interact","single_stage_drml_bc","m1",618,56.4818691831007,6.48186918310071,54981.5146400206,7.41495209964438,NA,NA,NA,41.9488301207081,71.0149082454933,NA,NA,1,NA,0,1,NA,0.0537567138671875,NA
377,"lm_interact","single_stage_drml_bc","m1",595,54.7554650657842,4.75546506578424,55175.3306948449,7.42800987444449,NA,NA,NA,40.1968332350651,69.3140968965033,NA,NA,1,NA,0,1,NA,0.0558676719665527,NA
378,"lm_interact","single_stage_drml_bc","m1",599,48.7180472604291,-1.28195273957089,73389.6376022427,8.56677521604499,NA,NA,NA,31.9274763733306,65.5086181475276,NA,NA,1,NA,0,1,NA,0.0615041255950928,NA
379,"lm_interact","single_stage_drml_bc","m1",593,49.2530326723045,-0.746967327695543,97407.5528026197,9.8695264730695,NA,NA,NA,29.9091162406236,68.5969491039853,NA,NA,1,NA,0,1,NA,0.0544939041137695,NA
38,"lm_interact","single_stage_drml_bc","m1",568,3.29251750112705,-46.7074824988729,2185111.05571186,46.7451714694883,NA,NA,NA,-88.3263350302192,94.9113700324733,NA,NA,1,NA,0,0,NA,0.0702965259552002,NA
380,"lm_interact","single_stage_drml_bc","m1",616,47.9186134536733,-2.08138654632672,52498.6572164104,7.24559571163134,NA,NA,NA,33.717506812338,62.1197200950086,NA,NA,1,NA,0,1,NA,0.0542476177215576,NA
381,"lm_interact","single_stage_drml_bc","m1",640,43.3705714368733,-6.62942856312674,44566.54359685,6.67581782232334,NA,NA,NA,30.2862089377689,56.4549339359776,NA,NA,1,NA,0,1,NA,0.0561690330505371,NA
382,"lm_interact","single_stage_drml_bc","m1",643,46.9402826914758,-3.05971730852423,39201.3067564421,6.2610946931381,NA,NA,NA,34.6687625891302,59.2118027938213,NA,NA,1,NA,0,1,NA,0.0561127662658691,NA
383,"lm_interact","single_stage_drml_bc","m1",626,39.1967948394303,-10.8032051605697,121939.11933561,11.0426047350981,NA,NA,NA,17.5536872631267,60.839902415734,NA,NA,1,NA,0,1,NA,0.0540871620178223,NA
384,"lm_interact","single_stage_drml_bc","m1",605,59.4467967049462,9.44679670494617,56983.0653741013,7.54871282895973,NA,NA,NA,44.6515914305496,74.2420019793427,NA,NA,1,NA,0,1,NA,0.0635135173797607,NA
385,"lm_interact","single_stage_drml_bc","m1",601,40.4857471160717,-9.51425288392831,46912.7500595461,6.84928828854109,NA,NA,NA,27.0613887507992,53.9101054813442,NA,NA,1,NA,0,1,NA,0.053410530090332,NA
386,"lm_interact","single_stage_drml_bc","m1",606,40.4098376113574,-9.59016238864258,41748.7956724939,6.46133079732758,NA,NA,NA,27.7458619563959,53.0738132663189,NA,NA,1,NA,0,1,NA,0.0544707775115967,NA
387,"lm_interact","single_stage_drml_bc","m1",589,60.202970869646,10.202970869646,61672.3947967414,7.85317736949456,NA,NA,NA,44.8110260612317,75.5949156780603,NA,NA,1,NA,0,1,NA,0.0521454811096191,NA
388,"lm_interact","single_stage_drml_bc","m1",623,57.6888736925807,7.68887369258069,58815.8241120434,7.669147547938,NA,NA,NA,42.6576207064986,72.7201266786628,NA,NA,1,NA,0,1,NA,0.0548548698425293,NA
389,"lm_interact","single_stage_drml_bc","m1",594,43.7947876445266,-6.2052123554734,44684.5297477466,6.68464881259641,NA,NA,NA,30.6931167225392,56.896458566514,NA,NA,1,NA,0,1,NA,0.0607085227966309,NA
39,"lm_interact","single_stage_drml_bc","m1",620,38.0166989358556,-11.9833010641444,47324.8371583636,6.87930499093939,NA,NA,NA,24.5335089149478,51.4998889567635,NA,NA,1,NA,0,1,NA,0.0706024169921875,NA
390,"lm_interact","single_stage_drml_bc","m1",613,46.431694510078,-3.568305489922,58250.0221494414,7.63217021229489,NA,NA,NA,31.4729157701006,61.3904732500554,NA,NA,1,NA,0,1,NA,0.0539140701293945,NA
391,"lm_interact","single_stage_drml_bc","m1",587,52.1966551893644,2.19665518936441,65326.553460365,8.08248436190043,NA,NA,NA,36.3552769344314,68.0380334442974,NA,NA,1,NA,0,1,NA,0.0539169311523438,NA
392,"lm_interact","single_stage_drml_bc","m1",600,57.7568188020773,7.75681880207728,58038.6894566921,7.61831276968149,NA,NA,NA,42.82520015054,72.6884374536146,NA,NA,1,NA,0,1,NA,0.062079906463623,NA
393,"lm_interact","single_stage_drml_bc","m1",605,47.2115181560993,-2.78848184390067,55025.6499444716,7.41792760442373,NA,NA,NA,32.6726472115033,61.7503891006953,NA,NA,1,NA,0,1,NA,0.053147554397583,NA
394,"lm_interact","single_stage_drml_bc","m1",611,64.5106349678139,14.5106349678139,60299.5925285462,7.76528122662317,NA,NA,NA,49.2909634338074,79.7303065018203,NA,NA,1,NA,0,1,NA,0.0642428398132324,NA
395,"lm_interact","single_stage_drml_bc","m1",631,37.618220602317,-12.381779397683,46664.8064755264,6.8311643572327,NA,NA,NA,24.2293844896672,51.0070567149668,NA,NA,1,NA,0,1,NA,0.0548689365386963,NA
396,"lm_interact","single_stage_drml_bc","m1",592,45.2374011196218,-4.76259888037825,39223.0401197285,6.26283004078256,NA,NA,NA,32.9624797983924,57.5123224408511,NA,NA,1,NA,0,1,NA,0.0548660755157471,NA
397,"lm_interact","single_stage_drml_bc","m1",585,53.2872531834443,3.28725318344431,45307.2547465112,6.73106638999432,NA,NA,NA,40.0946054815074,66.4799008853812,NA,NA,1,NA,0,1,NA,0.0527822971343994,NA
398,"lm_interact","single_stage_drml_bc","m1",590,62.0268338254842,12.0268338254842,83285.8149362517,9.1261062308222,NA,NA,NA,44.1399942939862,79.9136733569823,NA,NA,1,NA,0,1,NA,0.0535142421722412,NA
399,"lm_interact","single_stage_drml_bc","m1",597,52.4530170062269,2.45301700622688,60060.0927841714,7.74984469419687,NA,NA,NA,37.2636005198222,67.6424334926316,NA,NA,1,NA,0,1,NA,0.0618109703063965,NA
4,"lm_interact","single_stage_drml_bc","m1",617,47.6093496779964,-2.39065032200362,46148.9923385394,6.79330496434095,NA,NA,NA,34.294716611891,60.9239827441018,NA,NA,1,NA,0,1,NA,0.174434661865234,NA
40,"lm_interact","single_stage_drml_bc","m1",581,63.5607702538191,13.5607702538191,57759.403392416,7.5999607493997,NA,NA,NA,48.6651209010777,78.4564196065606,NA,NA,1,NA,0,1,NA,0.071347713470459,NA
400,"lm_interact","single_stage_drml_bc","m1",613,36.9742928800641,-13.0257071199359,70362.243852644,8.38822054148817,NA,NA,NA,20.5336827243682,53.41490303576,NA,NA,1,NA,0,1,NA,0.0460798740386963,NA
401,"lm_interact","single_stage_drml_bc","m1",631,56.6650121504342,6.66501215043417,54512.6915801689,7.3832710623523,NA,NA,NA,42.1940667801269,71.1359575207415,NA,NA,1,NA,0,1,NA,0.0540063381195068,NA
402,"lm_interact","single_stage_drml_bc","m1",628,57.4422667484626,7.44226674846256,68744.3736836022,8.29122268930236,NA,NA,NA,41.1917688896286,73.6927646072965,NA,NA,1,NA,0,1,NA,0.0551514625549316,NA
403,"lm_interact","single_stage_drml_bc","m1",624,51.1059872739405,1.10598727394047,44786.1153644514,6.6922429247937,NA,NA,NA,37.9894321655518,64.2225423823291,NA,NA,1,NA,0,1,NA,0.0538902282714844,NA
404,"lm_interact","single_stage_drml_bc","m1",621,43.8149648705636,-6.18503512943639,57423.197868723,7.57780956930979,NA,NA,NA,28.9627310330135,58.6671987081138,NA,NA,1,NA,0,1,NA,0.0549123287200928,NA
405,"lm_interact","single_stage_drml_bc","m1",589,35.417823716216,-14.582176283784,131535.359595047,11.4688865891615,NA,NA,NA,12.9392190586851,57.8964283737469,NA,NA,1,NA,0,1,NA,0.053950309753418,NA
406,"lm_interact","single_stage_drml_bc","m1",609,40.0392897141146,-9.96071028588539,142298.607723442,11.9288980096001,NA,NA,NA,16.6590792400468,63.4195001881824,NA,NA,1,NA,0,1,NA,0.0537617206573486,NA
407,"lm_interact","single_stage_drml_bc","m1",582,54.1008072613062,4.10080726130617,53131.4107825604,7.2891296313456,NA,NA,NA,39.8143757052251,68.3872388173873,NA,NA,1,NA,0,1,NA,0.0541996955871582,NA
408,"lm_interact","single_stage_drml_bc","m1",610,47.7507977949302,-2.24920220506976,66935.4372064065,8.18140802101976,NA,NA,NA,31.7155327309044,63.7860628589561,NA,NA,1,NA,0,1,NA,0.0535948276519775,NA
409,"lm_interact","single_stage_drml_bc","m1",612,57.3256464521778,7.32564645217784,53399.7627850147,7.30751413170133,NA,NA,NA,43.0031819375257,71.6481109668299,NA,NA,1,NA,0,1,NA,0.0538284778594971,NA
41,"lm_interact","single_stage_drml_bc","m1",599,67.0436535961823,17.0436535961823,89284.724027946,9.44905942556962,NA,NA,NA,48.5238374342871,85.5634697580775,NA,NA,1,NA,0,1,NA,0.0703661441802979,NA
410,"lm_interact","single_stage_drml_bc","m1",622,53.6731476451932,3.67314764519321,53960.4769883748,7.34577953578616,NA,NA,NA,39.275684316681,68.0706109737054,NA,NA,1,NA,0,1,NA,0.0473892688751221,NA
411,"lm_interact","single_stage_drml_bc","m1",580,38.8533611069869,-11.1466388930131,73286.4018899325,8.56074774128595,NA,NA,NA,22.0746038533339,55.63211836064,NA,NA,1,NA,0,1,NA,0.0531749725341797,NA
412,"lm_interact","single_stage_drml_bc","m1",605,50.5123568274843,0.512356827484311,89378.9295353507,9.45404302588849,NA,NA,NA,31.9827729884508,69.0419406665178,NA,NA,1,NA,0,1,NA,0.0499618053436279,NA
413,"lm_interact","single_stage_drml_bc","m1",597,65.6510124121404,15.6510124121404,53157.1367914735,7.29089410096412,NA,NA,NA,51.3611225591552,79.9409022651257,NA,NA,0,NA,1,1,NA,0.0489108562469482,NA
414,"lm_interact","single_stage_drml_bc","m1",603,57.3958314261969,7.39583142619695,62409.4281584217,7.89996380741214,NA,NA,NA,41.9121868844992,72.8794759678947,NA,NA,1,NA,0,1,NA,0.0464653968811035,NA
415,"lm_interact","single_stage_drml_bc","m1",607,55.4540297384696,5.45402973846958,51639.3836961738,7.18605480748469,NA,NA,NA,41.3696211248687,69.5384383520705,NA,NA,1,NA,0,1,NA,0.04648756980896,NA
416,"lm_interact","single_stage_drml_bc","m1",627,55.1915969722032,5.19159697220324,71076.4884384669,8.4306873052241,NA,NA,NA,38.667753489045,71.7154404553615,NA,NA,1,NA,0,1,NA,0.0495178699493408,NA
417,"lm_interact","single_stage_drml_bc","m1",605,52.7762385274045,2.77623852740453,58977.8165507903,7.67970159256141,NA,NA,NA,37.7242999939693,67.8281770608398,NA,NA,1,NA,0,1,NA,0.048602819442749,NA
418,"lm_interact","single_stage_drml_bc","m1",611,49.4734046861884,-0.526595313811633,40998.5163527268,6.40300838299676,NA,NA,NA,36.9237388628067,62.0230705095701,NA,NA,1,NA,0,1,NA,0.0533661842346191,NA
419,"lm_interact","single_stage_drml_bc","m1",608,57.6128682067142,7.61286820671416,46721.2998548596,6.83529808090763,NA,NA,NA,44.2159301445395,71.0098062688889,NA,NA,1,NA,0,1,NA,0.0544462203979492,NA
42,"lm_interact","single_stage_drml_bc","m1",612,51.8212423992288,1.82124239922883,50761.0640720764,7.12467992769334,NA,NA,NA,37.8571263395744,65.7853584588832,NA,NA,1,NA,0,1,NA,0.0706734657287598,NA
420,"lm_interact","single_stage_drml_bc","m1",584,45.2338801242056,-4.76611987579438,62884.2170544461,7.92995693900327,NA,NA,NA,29.6914501248057,60.7763101236055,NA,NA,1,NA,0,1,NA,0.0568864345550537,NA
421,"lm_interact","single_stage_drml_bc","m1",605,58.6232144686049,8.62321446860494,50558.7575528255,7.11046816692301,NA,NA,NA,44.6869529482173,72.5594759889926,NA,NA,1,NA,0,1,NA,0.053781270980835,NA
422,"lm_interact","single_stage_drml_bc","m1",608,56.4964150907949,6.49641509079486,69873.049876383,8.35901010146435,NA,NA,NA,40.1130563455182,72.8797738360715,NA,NA,1,NA,0,1,NA,0.0651023387908936,NA
423,"lm_interact","single_stage_drml_bc","m1",617,52.304685502203,2.30468550220301,58435.7226163953,7.64432617150755,NA,NA,NA,37.3220815199713,67.2872894844348,NA,NA,1,NA,0,1,NA,0.0549538135528564,NA
424,"lm_interact","single_stage_drml_bc","m1",629,58.3691717337261,8.36917173372611,79492.159320317,8.9158375557385,NA,NA,NA,40.894451232469,75.8438922349832,NA,NA,1,NA,0,1,NA,0.055652379989624,NA
425,"lm_interact","single_stage_drml_bc","m1",609,53.277572812666,3.27757281266602,74226.2032213397,8.61546303000249,NA,NA,NA,36.3915755637248,70.1635700616072,NA,NA,1,NA,0,1,NA,0.0586531162261963,NA
426,"lm_interact","single_stage_drml_bc","m1",599,51.1611756881243,1.16117568812433,78066.2645456957,8.835511561064,NA,NA,NA,33.8438912434516,68.478460132797,NA,NA,1,NA,0,1,NA,0.0539801120758057,NA
427,"lm_interact","single_stage_drml_bc","m1",606,61.7187102798215,11.7187102798215,221252.613857994,14.8745626442593,NA,NA,NA,32.5651032112884,90.8723173483546,NA,NA,1,NA,0,1,NA,0.0535612106323242,NA
428,"lm_interact","single_stage_drml_bc","m1",617,43.9996900337098,-6.00030996629021,48509.7513463042,6.96489420926867,NA,NA,NA,30.3487482274116,57.6506318400079,NA,NA,1,NA,0,1,NA,0.0665500164031982,NA
429,"lm_interact","single_stage_drml_bc","m1",602,47.1436760542692,-2.85632394573081,49902.6085052732,7.06417783646994,NA,NA,NA,33.298141914402,60.9892101941363,NA,NA,1,NA,0,1,NA,0.0537517070770264,NA
43,"lm_interact","single_stage_drml_bc","m1",594,54.517914490319,4.51791449031904,96580.9775110549,9.82756213468299,NA,NA,NA,35.2562466505108,73.7795823301273,NA,NA,1,NA,0,1,NA,0.0712645053863525,NA
430,"lm_interact","single_stage_drml_bc","m1",610,49.989799721382,-0.0102002786180151,71596.6076444388,8.46147786408726,NA,NA,NA,33.405607851788,66.5739915909759,NA,NA,1,NA,0,1,NA,0.0650100708007812,NA
431,"lm_interact","single_stage_drml_bc","m1",600,45.5301432572177,-4.46985674278226,54626.3497350318,7.39096405992018,NA,NA,NA,31.0441198887442,60.0161666256912,NA,NA,1,NA,0,1,NA,0.054532527923584,NA
432,"lm_interact","single_stage_drml_bc","m1",643,47.9570701062749,-2.04292989372513,55274.3486032534,7.43467205754587,NA,NA,NA,33.3853806366187,62.5287595759311,NA,NA,1,NA,0,1,NA,0.0540103912353516,NA
433,"lm_interact","single_stage_drml_bc","m1",602,56.9165061296246,6.91650612962457,64635.8946452332,8.03964518155081,NA,NA,NA,41.159091125304,72.6739211339451,NA,NA,1,NA,0,1,NA,0.0532712936401367,NA
434,"lm_interact","single_stage_drml_bc","m1",626,39.2684550064946,-10.7315449935054,64226.4498341887,8.01414061732065,NA,NA,NA,23.5610280295065,54.9758819834827,NA,NA,1,NA,0,1,NA,0.0538735389709473,NA
435,"lm_interact","single_stage_drml_bc","m1",615,51.2723881564876,1.27238815648761,45866.0318424989,6.77244651824575,NA,NA,NA,37.9986368935023,64.546139419473,NA,NA,1,NA,0,1,NA,0.0537543296813965,NA
436,"lm_interact","single_stage_drml_bc","m1",621,45.9992534313184,-4.00074656868161,64861.4795356408,8.05366249203683,NA,NA,NA,30.2143650032851,61.7841418593517,NA,NA,1,NA,0,1,NA,0.0546820163726807,NA
437,"lm_interact","single_stage_drml_bc","m1",623,50.1365453067228,0.136545306722773,61752.1173627575,7.858251546162,NA,NA,NA,34.7346552947891,65.5384353186565,NA,NA,1,NA,0,1,NA,0.0540146827697754,NA
438,"lm_interact","single_stage_drml_bc","m1",578,50.3948538778851,0.394853877885126,62979.4010763263,7.93595621688567,NA,NA,NA,34.8406655099025,65.9490422458678,NA,NA,1,NA,0,1,NA,0.0541231632232666,NA
439,"lm_interact","single_stage_drml_bc","m1",615,42.3966955698816,-7.60330443011842,42055.8026943639,6.48504454066153,NA,NA,NA,29.6862418320469,55.1071493077163,NA,NA,1,NA,0,1,NA,0.0530698299407959,NA
44,"lm_interact","single_stage_drml_bc","m1",591,39.2699032448747,-10.7300967551253,57113.339278345,7.55733678476386,NA,NA,NA,24.4577953276978,54.0820111620516,NA,NA,1,NA,0,1,NA,0.0718593597412109,NA
440,"lm_interact","single_stage_drml_bc","m1",598,50.9351064518599,0.93510645185988,62348.0856231865,7.89608039619573,NA,NA,NA,35.4590732562835,66.4111396474363,NA,NA,1,NA,0,1,NA,0.0560293197631836,NA
441,"lm_interact","single_stage_drml_bc","m1",613,36.4649305091408,-13.5350694908592,63355.9861680592,7.95964736455449,NA,NA,NA,20.8643083449748,52.0655526733067,NA,NA,1,NA,0,1,NA,0.0636692047119141,NA
442,"lm_interact","single_stage_drml_bc","m1",579,59.2172354430236,9.21723544302357,69396.509264823,8.33045672606389,NA,NA,NA,42.8898402851689,75.5446306008782,NA,NA,1,NA,0,1,NA,0.0775723457336426,NA
443,"lm_interact","single_stage_drml_bc","m1",624,52.6274035571272,2.62740355712715,48939.88284221,6.99570459941027,NA,NA,NA,38.9160744958018,66.3387326184525,NA,NA,1,NA,0,1,NA,0.0541629791259766,NA
444,"lm_interact","single_stage_drml_bc","m1",609,43.8503092011806,-6.14969079881944,70338.7896686447,8.38682238208517,NA,NA,NA,27.4124393875592,60.2881790148019,NA,NA,1,NA,0,1,NA,0.0771880149841309,NA
445,"lm_interact","single_stage_drml_bc","m1",571,47.0707102925845,-2.92928970741553,43285.190800428,6.57914818197827,NA,NA,NA,34.1758168069549,59.965603778214,NA,NA,1,NA,0,1,NA,0.0560333728790283,NA
446,"lm_interact","single_stage_drml_bc","m1",618,46.1418729849586,-3.85812701504144,123864.776611077,11.1294553600379,NA,NA,NA,24.328541311738,67.9552046581791,NA,NA,1,NA,0,1,NA,0.0536105632781982,NA
447,"lm_interact","single_stage_drml_bc","m1",598,41.695462013881,-8.30453798611899,50351.6041394369,7.09588642379773,NA,NA,NA,27.7877801848507,55.6031438429113,NA,NA,1,NA,0,1,NA,0.0535678863525391,NA
448,"lm_interact","single_stage_drml_bc","m1",593,45.5199033142802,-4.48009668571979,52454.9865102103,7.24258148108879,NA,NA,NA,31.3247044562494,59.715102172311,NA,NA,1,NA,0,1,NA,0.0557878017425537,NA
449,"lm_interact","single_stage_drml_bc","m1",631,15.6313731855021,-34.368626814498,489793.422293685,22.1312770145259,NA,NA,NA,-27.7451326948479,59.007879065852,NA,NA,1,NA,0,0,NA,0.0550391674041748,NA
45,"lm_interact","single_stage_drml_bc","m1",611,53.3268204542053,3.32682045420534,69892.3447299371,8.36016415687737,NA,NA,NA,36.941199801883,69.7124411065276,NA,NA,1,NA,0,1,NA,0.0718836784362793,NA
450,"lm_interact","single_stage_drml_bc","m1",581,37.5018522972091,-12.4981477027909,56256.836847298,7.50045577597108,NA,NA,NA,22.8012291086704,52.2024754857479,NA,NA,1,NA,0,1,NA,0.0527105331420898,NA
451,"lm_interact","single_stage_drml_bc","m1",605,52.9378899014422,2.93788990144215,46702.382863709,6.83391416859394,NA,NA,NA,39.5436642575601,66.3321155453243,NA,NA,1,NA,0,1,NA,0.0542721748352051,NA
452,"lm_interact","single_stage_drml_bc","m1",598,32.0857771931807,-17.9142228068193,57269.596480031,7.56766783626442,NA,NA,NA,17.2534207871403,46.9181335992212,NA,NA,0,NA,1,1,NA,0.055938720703125,NA
453,"lm_interact","single_stage_drml_bc","m1",604,58.8859434711623,8.88594347116232,64868.1636007502,8.05407745187183,NA,NA,NA,43.1002417367974,74.6716452055272,NA,NA,1,NA,0,1,NA,0.0515525341033936,NA
454,"lm_interact","single_stage_drml_bc","m1",633,50.894781579855,0.894781579855,58869.0682361583,7.67261808225577,NA,NA,NA,35.8567264715029,65.9328366882071,NA,NA,1,NA,0,1,NA,0.0526375770568848,NA
455,"lm_interact","single_stage_drml_bc","m1",600,52.7208648289414,2.72086482894142,49871.1203041086,7.06194876107924,NA,NA,NA,38.8796995965589,66.562030061324,NA,NA,1,NA,0,1,NA,0.0558607578277588,NA
456,"lm_interact","single_stage_drml_bc","m1",617,62.7949266803652,12.7949266803652,63143.6490462799,7.94629782013485,NA,NA,NA,47.2204691424718,78.3693842182587,NA,NA,1,NA,0,1,NA,0.0531823635101318,NA
457,"lm_interact","single_stage_drml_bc","m1",607,40.5586072948383,-9.44139270516167,109012.720202257,10.4409156783424,NA,NA,NA,20.0947885996676,61.0224259900091,NA,NA,1,NA,0,1,NA,0.0525598526000977,NA
458,"lm_interact","single_stage_drml_bc","m1",596,46.2214751339372,-3.77852486606276,53053.6171794006,7.28379140142005,NA,NA,NA,31.9455063162514,60.4974439516231,NA,NA,1,NA,0,1,NA,0.0542764663696289,NA
459,"lm_interact","single_stage_drml_bc","m1",617,52.8015907718539,2.80159077185386,46438.172755072,6.81455594702047,NA,NA,NA,39.4453065450605,66.1578749986472,NA,NA,1,NA,0,1,NA,0.0547301769256592,NA
46,"lm_interact","single_stage_drml_bc","m1",599,55.5584015701202,5.5584015701202,54311.139621824,7.36960919057612,NA,NA,NA,41.1142329764556,70.0025701637848,NA,NA,1,NA,0,1,NA,0.0777649879455566,NA
460,"lm_interact","single_stage_drml_bc","m1",609,50.9492003761945,0.949200376194518,56609.6462991432,7.52393821739275,NA,NA,NA,36.2025524482002,65.6958483041888,NA,NA,1,NA,0,1,NA,0.054814338684082,NA
461,"lm_interact","single_stage_drml_bc","m1",618,49.1471113891037,-0.852888610896258,48177.9396777263,6.94103304110608,NA,NA,NA,35.5429366130333,62.7512861651742,NA,NA,1,NA,0,1,NA,0.0539216995239258,NA
462,"lm_interact","single_stage_drml_bc","m1",575,42.1006054949618,-7.89939450503818,65007.5598355758,8.06272657576677,NA,NA,NA,26.297951789265,57.9032592006586,NA,NA,1,NA,0,1,NA,0.0572659969329834,NA
463,"lm_interact","single_stage_drml_bc","m1",573,49.422234523457,-0.577765476542993,61165.3154787388,7.82082575427549,NA,NA,NA,34.0936977157137,64.7507713312003,NA,NA,1,NA,0,1,NA,0.053661584854126,NA
464,"lm_interact","single_stage_drml_bc","m1",642,43.3092084390227,-6.69079156097727,50291.8526920621,7.09167488623542,NA,NA,NA,29.4097810719341,57.2086358061113,NA,NA,1,NA,0,1,NA,0.0545094013214111,NA
465,"lm_interact","single_stage_drml_bc","m1",596,49.6973980049419,-0.302601995058104,67431.854424102,8.21169010765153,NA,NA,NA,33.6027811417411,65.7920148681427,NA,NA,1,NA,0,1,NA,0.0522623062133789,NA
466,"lm_interact","single_stage_drml_bc","m1",583,45.9737106510489,-4.02628934895112,63509.9095106513,7.969310478997,NA,NA,NA,30.3541491305971,61.5932721715006,NA,NA,1,NA,0,1,NA,0.0474867820739746,NA
467,"lm_interact","single_stage_drml_bc","m1",597,47.1338595330227,-2.86614046697726,57156.7759760693,7.56021004840932,NA,NA,NA,32.3161201225826,61.9515989434628,NA,NA,1,NA,0,1,NA,0.0546672344207764,NA
468,"lm_interact","single_stage_drml_bc","m1",627,32.0930140551621,-17.9069859448379,49283.1637869818,7.02019684816472,NA,NA,NA,18.3336810683776,45.8523470419465,NA,NA,0,NA,1,1,NA,0.053382396697998,NA
469,"lm_interact","single_stage_drml_bc","m1",608,51.2518342372058,1.25183423720581,100894.962674947,10.0446484595006,NA,NA,NA,31.564685019219,70.9389834551926,NA,NA,1,NA,0,1,NA,0.0548241138458252,NA
47,"lm_interact","single_stage_drml_bc","m1",614,58.4476956944002,8.44769569440023,54562.0735087636,7.38661448220791,NA,NA,NA,43.9701973415908,72.9251940472097,NA,NA,1,NA,0,1,NA,0.0825948715209961,NA
470,"lm_interact","single_stage_drml_bc","m1",621,59.2415055599824,9.24150555998238,80839.6789589496,8.99108886392241,NA,NA,NA,41.6192952048953,76.8637159150694,NA,NA,1,NA,0,1,NA,0.0538082122802734,NA
471,"lm_interact","single_stage_drml_bc","m1",607,50.8104734483769,0.810473448376946,63651.7554528607,7.97820502700079,NA,NA,NA,35.173478934179,66.4474679625749,NA,NA,1,NA,0,1,NA,0.0531473159790039,NA
472,"lm_interact","single_stage_drml_bc","m1",585,44.7725599147876,-5.22744008521237,46475.367642471,6.81728447715592,NA,NA,NA,31.4109278671981,58.1341919623772,NA,NA,1,NA,0,1,NA,0.0516257286071777,NA
473,"lm_interact","single_stage_drml_bc","m1",637,50.6966390844077,0.696639084407686,54310.5177643778,7.36956699978892,NA,NA,NA,36.2525531831665,65.1407249856489,NA,NA,1,NA,0,1,NA,0.0489611625671387,NA
474,"lm_interact","single_stage_drml_bc","m1",621,45.9836182173405,-4.01638178265951,49586.9667169383,7.04180138295154,NA,NA,NA,32.1819411204711,59.7852953142098,NA,NA,1,NA,0,1,NA,0.0460236072540283,NA
475,"lm_interact","single_stage_drml_bc","m1",617,50.0507938944206,0.0507938944205506,56041.433968374,7.4860826851147,NA,NA,NA,35.3783414463068,64.7232463425343,NA,NA,1,NA,0,1,NA,0.0539977550506592,NA
476,"lm_interact","single_stage_drml_bc","m1",593,45.8624722043022,-4.13752779569784,65317.533213878,8.08192633063913,NA,NA,NA,30.0221876705435,61.7027567380608,NA,NA,1,NA,0,1,NA,0.0502030849456787,NA
477,"lm_interact","single_stage_drml_bc","m1",632,56.3911481903944,6.39114819039435,71582.6900842103,8.46065541694084,NA,NA,NA,39.8085682875866,72.9737280932021,NA,NA,1,NA,0,1,NA,0.0546936988830566,NA
478,"lm_interact","single_stage_drml_bc","m1",601,-24.6964352175709,-74.6964352175709,5738086.13544897,75.7501560094035,NA,NA,NA,-173.164012819292,123.77114238415,NA,NA,1,NA,0,0,NA,0.0548944473266602,NA
479,"lm_interact","single_stage_drml_bc","m1",607,65.4963045190435,15.4963045190435,50409.5544251531,7.09996862142031,NA,NA,NA,51.5806217296952,79.4119873083918,NA,NA,0,NA,1,1,NA,0.0514140129089355,NA
48,"lm_interact","single_stage_drml_bc","m1",618,35.1282577489317,-14.8717422510683,74494.896734109,8.63104262149765,NA,NA,NA,18.2117250617661,52.0447904360972,NA,NA,1,NA,0,1,NA,0.0806281566619873,NA
480,"lm_interact","single_stage_drml_bc","m1",607,47.7781726097082,-2.22182739029176,69308.0987450544,8.3251485719508,NA,NA,NA,31.4611812427396,64.0951639766769,NA,NA,1,NA,0,1,NA,0.0575711727142334,NA
481,"lm_interact","single_stage_drml_bc","m1",620,58.1453067101127,8.14530671011273,54025.9343623419,7.35023362637827,NA,NA,NA,43.7391135244561,72.5514998957694,NA,NA,1,NA,0,1,NA,0.0522053241729736,NA
482,"lm_interact","single_stage_drml_bc","m1",611,38.4795789638187,-11.5204210361813,56372.7173405776,7.50817669881161,NA,NA,NA,23.7638230445851,53.1953348830522,NA,NA,1,NA,0,1,NA,0.0531196594238281,NA
483,"lm_interact","single_stage_drml_bc","m1",625,52.5250921800594,2.52509218005939,49651.9721754155,7.04641555511846,NA,NA,NA,38.7143714719244,66.3358128881944,NA,NA,1,NA,0,1,NA,0.0533990859985352,NA
484,"lm_interact","single_stage_drml_bc","m1",600,46.7031903632108,-3.29680963678925,80453.5226503809,8.96958876707182,NA,NA,NA,29.123119423615,64.2832613028065,NA,NA,1,NA,0,1,NA,0.0519313812255859,NA
485,"lm_interact","single_stage_drml_bc","m1",617,38.9394903670639,-11.0605096329361,50169.0368653967,7.08301043804092,NA,NA,NA,25.0570450063825,52.8219357277454,NA,NA,1,NA,0,1,NA,0.0530972480773926,NA
486,"lm_interact","single_stage_drml_bc","m1",583,60.7692953477498,10.7692953477498,53422.2107559508,7.30904992156647,NA,NA,NA,46.4438207402743,75.0947699552254,NA,NA,1,NA,0,1,NA,0.0545089244842529,NA
487,"lm_interact","single_stage_drml_bc","m1",613,36.6137748129463,-13.3862251870537,66796.4114267247,8.17290715882205,NA,NA,NA,20.5951711326655,52.6323784932271,NA,NA,1,NA,0,1,NA,0.0501198768615723,NA
488,"lm_interact","single_stage_drml_bc","m1",606,38.0364512862332,-11.9635487137668,50759.5578822986,7.12457422463256,NA,NA,NA,24.072542400771,52.0003601716954,NA,NA,1,NA,0,1,NA,0.052680492401123,NA
489,"lm_interact","single_stage_drml_bc","m1",609,44.1157873360971,-5.88421266390291,44471.6569337551,6.66870729105388,NA,NA,NA,31.0453612221918,57.1862134500024,NA,NA,1,NA,0,1,NA,0.0541186332702637,NA
49,"lm_interact","single_stage_drml_bc","m1",601,52.0603094094018,2.06030940940177,53479.4030406652,7.31296130446929,NA,NA,NA,37.7271686323069,66.3934501864966,NA,NA,1,NA,0,1,NA,0.0545313358306885,NA
490,"lm_interact","single_stage_drml_bc","m1",607,58.4746871423113,8.47468714231135,200311.452930924,14.1531428640752,NA,NA,NA,30.7350368606738,86.2143374239489,NA,NA,1,NA,0,1,NA,0.0507345199584961,NA
491,"lm_interact","single_stage_drml_bc","m1",646,29.397214345477,-20.602785654523,68790.1936245528,8.29398538849405,NA,NA,NA,13.1413016957272,45.6531269952268,NA,NA,0,NA,1,1,NA,0.0547666549682617,NA
492,"lm_interact","single_stage_drml_bc","m1",599,56.1007229521199,6.10072295211991,65298.7228318557,8.08076251549665,NA,NA,NA,40.2627194541252,71.9387264501146,NA,NA,1,NA,0,1,NA,0.0532469749450684,NA
493,"lm_interact","single_stage_drml_bc","m1",603,44.5886810855939,-5.41131891440614,57142.0088282714,7.55923334924061,NA,NA,NA,29.7728559703482,59.4045062008395,NA,NA,1,NA,0,1,NA,0.0547699928283691,NA
494,"lm_interact","single_stage_drml_bc","m1",597,60.412792665931,10.412792665931,58665.2239657033,7.65932268322097,NA,NA,NA,45.4007960608472,75.4247892710148,NA,NA,1,NA,0,1,NA,0.0536680221557617,NA
495,"lm_interact","single_stage_drml_bc","m1",616,53.1164572472117,3.11645724721171,54455.9989364711,7.37943080030371,NA,NA,NA,38.6530386522109,67.5798758422126,NA,NA,1,NA,0,1,NA,0.0553984642028809,NA
496,"lm_interact","single_stage_drml_bc","m1",606,59.0634445865317,9.06344458653174,67722.4063939894,8.22936245367704,NA,NA,NA,42.9341905615986,75.1926986114649,NA,NA,1,NA,0,1,NA,0.0538680553436279,NA
497,"lm_interact","single_stage_drml_bc","m1",610,56.6574563302815,6.65745633028146,60580.2839260414,7.78333372829673,NA,NA,NA,41.402402543164,71.9125101173989,NA,NA,1,NA,0,1,NA,0.0520522594451904,NA
498,"lm_interact","single_stage_drml_bc","m1",620,32.7159963554169,-17.2840036445831,112727.048202773,10.6172994778698,NA,NA,NA,11.9064717657163,53.5255209451175,NA,NA,1,NA,0,1,NA,0.0514736175537109,NA
499,"lm_interact","single_stage_drml_bc","m1",600,42.259702762839,-7.74029723716098,52370.7914452322,7.23676664299963,NA,NA,NA,28.0759007780389,56.4435047476391,NA,NA,1,NA,0,1,NA,0.0538389682769775,NA
5,"lm_interact","single_stage_drml_bc","m1",611,42.2108168128368,-7.78918318716322,52677.8019364914,7.25794750163512,NA,NA,NA,27.9855011079495,56.4361325177241,NA,NA,1,NA,0,1,NA,0.17317533493042,NA
50,"lm_interact","single_stage_drml_bc","m1",623,47.8800892595517,-2.11991074044826,51386.8321422283,7.16846093260111,NA,NA,NA,33.8301640070712,61.9300145120323,NA,NA,1,NA,0,1,NA,0.082998514175415,NA
500,"lm_interact","single_stage_drml_bc","m1",610,39.6543340902417,-10.3456659097583,53335.7083314865,7.30313003659982,NA,NA,NA,25.3404622440934,53.96820593639,NA,NA,1,NA,0,1,NA,0.0536098480224609,NA
51,"lm_interact","single_stage_drml_bc","m1",595,32.5416822092849,-17.4583177907151,49409.9950102404,7.0292243533864,NA,NA,NA,18.7646556373957,46.3187087811741,NA,NA,0,NA,1,1,NA,0.0831174850463867,NA
52,"lm_interact","single_stage_drml_bc","m1",593,47.3394125088616,-2.66058749113836,53504.9170708378,7.31470553548383,NA,NA,NA,33.0028531017976,61.6759719159257,NA,NA,1,NA,0,1,NA,0.0821695327758789,NA
53,"lm_interact","single_stage_drml_bc","m1",603,46.2010795995964,-3.79892040040356,49902.2259196989,7.06415075714688,NA,NA,NA,32.3555985342272,60.0465606649657,NA,NA,1,NA,0,1,NA,0.0828177928924561,NA
54,"lm_interact","single_stage_drml_bc","m1",611,50.5258800802067,0.525880080206719,53043.1426537522,7.2830723361609,NA,NA,NA,36.2513206045314,64.8004395558821,NA,NA,1,NA,0,1,NA,0.0817325115203857,NA
55,"lm_interact","single_stage_drml_bc","m1",630,55.7827488799052,5.78274887990525,56680.7821585626,7.52866403544232,NA,NA,NA,41.0268385187363,70.5386592410742,NA,NA,1,NA,0,1,NA,0.0620059967041016,NA
56,"lm_interact","single_stage_drml_bc","m1",624,13.3814891178439,-36.6185108821561,1121736.04413597,33.4923281384852,NA,NA,NA,-52.2622677919845,79.0252460276724,NA,NA,1,NA,0,0,NA,0.0615241527557373,NA
57,"lm_interact","single_stage_drml_bc","m1",611,46.5050198140425,-3.49498018595746,51050.9110658654,7.14499202699803,NA,NA,NA,32.5010927713006,60.5089468567845,NA,NA,1,NA,0,1,NA,0.0623359680175781,NA
58,"lm_interact","single_stage_drml_bc","m1",633,-29.4023716542125,-79.4023716542125,6716248.55512133,81.9527214625685,NA,NA,NA,-190.026754155889,131.222010847464,NA,NA,1,NA,0,0,NA,0.0544674396514893,NA
59,"lm_interact","single_stage_drml_bc","m1",623,56.7576144189864,6.75761441898637,59703.1046941129,7.72677841626851,NA,NA,NA,41.6134070065787,71.9018218313941,NA,NA,1,NA,0,1,NA,0.0609180927276611,NA
6,"lm_interact","single_stage_drml_bc","m1",611,44.6557650051243,-5.34423499487572,55892.491932608,7.47612813778683,NA,NA,NA,30.0028231112556,59.308706898993,NA,NA,1,NA,0,1,NA,0.173761367797852,NA
60,"lm_interact","single_stage_drml_bc","m1",616,60.1799105184192,10.1799105184192,52185.5330614806,7.22395549968856,NA,NA,NA,46.0212179131096,74.3386031237288,NA,NA,1,NA,0,1,NA,0.0618312358856201,NA
61,"lm_interact","single_stage_drml_bc","m1",625,36.3076615290612,-13.6923384709388,49731.5221667152,7.05205800931297,NA,NA,NA,22.4858818139205,50.1294412442018,NA,NA,1,NA,0,1,NA,0.06270432472229,NA
62,"lm_interact","single_stage_drml_bc","m1",603,50.618029002878,0.618029002877968,62358.3269239806,7.89672887491907,NA,NA,NA,35.1407248123591,66.0953331933968,NA,NA,1,NA,0,1,NA,0.0696902275085449,NA
63,"lm_interact","single_stage_drml_bc","m1",601,45.7561999027916,-4.24380009720838,44054.2329700833,6.63733628574621,NA,NA,NA,32.7472598294482,58.765139976135,NA,NA,1,NA,0,1,NA,0.0680210590362549,NA
64,"lm_interact","single_stage_drml_bc","m1",594,56.1058440581355,6.10584405813547,60461.1593019289,7.77567741755848,NA,NA,NA,40.8657963643194,71.3458917519515,NA,NA,1,NA,0,1,NA,0.0523674488067627,NA
65,"lm_interact","single_stage_drml_bc","m1",614,41.9076849856626,-8.09231501433736,196847.762396584,14.0302445594004,NA,NA,NA,14.4089109549489,69.4064590163764,NA,NA,1,NA,0,1,NA,0.0513327121734619,NA
66,"lm_interact","single_stage_drml_bc","m1",600,42.5273740448269,-7.47262595517306,42140.9481002494,6.49160597234994,NA,NA,NA,29.804060137196,55.2506879524579,NA,NA,1,NA,0,1,NA,0.0518686771392822,NA
67,"lm_interact","single_stage_drml_bc","m1",611,3.10397411752392,-46.8960258824761,1907706.99326698,43.6773052427343,NA,NA,NA,-82.5019710999977,88.7099193350455,NA,NA,1,NA,0,0,NA,0.0516862869262695,NA
68,"lm_interact","single_stage_drml_bc","m1",630,47.0199884544669,-2.98001154553314,46663.5823886041,6.83107476087066,NA,NA,NA,33.6313279474598,60.4086489614739,NA,NA,1,NA,0,1,NA,0.0514583587646484,NA
69,"lm_interact","single_stage_drml_bc","m1",613,59.9022000335046,9.90220003350463,70901.0859681918,8.42027825954652,NA,NA,NA,43.3987579049878,76.4056421620214,NA,NA,1,NA,0,1,NA,0.0519700050354004,NA
7,"lm_interact","single_stage_drml_bc","m1",611,41.8852064349068,-8.11479356509323,50982.6262165628,7.1402119167825,NA,NA,NA,27.8906482360294,55.8797646337842,NA,NA,1,NA,0,1,NA,0.173910856246948,NA
70,"lm_interact","single_stage_drml_bc","m1",611,66.4342907294799,16.4342907294799,102652.596599388,10.1317617717447,NA,NA,NA,46.5764025569204,86.2921789020393,NA,NA,1,NA,0,1,NA,0.052431583404541,NA
71,"lm_interact","single_stage_drml_bc","m1",599,52.2770410487408,2.27704104874077,55398.5089925595,7.44301746555518,NA,NA,NA,37.68899487995,66.8650872175315,NA,NA,1,NA,0,1,NA,0.0519747734069824,NA
72,"lm_interact","single_stage_drml_bc","m1",623,10.097063744413,-39.902936255587,988059.682704407,31.4334166565521,NA,NA,NA,-51.5113008134705,71.7054283022966,NA,NA,1,NA,0,0,NA,0.0513184070587158,NA
73,"lm_interact","single_stage_drml_bc","m1",601,57.786798108085,7.78679810808502,66677.2115063571,8.16561152066133,NA,NA,NA,41.7824936158435,73.7911026003266,NA,NA,1,NA,0,1,NA,0.0524382591247559,NA
74,"lm_interact","single_stage_drml_bc","m1",628,41.0578878370061,-8.94211216299392,56016.2147891453,7.48439809130603,NA,NA,NA,26.388737132086,55.7270385419262,NA,NA,1,NA,0,1,NA,0.0521378517150879,NA
75,"lm_interact","single_stage_drml_bc","m1",591,51.0470673950822,1.04706739508215,76249.1869821059,8.7320780448932,NA,NA,NA,33.9325089168985,68.1616258732658,NA,NA,1,NA,0,1,NA,0.0520389080047607,NA
76,"lm_interact","single_stage_drml_bc","m1",585,35.308783499495,-14.691216500505,55828.6933029197,7.47186009658369,NA,NA,NA,20.664206812669,49.953360186321,NA,NA,0,NA,1,1,NA,0.0532903671264648,NA
77,"lm_interact","single_stage_drml_bc","m1",605,51.8396043494192,1.83960434941921,46492.1115012183,6.81851241116552,NA,NA,NA,38.4755655953954,65.203643103443,NA,NA,1,NA,0,1,NA,0.0526766777038574,NA
78,"lm_interact","single_stage_drml_bc","m1",613,56.2894362761856,6.2894362761856,59637.0759882372,7.72250451526169,NA,NA,NA,41.1536055558247,71.4252669965465,NA,NA,1,NA,0,1,NA,0.0521156787872314,NA
79,"lm_interact","single_stage_drml_bc","m1",597,49.1851921369098,-0.814807863090174,53217.5483644845,7.29503587136379,NA,NA,NA,34.887184563109,63.4831997107106,NA,NA,1,NA,0,1,NA,0.0526134967803955,NA
8,"lm_interact","single_stage_drml_bc","m1",613,65.6627663197556,15.6627663197556,64800.4838452989,8.04987477202589,NA,NA,NA,49.8853016865272,81.4402309529839,NA,NA,1,NA,0,1,NA,0.17508864402771,NA
80,"lm_interact","single_stage_drml_bc","m1",602,43.1301318700398,-6.86986812996022,57093.1704081115,7.5560022768731,NA,NA,NA,28.3206395402659,57.9396241998137,NA,NA,1,NA,0,1,NA,0.0531036853790283,NA
81,"lm_interact","single_stage_drml_bc","m1",619,60.5833459135058,10.5833459135058,70407.0511003391,8.3908909598647,NA,NA,NA,44.1375018339682,77.0291899930433,NA,NA,1,NA,0,1,NA,0.0524990558624268,NA
82,"lm_interact","single_stage_drml_bc","m1",616,63.2628089193537,13.2628089193537,69206.577561134,8.31904907793757,NA,NA,NA,46.9577723409749,79.5678454977325,NA,NA,1,NA,0,1,NA,0.0535967350006104,NA
83,"lm_interact","single_stage_drml_bc","m1",620,39.7760716551534,-10.2239283448466,51772.8182194729,7.19533308606856,NA,NA,NA,25.6734779496896,53.8786653606172,NA,NA,1,NA,0,1,NA,0.0537352561950684,NA
84,"lm_interact","single_stage_drml_bc","m1",614,43.3222327292843,-6.67776727071566,35639.1582054715,5.96985411927892,NA,NA,NA,31.6215336625396,55.0229317960291,NA,NA,1,NA,0,1,NA,0.054520845413208,NA
85,"lm_interact","single_stage_drml_bc","m1",622,50.042738409749,0.0427384097489991,72664.7155369831,8.52436012478257,NA,NA,NA,33.3352995739258,66.7501772455722,NA,NA,1,NA,0,1,NA,0.0534451007843018,NA
86,"lm_interact","single_stage_drml_bc","m1",594,46.2317917846692,-3.76820821533079,81351.3130153081,9.01949627281414,NA,NA,NA,28.5539039312602,63.9096796380782,NA,NA,1,NA,0,1,NA,0.0539486408233643,NA
87,"lm_interact","single_stage_drml_bc","m1",600,51.1996733915149,1.19967339151486,68056.3667286407,8.24962827820992,NA,NA,NA,35.0306990803803,67.3686477026495,NA,NA,1,NA,0,1,NA,0.0524730682373047,NA
88,"lm_interact","single_stage_drml_bc","m1",591,41.8937923988329,-8.10620760116711,64380.0309249451,8.02371677746324,NA,NA,NA,26.1675964928552,57.6199883048106,NA,NA,1,NA,0,1,NA,0.0539038181304932,NA
89,"lm_interact","single_stage_drml_bc","m1",629,53.3787969803131,3.37879698031313,61500.7679818324,7.84224253525944,NA,NA,NA,38.0082840531765,68.7493099074497,NA,NA,1,NA,0,1,NA,0.053288459777832,NA
9,"lm_interact","single_stage_drml_bc","m1",603,45.8539105468073,-4.14608945319272,102364.932613781,10.1175556639823,NA,NA,NA,26.0238658338227,65.6839552597919,NA,NA,1,NA,0,1,NA,0.174310445785522,NA
90,"lm_interact","single_stage_drml_bc","m1",618,48.9383376819688,-1.06166231803122,54346.7580570812,7.37202537007851,NA,NA,NA,34.4894334634993,63.3872419004382,NA,NA,1,NA,0,1,NA,0.0531876087188721,NA
91,"lm_interact","single_stage_drml_bc","m1",568,41.4669389225565,-8.53306107744351,54109.1601903609,7.35589288872268,NA,NA,NA,27.0496537865257,55.8842240585872,NA,NA,1,NA,0,1,NA,0.109548091888428,NA
92,"lm_interact","single_stage_drml_bc","m1",603,50.0295328895976,0.0295328895976326,52447.7093455644,7.24207907617449,NA,NA,NA,35.8353187271045,64.2237470520907,NA,NA,1,NA,0,1,NA,0.110607147216797,NA
93,"lm_interact","single_stage_drml_bc","m1",624,49.5153004789095,-0.484699521090533,50635.3246874247,7.11585024346527,NA,NA,NA,35.568490282337,63.462110675482,NA,NA,1,NA,0,1,NA,0.110229730606079,NA
94,"lm_interact","single_stage_drml_bc","m1",602,48.3342253101596,-1.6657746898404,54652.1119465703,7.39270667256386,NA,NA,NA,33.8447864836655,62.8236641366537,NA,NA,1,NA,0,1,NA,0.0626873970031738,NA
95,"lm_interact","single_stage_drml_bc","m1",588,40.0544778231703,-9.94552217682974,83953.1023054764,9.16259255371952,NA,NA,NA,22.0961264128651,58.0128292334754,NA,NA,1,NA,0,1,NA,0.108634471893311,NA
96,"lm_interact","single_stage_drml_bc","m1",599,52.7846220444799,2.78462204447991,52098.2155961724,7.21790936464101,NA,NA,NA,38.6377796461092,66.9314644428507,NA,NA,1,NA,0,1,NA,0.109175682067871,NA
97,"lm_interact","single_stage_drml_bc","m1",607,51.9891250813143,1.98912508131428,59936.2869507815,7.74185294040009,NA,NA,NA,36.8153721445246,67.162878018104,NA,NA,1,NA,0,1,NA,0.109867095947266,NA
98,"lm_interact","single_stage_drml_bc","m1",604,48.673305011871,-1.32669498812897,53684.3227648018,7.32695862993655,NA,NA,NA,34.3127299809804,63.0338800427616,NA,NA,1,NA,0,1,NA,0.106813430786133,NA
99,"lm_interact","single_stage_drml_bc","m1",609,48.6958793032855,-1.30412069671451,55396.1978966492,7.4428622113169,NA,NA,NA,34.1081374272102,63.2836211793608,NA,NA,1,NA,0,1,NA,0.053391695022583,NA
