"replicate","Estimator","estimate","bias","bootstrap_se","bootstrap_bias","bc_estimate","ci_lower","ci_upper","bc_ci_lower","bc_ci_upper","covered_true_95","covered_true_95_bc","reject_h0_effect","reject_h0_null","bootstrap_time_sec","replicate_time_sec","covered_mc_mean_95"
1,"bart",51.6671332306996,1.66713323069959,1.95394939429561,0.552465915811133,51.1146673148885,47.8374627902663,55.4968036711328,47.2849968744552,54.9443377553217,1,1,0,1,1274.40117406845,1277.48201799393,1
2,"bart",49.0656396125201,-0.934360387479906,1.83948307317287,-0.491498159205499,49.5571377717256,45.4603190389302,52.67096018611,45.9518171981357,53.1624583453155,1,1,0,1,1258.34245705605,1261.40844416618,1
3,"bart",50.7417547953462,0.741754795346154,2.13095248035608,-0.202517949598025,50.9442727449442,46.5651646810819,54.9183449096104,46.76768263068,55.1208628592084,1,1,0,1,1256.37625098228,1259.33889484406,1
4,"bart",52.945977066032,2.94597706603195,1.81569745768768,-0.34209191662358,53.2880689826555,49.3872754421432,56.5046786899207,49.7293673587668,56.8467706065443,1,1,0,1,1259.66840195656,1262.62126898766,1
5,"bart",52.2807510952221,2.28075109522214,1.99573410576833,-0.560643717647395,52.8413948128695,48.369184125198,56.1923180652463,48.9298278428454,56.7529617828937,1,1,0,1,1271.65407991409,1274.65458607674,1
6,"bart",47.8457493035023,-2.15425069649773,1.94344578609927,-0.330657024588916,48.1764063280912,44.0366655568416,51.654833050163,44.3673225814305,51.9854900747519,1,1,0,1,1255.55477285385,1258.62706685066,1
7,"bart",47.4369654255459,-2.56303457445414,1.89576883648704,0.912912311016555,46.5240531145293,43.7213267830179,51.1526040680739,42.8084144720013,50.2396917570573,1,1,0,1,1265.81854295731,1268.82338404655,1
8,"bart",51.0960375898638,1.09603758986378,1.83592462350358,-0.287778908116088,51.3838164979799,47.4976914494665,54.694383730261,47.7854703575826,54.9821626383771,1,1,0,1,1259.18664813042,1262.23931789398,1
9,"bart",50.7486321466073,0.748632146607257,1.91722092077932,-0.641429373629762,51.390061520237,46.9909481914731,54.5063161017414,47.6323775651028,55.1477454753712,1,1,0,1,1246.32638406754,1249.37368798256,1
10,"bart",51.0435531306123,1.04355313061226,2.02858405121179,-0.0986946120553469,51.1422477426676,47.0676014506248,55.0195048105997,47.1662960626801,55.1181994226551,1,1,0,1,1273.47207713127,1276.55696082115,1
11,"bart",49.4217353952234,-0.578264604776557,1.70661871901895,0.574392546700331,48.8473428485231,46.0768241706044,52.7666466198425,45.5024316239041,52.1922540731421,1,1,0,1,1240.74471402168,1243.72946810722,1
12,"bart",48.5635883849088,-1.43641161509122,2.05903325272856,-0.670742212106582,49.2343305970154,44.5279573665904,52.5992194032271,45.198699578697,53.2699616153337,1,1,0,1,1420.07749295235,1425.27971291542,1
13,"bart",49.5069049282852,-0.493095071714784,1.98601805804114,0.748849206140292,48.7580557221449,45.6143810618784,53.399428794692,44.8655318557381,52.6505795885517,1,1,0,1,1390.52621889114,1395.80432701111,1
14,"bart",49.3495105293671,-0.650489470632863,2.08526488278542,0.0330947429728994,49.3164157863942,45.2624664608816,53.4365545978527,45.2293717179087,53.4034598548798,1,1,0,1,1438.34173417091,1443.26655077934,1
15,"bart",49.5501405099524,-0.449859490047615,1.85969380613559,-0.353231158921588,49.903371668874,45.9052076276544,53.1950733922504,46.258438786576,53.5483045511719,1,1,0,1,1389.12564992905,1394.39545607567,1
16,"bart",51.7558922177566,1.75589221775663,2.01380414581538,0.181456309377616,51.574435908379,47.808908620041,55.7028758154722,47.6274523106634,55.5214195060946,1,1,0,1,1362.31719708443,1367.13251018524,1
17,"bart",44.8560404106802,-5.14395958931981,1.89603868384202,0.465991145838103,44.3900492648421,41.1398728770551,48.5722079443053,40.673881731217,48.1062167984672,0,0,1,1,1377.75258207321,1382.56657385826,0
18,"bart",50.8907828308987,0.890782830898736,1.9685747540735,-0.415341005132554,51.3061238360313,47.0324472120399,54.7491184497576,47.4477882171724,55.1644594548901,1,1,0,1,1397.21691799164,1401.93222498894,1
19,"bart",49.7452327747896,-0.254767225210394,1.92791204935645,0.328908683639888,49.4163240911497,45.9665945926902,53.5238709568891,45.6376859090503,53.1949622732492,1,1,0,1,1403.226115942,1408.76274609566,1
20,"bart",49.304882072655,-0.695117927345031,1.8196668029765,0.121943991621919,49.182938081033,45.7384006749579,52.871363470352,45.616456683336,52.7494194787301,1,1,0,1,1387.70021486282,1392.36942601204,1
21,"bart",49.3819812759146,-0.618018724085381,2.13172110525565,0.0058877405380855,49.3760935353765,45.2038846845296,53.5600778672996,45.1979969439915,53.5541901267615,1,1,0,1,1393.80927181244,1398.91032099724,1
22,"bart",50.8980651005119,0.898065100511865,1.83506055995242,-0.328843955261533,51.2269090557734,47.3014124935552,54.4947177074685,47.6302564488168,54.82356166273,1,1,0,1,1380.67414999008,1385.66536521912,1
23,"bart",53.8092028552296,3.80920285522963,2.10299419874276,-0.126265626923342,53.935468482153,49.6874099659972,57.9309957444621,49.8136755929205,58.0572613713854,1,1,0,1,1388.84927606583,1396.30365920067,1
24,"bart",47.8961523011697,-2.10384769883028,1.76525291876666,0.220355483980164,47.6757968171896,44.4363201567829,51.3559844455566,44.2159646728027,51.1356289615764,1,1,0,1,1340.1007540226,1345.67906594276,1
25,"bart",50.1109222346202,0.11092223462019,1.80656889615781,0.383998131115689,49.7269241035045,46.5701122625606,53.6517322066798,46.1861141314449,53.2677340755641,1,1,0,1,1391.07187795639,1398.8572781086,1
26,"bart",47.1975833870488,-2.80241661295117,2.08927324592439,-0.0683240027026315,47.2659073897515,43.1026830711739,51.2924837029237,43.1710070738766,51.3608077056264,1,1,0,1,1335.29668688774,1341.47106981277,1
27,"bart",50.2278012832827,0.227801283282695,2.18867794575742,-0.0525915029837449,50.2803927862664,45.938071335841,54.5175312307244,45.9906628388248,54.5701227337081,1,1,0,1,1346.18515396118,1351.92611908913,1
28,"bart",49.5883511278075,-0.411648872192529,2.19733760224929,-0.195851745630726,49.7842028734382,45.2816485655233,53.8950536900917,45.477500311154,54.0909054357224,1,1,0,1,1344.7974050045,1351.53236794472,1
29,"bart",49.120934230972,-0.879065769028031,2.10929274997395,0.0179103961756724,49.1030238347963,44.9867964081716,53.2550720537724,44.9688860119959,53.2371616575967,1,1,0,1,1344.91706299782,1350.08068609238,1
30,"bart",45.4385323963391,-4.56146760366091,1.9973957047116,-0.47049262724078,45.9090250235799,41.5237087522294,49.3533560404488,41.9942013794701,49.8238486676896,0,0,1,1,1384.88863492012,1390.09619879723,0
31,"bart",47.2991907036417,-2.70080929635833,1.68632781885378,0.393868727829023,46.9053219758126,43.9940489125603,50.604332494723,43.6001801847313,50.210463766894,1,1,0,1,1338.9743142128,1345.63623809814,1
32,"bart",51.9306228341086,1.9306228341086,2.23143890204707,-0.406935550971546,52.3375583850802,47.5570829523947,56.3041627158225,47.9640185033663,56.711098266794,1,1,0,1,1364.83898711205,1370.35786414146,1
33,"bart",48.0711561861939,-1.92884381380608,1.85695909451549,-0.152382324400968,48.2235385105949,44.4315832401795,51.7107291322084,44.5839655645804,51.8631114566093,1,1,0,1,1324.88953089714,1330.31097507477,1
34,"bart",51.4561817013127,1.45618170131266,2.07098561146903,0.16722261519034,51.2889590861223,47.3971244903327,55.5152389122926,47.2299018751424,55.3480162971023,1,1,0,1,1457.48405814171,1462.66244888306,1
35,"bart",48.0603427879074,-1.93965721209258,2.18900530598004,-0.178236709359076,48.2385794972665,43.7699712262195,52.3507143495954,43.9482079355785,52.5289510589545,1,1,0,1,1378.268201828,1383.81570100784,1
36,"bart",48.6164588914187,-1.38354110858127,1.87536708985505,0.232985031463997,48.3834738599547,44.9408069375111,52.2921108453263,44.7078219060471,52.0591258138623,1,1,0,1,1366.35803389549,1371.32498908043,1
37,"bart",50.4943541165005,0.494354116500517,1.9884618260948,-0.0439378250010733,50.5382919415016,46.597040552722,54.3916676802791,46.640978377723,54.4356055052801,1,1,0,1,1346.849629879,1353.01672005653,1
38,"bart",45.2368394320338,-4.76316056796617,1.68154190819691,0.188602127521605,45.0482373045122,41.9410778534731,48.5326010105945,41.7524757259515,48.3439988830729,0,0,1,1,1387.23780679703,1392.32614517212,0
39,"bart",47.9602802388876,-2.03971976111237,1.78061616862194,0.581845920676045,47.3784343182116,44.4703366780989,51.4502237996763,43.8884907574229,50.8683778790003,1,1,0,1,1365.55127501488,1370.57683181763,1
40,"bart",49.3508849744925,-0.64911502550752,1.86307815029505,0.348054985617615,49.0028299888749,45.6993188995307,53.0024510494543,45.3512639139131,52.6543960638367,1,1,0,1,1359.8001909256,1365.13085508347,1
41,"bart",49.1124065914888,-0.887593408511165,1.9206342093884,0.174735803008538,48.9376707884803,45.348032713612,52.8767804693656,45.1732969106035,52.7020446663571,1,1,0,1,1429.03995299339,1433.82286500931,1
42,"bart",48.9665199599865,-1.03348004001348,1.80045654380947,0.835036460752292,48.1314834992342,45.4376899783905,52.4953499415825,44.6026535176382,51.6603134808303,1,1,0,1,1359.36078500748,1364.16815209389,1
43,"bart",44.9939091338928,-5.00609086610719,1.88896462205693,-0.406202691361102,45.4001118252539,41.2916065065909,48.6962117611947,41.697809197952,49.1024144525558,0,0,1,1,1362.74542403221,1367.65212202072,0
44,"bart",51.1026757223044,1.10267572230436,2.10664998242226,0.288135186563835,50.8145405357405,46.9737176287248,55.2316338158839,46.685582442161,54.9434986293201,1,1,0,1,1371.84104418755,1376.86461400986,1
45,"bart",47.6087883768075,-2.39121162319251,1.90137288246473,0.145757754833106,47.4630306219744,43.8821660059955,51.3354107476195,43.7364082511624,51.1896529927864,1,1,0,1,1364.68317008018,1369.71972680092,1
46,"bart",49.4521738313713,-0.547826168628745,1.99269775279602,-0.181938590583684,49.6341124219549,45.5465580038172,53.3577896589253,45.7284965944008,53.539728249509,1,1,0,1,1389.78370904922,1396.13857007027,1
47,"bart",51.6213948274119,1.62139482741193,1.72958410458347,-0.00668758186397156,51.6280824092759,48.2314722741954,55.0113173806285,48.2381598560593,55.0180049624924,1,1,0,1,1353.46108794212,1363.01620697975,1
48,"bart",48.238214049042,-1.76178595095804,1.7901931768542,0.442403708062763,47.7958103409792,44.7294998970384,51.7469282010455,44.2870961889756,51.3045244929828,1,1,0,1,1350.96840310097,1356.1436829567,1
49,"bart",52.2321986320528,2.2321986320528,1.94805803154754,0.344385061610993,51.8878135704418,48.4140750504256,56.05032221368,48.0696899888146,55.705937152069,1,1,0,1,1385.22732996941,1391.63299608231,1
50,"bart",52.3033214439487,2.30332144394869,1.93836057771614,-0.421115408094742,52.7244368520434,48.5042045225728,56.1024383653246,48.9253199306675,56.5235537734193,1,1,0,1,1342.85416603088,1348.07120394707,1
51,"bart",48.2331372375266,-1.76686276247342,1.97378730037879,0.0117876824226499,48.2213495551039,44.3645852156416,52.1016892594116,44.352797533219,52.0899015769889,1,1,0,1,1350.27571606636,1356.12937903404,1
52,"bart",51.6252621236267,1.6252621236267,1.89582043523035,0.190232945805825,51.4350291778209,47.9095223494202,55.3410018978332,47.7192894036143,55.1507689520274,1,1,0,1,1355.48949599266,1361.30323815346,1
53,"bart",47.6910721921932,-2.30892780780683,1.98471547111758,0.162885374822665,47.5281868173705,43.8011013492433,51.5810430351431,43.6382159744206,51.4181576603204,1,1,0,1,1372.64072608948,1377.890417099,1
54,"bart",49.9499831191962,-0.0500168808037742,1.92806081575584,-0.986344986327914,50.9363281055241,46.1710533603119,53.7289128780806,47.1573983466398,54.7152578644085,1,1,0,1,1364.97403907776,1374.24191689491,1
55,"bart",50.5610489871159,0.561048987115868,1.81513437657332,-0.268459163585455,50.8295081507013,47.0034509819316,54.1186469923001,47.271910145517,54.3871061558856,1,1,0,1,1370.81282806396,1376.67265319824,1
56,"bart",54.6625392891053,4.66253928910534,2.16688492459545,0.154076783301988,54.5084625058034,50.4155228782555,58.9095556999552,50.2614460949535,58.7554789166532,0,0,1,1,1441.40725898743,1446.34063696861,0
57,"bart",47.6999499340554,-2.30005006594457,1.99375432215008,0.334854484434295,47.3650954496211,43.7922632686202,51.6076365994906,43.4574087841859,51.2727821150564,1,1,0,1,1414.44947385788,1418.96196508408,1
58,"bart",51.9819764020296,1.98197640202963,1.84937764413891,-0.340298230211204,52.3222746322408,48.3572628257038,55.6066899783554,48.697561055915,55.9469882085666,1,1,0,1,1394.74881005287,1399.40919017792,1
59,"bart",47.5913209084387,-2.40867909156128,1.72860491570802,-0.482418839019253,48.073739747458,44.2033175301521,50.9793242867253,44.6857363691714,51.4617431257446,1,1,0,1,1359.65140604973,1364.32864618301,1
60,"bart",48.4374804698268,-1.56251953017318,1.83618775452024,0.621508493183505,47.8159719766433,44.8386186021137,52.03634233754,44.2171101089302,51.4148338443565,1,1,0,1,1375.73758482933,1381.71589708328,1
61,"bart",48.6572481384471,-1.34275186155286,2.00984517033937,1.94146993038387,46.7157782080633,44.7180239900802,52.5964722868141,42.7765540596963,50.6550023564302,1,1,0,1,1366.50633502007,1372.32531905174,1
62,"bart",44.9865629424566,-5.01343705754336,2.0740844276333,0.374087105718957,44.6124758367377,40.9214321634,49.0516937215133,40.547345057681,48.6776066157943,0,0,1,1,1420.20519399643,1425.12615609169,0
63,"bart",48.0805892537851,-1.91941074621489,2.02992092717147,0.675560306172436,47.4050289476127,44.1020173450649,52.0591611625054,43.4264570388924,51.3836008563329,1,1,0,1,1425.17634010315,1430.97950220108,1
64,"bart",51.1039036228556,1.10390362285561,1.97085909210972,-0.812342230442859,51.9162458532985,47.2410907837173,54.966716461994,48.0534330141601,55.7790586924368,1,1,0,1,1405.21973013878,1409.66025304794,1
65,"bart",50.0266599189644,0.0266599189644197,2.05035964743833,-0.273746697768772,50.3004066167332,46.0080288546311,54.0452909832978,46.2817755523998,54.3190376810666,1,1,0,1,1403.67080998421,1408.31210398674,1
66,"bart",47.7500089051882,-2.2499910948118,1.91679685127462,0.208063636860061,47.5419452683281,43.9931561110102,51.5068616993662,43.7850924741501,51.2987980625062,1,1,0,1,1431.8812391758,1437.31728887558,1
67,"bart",50.496966123032,0.496966123032053,2.11987054119653,-0.655208318886281,51.1521744419183,46.3420962103994,54.6518360356647,46.9973045292857,55.307044354551,1,1,0,1,1310.78128910065,1314.25332212448,1
68,"bart",49.4728913505086,-0.52710864949141,1.87547450789241,-0.138111582467232,49.6110029329758,45.7970288611165,53.1487538399007,45.9351404435837,53.2868654223679,1,1,0,1,1328.90345215797,1332.45314407349,1
69,"bart",48.6420230868407,-1.35797691315926,2.22852975886397,0.298619201656564,48.3434038851842,44.2741850209916,53.0098611526899,43.9755658193351,52.7112419510333,1,1,0,1,1351.77524805069,1355.23235416412,1
70,"bart",48.3018086783499,-1.69819132165013,2.13349137012877,-0.238561753366696,48.5403704317166,44.1202424315705,52.4833749251293,44.3588041849372,52.721936678496,1,1,0,1,1351.64615893364,1355.19861006737,1
71,"bart",48.1365187112376,-1.86348128876239,1.88220743966086,-0.156573082937584,48.2930917941752,44.447459918069,51.8255775044062,44.6040330010066,51.9821505873438,1,1,0,1,1349.42657899857,1352.83365082741,1
72,"bart",51.4961237208929,1.49612372089292,1.97230779044997,0.00348606743676783,51.4926376534562,47.6304714851832,55.3617759566026,47.6269854177464,55.3582898891659,1,1,0,1,1310.79821395874,1314.22376585007,1
73,"bart",51.3908757189656,1.39087571896562,2.19635936174636,0.538385891275929,50.8524898276897,47.0860904728354,55.6956609650959,46.5477045815594,55.1572750738199,1,1,0,1,1314.92925882339,1318.47676205635,1
74,"bart",52.7793295526641,2.77932955266407,1.94738822999909,0.113093266370001,52.6662362862941,48.9625187579486,56.5961403473795,48.8494254915786,56.4830470810095,1,1,0,1,1331.92238378525,1335.46177983284,1
75,"bart",52.3300190451258,2.33001904512575,2.08312662243775,0.613964991796443,51.7160540533293,48.2471658899112,56.4128722003403,47.6332008981148,55.7989072085439,1,1,0,1,1350.97732019424,1354.55276703835,1
76,"bart",47.2524089830362,-2.74759101696377,2.01329909519945,0.646963559671164,46.6054454233651,43.3064152663382,51.1984026997342,42.6594517066671,50.551439140063,1,1,0,1,1343.67413187027,1347.187926054,1
77,"bart",50.0869151713339,0.086915171333871,2.05413184917397,-0.212360977488515,50.2992761488224,46.0608907274562,54.1129396152115,46.2732517049447,54.3253005927,1,1,0,1,1351.97266292572,1355.64732694626,1
78,"bart",49.5887242123142,-0.411275787685817,2.10684167684929,0.156559870870097,49.4321643414441,45.4593904045616,53.7180580200668,45.3028305336915,53.5614981491967,1,1,0,1,1544.87439799309,1550.05761098862,1
79,"bart",51.8229535205695,1.82295352056948,1.93623128355372,-0.000704426538966629,51.8236579471084,48.0280099390644,55.6178971020745,48.0287143656034,55.6186015286135,1,1,0,1,1556.60387396812,1561.7589571476,1
80,"bart",47.5764533233048,-2.42354667669525,1.77017005614383,0.362198172877477,47.2142551504273,44.1069837667516,51.0459228798579,43.7447855938741,50.6837247069804,1,1,0,1,1547.57320690155,1552.55713295937,1
81,"bart",48.8886248182324,-1.1113751817676,2.05471804294489,-0.750312259318683,49.6389370775511,44.8614514556758,52.915798180789,45.6117637149945,53.6661104401077,1,1,0,1,1549.41019892693,1553.95552182198,1
82,"bart",50.7613651970415,0.761365197041478,1.95156101096328,0.452362070475068,50.3090031265664,46.9363759019209,54.5863544921621,46.4840138314458,54.133992421687,1,1,0,1,1536.59043097496,1541.2549328804,1
83,"bart",53.5889433919609,3.58894339196094,2.04874173510027,-0.649418177332223,54.2383615692932,49.5734833775403,57.6044034063816,50.2229015548725,58.2538215837138,1,0,0,1,1576.16369509697,1581.23595905304,1
84,"bart",51.2039080767868,1.2039080767868,2.06538872504711,0.638679295774743,50.565228781012,47.1558205616194,55.2519955919542,46.5171412658446,54.6133162961795,1,1,0,1,1572.67576503754,1577.5560798645,1
85,"bart",49.5391871659934,-0.460812834006596,1.87736539179893,-1.09712720400325,50.6363143699967,45.8596186122456,53.2187557197412,46.9567458162488,54.3158829237445,1,1,0,1,1546.4333729744,1551.79966402054,1
86,"bart",49.3344412400564,-0.665558759943565,1.83935721130649,0.328324342947006,49.0061168971094,45.7293673511917,52.9395151289212,45.4010430082447,52.6111907859742,1,1,0,1,1534.35907411575,1538.97879695892,1
87,"bart",49.3407771512615,-0.659222848738494,1.8634534063713,-0.259981847664349,49.6007589989259,45.6884755879053,52.9930787146177,45.9484574355696,53.2530605622821,1,1,0,1,1541.7374560833,1546.66685295105,1
88,"bart",51.9658745224351,1.96587452243513,1.9473062331535,-0.696568857131602,52.6624433795667,48.1492244385839,55.7825246062863,48.8457932957155,56.479093463418,1,1,0,1,1548.5051472187,1553.57264280319,1
89,"bart",48.419622605882,-1.58037739411805,1.81693302475997,-0.0123725555701668,48.4319951614521,44.858499315031,51.9807458967329,44.8708718706012,51.9931184523031,1,1,0,1,1476.7298271656,1482.68667912483,1
90,"bart",47.6669654592163,-2.33303454078373,1.79145307346399,0.284980791522251,47.381984667694,44.1557819552333,51.1781489631993,43.870801163711,50.893168171677,1,1,0,1,1495.5225880146,1502.60463905334,1
91,"bart",47.7870305882584,-2.2129694117416,1.81565255001349,0.108101921419525,47.6789286668389,44.2284169817937,51.3456441947231,44.1203150603741,51.2375422733036,1,1,0,1,1482.18997502327,1488.60014081001,1
92,"bart",51.123526348775,1.12352634877496,1.82661237606265,-0.365232864526597,51.4887592133016,47.543431877977,54.7036208195729,47.9086647425036,55.0688536840995,1,1,0,1,1481.60598802567,1488.17688703537,1
93,"bart",48.4881682134514,-1.5118317865486,2.12842267762153,0.397535220991543,48.0906329924599,44.3165364214349,52.6598000054679,43.9190012004433,52.2622647844764,1,1,0,1,1494.80097293854,1502.21482491493,1
94,"bart",48.1860264597266,-1.81397354027343,1.8676786903056,-0.188812733673565,48.3748391934001,44.5254434920347,51.8466094274185,44.7142562257082,52.035422161092,1,1,0,1,1493.34124898911,1499.85009407997,1
95,"bart",48.6570880280915,-1.34291197190853,2.05706779634607,-0.247922642209502,48.905010670301,44.625309233496,52.6888668226869,44.8732318757055,52.9367894648964,1,1,0,1,1494.36115002632,1500.90186786652,1
96,"bart",49.3546851938158,-0.645314806184153,1.98610048897035,0.176923436977233,49.1777617568386,45.4619997657566,53.2473706218751,45.2850763287793,53.0704471848979,1,1,0,1,1474.22060680389,1479.70153188705,1
97,"bart",49.2864127027476,-0.713587297252367,1.76519270769102,-0.444367878576486,49.7307805813241,45.8266985699005,52.7461268355948,46.271066448477,53.1904947141713,1,1,0,1,1436.07162189484,1442.33918905258,1
98,"bart",49.7492825765401,-0.250717423459939,1.72576476896529,0.0396136949123473,49.7096688816277,46.36684578358,53.1317193695001,46.3272320886677,53.0921056745878,1,1,0,1,1475.9391951561,1483.26129579544,1
99,"bart",47.5995804438215,-2.40041955617853,1.70457376280573,0.183766420567245,47.4158140232542,44.2586772597303,50.9404836279126,44.0749108391631,50.7567172073454,1,1,0,1,1485.6388630867,1491.85967993736,1
100,"bart",50.9395987575485,0.939598757548481,2.10545487820488,-0.821370562759455,51.7609693203079,46.8129830251927,55.0662144899042,47.6343535879522,55.8875850526637,1,1,0,1,1438.86434316635,1444.66703891754,1
101,"bart",48.7699140775351,-1.23008592246489,1.9143090624731,-0.170519745518234,48.9404338230533,45.0179372598092,52.521890895261,45.1884570053274,52.6924106407793,1,1,0,1,1424.49936890602,1430.99061584473,1
102,"bart",53.333407353988,3.33340735398804,1.79616443322304,-0.491475564954847,53.8248829189429,49.8129897545591,56.853824953417,50.3044653195139,57.3453005183718,1,0,0,1,1438.56303691864,1445.30011701584,1
103,"bart",49.4830983665801,-0.516901633419884,1.89337960489976,-0.214810515121236,49.6979088817014,45.7721425319139,53.1940542012463,45.9869530470352,53.4088647163676,1,1,0,1,1421.5639731884,1427.96022510529,1
104,"bart",51.3310776642521,1.33107766425212,2.04706179029309,-0.283513243020131,51.6145909072723,47.3189102811496,55.3432450473547,47.6024235241697,55.6267582903748,1,1,0,1,1442.81434583664,1449.64938402176,1
105,"bart",51.3434849684498,1.34348496844975,1.95231422734007,-0.239560710418509,51.5830456788683,47.5170193963581,55.1699505405414,47.7565801067766,55.4095112509599,1,1,0,1,1402.17728900909,1408.06398010254,1
106,"bart",56.5810134243516,6.5810134243516,1.93490185285902,-0.564102504865673,57.1451159292173,52.7886754791281,60.3733513695751,53.3527779839938,60.9374538744408,0,0,1,1,1424.06858897209,1430.78815484047,0
107,"bart",52.5500419023078,2.55004190230783,1.92178269151605,-0.823318299219167,53.373360201527,48.7834170408239,56.3166667637917,49.6067353400431,57.1399850630109,1,1,0,1,1444.36431002617,1449.84891009331,1
108,"bart",55.362498031506,5.36249803150601,2.22965598722661,0.216872146236653,55.1456258852694,50.9924525986278,59.7325434643843,50.7755804523911,59.5156713181476,0,0,1,1,1355.45365214348,1362.10947799683,0
109,"bart",48.7468167410277,-1.25318325897229,1.99270219967036,-0.28714934047585,49.0339660815036,44.8411921977601,52.6524412842954,45.1283415382359,52.9395906247712,1,1,0,1,1445.15963506699,1451.19036507607,1
110,"bart",47.248226131538,-2.75177386846202,2.0297325427646,-0.312876894199071,47.561103025737,43.2700234494705,51.2264288136055,43.5829003436695,51.5393057078046,1,1,0,1,1416.30617594719,1421.185120821,1
111,"bart",53.6352824527551,3.63528245275508,2.13737174169556,0.436798524272369,53.1984839284827,49.4461108174581,57.824454088052,49.0093122931858,57.3876555637796,1,1,0,1,1412.24356484413,1416.78304600716,1
112,"bart",50.6731457271149,0.673145727114864,1.88524145988229,-0.194931761550819,50.8680774886657,46.9781403635839,54.3681510906459,47.1730721251347,54.5630828521967,1,1,0,1,1454.0238199234,1458.3082048893,1
113,"bart",49.9987351924066,-0.0012648075934294,1.98708651269635,0.596700203183381,49.4020349892232,46.1041171933564,53.8933531914567,45.5074169901731,53.2966529882733,1,1,0,1,1424.46837306023,1429.00817203522,1
114,"bart",52.9241984614468,2.9241984614468,1.99403939167361,-0.261834834249235,53.186033295696,49.0159530700124,56.8324438528812,49.2777879042616,57.0942786871305,1,1,0,1,1406.32132601738,1410.57256293297,1
115,"bart",51.9156859456813,1.9156859456813,2.02208721324275,-0.0831725705528683,51.9988585162342,47.9524678341266,55.878904057236,48.0356404046794,55.9620766277889,1,1,0,1,1433.50251102448,1438.24515199661,1
116,"bart",48.7319730997781,-1.2680269002219,2.16396295348609,-0.059256874250508,48.7912299740286,44.4906836470664,52.9732625524898,44.5499405213169,53.0325194267403,1,1,0,1,1447.01402497292,1451.7394220829,1
117,"bart",50.5768374213242,0.576837421324214,2.17398440066722,0.363875438241031,50.2129619830832,46.3159062930646,54.8377685495839,45.9520308548235,54.4738931113428,1,1,0,1,1454.42604112625,1458.9252011776,1
118,"bart",47.5656570314021,-2.43434296859789,1.91757630651079,0.425218640865545,47.1404383905366,43.8072765330336,51.3240375297706,43.3820578921681,50.898818888905,1,1,0,1,1441.72009301186,1446.02400994301,1
119,"bart",48.5234732099923,-1.47652679000774,2.12127210801531,-0.516890338484046,49.0403635484763,44.3658562768729,52.6810901431116,44.8827466153569,53.1979804815957,1,1,0,1,1367.74588704109,1372.39647912979,1
120,"bart",50.7945385908837,0.794538590883654,2.11168388212144,1.1765414419116,49.6179971489721,46.6557142351919,54.9333629465754,45.4791727932803,53.7568215046638,1,1,0,1,1452.57041501999,1457.93111896515,1
121,"bart",48.5717702397492,-1.42822976025082,1.96213422619432,-0.318038865095737,48.8898091048449,44.726057823575,52.4174826559234,45.0440966886707,52.7355215210192,1,1,0,1,1461.54660916328,1466.78365111351,1
122,"bart",46.685582219107,-3.31441778089303,1.92454575351074,0.877998514627713,45.8075837044793,42.9135418556264,50.4576225825875,42.0355433409987,49.5796240679598,1,0,0,1,1432.5986571312,1442.58416390419,1
123,"bart",48.7003498806483,-1.29965011935172,1.93936821098581,0.922616742504275,47.777733138144,44.8992580343542,52.5014417269424,43.9766412918499,51.5788249844381,1,1,0,1,1438.79668903351,1445.21351194382,1
124,"bart",46.9213329808346,-3.07866701916539,2.1119702624854,-0.0605135104927257,46.9818464913273,42.7819473299436,51.0607186317256,42.8424608404363,51.1212321422183,1,1,0,1,1433.52514100075,1439.3037750721,1
125,"bart",49.2726909045014,-0.727309095498583,1.68156788559821,0.177890577526256,49.0948003269752,45.9768784111697,52.5685033978331,45.7989878336435,52.3906128203068,1,1,0,1,1352.52071094513,1358.27262592316,1
126,"bart",51.1779569365646,1.17795693656462,1.77592133555488,0.224699930856218,50.9532570057084,47.6972150795008,54.6586987936284,47.4725151486446,54.4339988627722,1,1,0,1,1443.5803771019,1449.55887508392,1
127,"bart",48.2257036948549,-1.77429630514506,2.0615459399997,0.100528502969645,48.1251751918853,44.1851478999808,52.2662594897291,44.0846193970111,52.1657309867595,1,1,0,1,1420.54560899734,1426.66844105721,1
128,"bart",49.2422531482987,-0.757746851701292,1.97783519912746,0.261405759927392,48.9808473883713,45.3657673906533,53.1187389059441,45.1043616307259,52.8573331460167,1,1,0,1,1428.80835103989,1434.93603801727,1
129,"bart",48.4691396350939,-1.53086036490606,1.82487330877773,0.313400079927177,48.1557395551668,44.8924536735411,52.0458255966467,44.579053593614,51.7324255167196,1,1,0,1,1433.15945410728,1439.42086791992,1
130,"bart",47.509947290253,-2.49005270974702,1.90615224021772,0.286685833305064,47.2232614569479,43.7739575503759,51.2459370301301,43.4872717170708,50.959251196825,1,1,0,1,1418.55432295799,1424.96142601967,1
131,"bart",50.6787563640237,0.678756364023741,1.93788303636635,0.883245820834063,49.7955105431897,46.8805754064946,54.4769373215529,45.9973295856605,53.5936915007188,1,1,0,1,1422.81760287285,1429.04741501808,1
132,"bart",51.2293814398763,1.22938143987635,1.9219586337182,0.580328794791953,50.6490526450844,47.4624117380129,54.9963511417398,46.8820829432209,54.4160223469479,1,1,0,1,1419.17414689064,1424.65607309341,1
133,"bart",48.5546793428662,-1.44532065713383,2.09932310225503,-0.401127353627331,48.9558066964935,44.4400816705334,52.6692770151989,44.8412090241607,53.0704043688262,1,1,0,1,1452.54003190994,1458.28696203232,1
134,"bart",53.1507679217547,3.15076792175468,2.20795576728375,-0.335109624763291,53.485877546518,48.823254138421,57.4782817050883,49.1583637631843,57.8133913298516,1,1,0,1,1447.28561782837,1452.69853401184,1
135,"bart",50.4181707304865,0.418170730486487,2.12514813090927,-0.085486882687178,50.5036576131737,46.2529569320917,54.5833845288813,46.3384438147789,54.6688714115685,1,1,0,1,1460.39319491386,1466.1730890274,1
136,"bart",49.5365443158196,-0.463455684180445,1.78891568659935,0.428585085823038,49.1079592299965,46.0303339987061,53.042754632933,45.601748912883,52.61416954711,1,1,0,1,1391.99183106422,1397.76651501656,1
137,"bart",47.6580376063494,-2.34196239365065,1.71891490348763,-0.204323559428893,47.8623611657782,44.2890263030245,51.0270489096742,44.4933498624533,51.2313724691031,1,1,0,1,1447.4615111351,1452.87236881256,1
138,"bart",49.6614445948288,-0.338555405171235,2.02166219507152,0.327863027942044,49.3335815668867,45.6990595035824,53.6238296860751,45.3711964756403,53.2959666581331,1,1,0,1,1472.25373387337,1478.67708206177,1
139,"bart",51.5630124169959,1.56301241699594,2.11018877327893,-1.63005009152562,53.1930625085216,47.4271184207885,55.6989064132034,49.0571685123141,57.328956504729,1,1,0,1,1459.69893598557,1465.1282081604,1
140,"bart",49.4788156569022,-0.521184343097822,1.97056191533575,-0.381707375819119,49.8605230327213,45.6165852735378,53.3410460402665,45.998292649357,53.7227534160856,1,1,0,1,1460.81457901001,1466.44334292412,1
141,"bart",51.6888307868345,1.68883078683454,1.94695483354675,-0.00725164378341248,51.696082430618,47.8728694335567,55.5047921401123,47.8801210773401,55.5120437838958,1,1,0,1,1421.71035814285,1427.87605214119,1
142,"bart",49.9669827468903,-0.0330172531096977,2.14725042319504,-0.29459619120756,50.2615789380979,45.7584492516396,54.175516242141,46.0530454428472,54.4701124333485,1,1,0,1,1462.9905769825,1468.96931409836,1
143,"bart",48.6782156967599,-1.32178430324012,1.98608694485921,-0.0901147417684669,48.7683304385283,44.7855568146706,52.5708745788491,44.8756715564391,52.6609893206176,1,1,0,1,1421.22607207298,1426.5807249546,1
144,"bart",47.6268462178027,-2.37315378219726,2.06483485578963,0.907116418150672,46.7197297996521,43.5798442664321,51.6738481691734,42.6727278482814,50.7667317510227,1,1,0,1,1465.83368515968,1482.96973705292,1
145,"bart",50.6702938796488,0.67029387964876,2.03274044342306,0.26812435753807,50.4021695221107,46.6861958206216,54.6543919386759,46.4180714630835,54.3862675811379,1,1,0,1,1486.85942602158,1512.53959488869,1
146,"bart",53.6347185599094,3.63471855990937,2.12208374003629,-0.147006132946082,53.7817246928554,49.4755108572602,57.7939262625585,49.6225169902063,57.9409323955046,1,1,0,1,1472.08379006386,1497.80896306038,1
147,"bart",52.1613967701855,2.1613967701855,2.03840190382836,0.210502130432211,51.9508946397533,48.166202452664,56.156591087707,47.9557003222318,55.9460889572748,1,1,0,1,1425.57521796227,1443.67893505096,1
148,"bart",49.5263763991995,-0.473623600800465,2.06531892376373,0.995053462615402,48.5313229365841,45.4784256920336,53.5743271063655,44.4833722294182,52.5792736437501,1,1,0,1,1474.5075750351,1499.35198688507,1
149,"bart",48.1944248075659,-1.80557519243413,1.9000490887167,-0.435600892458403,48.6300257000243,44.470397024823,51.9184525903087,44.9059979172814,52.3540534827671,1,1,0,1,1503.10737490654,1522.77694606781,1
150,"bart",49.7531932767302,-0.246806723269806,1.82746803854706,-0.161857106605687,49.9150503833359,46.1714217382799,53.3349648151805,46.3332788448856,53.4968219217862,1,1,0,1,1472.72005581856,1497.03658294678,1
151,"bart",51.8364518873737,1.83645188737374,2.00502350035795,0.426426528073499,51.4100253593002,47.9066780385157,55.7662257362318,47.4802515104422,55.3397992081583,1,1,0,1,1474.89380192757,1494.87922811508,1
152,"bart",46.0466642922743,-3.95333570772566,1.79519125145146,0.00489856023118307,46.0417657320432,42.5281540940681,49.5651744904806,42.5232555338369,49.5602759302494,0,0,1,1,1425.83609986305,1446.2751891613,0
153,"bart",49.325130196224,-0.674869803775948,1.86016263576744,-0.556114106402461,49.8812443026265,45.6792784247328,52.9709819677153,46.2353925311352,53.5270960741178,1,1,0,1,1447.2438249588,1472.48369598389,1
154,"bart",50.1851536547362,0.185153654736212,2.03323126907187,-0.891608512039376,51.0767621667756,46.2000935951147,54.1702137143577,47.0917021071541,55.0618222263971,1,1,0,1,1483.04804801941,1487.31415510178,1
155,"bart",49.0678492147605,-0.9321507852395,1.92961210536677,-0.182484685012767,49.2503338997733,45.2858789841091,52.8498194454119,45.4683636691219,53.0323041304246,1,1,0,1,1469.07973098755,1474.74790620804,1
156,"bart",48.1364278088803,-1.86357219111969,1.95311914220855,0.658807777130235,47.4776200317501,44.3083846326358,51.9644709851248,43.6495768555056,51.3056632079946,1,1,0,1,1478.52104210854,1484.13905215263,1
157,"bart",48.3630131113136,-1.63698688868642,1.91449493307029,0.188480635110963,48.1745324762026,44.6106719939114,52.1153542287158,44.4221913588004,51.9268735936048,1,1,0,1,1494.95105981827,1500.13544893265,1
158,"bart",49.301234020476,-0.69876597952404,1.8710066501353,0.657582981208471,48.6436510392675,45.6341283713758,52.9683396695761,44.9765453901674,52.3107566883676,1,1,0,1,1469.69323611259,1474.98596787453,1
159,"bart",49.7814002311514,-0.218599768848627,1.97042721204659,0.0950546991109746,49.6863455320404,45.9194338613824,53.6433666009204,45.8243791622714,53.5483119018094,1,1,0,1,1481.96193408966,1486.81497716904,1
160,"bart",50.8045347806638,0.804534780663793,2.11039838644329,-0.0944149096668454,50.8989496903306,46.6682299502035,54.9408396111241,46.7626448598703,55.0352545207909,1,1,0,1,1487.59184598923,1494.11737799644,1
161,"bart",47.0745587451767,-2.92544125482329,1.98629712546414,-0.36956158017972,47.4441203253564,43.1814879166716,50.9676295736819,43.5510494968513,51.3371911538616,1,1,0,1,1495.56446909904,1502.09255290031,1
162,"bart",50.0172921386152,0.0172921386151756,2.02599185816206,0.565236989391416,49.4520551492238,46.0464210636462,53.9881632135842,45.4811840742547,53.4229262241928,1,1,0,1,1477.09236907959,1482.00599098206,1
163,"bart",53.3613545546304,3.36135455463043,1.90074692671023,0.0674252620491131,53.2939292925813,49.6359590345532,57.0867500747077,49.5685337725041,57.0193248126586,1,1,0,1,1461.9753870964,1467.67044401169,1
164,"bart",51.1026931331117,1.10269313311167,2.25828840369101,-0.364506275150418,51.4671994082621,46.6765291951728,55.5288570710505,47.0410354703233,55.8933633462009,1,1,0,1,1438.39782691002,1443.52275300026,1
165,"bart",47.8322130898602,-2.16778691013985,1.9855619864405,0.613561711912872,47.2186513779473,43.940583107365,51.7238430723553,43.3270213954521,51.1102813604425,1,1,0,1,1511.98305296898,1517.62883090973,1
166,"bart",49.6526914596659,-0.347308540334105,1.85987630858331,0.258778993480043,49.3939124661859,46.0074008791433,53.2979820401885,45.7486218856633,53.0392030467084,1,1,0,1,1512.59258317947,1519.36912703514,1
167,"bart",50.8355861225056,0.835586122505582,2.01732697574711,0.133724016626196,50.7018621058794,46.8816979050001,54.789474340011,46.7479738883739,54.6557503233848,1,1,0,1,1485.6589012146,1490.16639900208,1
168,"bart",48.592665658633,-1.40733434136705,1.97053896524521,0.278448997680087,48.3142166609529,44.7304802566195,52.4548510606464,44.4520312589394,52.1764020629663,1,1,0,1,1494.43965411186,1498.83720612526,1
169,"bart",55.7648953129835,5.76489531298351,2.02783998709012,0.545470914476198,55.2194243985073,51.7904019718767,59.7393886540903,51.2449310574005,59.1939177396141,0,0,1,1,1439.02151989937,1443.5427339077,0
170,"bart",53.9411666203087,3.94116662030875,2.19095821998577,-0.938110695740626,54.8792773160494,49.6469674175046,58.2353658231129,50.5850781132453,59.1734765188535,1,0,0,1,1486.15511894226,1490.3095369339,1
171,"bart",51.1935554032077,1.19355540320771,1.97717142268109,-0.3198503281859,51.5134057313936,47.318370623491,55.0687401829245,47.6382209516768,55.3885905111104,1,1,0,1,1506.49584197998,1511.13603591919,1
172,"bart",50.1044689473312,0.104468947331235,1.90366289490569,-1.1676572382452,51.2721261855764,46.3733582346108,53.8355796600516,47.541015472856,55.0032368982968,1,1,0,1,1498.33311295509,1503.3031129837,1
173,"bart",49.6065741038397,-0.393425896160281,1.97112007149598,0.701368420297165,48.9052056835426,45.7432497545036,53.4698984531759,45.0418813342064,52.7685300328787,1,1,0,1,1482.71967983246,1487.4129550457,1
174,"bart",49.451256068909,-0.548743931090954,1.88722679521599,0.900857464478236,48.5503986044308,45.7523595196268,53.1501526181913,44.8515020551485,52.2492951537131,1,1,0,1,1443.0452029705,1448.12147092819,1
175,"bart",49.967367723376,-0.0326322766239784,2.0609914648392,0.0117141759208934,49.9556535474551,45.9278986798467,54.0068367669053,45.9161845039258,53.9951225909844,1,1,0,1,1437.64302992821,1442.85279202461,1
176,"bart",54.1179146345547,4.11791463455469,2.13080814701091,-0.24810685857701,54.3660214931317,49.9416074084488,58.2942218606606,50.1897142670258,58.5423287192376,1,0,0,1,1481.77903199196,1486.88665485382,0
177,"bart",53.6318588628696,3.63185886286961,2.0935053724139,0.385276141489292,53.2465827213803,49.5286637314972,57.735053994242,49.143387590008,57.3497778527527,1,1,0,1,1416.0502269268,1423.11804890633,1
178,"bart",49.1445599231961,-0.855440076803937,2.10280183886777,-0.460753381914103,49.6053133051102,45.0231440523906,53.2659757940015,45.4838974343047,53.7267291759156,1,1,0,1,1438.68410301208,1444.67699885368,1
179,"bart",51.6762683893384,1.67626838933838,1.96511710889963,-0.703099645132745,52.3793680344711,47.8247096304916,55.5278271481851,48.5278092756244,56.2309267933179,1,1,0,1,1429.20589113235,1435.24011206627,1
180,"bart",51.5885783340894,1.58857833408941,1.74754667185969,-0.330453383704025,51.9190317177934,48.1634497959416,55.0137068722372,48.4939031796456,55.3441602559413,1,1,0,1,1401.46126794815,1408.33829903603,1
181,"bart",46.2701732841407,-3.72982671585931,2.06026083600532,-0.343006770384925,46.6131800545256,42.2321362468119,50.3082103214695,42.5751430171968,50.6512170918544,1,1,0,1,1421.28364706039,1425.74334216118,1
182,"bart",51.6446171408242,1.64461714082416,2.08634243182324,-0.0530020219975,51.6976191628217,47.5554611150329,55.7337731666154,47.6084631370304,55.7867751886129,1,1,0,1,1408.54515600204,1416.00591301918,1
183,"bart",50.3558466316997,0.355846631699734,1.95266082149302,0.277550450361716,50.078296181338,46.528701747551,54.1829915158484,46.2511512971893,53.9054410654867,1,1,0,1,1417.62729406357,1425.82372307777,1
184,"bart",48.1402858390783,-1.85971416092171,1.68213838122713,0.130437855477346,48.0098479836009,44.8433551948606,51.437216483296,44.7129173393833,51.3067786278186,1,1,0,1,1432.31538486481,1438.92897796631,1
185,"bart",50.456572518096,0.456572518095967,1.94259522707516,0.250664028134963,50.205908489961,46.6491558364892,54.2639891997027,46.3984918083543,54.0133251715677,1,1,0,1,1389.03843784332,1396.1963660717,1
186,"bart",46.7244386073501,-3.27556139264988,1.71059422862562,0.0321787297893152,46.6922598775608,43.3717355270818,50.0771416876184,43.3395567972925,50.0449629578291,1,1,0,1,1369.62010884285,1376.21415781975,1
187,"bart",52.0620630738711,2.06206307387106,2.40866085585821,-0.218651406837473,52.2807144807085,47.3411745454175,56.7829516023246,47.559825952255,57.001603009162,1,1,0,1,1450.90525603294,1456.80843615532,1
188,"bart",45.6065517473471,-4.39344825265291,1.90597972481487,-0.49378436280869,46.1003361101558,41.8709001314464,49.3422033632478,42.3646844942551,49.8359877260565,0,0,1,1,1501.35094499588,1508.50428700447,0
189,"bart",50.1529671025173,0.152967102517302,1.87255059254601,-0.314101841142339,50.4670689436596,46.482835381898,53.8230988231366,46.7969372230403,54.137200664279,1,1,0,1,1514.0475230217,1521.50849509239,1
190,"bart",51.1712632401762,1.17126324017622,1.94025974975373,-0.323603650538132,51.4948668907143,47.3684240100062,54.9741024703462,47.6920276605443,55.2977061208844,1,1,0,1,1506.19431304932,1515.77755784988,1
191,"bart",47.4225640818796,-2.57743591812036,1.9030223762146,-0.215881992761467,47.6384460746411,43.6927087627252,51.1524194010341,43.9085907554867,51.3683013937956,1,1,0,1,1430.13966202736,1436.43976211548,1
192,"bart",48.1566593810614,-1.84334061893865,1.7929171705024,0.41966233757109,47.7369970434903,44.6426062996132,51.6707124625095,44.2229439620421,51.2510501249384,1,1,0,1,1516.65283799171,1521.13659095764,1
193,"bart",51.3077706307731,1.30777063077307,1.81175115146195,-0.157044105104035,51.4648147358771,47.7568036249587,54.8587376365875,47.9138477300627,55.0157817416915,1,1,0,1,1494.11454916,1502.88176321983,1
194,"bart",49.741849693782,-0.258150306218013,1.83785722867072,-0.192960299860474,49.9348099936425,46.1397157168608,53.3439836707032,46.3326760167213,53.5369439705637,1,1,0,1,1515.91423201561,1523.96885609627,1
195,"bart",49.73833252261,-0.261667477390013,1.97964508891257,0.199779242023553,49.5385532805864,45.8582994461698,53.6183655990502,45.6585202041462,53.4185863570267,1,1,0,1,1508.62464308739,1514.90342497826,1
196,"bart",49.2707033737472,-0.729296626252818,1.7191594273545,0.125866244632157,49.144837129115,45.9012128124499,52.6401939350445,45.7753465678177,52.5143276904124,1,1,0,1,1420.46221804619,1426.60958194733,1
197,"bart",49.9074382243089,-0.0925617756911379,2.02054872695757,0.27525911813229,49.6321791061766,45.9472354904638,53.867640958154,45.6719763723315,53.5923818400217,1,1,0,1,1452.29727602005,1457.85477805138,1
198,"bart",47.8447556023279,-2.15524439767211,2.06229534264765,0.786625268091662,47.0581303342362,43.8027310052538,51.886780199402,43.0161057371621,51.1001549313103,1,1,0,1,1518.56584811211,1524.16127681732,1
199,"bart",52.1668104166604,2.16681041666039,1.87644306425587,-0.625083156203026,52.7918935728634,48.4890495916789,55.8445712416419,49.1141327478819,56.4696543978449,1,1,0,1,1424.60828208923,1429.13792395592,1
200,"bart",50.0112397515948,0.0112397515947578,2.14391043940034,0.192516043606574,49.8187237079882,45.8092525042906,54.2132269988989,45.6167364606841,54.0207109552923,1,1,0,1,1410.37663698196,1415.33100295067,1
201,"bart",55.4270214558627,5.42702145586269,2.19991266161754,-1.16048088699679,56.5875023428595,51.1152718699587,59.7387710417667,52.2757527569554,60.8992519287635,0,0,1,1,1434.37473297119,1439.99895906448,0
202,"bart",50.4509746713482,0.45097467134822,1.8902422182115,0.138922732920513,50.3120519384277,46.7461680015966,54.1557813410999,46.6072452686761,54.0168586081794,1,1,0,1,1402.48610806465,1407.94202494621,1
203,"bart",49.8365570398105,-0.163442960189464,1.96314534981314,0.0876902303854123,49.7488668094251,45.9888628577595,53.6842512218616,45.9011726273741,53.5965609914762,1,1,0,1,1386.35242390633,1394.33814787865,1
204,"bart",46.7995822995118,-3.20041770048817,1.88737505066887,0.0927465418145275,46.7068357576973,43.1003951748814,50.4987694241423,43.0076486330669,50.4060228823277,1,1,0,1,1393.74520611763,1398.3425860405,1
205,"bart",48.858773295264,-1.14122670473603,1.89925215075499,-0.674336100563075,49.533109395827,45.1363074822239,52.581239108304,45.810643582787,53.2555752088671,1,1,0,1,1403.07817912102,1407.90721297264,1
206,"bart",47.099417146631,-2.90058285336899,1.88674982995488,0.0778070838535996,47.0216100627774,43.4014554320824,50.7973788611796,43.3236483482288,50.719571777326,1,1,0,1,1422.60919499397,1429.32709693909,1
207,"bart",46.1131753960765,-3.88682460392349,1.83601379374232,-0.412389931230251,46.5255653273068,42.5146544852228,49.7116963069302,42.9270444164531,50.1240862381605,0,1,1,1,1400.15670800209,1405.43400406837,0
208,"bart",50.7685633212063,0.768563321206251,1.98112235356978,-0.178333911574114,50.9468972327804,46.8856348592423,54.6514917831702,47.0639687708164,54.8298256947444,1,1,0,1,1412.02676987648,1416.74921584129,1
209,"bart",51.1048151128641,1.10481511286409,1.8755000228345,0.343016140656161,50.7617989722079,47.4289026151044,54.7807276106238,47.0858864744483,54.4377114699676,1,1,0,1,1464.64667105675,1470.29570913315,1
210,"bart",47.093005300604,-2.90699469939602,1.75183037851768,-0.358839247127882,47.4518445477319,43.6594808516862,50.5265297495218,44.018320098814,50.8853689966497,1,1,0,1,1529.87335300446,1534.78880310059,1
211,"bart",48.5743979927972,-1.42560200720281,1.78325440744892,0.364187441040158,48.210210551757,45.079283578925,52.0695124066694,44.7150961378848,51.7053249656292,1,1,0,1,1514.68263316154,1519.58317899704,1
212,"bart",50.5424965352879,0.542496535287938,1.99230741832138,0.414575156210084,50.1279213790779,46.6376457492461,54.4473473213298,46.223070593036,54.0327721651197,1,1,0,1,1512.61270809174,1517.18232297897,1
213,"bart",49.6293240634363,-0.370675936563735,1.8765331368903,0.330076254106579,49.2992478093297,45.9513866993353,53.3072614275372,45.6213104452287,52.9771851734307,1,1,0,1,1444.43207216263,1449.02069211006,1
214,"bart",51.3428410380961,1.34284103809615,2.08067638079689,-0.207575856741343,51.5504168948375,47.2647902682511,55.4208918079412,47.4723661249924,55.6284676646825,1,1,0,1,1481.1917989254,1486.89281105995,1
215,"bart",50.6268785687649,0.62687856876488,1.92324868971596,0.240554076691872,50.386324492073,46.8573804036077,54.396376733922,46.6168263269159,54.1558226572301,1,1,0,1,1484.40766596794,1489.74300098419,1
216,"bart",51.4338710125751,1.43387101257512,1.93060592845035,-0.149920609341237,51.5837916219164,47.6499529244729,55.2177891006773,47.7998735338142,55.3677097100186,1,1,0,1,1530.40148997307,1534.99742007256,1
217,"bart",53.3593607672271,3.3593607672271,2.02761267388916,-0.0671007527594014,53.4264615199865,49.3853129518074,57.3334085826468,49.4524137045668,57.4005093354062,1,1,0,1,1532.94472193718,1537.40854907036,1
218,"bart",54.7290271658903,4.72902716589027,2.05567371460811,-0.533185547479214,55.2622127133695,50.6999807212927,58.7580736104878,51.2331662687719,59.291259157967,0,0,1,1,1459.50018000603,1464.80497384071,0
219,"bart",52.2328842650734,2.23288426507337,2.12034533595931,0.174647863086705,52.0582364019867,48.0770837718056,56.3886847583411,47.9024359087189,56.2140368952544,1,1,0,1,1453.51767897606,1457.78980898857,1
220,"bart",50.0695565948049,0.0695565948048937,1.81186628088884,-0.190816490593186,50.2603730853981,46.5183639394602,53.6207492501496,46.7091804300534,53.8115657407427,1,1,0,1,1515.06253409386,1532.63012480736,1
221,"bart",49.8760124410063,-0.123987558993704,1.87544902933153,0.474712754255741,49.4012996867506,46.2001998886759,53.5518249933367,45.7254871344201,53.077112239081,1,1,0,1,1448.59068489075,1467.36346817017,1
222,"bart",46.9714752184754,-3.0285247815246,2.01199384827833,-0.308687598093925,47.2801628165693,43.0280397387337,50.9149106982171,43.3367273368277,51.223598296311,1,1,0,1,1484.55212688446,1499.08098101616,1
223,"bart",49.4997326079455,-0.500267392054504,1.99371479106657,-0.132499486890389,49.6322320948359,45.5921234220102,53.4073417938808,45.7246229089006,53.5398412807712,1,1,0,1,1487.50600910187,1503.54822206497,1
224,"bart",49.6222626036041,-0.377737396395865,1.93451583993882,0.0880505461133652,49.5342120574908,45.8306812298018,53.4138439774065,45.7426306836884,53.3257934312931,1,1,0,1,1428.2202539444,1443.69037485123,1
225,"bart",47.8030266021979,-2.19697339780205,1.85757053076731,0.587375884858915,47.215650717339,44.1622552631511,51.4437979412448,43.5748793782922,50.8564220563859,1,1,0,1,1459.18881797791,1465.28355002403,1
226,"bart",50.7080616017821,0.708061601782063,2.00027054621943,0.733966191106539,49.9740954106755,46.7876033718557,54.6285198317084,46.0536371807492,53.8945536406019,1,1,0,1,1482.78475093842,1489.61997914314,1
227,"bart",51.7491502164204,1.74915021642042,1.80575467040761,0.342094386686242,51.4070558297342,48.2099360975065,55.2883643353343,47.8678417108203,54.9462699486481,1,1,0,1,1487.37732601166,1503.34180593491,1
228,"bart",52.6640830373097,2.66408303730972,2.01800353859685,0.0957236585676924,52.568359378742,48.7088687809855,56.6192972936339,48.6131451224178,56.5235736350662,1,1,0,1,1484.94840598106,1500.50145411491,1
229,"bart",48.2231702455404,-1.77682975445961,2.13921399667084,0.719570820427919,47.5035994251125,44.0303878568416,52.4159526342392,43.3108170364136,51.6963818138113,1,1,0,1,1466.17535591125,1484.60847091675,1
230,"bart",50.2549019786043,0.254901978604323,1.83917115071147,-0.00812889382149962,50.2630308724258,46.6501927618048,53.8596111954039,46.6583216556263,53.8677400892254,1,1,0,1,1477.30936717987,1493.56689715385,1
231,"bart",50.2214625718842,0.22146257188421,2.0731220874821,-0.25559249062772,50.4770550625119,46.1582179448648,54.2847071989036,46.4138104354925,54.5402996895313,1,1,0,1,1466.42572689056,1474.22064185143,1
232,"bart",47.2943027960616,-2.70569720393839,1.93093262461762,-0.199941516991714,47.4942443130533,43.5097443952377,51.0788611968856,43.7096859122294,51.2788027138773,1,1,0,1,1501.1265809536,1508.89928007126,1
233,"bart",49.2052124377337,-0.794787562266315,1.92779611251978,-0.373732452876993,49.5789448906107,45.4268014876586,52.9836233878088,45.8005339405356,53.3573558406858,1,1,0,1,1517.2873518467,1524.23644518852,1
234,"bart",51.5352251713224,1.53522517132242,1.99097992041655,0.830369690777374,50.704855480545,47.6329762333636,55.4374741092813,46.8026065425862,54.6071044185039,1,1,0,1,1487.68037581444,1496.56590795517,1
235,"bart",49.4638864290286,-0.536113570971388,1.92304092190476,0.412057699526564,49.051828729502,45.6947954812986,53.2329773767586,45.282737781772,52.8209196772321,1,1,0,1,1437.40908813477,1443.89455294609,1
236,"bart",50.4577387277936,0.457738727793561,1.87957591106388,0.186703589656375,50.2710351381372,46.7738376358993,54.1416398196878,46.5871340462429,53.9549362300314,1,1,0,1,1485.07136392593,1489.47994399071,1
237,"bart",54.7731750604123,4.77317506041226,2.2965462677113,-0.880888434035192,55.6540634944474,50.2720270868682,59.2743230339563,51.1529155209034,60.1552114679915,0,0,1,1,1487.29131007195,1494.33881497383,0
238,"bart",49.7672771797761,-0.232722820223941,2.12474635074949,-0.492840547587143,50.2601177273632,45.6028508560241,53.931703503528,46.0956914036113,54.4245440511151,1,1,0,1,1500.3426618576,1509.34911704063,1
239,"bart",49.9392540444333,-0.0607459555666523,2.01768971011933,-0.279471105902203,50.2187251503356,45.9846548806224,53.8938532082443,46.2641259865246,54.1733243141465,1,1,0,1,1534.39280295372,1541.81110215187,1
240,"bart",48.137269766883,-1.86273023311702,1.79947146186674,-0.802718518152254,48.9399882850352,44.6103705104165,51.6641690233494,45.4130890285688,52.4668875415017,1,1,0,1,1444.86474394798,1452.94228792191,1
241,"bart",52.5446046139688,2.54460461396883,1.98545739507906,0.0978382323988782,52.44676638157,48.6531796267752,56.4360296011625,48.5553413943763,56.3381913687636,1,1,0,1,1404.47447991371,1411.67945218086,1
242,"bart",51.0712266341402,1.07122663414022,2.01096099202701,0.253263498979805,50.8179631351604,47.1298155154523,55.0126377528281,46.8765520164725,54.7593742538483,1,1,0,1,1505.6918091774,1510.73594713211,1
243,"bart",47.9196048301466,-2.08039516985335,1.99767610858785,0.627550860640135,47.2920539695065,44.0042316045383,51.834978055755,43.3766807438982,51.2074271951148,1,1,0,1,1527.73740291595,1532.99295902252,1
244,"bart",52.9924496205045,2.99244962050453,2.00645507739717,-0.738778829415196,53.7312284499197,49.0598699322086,56.9250293088005,49.7986487616238,57.6638081382157,1,1,0,1,1521.21350908279,1525.92866396904,1
245,"bart",50.1165714266211,0.116571426621128,1.81079369501021,-0.459804053972313,50.5763754805934,46.5674810009689,53.6656618522733,47.0272850549412,54.1254659062457,1,1,0,1,1518.91291618347,1524.30416107178,1
246,"bart",47.7615598685012,-2.23844013149876,1.73994858522432,0.677160574766333,47.0843992937349,44.3513233065102,51.1717964304923,43.6741627317438,50.494635855726,1,1,0,1,1458.63013100624,1463.45103883743,1
247,"bart",51.6743993347843,1.67439933478433,1.92389250793968,-0.190559999938529,51.8649593347229,47.9036393090961,55.4451593604725,48.0941993090347,55.6357193604111,1,1,0,1,1547.5729739666,1553.28779411316,1
248,"bart",48.535380059076,-1.46461994092397,1.80219603587962,-0.169688729338688,48.7050687884147,45.0031407356711,52.0676193824809,45.1728294650098,52.2373081118196,1,1,0,1,1529.13031005859,1536.87140107155,1
249,"bart",48.7922669152207,-1.20773308477931,2.01129618558741,-0.170257761251683,48.9625246764724,44.8501988292266,52.7343350012148,45.0204565904783,52.9045927624665,1,1,0,1,1518.8833258152,1524.09492707253,1
250,"bart",50.0536014060448,0.0536014060448053,1.87807026368609,-0.00216677263519216,50.05576817868,46.3726513287844,53.7345514833052,46.3748181014196,53.7367182559404,1,1,0,1,1519.08818411827,1523.95567393303,1
251,"bart",48.6202137643756,-1.37978623562442,1.87012198586821,0.707142701542736,47.9130710628328,44.9548420253774,52.2855855033738,44.2476993238346,51.5784428018311,1,1,0,1,1441.33555912971,1446.07222008705,1
252,"bart",46.9806587047726,-3.01934129522738,1.71579680915664,-0.0877576914287204,47.0684163962013,43.6177587540368,50.3435586555084,43.7055164454656,50.4313163469371,1,1,0,1,1488.78713607788,1494.02000498772,1
253,"bart",49.8422835997024,-0.157716400297637,1.78004404304647,0.100921783221821,49.7413618164805,46.3534613844362,53.3311058149685,46.2525396012144,53.2301840317467,1,1,0,1,1518.55990099907,1525.26321196556,1
254,"bart",47.6850525421941,-2.31494745780588,1.83603696334779,0.272707269884137,47.41234527231,44.0864862197482,51.2836188646401,43.813778949864,51.0109115947559,1,1,0,1,1397.23578810692,1405.14458298683,1
255,"bart",48.7296421912397,-1.27035780876033,1.95385881724478,0.208095681702275,48.5215465095374,44.9001492785639,52.5591351039155,44.6920535968616,52.3510394222132,1,1,0,1,1399.16701722145,1405.04405808449,1
256,"bart",47.7809748015164,-2.21902519848357,1.9946229158902,-0.0109084331992264,47.7918832347157,43.8715857236334,51.6903638793995,43.8824941568326,51.7012723125987,1,1,0,1,1387.59528398514,1394.27413392067,1
257,"bart",56.2827309075395,6.28273090753951,1.93750400477165,-0.15091588881198,56.4336467963515,52.485292838285,60.080168976794,52.6362087270969,60.231084865606,0,0,1,1,1405.11339402199,1411.49869418144,0
258,"bart",52.5624527479256,2.5624527479256,1.92626809123382,-0.0157937133184518,52.578246461244,48.7870366645386,56.3378688313126,48.802830377857,56.353662544631,1,1,0,1,1423.67126107216,1428.9241528511,1
259,"bart",51.1473907604473,1.14739076044727,2.05892389210722,-0.0582580365100966,51.2056487969574,47.1119740850081,55.1828074358864,47.1702321215182,55.2410654723965,1,1,0,1,1418.67253088951,1424.68097186089,1
260,"bart",48.5931729750735,-1.40682702492648,1.86798902646769,0.0918231762366801,48.5013497988368,44.9319817596808,52.2543641904662,44.8401585834441,52.1625410142295,1,1,0,1,1422.01089000702,1427.89956593513,1
261,"bart",48.410779443688,-1.58922055631204,2.01301040157942,0.610722691105266,47.8000567525827,44.4653515560878,52.3562073312881,43.8546288649825,51.7454846401829,1,1,0,1,1384.3577079773,1390.29453516006,1
262,"bart",50.301536018795,0.301536018794948,1.91131245323764,-0.349992528275457,50.6515285470704,46.5554324472463,54.0476395903436,46.9054249755217,54.3976321186191,1,1,0,1,1395.68957686424,1403.35323500633,1
263,"bart",47.2036382019308,-2.79636179806921,1.98962548533654,0.304679525512213,46.8989586764186,43.3040439079481,51.1032324959134,42.9993643824359,50.7985529704012,1,1,0,1,1384.05808901787,1390.16965103149,1
264,"bart",48.4960812815513,-1.50391871844868,1.82673420711004,-0.0160923481905897,48.5121736297419,44.9157480262883,52.0764145368143,44.9318403744789,52.0925068850049,1,1,0,1,1358.04624891281,1362.9561920166,1
265,"bart",48.6609027672685,-1.33909723273153,2.01111107844009,-1.20070596306481,49.8616087303333,44.7191974846164,52.6026080499206,45.9199034476812,53.8033140129854,1,1,0,1,1385.22082591057,1390.99296498299,1
266,"bart",48.4210132665481,-1.57898673345191,1.78806408233162,0.62165040711853,47.7993628594296,44.9164720631285,51.9255544699677,44.2948216560099,51.3039040628492,1,1,0,1,1332.02337503433,1337.10083508492,1
267,"bart",49.90806255584,-0.0919374441599885,1.93925441039916,0.190314704018839,49.7177478518212,46.1071937545972,53.7089313570828,45.9168790505784,53.518616653064,1,1,0,1,1337.58083295822,1342.60659193993,1
268,"bart",47.3998433492028,-2.60015665079719,1.91771397657353,0.0471625521885173,47.3526807970143,43.6411930224696,51.158493675936,43.5940304702811,51.1113311237475,1,1,0,1,1345.40391302109,1350.05303812027,1
269,"bart",52.958176817189,2.95817681718898,2.10853195460392,-0.433035677386904,53.3912124945759,48.8255301259135,57.0908235084645,49.2585658033004,57.5238591858514,1,1,0,1,1335.35680103302,1339.83802604675,1
270,"bart",50.692709121784,0.692709121783984,1.79396824852146,0.0495144230793727,50.6431946987046,47.1765959652735,54.2088222782944,47.1270815421942,54.1593078552151,1,1,0,1,1391.55475592613,1396.41271305084,1
271,"bart",47.7923060073363,-2.20769399266368,2.0200166257579,-0.235432450690837,48.0277384580272,43.8331461726787,51.7514658419939,44.0685786233695,51.9868982926848,1,1,0,1,1358.72602510452,1363.80732488632,1
272,"bart",50.9128236458621,0.912823645862147,1.98972516358327,-0.675989706290643,51.5888133521528,47.0130339861059,54.8126133056184,47.6890236923965,55.4886030119091,1,1,0,1,1327.17303609848,1331.79113507271,1
273,"bart",47.2611736020774,-2.73882639792259,1.7764115177627,0.30190103946147,46.9592725626159,43.7794710055404,50.7428761986144,43.4775699660789,50.440975159153,1,1,0,1,1370.18563508987,1374.73656392097,1
274,"bart",51.3179172294263,1.31791722942634,2.08532140302196,-0.279517722662476,51.5974349520888,47.2307623833128,55.4050720755399,47.5102801059752,55.6845897982024,1,1,0,1,1364.40555500984,1369.40999484062,1
275,"bart",51.7049340754973,1.70493407549729,1.88561586525662,0.008596681282107,51.6963373942152,48.009194890917,55.4006732600776,48.0005982096349,55.3920765787955,1,1,0,1,1332.43183803558,1337.0805118084,1
276,"bart",51.2941509706253,1.29415097062531,2.06632695465436,-0.0766858848239735,51.3708368554493,47.2442245592184,55.3440773820322,47.3209104440424,55.4207632668561,1,1,0,1,1352.04923319817,1358.04657292366,1
277,"bart",48.3010905140433,-1.69890948595668,2.03249707496179,0.143886252905929,48.1572042611374,44.3174694484352,52.2847115796514,44.1735831955293,52.1408253267455,1,1,0,1,1338.64216303825,1344.41251707077,1
278,"bart",50.4229112882769,0.422911288276865,2.04048482138032,-0.424202710528597,50.8471139988055,46.4236345273708,54.4221880491829,46.8478372378994,54.8463907597115,1,1,0,1,1349.66496396065,1356.16244196892,1
279,"bart",51.0333146778746,1.0333146778746,1.89313830119416,-0.0669111176645316,51.1002257955391,47.3228317897807,54.7437975659685,47.3897429074452,54.810708683633,1,1,0,1,1359.98619484901,1365.17605304718,1
280,"bart",52.9598327991237,2.95983279912372,1.88840771605384,-0.482140064425217,53.4419728635489,49.2586216875307,56.6610439107168,49.7407617519559,57.143183975142,1,1,0,1,1340.19743895531,1346.05198407173,1
281,"bart",50.4231934109822,0.423193410982236,1.889981060839,-0.385565887877746,50.80875929886,46.718898600275,54.1274882216895,47.1044644881527,54.5130541095672,1,1,0,1,1363.54267001152,1368.39789295197,1
282,"bart",52.8478519829371,2.84785198293714,2.08671484181311,0.487339273173831,52.3605127097633,48.7579660469783,56.937737918896,48.2706267738044,56.4503986457222,1,1,0,1,1325.47222399712,1330.99809598923,1
283,"bart",51.3746830956318,1.37468309563181,1.88769676413486,-0.0443257155709489,51.4190088112028,47.6748654241947,55.0745007670689,47.7191911397656,55.1188264826399,1,1,0,1,1349.64182305336,1355.63044404984,1
284,"bart",47.7390215641168,-2.26097843588321,1.83818963270624,-0.514317600802009,48.2533391649188,44.1362360872576,51.3418070409759,44.6505536880597,51.8561246417779,1,1,0,1,1328.80653214455,1332.95045590401,1
285,"bart",50.636554488939,0.636554488939005,1.82237503101884,-0.235794404716096,50.8723488936551,47.064765061817,54.208343916061,47.3005594665331,54.4441383207771,1,1,0,1,1314.01027703285,1319.81955385208,1
286,"bart",53.0532590641487,3.0532590641487,1.91427333214177,-0.333402673225343,53.386661737374,49.3013522765853,56.805165851712,49.6347549498107,57.1385685249374,1,1,0,1,1341.89272403717,1346.35286402702,1
287,"bart",48.7306628745438,-1.26933712545615,2.05614417551593,0.441755063016252,48.2889078115276,44.7006943435108,52.7606314055769,44.2589392804946,52.3188763425606,1,1,0,1,1323.21817016602,1328.18730711937,1
288,"bart",48.5955911801504,-1.40440881984955,1.8616191522757,-0.431440865594567,49.027032045745,44.9468846887601,52.2442976715408,45.3783255543547,52.6757385371354,1,1,0,1,1348.26577377319,1353.46502709389,1
289,"bart",51.408787738008,1.40878773800801,1.98166766193039,-0.437101039763448,51.8458887777715,47.5247904912967,55.2927849847193,47.9618915310602,55.7298860244827,1,1,0,1,1356.02527403831,1361.73431396484,1
290,"bart",52.3396853305106,2.33968533051063,1.81773231053844,0.16075500991348,52.1789303205972,48.7769954683205,55.9023751927008,48.616240458407,55.7416201827873,1,1,0,1,1351.8285639286,1357.4301431179,1
291,"bart",51.4343518947135,1.43435189471352,1.74916889251899,-0.408971441711799,51.8433233364253,48.0060438624985,54.8626599269286,48.4150153042103,55.2716313686403,1,1,0,1,1327.32244682312,1332.95479989052,1
292,"bart",49.3194793347432,-0.680520665256765,1.98828599724632,-0.11847211241389,49.4379514471571,45.4225103891751,53.2164482803113,45.540982501589,53.3349203927252,1,1,0,1,1372.69947504997,1377.73235297203,1
293,"bart",49.0004997572177,-0.999500242782268,2.13362910187526,-0.0302803284452082,49.0307800856629,44.8186635611757,53.1823359532598,44.8489438896209,53.212616281705,1,1,0,1,1371.40183401108,1377.37448501587,1
294,"bart",50.2669752859936,0.266975285993574,2.08263674559303,-0.263820665265342,50.5307959512589,46.1850822717515,54.3488683002356,46.4489029370169,54.612688965501,1,1,0,1,1352.07556009293,1357.86112499237,1
295,"bart",49.5693405239262,-0.430659476073764,2.00366301541503,0.443593993032032,49.1257465308942,45.6422331765579,53.4964478712946,45.1986391835258,53.0528538782626,1,1,0,1,1349.19345998764,1354.34696698189,1
296,"bart",50.3935367630327,0.393536763032699,1.93838091633249,0.216269263665943,50.1772674993668,46.5943799787013,54.1926935473641,46.3781107150353,53.9764242836982,1,1,0,1,1318.59652304649,1325.00032496452,1
297,"bart",50.7891381448168,0.789138144816832,1.85585933394797,0.279875692148934,50.5092624526679,47.1517206899063,54.4265555997273,46.8718449977574,54.1466799075784,1,1,0,1,1334.74723005295,1340.15432405472,1
298,"bart",49.8948827376186,-0.105117262381405,1.80856144122878,0.438130011863493,49.4567527257551,46.3501674489823,53.4395980262549,45.9120374371188,53.0014680143914,1,1,0,1,1383.1028740406,1396.29029297829,1
299,"bart",49.4303877371075,-0.569612262892541,2.13658067422948,-0.254819768359923,49.6852075054674,45.2427665655534,53.6180089086616,45.4975863339133,53.8728286770215,1,1,0,1,1401.68215584755,1417.77472901344,1
300,"bart",50.1157194463014,0.115719446301448,2.16935892829808,0.178942549304516,49.9367768969969,45.8638540772968,54.3675848153061,45.6849115279923,54.1886422660016,1,1,0,1,1392.39965701103,1408.9801762104,1
301,"bart",48.8862037549364,-1.11379624506365,1.97604399660101,0.0728252701870744,48.8133784847493,45.0132286897318,52.7591788201409,44.9404034195447,52.6863535499538,1,1,0,1,1411.05011487007,1416.67475390434,1
302,"bart",48.7660774584864,-1.23392254151363,1.85593912635633,-0.43673180123114,49.2028092597175,45.1285036133292,52.4036513036435,45.5652354145604,52.8403831048746,1,1,0,1,1398.86487102509,1403.83304595947,1
303,"bart",51.7283494176328,1.72834941763279,1.9966048657044,-0.250452398288985,51.9788018159218,47.8150757894947,55.6416230457708,48.0655281877837,55.8920754440598,1,1,0,1,1388.13378095627,1393.12818598747,1
304,"bart",46.3744929508755,-3.62550704912446,1.7999266716706,0.519797724466358,45.8546952264092,42.8467014995881,49.902284402163,42.3269037751218,49.3824866776966,0,0,1,1,1368.0636138916,1383.10196495056,1
305,"bart",51.8269084384826,1.82690843848263,1.98168717930193,0.245015535541505,51.5818929029411,47.9428729384261,55.7109439385392,47.6978574028846,55.4659284029977,1,1,0,1,1377.1686630249,1392.87107992172,1
306,"bart",47.2278584292806,-2.77214157071936,2.17956187496994,0.0051029795269173,47.2227554497537,42.955995652263,51.4997212062983,42.9508926727361,51.4946182267714,1,1,0,1,1387.50872206688,1392.58282494545,1
307,"bart",51.7189794786845,1.71897947868451,1.99413480433783,-0.308214724305728,52.0271942029902,47.8105470818645,55.6274118755045,48.1187618061703,55.9356265998102,1,1,0,1,1392.09569597244,1408.42874598503,1
308,"bart",48.3502115403801,-1.64978845961986,1.7501544622139,-0.427608896909263,48.7778204372894,44.9199718270588,51.7804512537014,45.3475807239681,52.2080601506107,1,1,0,1,1388.44412899017,1396.35287094116,1
309,"bart",51.6064500798086,1.60645007980858,1.94961475847865,-0.423657479332952,52.0301075591415,47.7852753694627,55.4276247901545,48.2089328487956,55.8512822694874,1,1,0,1,1376.09199213982,1380.51396489143,1
310,"bart",51.933811820294,1.93381182029401,1.89188028424491,-0.0120244053827179,51.9458362256767,48.2257946001126,55.6418290404754,48.2378190054953,55.6538534458582,1,1,0,1,1395.24799084663,1399.59738898277,1
311,"bart",47.9528534301318,-2.04714656986818,2.12459712713077,0.70246550405313,47.2503879260787,43.7887195792983,52.1169872809654,43.0862540752451,51.4145217769123,1,1,0,1,1383.2481341362,1387.99548101425,1
312,"bart",47.0311473354391,-2.96885266456093,1.81560598326433,0.124511781103152,46.9066355543359,43.4726249981256,50.5896696727526,43.3481132170224,50.4651578916494,1,1,0,1,1390.39709806442,1394.73451280594,1
313,"bart",47.2227047073524,-2.77729529264763,2.03971882974,0.942056622618693,46.2806480847337,43.2249292624738,51.220480152231,42.2828726398551,50.2784235296123,1,1,0,1,1384.1970949173,1389.95405387878,1
314,"bart",50.1563657272039,0.156365727203863,1.88674401767434,0.267124531568399,49.8892411956355,46.4584154045157,53.854316049892,46.1912908729473,53.5871915183236,1,1,0,1,1376.12425899506,1381.4720749855,1
315,"bart",48.2760029449758,-1.72399705502421,1.99657438167025,-0.488180327221897,48.7641832721977,44.3627890644468,52.1892168255048,44.8509693916687,52.6773971527267,1,1,0,1,1392.57617902756,1397.05013298988,1
316,"bart",53.2242440784617,3.22424407846173,1.85344373281742,0.00601255974068238,53.218231518721,49.5915611147681,56.8569270421553,49.5855485550274,56.8509144824147,1,1,0,1,1372.15454292297,1376.91336798668,1
317,"bart",52.0935605794614,2.09356057946144,1.87878859245912,-0.22503920451004,52.3185997839715,48.4112026036769,55.775918555246,48.6362418081869,56.0009577597561,1,1,0,1,1394.92908978462,1401.56220316887,1
318,"bart",46.6507690240176,-3.34923097598238,1.8786102994908,-0.151720688421108,46.8024897124387,42.9687604960297,50.3327775520056,43.1204811844508,50.4844982404267,1,1,0,1,1392.87871599197,1397.46728801727,1
319,"bart",49.4138072407992,-0.586192759200813,1.94306035908008,0.379810942711586,49.0339962980876,45.6054789172148,53.2221355643836,45.2256679745032,52.842324621672,1,1,0,1,1381.99632906914,1388.50063490868,1
320,"bart",49.1828837465792,-0.817116253420807,1.83604450855944,-0.562911313797834,49.745795060377,45.5843026357902,52.7814648573682,46.147213949588,53.3443761711661,1,1,0,1,1383.33824586868,1388.42017006874,1
321,"bart",48.9790810048827,-1.02091899511731,1.89178766507325,-0.286611985792064,49.2656929906748,45.271245314942,52.6869166948234,45.5578573007341,52.9735286806154,1,1,0,1,1366.5472650528,1371.34396314621,1
322,"bart",51.9717502527082,1.97175025270821,2.2303689050644,0.0939787142847948,51.8777715384234,47.6003075265439,56.3431929788725,47.5063288122591,56.2492142645877,1,1,0,1,1397.70676183701,1403.08233213425,1
323,"bart",50.1295985025358,0.129598502535757,1.88193442894593,-0.00681995277793135,50.1364184553137,46.4410748005358,53.8181222045357,46.4478947533137,53.8249421573137,1,1,0,1,1392.87382388115,1397.26660203934,1
324,"bart",49.4806744487066,-0.519325551293385,2.01927207188726,0.0356853232678134,49.4449891254388,45.52297391282,53.4383749845932,45.4872885895522,53.4026896613254,1,1,0,1,1380.96206188202,1385.99827694893,1
325,"bart",52.8004766241384,2.80047662413835,1.83364489001476,-0.0160925994722092,52.8165692236106,49.2065986792735,56.3943545690032,49.2226912787457,56.4104471684754,1,1,0,1,1381.86445689201,1396.36145496368,1
326,"bart",49.90052023045,-0.0994797695500438,2.06587177150611,0.428907282313297,49.4716129481367,45.85148596162,53.9495544992799,45.4225786793067,53.5206472169666,1,1,0,1,1405.12336087227,1409.80193805695,1
327,"bart",52.7300499594394,2.73004995943938,2.01698784677418,0.155836756675633,52.5742132027638,48.776826422507,56.6832734963718,48.6209896658314,56.5274367396961,1,1,0,1,1375.63046097755,1379.87390398979,1
328,"bart",50.2540628055974,0.254062805597414,1.89756216831969,-0.456921940480413,50.7109847460778,46.5349092972651,53.9732163139297,46.9918312377455,54.4301382544101,1,1,0,1,1401.20373392105,1408.53538298607,1
329,"bart",50.2193995484917,0.219399548491744,1.89331059228699,0.0441345039135257,50.1752650445782,46.508578976061,53.9302201209224,46.4644444721475,53.8860856170089,1,1,0,1,1387.88910698891,1394.28502202034,1
330,"bart",51.1481692460407,1.14816924604069,1.90107995571174,-0.406982556781983,51.5551518028227,47.4221210011147,54.8742174909667,47.8291035578967,55.2812000477487,1,1,0,1,1367.93965291977,1373.37208485603,1
331,"bart",49.1888590049504,-0.811140995049577,2.08098290723114,0.587791012985022,48.6010679919654,45.1102074543339,53.2675105555669,44.5224164413489,52.6797195425819,1,1,0,1,1510.86150884628,1515.94853115082,1
332,"bart",47.2178253294939,-2.78217467050612,1.8596563851258,0.478267781758497,46.7395575477354,43.5729657910274,50.8626848679604,43.0946980092689,50.3844170862019,1,1,0,1,1544.86982607841,1549.75585508347,1
333,"bart",50.9747173046897,0.974717304689719,1.89954597079548,-0.124831037140844,51.0995483418306,47.2516756149524,54.697758994427,47.3765066520932,54.8225900315679,1,1,0,1,1521.84680104256,1527.97236919403,1
334,"bart",50.5054608150028,0.505460815002792,2.15198408355614,-0.161485733217255,50.66694654822,46.2876495159293,54.7232721140763,46.4491352491466,54.8847578472935,1,1,0,1,1430.35884785652,1435.13337802887,1
335,"bart",48.5461087123958,-1.45389128760416,1.86568816882675,-0.365174403946078,48.9112831163419,44.8894270951129,52.2027903296787,45.254601499059,52.5679647336248,1,1,0,1,1520.47147512436,1525.27085804939,1
336,"bart",50.1895522043814,0.189552204381371,1.89992949197945,0.0335697322664643,50.1559824721149,46.4657588269362,53.9133455818266,46.4321890946697,53.8797758495601,1,1,0,1,1521.99816203117,1526.56424093246,1
337,"bart",48.4951454159966,-1.50485458400335,2.04440120992179,-0.462015653506562,48.9571610695032,44.4881926745998,52.5020981573935,44.9502083281064,52.9641138109,1,1,0,1,1527.1157579422,1531.01369094849,1
338,"bart",49.2368389652053,-0.763161034794685,1.99976163735514,-0.44317517469181,49.6800141398971,45.3173781783244,53.1562997520862,45.7605533530162,53.599474926778,1,1,0,1,1516.59366106987,1522.79573607445,1
339,"bart",49.3431388945365,-0.656861105463477,1.82499567829259,0.222130442969579,49.1210084515669,45.7662130931418,52.9200646959313,45.5440826501722,52.6979342529617,1,1,0,1,1397.45483994484,1404.27714896202,1
340,"bart",48.2700219944547,-1.72997800554528,1.79908572798033,-0.329854072358032,48.5998760668128,44.7438787625132,51.7961652263962,45.0737328348713,52.1260192987542,1,1,0,1,1404.61378407478,1409.28404402733,1
341,"bart",52.4442185383203,2.44421853832033,2.02490290899269,-0.0696804435849216,52.5138989819052,48.4754817645043,56.4129553121364,48.5451622080892,56.4826357557213,1,1,0,1,1501.82639288902,1506.17252898216,1
342,"bart",50.199415073215,0.199415073215029,1.9115569089276,-0.0345174134587225,50.2339324866738,46.4528323773182,53.9459977691118,46.4873497907769,53.9805151825706,1,1,0,1,1486.38387107849,1494.85950708389,1
343,"bart",48.0379336669971,-1.96206633300285,1.9832001778852,0.244902234245487,47.7930314327517,44.1509327442087,51.9249345897856,43.9060305099632,51.6800323555401,1,1,0,1,1452.09803199768,1457.78438782692,1
344,"bart",46.8944426826397,-3.10555731736026,1.93929313528456,0.526173922389795,46.36826876025,43.0934979820163,50.6953873832632,42.5673240596265,50.1692134608734,1,1,0,1,1470.83216786385,1477.60117411613,1
345,"bart",53.5208026050024,3.52080260500241,1.8869249439611,0.713612284607862,52.8071903203945,49.8224976733084,57.2191075366964,49.1088853887005,56.5054952520886,1,1,0,1,1540.28189110756,1548.02193307877,0
346,"bart",48.3363233997731,-1.66367660022694,1.76698206221867,0.279561360803548,48.0567620389695,44.8731021964961,51.79954460305,44.5935408356926,51.5199832422464,1,1,0,1,1492.73225188255,1499.10008502007,1
347,"bart",49.8104214703294,-0.189578529670634,1.98556287153661,0.0893599328448786,49.7210615374845,45.9187897530777,53.7020531875811,45.8294298202328,53.6126932547362,1,1,0,1,1461.73257780075,1468.65819096565,1
348,"bart",45.0852637039442,-4.91473629605585,1.92144409340661,0.977054625145726,44.1082090787984,41.31930248256,48.8512249253283,40.3422478574143,47.8741703001826,0,0,1,1,1480.05768895149,1485.95107007027,0
349,"bart",49.159333261201,-0.840666738799001,2.12386281472615,-0.316016867872982,49.475350129074,44.9966386362339,53.3220278861681,45.3126555041069,53.6380447540411,1,1,0,1,1496.98926401138,1503.33922791481,1
350,"bart",49.6044422105956,-0.395557789404393,2.04882396231711,0.0248978164283997,49.5795443941672,45.5888210337914,53.6200633873998,45.563923217363,53.5951655709714,1,1,0,1,1558.76941490173,1564.89331388474,1
351,"bart",48.7884610344496,-1.21153896555042,1.8492842063007,0.817878115645286,47.9705829188043,45.1639305929215,52.4129914759777,44.3460524772762,51.5951133603324,1,1,0,1,1466.23989295959,1470.77836608887,1
352,"bart",50.2149218260068,0.214921826006837,2.0174339891047,-0.327397845033602,50.5423196710404,46.2608238661747,54.169019785839,46.5882217112083,54.4964176308726,1,1,0,1,1483.39857792854,1491.98807120323,1
353,"bart",51.3326522398717,1.33265223987168,1.81500815291783,-0.279240884771298,51.611893124643,47.7753016285062,54.8900028512372,48.0545425132775,55.1692437360085,1,1,0,1,1554.3511300087,1559.51648688316,1
354,"bart",48.721310598822,-1.27868940117805,1.83671426708934,-0.207512627584464,48.9288232264064,45.121416785436,52.321204412208,45.3289294130204,52.5287170397924,1,1,0,1,1636.36522102356,1640.93908286095,1
355,"bart",50.4481348947578,0.448134894757843,2.07826050909542,-0.159357878702501,50.6074927734603,46.374819146439,54.5214506430767,46.5341770251415,54.6808085217792,1,1,0,1,1602.82046580315,1607.43559980392,1
356,"bart",48.1458069577688,-1.85419304223117,1.68642740378676,0.205866846206007,47.9399401115628,44.8404699838054,51.4511439317323,44.6346031375994,51.2452770855263,1,1,0,1,1515.6896750927,1521.80890989304,1
357,"bart",48.7834226091043,-1.21657739089571,1.79732879830251,-0.58374378961895,49.3671663987232,45.2607228960547,52.3061223221539,45.8444666856737,52.8898661117728,1,1,0,1,1595.41773891449,1601.43750715256,1
358,"bart",46.6567174290076,-3.34328257099241,1.8394466111812,0.404444202463765,46.2522732265438,43.0514683196082,50.261966538407,42.6470241171444,49.8575223359432,1,0,0,1,1587.35753393173,1591.59261107445,1
359,"bart",49.0838973154249,-0.91610268457508,1.77421570949562,0.436692764807219,48.6472045506177,45.6064984240083,52.5612962068415,45.1698056592011,52.1246034420343,1,1,0,1,1593.98237109184,1601.94517087936,1
360,"bart",49.7117840348292,-0.288215965170778,1.81518648391372,0.0323257136715753,49.6794583211576,46.1540839011344,53.269484168524,46.1217581874629,53.2371584548524,1,1,0,1,1599.87107586861,1604.0683259964,1
361,"bart",52.2299256797163,2.22992567971627,2.05335711340291,0.393977855240536,51.8359478244757,48.2054196900474,56.2544316693851,47.8114418348069,55.8604538141446,1,1,0,1,1492.15790510178,1498.75312709808,1
362,"bart",49.4069461274958,-0.5930538725042,2.18926163685332,0.323762453263669,49.0831836742321,45.1160721665281,53.6978200884635,44.7923097132644,53.3740576351998,1,1,0,1,1475.99795007706,1480.61401486397,1
363,"bart",50.9790189368913,0.979018936891329,1.87829808725439,0.0562350666472753,50.9227838702441,47.2976223336423,54.6604155401404,47.241387266995,54.6041804734931,1,1,0,1,1596.88941884041,1601.84100294113,1
364,"bart",49.8381736412416,-0.16182635875839,2.09730370188507,0.468174109584012,49.3699995316576,45.7275339209043,53.9488133615789,45.2593598113203,53.4806392519949,1,1,0,1,1531.97022199631,1557.20258402824,1
365,"bart",50.7173056615885,0.717305661588519,2.14073395524861,-0.317567684624471,51.034873346213,46.5215442088193,54.9130671143578,46.8391118934437,55.2306347989822,1,1,0,1,1584.3631310463,1595.64780306816,1
366,"bart",51.9134631268265,1.91346312682647,2.02089474505259,0.048675134424208,51.8647879924023,47.9525822099771,55.8743440436758,47.9039070755529,55.8256689092516,1,1,0,1,1555.3546898365,1563.47354388237,1
367,"bart",46.1656930451752,-3.83430695482482,1.93888059677197,-0.525988043565761,46.6916810887409,42.3655569051786,49.9658291851718,42.8915449487444,50.4918172287375,0,1,1,1,1581.3024148941,1587.14893698692,1
368,"bart",51.544327121256,1.54432712125605,2.10233032366369,0.0891798468944103,51.4551472743616,47.4238354032688,55.6648188392433,47.3346555563744,55.5756389923489,1,1,0,1,1525.95502686501,1533.55882406235,1
369,"bart",48.2546760063554,-1.74532399364456,1.95414257834056,0.0881555081900913,48.1665204981653,44.4246269321517,52.0847250805592,44.3364714239616,51.9965695723691,1,1,0,1,1536.15535283089,1542.52527499199,1
370,"bart",51.4763658557903,1.47636585579033,2.12954989148682,0.266558469419039,51.2098073863713,47.302524765195,55.6502069463857,47.0359662957759,55.3836484769666,1,1,0,1,1513.51195001602,1518.76458692551,1
371,"bart",49.5744829951479,-0.425517004852068,2.08164751717239,0.0245998540493275,49.5498831410986,45.4945288329828,53.654437157313,45.4699289789335,53.6298373032637,1,1,0,1,1567.9286839962,1572.58848500252,1
372,"bart",49.6064520880424,-0.393547911957647,2.09599885445319,0.0478043684120522,49.5586477196303,45.4983698216769,53.7145343544078,45.4505654532648,53.6667299859958,1,1,0,1,1555.72562408447,1562.35268998146,1
373,"bart",49.6495190437221,-0.350480956277906,1.93349047808664,0.363430973593935,49.2860880701282,45.8599473422211,53.439090745223,45.4965163686272,53.0756597716291,1,1,0,1,1509.29535484314,1514.31868100166,1
374,"bart",48.1382308477888,-1.86176915221122,1.85059073357056,-0.0821936566828896,48.2204245044717,44.5111396598669,51.7653220357106,44.5933333165498,51.8475156923935,1,1,0,1,1529.79235386848,1535.21169400215,1
375,"bart",51.3859760525409,1.38597605254093,2.12722825497001,-0.751347721856114,52.137323774397,47.2166852859037,55.5552668191781,47.9680330077598,56.3066145410343,1,1,0,1,1402.93380999565,1409.86219120026,1
376,"bart",50.0623519265308,0.0623519265307948,1.99826669605669,-0.40944472657015,50.4717966531009,46.1458211707538,53.9788826823078,46.555265897324,54.3883274088779,1,1,0,1,1374.95702290535,1381.66570210457,1
377,"bart",49.0991076604662,-0.900892339533847,1.88712460222283,-1.00336950124738,50.1024771617135,45.4004114057699,52.7978039151624,46.4037809070173,53.8011734164098,1,1,0,1,1390.43047404289,1398.0532169342,1
378,"bart",48.8607092274262,-1.13929077257377,2.14396288211273,0.0882516834886928,48.7724575439375,44.6586191942946,53.0627992605579,44.5703675108059,52.9745475770692,1,1,0,1,1503.33662104607,1511.10320520401,1
379,"bart",51.7802901150851,1.78029011508509,1.93790715038493,0.571922316143322,51.2083677989418,47.982061894948,55.5785183352222,47.4101395788047,55.0065960190789,1,1,0,1,1396.00308179855,1401.7640838623,1
380,"bart",47.6225070076752,-2.37749299232483,1.81702765140806,0.225267396392546,47.3972396112826,44.061198252002,51.1838157633484,43.8359308556094,50.9585483669558,1,1,0,1,1392.3715839386,1398.19732308388,1
381,"bart",50.7270748700417,0.727074870041683,2.01322051196262,0.491501909449745,50.2355729605919,46.7812351736577,54.6729145664257,46.2897332642079,54.181412656976,1,1,0,1,1410.1109828949,1417.42634797096,1
382,"bart",49.6019339706302,-0.398066029369758,1.95977971638476,-0.539583646584283,50.1415176172145,45.760836308884,53.4430316323765,46.3004199554683,53.9826152789608,1,1,0,1,1388.11479997635,1394.7512948513,1
383,"bart",49.082625598727,-0.917374401272994,2.08687105013653,-0.705277005719871,49.7879026044469,44.9924335000801,53.1728176973739,45.6977105058,53.8780947030938,1,1,0,1,1491.45873808861,1512.91526603699,1
384,"bart",51.8269440649518,1.82694406495177,1.85540822777497,0.815139809350299,51.0118042556015,48.1904107618935,55.46347736801,47.3752709525432,54.6483375586597,1,1,0,1,1445.74120998383,1452.37569117546,1
385,"bart",49.7393694897033,-0.260630510296672,2.1228664834572,0.250449144309613,49.4889203453937,45.57862763814,53.9001113412666,45.3281784938304,53.649662196957,1,1,0,1,1349.93554902077,1354.94582986832,1
386,"bart",50.4115270041689,0.41152700416891,1.93144346527455,-0.46281934363062,50.8743463477995,46.6259673740556,54.1970866342823,47.0887867176862,54.6599059779129,1,1,0,1,1498.31154894829,1504.84151911736,1
387,"bart",48.5231922592308,-1.47680774076917,1.90835513995309,0.153974749900271,48.3692175093306,44.7828849152109,52.2634996032508,44.6289101653106,52.1095248533505,1,1,0,1,1462.55614709854,1466.59633111954,1
388,"bart",49.6602664585483,-0.339733541451679,1.96617909292309,-0.0148577961005998,49.6751242546489,45.8066262492634,53.5139066678332,45.821484045364,53.5287644639338,1,1,0,1,1500.4510910511,1505.69536399841,1
389,"bart",46.1189294815283,-3.88107051847169,1.91627082845902,0.225258558997332,45.893670922531,42.3631076731239,49.8747512899327,42.1378491141266,49.6494927309354,0,0,1,1,1381.80471420288,1386.09887719154,1
390,"bart",46.5148775436787,-3.48512245632127,1.93634180238184,0.521029890870409,45.9938476528083,42.719717349251,50.3100377381065,42.1986874583805,49.7890078472361,1,0,0,1,1472.07221603394,1477.77978396416,1
391,"bart",50.5357690776731,0.535769077673116,1.88347756681711,0.0943980696802527,50.4413710079929,46.8442208810224,54.2273172743238,46.7498228113422,54.1329192046435,1,1,0,1,1490.21555495262,1494.92793679237,1
392,"bart",51.3647549917727,1.3647549917727,1.93821770099412,0.0619095307145443,51.3028454610582,47.5659181036262,55.1635918799192,47.5040085729117,55.1016823492046,1,1,0,1,1475.66751813889,1481.20565700531,1
393,"bart",48.3821052656088,-1.61789473439121,1.94401781333824,-0.182665154035554,48.5647704196443,44.5719003661615,52.192310165056,44.7545655201971,52.3749753190916,1,1,0,1,1493.11890888214,1498.91188097,1
394,"bart",50.974135965248,0.97413596524796,2.16596679295221,0.764707366090228,50.2094285991577,46.7289190593519,55.219352871144,45.9642116932617,54.4546455050538,1,1,0,1,1382.64471912384,1390.73758101463,1
395,"bart",49.0463676272219,-0.953632372778074,1.90062887157195,-0.842477836903306,49.8888454641252,45.3212034909639,52.7715317634799,46.1636813278672,53.6140096003832,1,1,0,1,1351.80443501472,1356.65134906769,1
396,"bart",47.209095189816,-2.79090481018395,1.89039453206106,-0.211359397870609,47.4204545876867,43.5039899904049,50.9142003892272,43.7153493882755,51.1255597870978,1,1,0,1,1404.34204101562,1409.23999714851,1
397,"bart",51.2467134439745,1.24671344397446,1.87368073851344,-0.109431123151019,51.3561445671255,47.5743666779617,54.9190602099872,47.6837978011127,55.0284913331382,1,1,0,1,1534.56142497063,1541.09563112259,1
398,"bart",50.2893836117236,0.289383611723608,1.96085597679059,0.77645124465748,49.5129323670661,46.4461765183439,54.1325907051033,45.6697252736865,53.3561394604458,1,1,0,1,1485.6690621376,1491.71572899818,1
399,"bart",49.8345976108176,-0.165402389182418,1.96459585810492,-0.272192362219023,50.1067899730366,45.9840604847554,53.6851347368798,46.2562528469744,53.9573270990988,1,1,0,1,1538.07886600494,1544.61080312729,1
400,"bart",51.6129101646658,1.61291016466582,2.17033603606526,0.0363457897839439,51.5765643748819,47.3591296996285,55.8666906297032,47.3227839098445,55.8303448399192,1,1,0,1,1533.28626799583,1538.98877310753,1
401,"bart",43.9832297054035,-6.0167702945965,1.81252660082717,0.151785094357827,43.8314446110457,40.4307428467614,47.5357165640456,40.2789577524036,47.3839314696877,0,0,1,1,1540.16233897209,1547.47173094749,0
402,"bart",50.6294287425266,0.629428742526592,1.84943776845763,-0.351602275717816,50.9810310182444,47.0045973247015,54.2542601603517,47.3561996004193,54.6058624360695,1,1,0,1,1539.85392999649,1545.91998791695,1
403,"bart",50.3053636337185,0.305363633718542,1.84469962304811,-0.011643381404518,50.3170070151231,46.6898188102496,53.9209084571875,46.7014621916542,53.932551838592,1,1,0,1,1539.26079583168,1544.79518890381,1
404,"bart",46.8621075318532,-3.1378924681468,2.10176956966936,0.168520037888975,46.6935874939642,42.742714871499,50.9815001922074,42.57419483361,50.8129801543184,1,1,0,1,1530.25857996941,1535.659334898,1
405,"bart",49.7950518600546,-0.204948139945358,1.77594349243581,-0.154755937577832,49.9498077976325,46.3142665763022,53.2758371438071,46.46902251388,53.4305930813849,1,1,0,1,1507.7661588192,1512.61166191101,1
406,"bart",48.963596597491,-1.03640340250902,1.96517766341152,-0.404366014144472,49.3679626116354,45.1119191539818,52.8152740410001,45.5162851681263,53.2196400551446,1,1,0,1,1437.95100188255,1443.91473412514,1
407,"bart",47.4143883203124,-2.58561167968755,1.84947319772594,0.440726338644723,46.9736619816677,43.7894874623975,51.0392891782274,43.3487611237528,50.5985628395827,1,1,0,1,1445.8596200943,1450.5077650547,1
408,"bart",51.4998182236962,1.4998182236962,1.81484678387998,-0.170201442971724,51.6700196666679,47.9427838898331,55.0568525575593,48.1129853328048,55.227054000531,1,1,0,1,1666.12746191025,1674.35069012642,1
409,"bart",47.1398408295993,-2.86015917040071,1.84155788393998,-0.263283922866208,47.4031247524655,43.5304537016311,50.7492279575675,43.7937376244973,51.0125118804337,1,1,0,1,1618.975730896,1624.91137599945,1
410,"bart",47.1228160525055,-2.87718394749447,2.00587033545364,0.0506252880893214,47.0721907644162,43.1913824373591,51.0542496676519,43.1407571492698,51.0036243795626,1,1,0,1,1654.53254890442,1661.6817419529,1
411,"bart",51.5170944038862,1.51709440388623,2.01591572246449,-0.342369275226005,51.8594636791122,47.5659721919878,55.4682166157847,47.9083414672138,55.8105858910107,1,1,0,1,1616.74534487724,1622.86776709557,1
412,"bart",46.9276707569459,-3.0723292430541,1.81553438723149,0.265090381298961,46.6625803756469,43.3692887452782,50.4860527686136,43.1041983639792,50.2209623873146,1,1,0,1,1646.39786100388,1652.62384104729,1
413,"bart",50.8441289934348,0.844128993434779,1.86433689228894,-0.545044973636486,51.3891739670713,47.1900958294991,54.4981621573704,47.7351408031356,55.0432071310069,1,1,0,1,1632.10895299911,1637.84819316864,1
414,"bart",50.0585128085085,0.0585128085084605,2.06775859724806,0.220038661389871,49.8384741471186,46.0057804291792,54.1112451878377,45.7857417677893,53.8912065264479,1,1,0,1,1682.97713804245,1689.3146841526,1
415,"bart",47.8910631661553,-2.10893683384468,1.94542731671908,-0.135730909058339,48.0267940752137,44.0780956908455,51.7040306414651,44.2138265999039,51.8397615505234,1,1,0,1,1660.09862303734,1666.38228082657,1
416,"bart",52.0085407983823,2.00854079838226,2.10325199278235,0.0210756060774528,51.9874651923048,47.8862426421168,56.1308389546478,47.8651670360393,56.1097633485703,1,1,0,1,1624.90957784653,1631.54097700119,1
417,"bart",52.7606239024719,2.76062390247192,1.97688876127365,-1.00362307549786,53.7642469779698,48.8859931289336,56.6352546760103,49.8896162044314,57.6388777515081,1,1,0,1,1558.60004496574,1565.12119793892,1
418,"bart",47.3376598386708,-2.6623401613292,1.92162613526152,0.51687744077698,46.8207823978938,43.5713418218073,51.1039778555343,43.0544643810303,50.5871004147573,1,1,0,1,1603.1154460907,1611.05542397499,1
419,"bart",49.6287917689595,-0.371208231040526,1.88770784434499,0.0564088167844332,49.572382952175,45.9289523807095,53.3286311572094,45.8725435639251,53.272222340425,1,1,0,1,1572.16962504387,1580.26786398888,1
420,"bart",45.8984701316911,-4.10152986830889,1.88406822772823,-0.609092176421626,46.5075623081127,42.2057642609276,49.5911760024547,42.8148564373492,50.2002681788763,0,1,1,1,1537.66489696503,1544.14179491997,0
421,"bart",51.7391163068861,1.73911630688605,2.01541721178529,0.0512504239798943,51.6878658829062,47.7889711579648,55.6892614558074,47.7377207339849,55.6380110318275,1,1,0,1,1552.92934298515,1559.32621407509,1
422,"bart",45.6389081920692,-4.36109180793078,1.86902349062839,0.472162821458213,45.166745370611,41.9756894641782,49.3021269199602,41.50352664272,48.829964098502,0,0,1,1,1577.47851395607,1584.22719216347,0
423,"bart",51.068172445054,1.06817244505405,1.74839168923371,-0.528273180635679,51.5964456256897,47.6413877032868,54.4949571868213,48.1696608839225,55.0232303674569,1,1,0,1,1566.78527498245,1571.65536904335,1
424,"bart",50.9392530577599,0.939253057759942,1.95035385417917,-0.351219164440003,51.2904722221999,47.1166297464599,54.76187636906,47.4678489108999,55.1130955335,1,1,0,1,1546.57387399673,1551.22492384911,1
425,"bart",51.4271242301759,1.42712423017593,2.07361804660591,0.898371817734386,50.5287524124415,47.362907541136,55.4913409192158,46.4645357234017,54.5929691014814,1,1,0,1,1595.73802399635,1603.43190908432,1
426,"bart",53.9567503743822,3.95675037438221,2.06572430845936,-0.0183672943816475,53.9751176687639,49.908005127813,58.0054956209515,49.9263724221946,58.0238629153331,1,1,0,1,1567.7164311409,1574.41141986847,0
427,"bart",52.5762106800443,2.57621068004433,2.19366045268267,-0.0178055646234228,52.5940162446677,48.2767151984765,56.8757061616122,48.2945207630999,56.8935117262356,1,1,0,1,1634.94673299789,1641.39912605286,1
428,"bart",51.9229122477042,1.92291224770419,2.05965402200195,-0.431680906568239,52.3545931542724,47.8860645439673,55.9597599514411,48.3177454505355,56.3914408580093,1,1,0,1,1531.34807991982,1539.37227106094,1
429,"bart",51.5030232652822,1.50302326528218,2.06143223022094,-0.0105662221550702,51.5135894874373,47.4626903374791,55.5433561930853,47.4732565596341,55.5539224152404,1,1,0,1,1518.40502810478,1525.21767187119,1
430,"bart",51.0649737878406,1.06497378784061,2.23170391006873,0.361726911456309,50.7032468763843,46.6909144999487,55.4390330757325,46.3291875884924,55.0773061642762,1,1,0,1,1443.16230106354,1449.01784110069,1
431,"bart",50.1346833520065,0.134683352006526,1.9167392768917,-0.26948419758719,50.4041675495937,46.3779434015454,53.8914233024676,46.6474275991326,54.1609075000548,1,1,0,1,1391.96645498276,1398.27077794075,1
432,"bart",48.675594096221,-1.32440590377902,1.84441894201509,0.0297714142005958,48.6458226820204,45.0605993974679,52.290588794974,45.0308279832673,52.2608173807734,1,1,0,1,1464.67202806473,1470.409252882,1
433,"bart",49.5849100320318,-0.415089967968157,1.99685336839123,-0.874340562897203,50.459250594929,45.6711493475775,53.4986707164862,46.5454899104747,54.3730112793834,1,1,0,1,1520.10682916641,1526.30307412148,1
434,"bart",50.1214522378703,0.121452237870301,1.96128670094832,-0.870467331405827,50.9919195692761,46.2774009406542,53.9655035350864,47.14786827206,54.8359708664922,1,1,0,1,1448.41430401802,1454.64030909538,1
435,"bart",48.8852142608604,-1.11478573913958,2.00367092747675,-0.183735331622302,49.0689495924827,44.958091406136,52.8123371155848,45.1418267377583,52.9960724472071,1,1,0,1,1483.57525205612,1489.32582092285,1
436,"bart",50.6647184749969,0.664718474996931,1.85517062021938,-0.157264936905577,50.8219834119025,47.0286508741901,54.3007860758038,47.1859158110957,54.4580510127093,1,1,0,1,1474.54374408722,1480.77572202682,1
437,"bart",50.754187322885,0.75418732288496,1.94939383408198,-0.0155333146951477,50.7697206375801,46.9334456163998,54.5749290293701,46.948978931095,54.5904623440652,1,1,0,1,1449.8549041748,1456.34619808197,1
438,"bart",49.2292708295271,-0.770729170472883,1.96546546969657,0.483325195497848,48.7459456340293,45.3770292960647,53.0815123629895,44.8937041005669,52.5981871674917,1,1,0,1,1531.92077207565,1537.66621088982,1
439,"bart",46.8098618623466,-3.19013813765344,1.93679935105717,-0.0432592376283196,46.8531210999749,43.013804888994,50.6059188356992,43.0570641266223,50.6491780733275,1,1,0,1,1476.85526108742,1483.93849515915,1
440,"bart",53.0870771648312,3.0870771648312,2.00630701094518,-0.542815158651699,53.6298923234829,49.1547876814484,57.019366648214,49.6976028401001,57.5621818068657,1,1,0,1,1447.26451206207,1452.32741308212,1
441,"bart",49.1951398806044,-0.804860119395642,2.17774651139139,0.223394380320464,48.9717455002839,44.9268351508195,53.4634446103892,44.703440770499,53.2400502300688,1,1,0,1,1408.92862319946,1416.06205010414,1
442,"bart",51.360096118759,1.36009611875905,1.96621279576686,-0.179077098921844,51.5391732176809,47.5063898531142,55.2138023844039,47.685466952036,55.3928794833257,1,1,0,1,1386.32700204849,1391.20500898361,1
443,"bart",48.1001783150229,-1.89982168497708,1.93527536067883,-0.00190877732418215,48.1020870923471,44.3071083079247,51.8932483221212,44.3090170852488,51.8951570994454,1,1,0,1,1426.72782993317,1432.18965387344,1
444,"bart",49.6228431285226,-0.377156871477368,1.80132852638982,-0.329754427681941,49.9525975562046,46.092304092474,53.1533821645713,46.4220585201559,53.4831365922532,1,1,0,1,1464.01165008545,1470.67502808571,1
445,"bart",50.8652451740829,0.865245174082908,2.0935082418973,-0.0119648364892626,50.8772100105722,46.7620444186264,54.9684459295394,46.7740092551157,54.9804107660287,1,1,0,1,1405.4979300499,1411.69909906387,1
446,"bart",49.8587579946199,-0.141242005380057,1.95005739180294,0.431893087158215,49.4268649074617,46.0367157389001,53.6808002503398,45.6048226517418,53.2489071631816,1,1,0,1,1432.20826792717,1439.40652680397,1
447,"bart",50.3872253385792,0.387225338579249,1.96222068861968,-0.099174880668059,50.4864002192473,46.5413434591653,54.2331072179932,46.6405183398333,54.3322820986613,1,1,0,1,1417.16146397591,1422.95636105537,1
448,"bart",50.3036733703269,0.303673370326862,2.11851111241937,0.05913705707151,50.2445363132554,46.151467889137,54.4558788515167,46.0923308320655,54.3967417944452,1,1,0,1,1392.93211102486,1398.57052206993,1
449,"bart",49.4279545507982,-0.572045449201767,1.88621576687606,0.189097400992516,49.2388571498057,45.7310395806496,53.1248695209469,45.541942179657,52.9357721199544,1,1,0,1,1436.87578892708,1441.09444999695,1
450,"bart",47.5297450699269,-2.47025493007312,1.93957143227764,-0.0540168003105208,47.5837618702374,43.7282549172199,51.3312352226338,43.7822717175305,51.3852520229443,1,1,0,1,1392.08285713196,1398.46928596497,1
451,"bart",52.771114634602,2.77111463460204,1.96259173455563,-0.467776209060297,53.2388908436623,48.924505518517,56.6177237506871,49.3922817275773,57.0854999597474,1,1,0,1,1376.59406304359,1381.32728219032,1
452,"bart",50.6457669610286,0.645766961028613,1.97948853389497,-0.415068301908867,51.0608352629375,46.7660407267845,54.5254931952727,47.1811090286933,54.9405614971816,1,1,0,1,1454.611992836,1459.77849006653,1
453,"bart",49.2728156620308,-0.72718433796922,1.96545858116893,-0.170228274536207,49.443043936567,45.4205876298345,53.1250436942271,45.5908159043707,53.2952719687633,1,1,0,1,1372.05808091164,1378.60504293442,1
454,"bart",49.1303468611071,-0.869653138892922,2.09357679170061,0.183730788538554,48.9466160725685,45.027011750505,53.2336819717092,44.8432809619664,53.0499511831706,1,1,0,1,1439.86003804207,1445.23346018791,1
455,"bart",50.6171563073846,0.617156307384633,1.90140522751474,0.00255886346334933,50.6145974439213,46.8904705414396,54.3438420733297,46.8879116779762,54.3412832098664,1,1,0,1,1460.40065097809,1465.4091770649,1
456,"bart",45.2809802618358,-4.7190197381642,1.65933382029713,0.473166122607509,44.8078141392283,42.0287457357242,48.5332147879474,41.5555796131166,48.0600486653399,0,0,1,1,1461.68680596352,1466.39634418488,0
457,"bart",47.7708309014163,-2.22916909858372,1.82610053748317,0.204574560136493,47.5662563412798,44.1917396158,51.3499221870325,43.9871650556635,51.145347626896,1,1,0,1,1453.90331292152,1459.99228000641,1
458,"bart",49.5771631481969,-0.422836851803098,1.77484171258285,0.75637961287525,48.8207835353217,46.0985373132751,53.0557889831187,45.3421577003999,52.2994093702434,1,1,0,1,1436.13358592987,1441.03597807884,1
459,"bart",48.9177192458021,-1.08228075419792,1.89254291887797,-0.251964431245192,49.1696836770473,45.2084032856049,52.6270352059992,45.4603677168501,52.8789996372444,1,1,0,1,1459.4692428112,1464.79680109024,1
460,"bart",47.3604924523311,-2.63950754766886,1.9182755588923,-0.184117296070902,47.544609748402,43.6007414444788,51.1202434601835,43.7848587405497,51.3043607562544,1,1,0,1,1476.84088397026,1482.40809392929,1
461,"bart",48.8830764900864,-1.11692350991358,1.83656649037803,-0.0389429272362207,48.9220194173226,45.2834723137323,52.4826806664405,45.3224152409686,52.5216235936767,1,1,0,1,1358.88220095634,1364.09451603889,1
462,"bart",49.4049006565055,-0.595099343494525,1.96651272904408,-0.236986309617841,49.6418869661233,45.5506065324395,53.2591947805714,45.7875928420573,53.4961810901893,1,1,0,1,1380.82792210579,1384.94759893417,1
463,"bart",53.5025150517427,3.50251505174275,2.09111695255363,0.129196379498765,53.373318672244,49.4040011372765,57.601028966209,49.2748047577777,57.4718325867103,1,1,0,1,1415.39971208572,1420.10018706322,1
464,"bart",50.1203027326798,0.120302732679789,1.81841269425558,0.26688614525743,49.8534165874224,46.5562793429084,53.6843261224512,46.289393197651,53.4174399771937,1,1,0,1,1375.89853000641,1381.54825210571,1
465,"bart",55.0456333590951,5.04563335909511,2.02447367530602,0.00935761059556484,55.0362757484995,51.0777378678459,59.0135288503444,51.0683802572503,59.0041712397488,0,0,1,1,1403.84997797012,1408.22897481918,0
466,"bart",49.7126775102888,-0.287322489711208,1.95039396070413,0.378374655311127,49.3343028549777,45.8899755916443,53.5353794289333,45.5116009363331,53.1570047736222,1,1,0,1,1418.74989295006,1424.0595741272,1
467,"bart",47.200706638513,-2.79929336148704,1.89563931376861,-0.0323348028419588,47.2330414413549,43.4853218558483,50.9160914211777,43.5176566586902,50.9484262240196,1,1,0,1,1425.13968801498,1432.61007809639,1
468,"bart",48.4461558081878,-1.55384419181222,1.8636535913811,0.103137113115906,48.3430186950719,44.7934618894221,52.0988497269535,44.6903247763062,51.9957126138376,1,1,0,1,1401.99895811081,1409.77196598053,1
469,"bart",51.7780617006405,1.77806170064049,1.8806201902849,-0.427228101136855,52.2052898017773,48.0921138590832,55.4640095421978,48.5193419602201,55.8912376433346,1,1,0,1,1401.18822097778,1405.80059504509,1
470,"bart",49.2532234456507,-0.746776554349296,1.77140801260869,-0.292214715431641,49.5454381610823,45.781327539012,52.7251193522894,46.0735422544436,53.017334067721,1,1,0,1,1399.01647400856,1403.64410305023,1
471,"bart",48.3428475796437,-1.65715242035634,1.87219327288888,0.0980236117544706,48.2448239678892,44.6734161926833,52.012278966604,44.5753925809288,51.9142553548496,1,1,0,1,1449.32125902176,1454.41647195816,1
472,"bart",50.8853313812095,0.885331381209532,1.99784547017342,-0.226296408291084,51.1116277895006,46.9696262129931,54.8010365494259,47.1959226212842,55.027332957717,1,1,0,1,1394.22846508026,1399.62449884415,1
473,"bart",44.661554797066,-5.338445202934,1.74924392430121,0.401108914985606,44.2604458820804,41.2330997052601,48.0900098888719,40.8319907902745,47.6889009738863,0,0,1,1,1389.82540011406,1394.31561303139,0
474,"bart",51.5093669926215,1.50936699262147,1.98112475423682,-0.936426263533015,52.4457932561545,47.6264338254365,55.3923001598064,48.5628600889696,56.3287264233394,1,1,0,1,1419.44630599022,1424.63246703148,1
475,"bart",48.0220820103826,-1.97791798961736,1.90793673271344,0.338781334419934,47.6833006759627,44.2825947294833,51.761569291282,43.9438133950633,51.4227879568621,1,1,0,1,1382.81368994713,1388.47399687767,1
476,"bart",50.7962250885502,0.796225088550209,1.87126378764498,-0.481111639815836,51.277336728366,47.128615459192,54.4638347179084,47.6097270990079,54.9449463577242,1,1,0,1,1438.66456604004,1443.59239006042,1
477,"bart",51.5658739755638,1.56587397556383,2.00687120081112,-0.441647001429651,52.0075209769935,47.6324787003634,55.4992692507643,48.074125701793,55.9409162521939,1,1,0,1,1418.89872097969,1423.32830309868,1
478,"bart",49.2442792093215,-0.75572079067851,1.99546615790636,-0.115984555239109,49.3602637645606,45.3332374074565,53.1553210111865,45.4492219626956,53.2713055664256,1,1,0,1,1425.19386315346,1429.85922288895,1
479,"bart",52.4669732795433,2.46697327954326,1.96630812135444,0.186346792141187,52.2806264874021,48.6130801791799,56.3208663799066,48.4267333870388,56.1345195877654,1,1,0,1,1417.22399687767,1422.51027703285,1
480,"bart",48.5244567704687,-1.47554322953134,1.87934261986444,0.331962269629571,48.1924945008391,44.8410129209232,52.2079006200141,44.5090506512936,51.8759383503845,1,1,0,1,1412.47945690155,1416.9196190834,1
481,"bart",47.9284221468886,-2.0715778531114,1.77404297126186,-0.711754011524953,48.6401761584136,44.4513618161889,51.4054824775883,45.1631158277139,52.1172364891132,1,1,0,1,1437.97472786903,1443.14589810371,1
482,"bart",47.5718337387938,-2.42816626120624,1.72980538105419,0.416744054380544,47.1550896844132,44.181477491664,50.9621899859236,43.7647334372834,50.545445931543,1,1,0,1,1423.4654378891,1427.911632061,1
483,"bart",49.8233816334466,-0.176618366553384,1.98562976809854,0.348576066304375,49.4748055671422,45.9316188013429,53.7151444655504,45.5830427350385,53.366568399246,1,1,0,1,1361.92869496346,1366.25526595116,1
484,"bart",50.52942747363,0.529427473629958,1.86216930859721,-0.786225750686576,51.3156532243165,46.8796426956636,54.1792122515963,47.6658684463501,54.9654380022829,1,1,0,1,1360.32836389542,1365.18902301788,1
485,"bart",48.234183771242,-1.76581622875799,1.91976711843052,-0.601523018849875,48.8357067900919,44.4715093604139,51.9968581820701,45.0730323792638,52.5983812009199,1,1,0,1,1075.98751783371,1082.06064009666,1
486,"bart",46.6543261906111,-3.34567380938888,1.85840977568788,0.800460866692404,45.8538653239187,43.0119099617457,50.2967424194765,42.2114490950533,49.4962815527841,1,0,0,1,1152.96812605858,1159.66753697395,1
487,"bart",50.3732827424484,0.373282742448396,2.17744086528216,-0.275939490399409,50.6492222328478,46.1055770680296,54.6409884168672,46.381516558429,54.9169279072666,1,1,0,1,994.240938186646,999.244507074356,1
488,"bart",45.2192407528074,-4.78075924719263,1.74846884008794,-0.640826513942777,45.8600672667501,41.7923047981445,48.6461767074703,42.4331313120873,49.287003221413,0,0,1,1,1306.19525504112,1311.52702713013,0
489,"bart",51.1972268170239,1.19722681702385,1.88947630428733,0.266915364677679,50.9303114523462,47.4939213109788,54.9005323230689,47.2270059463012,54.6336169583912,1,1,0,1,1083.13780808449,1088.13664102554,1
490,"bart",49.4972143607518,-0.50278563924816,1.79915155702179,-0.606747467124542,50.1039618278764,45.97094210626,53.0234866152437,46.5776895733845,53.6302340823682,1,1,0,1,1043.16447997093,1048.73469400406,1
491,"bart",48.0737591073571,-1.92624089264289,1.82808776508119,-0.100863381298247,48.1746224886554,44.4907729272197,51.6567452874946,44.5916363085179,51.7576086687928,1,1,0,1,982.130975961685,986.108576059341,1
492,"bart",56.737302216476,6.73730221647605,2.21293296976402,-0.214962554172388,56.9522647706484,52.4000332955373,61.0745711374148,52.6149958497097,61.2895336915872,0,0,1,1,1039.19389796257,1044.60989904404,0
493,"bart",48.515246430938,-1.48475356906205,1.97709363566703,-0.16698406547782,48.6822304964158,44.6402141109672,52.3902787509087,44.807198176445,52.5572628163865,1,1,0,1,1326.84423995018,1331.32168388367,1
494,"bart",49.854828713251,-0.14517128674899,2.08425604635868,0.230704888853523,49.6241238243975,45.7697619278282,53.9398954986739,45.5390570389746,53.7091906098203,1,1,0,1,1381.95589494705,1386.58832001686,1
495,"bart",50.3050200794853,0.30502007948526,1.967343054937,-0.313112800741187,50.6181328802264,46.4490985465737,54.1609416123968,46.7622113473149,54.474054413138,1,1,0,1,1263.84042000771,1269.26749587059,1
496,"bart",55.0593326164351,5.05933261643506,2.10718308651574,-0.00445274091266867,55.0637853573477,50.9293296580323,59.1893355748379,50.9337823989449,59.1937883157505,0,0,1,1,700.916553974152,704.082885026932,0
497,"bart",50.7965594363846,0.796559436384555,1.84491151307115,-0.219762316077087,51.0163217524616,47.1805993161018,54.4125195566673,47.4003616321789,54.6322818727444,1,1,0,1,723.183190822601,726.370228052139,1
498,"bart",51.7199652129503,1.71996521295026,1.99138162770871,-0.904328691117179,52.6242939040674,47.8169289431664,55.6230014827341,48.7212576342836,56.5273301738513,1,1,0,1,687.279447078705,690.026535987854,1
499,"bart",49.1090656595246,-0.890934340475425,2.01929302213278,-0.287927098236651,49.3969927577612,45.1513240619113,53.0668072571379,45.4392511601479,53.3547343553745,1,1,0,1,740.00691318512,743.585551977158,1
500,"bart",51.7487081330729,1.74870813307287,2.09260158655988,-0.0671174053371146,51.81582553841,47.6472843894241,55.8501318767216,47.7144017947613,55.9172492820587,1,1,0,1,701.989913225174,705.219655990601,1
