"n","target_r2","achieved_r2_raw","ss","setting","Estimator","Procedure","ModelSpec","mean_estimate","mean_bias","mean_n_obs","sd_estimate","std_bias"
200,0.6,0.600000000000001,29.937716151218,"setting_one","bart","single_stage","m1",48.491293095248,-1.50870690475202,99.959,6.83580912577767,-0.220706411924629
200,0.6,0.600000000000001,29.937716151218,"setting_one","correct_model","single_stage","m1",50.0206193354842,0.0206193354842182,99.959,6.03801195403783,0.00341492127560782
200,0.6,0.600000000000001,29.937716151218,"setting_one","lm_interact","single_stage","m1",50.2526470493543,0.252647049354256,99.959,9.21658800970299,0.0274122103633444
200,0.6,0.600000000000001,29.937716151218,"setting_one","lm","single_stage","m1",50.1282907565212,0.128290756521242,99.959,6.90619205542214,0.0185761930006738
200,0.6,0.600000000000001,29.937716151218,"setting_one","rf","single_stage","m1",36.0938010929548,-13.9061989070451,99.959,8.44209087765153,-1.64724581961781
200,0.6,0.600000000000001,29.937716151218,"setting_one","super","single_stage","m1",48.1669214663159,-1.83307853368409,99.959,7.04614033837425,-0.260153565733129
200,0.6,0.600000000000001,29.937716151218,"setting_one","unadj","single_stage","m1",50.2052574041368,0.205257404136787,99.959,9.43494577130164,0.0217550168397491
200,0.6,0.600000000000001,29.937716151218,"setting_one","xgboost","single_stage","m1",45.1456327632713,-4.85436723672867,99.959,8.51097217824095,-0.570365774328259
