"n","target_r2","achieved_r2_raw","ss","setting","Estimator","Procedure","ModelSpec","mean_estimate","mean_bias","mean_n_obs","sd_estimate","std_bias"
10000,0.8,0.8,11.7191525452236,"setting_one","bart","single_stage","m1",49.9595938784696,-0.0404061215304473,5001.008,0.390263572209925,-0.103535467842006
10000,0.8,0.8,11.7191525452236,"setting_one","correct_model","single_stage","m1",49.9840112251337,-0.0159887748663015,5001.008,0.333561377093293,-0.0479335317704652
10000,0.8,0.8,11.7191525452236,"setting_one","lm_interact","single_stage","m1",49.9659560192821,-0.0340439807178659,5001.008,0.786289377085248,-0.0432970121560919
10000,0.8,0.8,11.7191525452236,"setting_one","lm","single_stage","m1",49.9710486764086,-0.0289513235913564,5001.008,0.521378307664633,-0.0555284390734161
10000,0.8,0.8,11.7191525452236,"setting_one","rf","single_stage","m1",49.4303617596282,-0.56963824037182,5001.008,0.462298898585174,-1.23218602102482
10000,0.8,0.8,11.7191525452236,"setting_one","super","single_stage","m1",49.9049132846175,-0.0950867153825056,5001.008,0.389429343499087,-0.244169364660957
10000,0.8,0.8,11.7191525452236,"setting_one","unadj","single_stage","m1",49.9896514172008,-0.0103485827991865,5001.008,1.05556245145092,-0.0098038564984591
10000,0.8,0.8,11.7191525452236,"setting_one","xgboost","single_stage","m1",49.8569417511356,-0.143058248864365,5001.008,0.459840137572447,-0.311104310336168
