"n","target_r2","achieved_r2_raw","ss","setting","Estimator","Procedure","ModelSpec","mean_estimate","mean_bias","mean_n_obs","sd_estimate","std_bias"
1000,0.8,0.800000000000002,11.8809853346246,"setting_one","bart","single_stage","m1",49.9050256911325,-0.0949743088674892,500.012,1.4599308772368,-0.0650539764233538
1000,0.8,0.800000000000002,11.8809853346246,"setting_one","correct_model","single_stage","m1",50.0204710958422,0.0204710958422154,500.012,1.11411171714241,0.0183743654493841
1000,0.8,0.800000000000002,11.8809853346246,"setting_one","lm_interact","single_stage","m1",49.9725054674568,-0.027494532543148,500.012,2.46806344193832,-0.0111401239027935
1000,0.8,0.800000000000002,11.8809853346246,"setting_one","lm","single_stage","m1",49.9842359314881,-0.0157640685118895,500.012,1.66964698234982,-0.0094415578134388
1000,0.8,0.800000000000002,11.8809853346246,"setting_one","rf","single_stage","m1",46.9671525307511,-3.03284746924893,500.012,1.87177348692762,-1.6203068856516
1000,0.8,0.800000000000002,11.8809853346246,"setting_one","super","single_stage","m1",49.8190439584761,-0.180956041523923,500.012,1.4575292506713,-0.124152596896824
1000,0.8,0.800000000000002,11.8809853346246,"setting_one","unadj","single_stage","m1",50.0415297448344,0.0415297448343961,500.012,3.27985001806763,0.0126620865605507
1000,0.8,0.800000000000002,11.8809853346246,"setting_one","xgboost","single_stage","m1",49.4004157208824,-0.599584279117584,500.012,1.91218513949862,-0.31355974206284
