"n","target_r2","achieved_r2_raw","ss","setting","Estimator","Procedure","ModelSpec","mean_estimate","mean_bias","mean_n_obs","sd_estimate","std_bias"
1000,0.2,0.200000000000002,81.3451627705242,"setting_one","bart","single_stage","m1",50.1729222719303,0.172922271930256,499.637,7.88676214168736,0.0219256354919383
1000,0.2,0.200000000000002,81.3451627705242,"setting_one","correct_model","single_stage","m1",50.6817562155892,0.681756215589224,499.637,7.54865588969662,0.0903149150724664
1000,0.2,0.200000000000002,81.3451627705242,"setting_one","lm_interact","single_stage","m1",50.6693070740651,0.669307074065116,499.637,8.95892170787618,0.0747084410255197
1000,0.2,0.200000000000002,81.3451627705242,"setting_one","lm","single_stage","m1",50.6748402211558,0.674840221155783,499.637,7.63128525328739,0.0884307424971536
1000,0.2,0.200000000000002,81.3451627705242,"setting_one","rf","single_stage","m1",42.9003640096452,-7.09963599035481,499.637,9.27305788971401,-0.765619720570274
1000,0.2,0.200000000000002,81.3451627705242,"setting_one","super","single_stage","m1",49.732444457506,-0.26755554249397,499.637,7.86205074434949,-0.0340312662935003
1000,0.2,0.200000000000002,81.3451627705242,"setting_one","unadj","single_stage","m1",50.649367880889,0.649367880889049,499.637,8.08929083246644,0.0802750073322628
1000,0.2,0.200000000000002,81.3451627705242,"setting_one","xgboost","single_stage","m1",47.2973457634822,-2.70265423651783,499.637,9.56229405077547,-0.282636595587505
