"n","target_r2","achieved_r2_raw","ss","setting","Estimator","Procedure","ModelSpec","mean_estimate","mean_bias","mean_n_obs","sd_estimate","std_bias"
2000,0.2,0.200000000000002,80.4848587201638,"setting_one","bart","single_stage","m1",49.896922944108,-0.103077055892037,997.995,5.33995797505089,-0.0193029713667465
2000,0.2,0.200000000000002,80.4848587201638,"setting_one","correct_model","single_stage","m1",50.1287908458857,0.12879084588569,997.995,5.05278855897314,0.0254890629961099
2000,0.2,0.200000000000002,80.4848587201638,"setting_one","lm_interact","single_stage","m1",50.0855812163125,0.0855812163124856,997.995,6.02348228979413,0.01420793026278
2000,0.2,0.200000000000002,80.4848587201638,"setting_one","lm","single_stage","m1",50.1596887292791,0.159688729279146,997.995,5.13002584269946,0.0311282504563597
2000,0.2,0.200000000000002,80.4848587201638,"setting_one","rf","single_stage","m1",45.8613994981907,-4.13860050180932,997.995,6.16827515822698,-0.670949397626893
2000,0.2,0.200000000000002,80.4848587201638,"setting_one","super","single_stage","m1",49.619011747341,-0.380988252658976,997.995,5.2506200467495,-0.0725606212726885
2000,0.2,0.200000000000002,80.4848587201638,"setting_one","unadj","single_stage","m1",50.0912021674034,0.0912021674033837,997.995,5.53513777957749,0.0164769461999454
2000,0.2,0.200000000000002,80.4848587201638,"setting_one","xgboost","single_stage","m1",48.2779735924201,-1.72202640757991,997.995,6.47825265375843,-0.265816493986361
