"n","target_r2","achieved_r2_raw","ss","setting","Estimator","Procedure","ModelSpec","mean_estimate","mean_bias","mean_n_obs","sd_estimate","std_bias"
200,0.8,0.800000000000005,12.5217195602503,"setting_one","bart","single_stage","m1",49.2178534119114,-0.782146588088605,99.949,3.99458554838702,-0.195801686711762
200,0.8,0.800000000000005,12.5217195602503,"setting_one","correct_model","single_stage","m1",50.103728615259,0.103728615259036,99.949,2.64403575113269,0.0392311697050992
200,0.8,0.800000000000005,12.5217195602503,"setting_one","lm_interact","single_stage","m1",49.8302949879682,-0.169705012031819,99.949,5.82241405049898,-0.0291468470912465
200,0.8,0.800000000000005,12.5217195602503,"setting_one","lm","single_stage","m1",49.9772323208945,-0.0227676791054939,99.949,4.01920436583286,-0.00566472292353214
200,0.8,0.800000000000005,12.5217195602503,"setting_one","rf","single_stage","m1",38.1079268912891,-11.8920731087109,99.949,5.69122229610432,-2.08954640848437
200,0.8,0.800000000000005,12.5217195602503,"setting_one","super","single_stage","m1",48.8884589982056,-1.11154100179438,99.949,3.99957139340614,-0.277915029502141
200,0.8,0.800000000000005,12.5217195602503,"setting_one","unadj","single_stage","m1",49.7998126103823,-0.200187389617654,99.949,7.60695394463497,-0.0263163667184869
200,0.8,0.800000000000005,12.5217195602503,"setting_one","xgboost","single_stage","m1",45.9878897574997,-4.0121102425003,99.949,5.35434834858783,-0.749318120767855
