"n","target_r2","achieved_r2_raw","ss","setting","Estimator","Procedure","ModelSpec","mean_estimate","mean_bias","mean_n_obs","sd_estimate","std_bias"
2000,0.4,0.4,47.4079613912665,"setting_one","bart","single_stage","m1",49.9996224599386,-0.00037754006143228,1000.189,3.18675281235725,-0.000118471712009885
2000,0.4,0.4,47.4079613912665,"setting_one","correct_model","single_stage","m1",50.1877863622678,0.187786362267785,1000.189,2.99861693739643,0.0626243252100188
2000,0.4,0.4,47.4079613912665,"setting_one","lm_interact","single_stage","m1",50.1120745178335,0.112074517833474,1000.189,3.66574733519269,0.030573443171468
2000,0.4,0.4,47.4079613912665,"setting_one","lm","single_stage","m1",50.141946222131,0.14194622213104,1000.189,3.13452100541914,0.0452848208340716
2000,0.4,0.4,47.4079613912665,"setting_one","rf","single_stage","m1",47.5314845303545,-2.46851546964553,1000.189,3.51174274405659,-0.702931749150286
2000,0.4,0.4,47.4079613912665,"setting_one","super","single_stage","m1",49.7553944142395,-0.244605585760486,1000.189,3.15463544768126,-0.0775384635775513
2000,0.4,0.4,47.4079613912665,"setting_one","unadj","single_stage","m1",50.1271976320947,0.127197632094732,1000.189,3.81386647078493,0.0333513595898269
2000,0.4,0.4,47.4079613912665,"setting_one","xgboost","single_stage","m1",49.2607504277847,-0.739249572215333,1000.189,3.77006688232063,-0.196083941025549
