"n","target_r2","achieved_r2_raw","ss","setting","Estimator","Procedure","ModelSpec","mean_estimate","mean_bias","mean_n_obs","sd_estimate","std_bias"
10000,0.6,0.599999999999997,28.8302459631883,"setting_one","bart","single_stage","m1",49.9859799274596,-0.0140200725404127,5001.684,0.907138032082914,-0.0154552802821205
10000,0.6,0.599999999999997,28.8302459631883,"setting_one","correct_model","single_stage","m1",49.9873325411766,-0.012667458823408,5001.684,0.823437335392371,-0.0153836342839276
10000,0.6,0.599999999999997,28.8302459631883,"setting_one","lm_interact","single_stage","m1",50.0027421087606,0.00274210876055624,5001.684,1.16225973964943,0.00235929084266771
10000,0.6,0.599999999999997,28.8302459631883,"setting_one","lm","single_stage","m1",49.9781847912461,-0.021815208753857,5001.684,0.920849312355035,-0.0236903133456933
10000,0.6,0.599999999999997,28.8302459631883,"setting_one","rf","single_stage","m1",49.3940237168019,-0.605976283198087,5001.684,0.994738963358798,-0.609181207853738
10000,0.6,0.599999999999997,28.8302459631883,"setting_one","super","single_stage","m1",49.9117066367399,-0.0882933632601225,5001.684,0.903926377948068,-0.0976776045196848
10000,0.6,0.599999999999997,28.8302459631883,"setting_one","unadj","single_stage","m1",49.9938084130878,-0.00619158691217725,5001.684,1.29228943484992,-0.00479117660889668
10000,0.6,0.599999999999997,28.8302459631883,"setting_one","xgboost","single_stage","m1",49.7949893952075,-0.205010604792547,5001.684,1.04631807931128,-0.195935259885303
