"n","target_r2","achieved_r2_raw","ss","setting","Estimator","Procedure","ModelSpec","mean_estimate","mean_bias","mean_n_obs","sd_estimate","std_bias"
2000,0.6,0.600000000000005,28.8966426295555,"setting_one","bart","single_stage","m1",49.8557327172017,-0.144267282798283,1000.121,2.06097944465861,-0.0699993797474194
2000,0.6,0.600000000000005,28.8966426295555,"setting_one","correct_model","single_stage","m1",50.0053883094922,0.00538830949217372,1000.121,1.75228076750836,0.00307502632688
2000,0.6,0.600000000000005,28.8966426295555,"setting_one","lm_interact","single_stage","m1",49.9821929916047,-0.0178070083953423,1000.121,2.56059718352224,-0.00695424040529786
2000,0.6,0.600000000000005,28.8966426295555,"setting_one","lm","single_stage","m1",50.0290732932821,0.0290732932821352,1000.121,1.99704584104222,0.0145581501859579
2000,0.6,0.600000000000005,28.8966426295555,"setting_one","rf","single_stage","m1",47.9175284720471,-2.08247152795293,1000.121,2.2311905353552,-0.933345447174642
2000,0.6,0.600000000000005,28.8966426295555,"setting_one","super","single_stage","m1",49.701179221647,-0.29882077835298,1000.121,2.02627094982669,-0.147473257896995
2000,0.6,0.600000000000005,28.8966426295555,"setting_one","unadj","single_stage","m1",49.9928533489972,-0.00714665100282609,1000.121,2.9245017833598,-0.00244371572740697
2000,0.6,0.600000000000005,28.8966426295555,"setting_one","xgboost","single_stage","m1",49.3738091800838,-0.626190819916249,1000.121,2.39088151570228,-0.261907926345868
