"n","target_r2","achieved_r2_raw","ss","setting","Estimator","Procedure","ModelSpec","mean_estimate","mean_bias","mean_n_obs","sd_estimate","std_bias"
1000,0.6,0.600000000000006,29.1080841882502,"setting_one","bart","single_stage","m1",49.7852377536293,-0.21476224637068,500.498,2.94089417595416,-0.0730261728309219
1000,0.6,0.600000000000006,29.1080841882502,"setting_one","correct_model","single_stage","m1",50.0317855706062,0.0317855706062274,500.498,2.64897349760369,0.0119992029497393
1000,0.6,0.600000000000006,29.1080841882502,"setting_one","lm_interact","single_stage","m1",50.0240866100442,0.0240866100442307,500.498,3.76403634167698,0.00639914385988617
1000,0.6,0.600000000000006,29.1080841882502,"setting_one","lm","single_stage","m1",50.0440130539944,0.0440130539944368,500.498,2.94430106550969,0.0149485575745012
1000,0.6,0.600000000000006,29.1080841882502,"setting_one","rf","single_stage","m1",46.438197963674,-3.56180203632598,500.498,3.27354794778332,-1.08805555719379
1000,0.6,0.600000000000006,29.1080841882502,"setting_one","super","single_stage","m1",49.5109498295498,-0.489050170450175,500.498,2.95678188896794,-0.165399474433631
1000,0.6,0.600000000000006,29.1080841882502,"setting_one","unadj","single_stage","m1",50.3521292536717,0.352129253671743,500.498,4.04138159888764,0.087130909332755
1000,0.6,0.600000000000006,29.1080841882502,"setting_one","xgboost","single_stage","m1",48.9003114008751,-1.09968859912491,500.498,3.46281679298619,-0.317570540073701
