"n","target_r2","achieved_r2_raw","ss","setting","Estimator","Procedure","ModelSpec","mean_estimate","mean_bias","mean_n_obs","sd_estimate","std_bias"
10000,0.4,0.4,47.0879927349736,"setting_one","bart","single_stage","m1",49.9467342998174,-0.0532657001825878,4999.938,1.4290650733664,-0.0372731103539685
10000,0.4,0.4,47.0879927349736,"setting_one","correct_model","single_stage","m1",49.957610842047,-0.042389157953004,4999.938,1.3066802493624,-0.0324403448920943
10000,0.4,0.4,47.0879927349736,"setting_one","lm_interact","single_stage","m1",49.9913284817308,-0.00867151826918662,4999.938,1.64362008050781,-0.00527586537304138
10000,0.4,0.4,47.0879927349736,"setting_one","lm","single_stage","m1",49.9707141867558,-0.0292858132441674,4999.938,1.3648318711624,-0.0214574511798477
10000,0.4,0.4,47.0879927349736,"setting_one","rf","single_stage","m1",49.2012195114582,-0.798780488541768,4999.938,1.56142159659572,-0.511572588904434
10000,0.4,0.4,47.0879927349736,"setting_one","super","single_stage","m1",49.8764523433766,-0.123547656623371,4999.938,1.41054820707662,-0.087588397194467
10000,0.4,0.4,47.0879927349736,"setting_one","unadj","single_stage","m1",49.9370737983506,-0.0629262016494371,4999.938,1.6162586611181,-0.0389332494626236
10000,0.4,0.4,47.0879927349736,"setting_one","xgboost","single_stage","m1",49.6230580309215,-0.376941969078461,4999.938,1.65484155424962,-0.227781305171168
