"n","target_r2","achieved_r2_raw","ss","setting","Estimator","Procedure","ModelSpec","mean_estimate","mean_bias","mean_n_obs","sd_estimate","std_bias"
1000,0.4,0.400000000000003,47.4198108708167,"setting_one","bart","single_stage","m1",49.4531581305254,-0.546841869474629,499.391,4.75142878794012,-0.115089985324541
1000,0.4,0.400000000000003,47.4198108708167,"setting_one","correct_model","single_stage","m1",49.8207405371884,-0.179259462811562,499.391,4.33775898224125,-0.0413253625997777
1000,0.4,0.400000000000003,47.4198108708167,"setting_one","lm_interact","single_stage","m1",49.7794829580699,-0.220517041930064,499.391,5.43524294074439,-0.0405716992476996
1000,0.4,0.400000000000003,47.4198108708167,"setting_one","lm","single_stage","m1",49.8277818885951,-0.172218111404913,499.391,4.54834788659474,-0.0378638828205046
1000,0.4,0.400000000000003,47.4198108708167,"setting_one","rf","single_stage","m1",44.933923824271,-5.06607617572898,499.391,5.42496542843541,-0.933844877457599
1000,0.4,0.400000000000003,47.4198108708167,"setting_one","super","single_stage","m1",48.903717203616,-1.09628279638396,499.391,4.76960162537023,-0.229847874621785
1000,0.4,0.400000000000003,47.4198108708167,"setting_one","unadj","single_stage","m1",49.9901841218404,-0.00981587815958195,499.391,5.34279500822232,-0.00183721781286307
1000,0.4,0.400000000000003,47.4198108708167,"setting_one","xgboost","single_stage","m1",48.0721515260062,-1.92784847399378,499.391,5.80721598377072,-0.331974646608889
