"n","target_r2","achieved_r2_raw","ss","setting","Estimator","Procedure","ModelSpec","mean_estimate","mean_bias","mean_n_obs","sd_estimate","std_bias"
200,0.4,0.4,49.2792739281051,"setting_one","bart","single_stage","m1",47.8731049503771,-2.12689504962287,100.13,10.1534220159404,-0.209475686747163
200,0.4,0.4,49.2792739281051,"setting_one","correct_model","single_stage","m1",49.9254554816653,-0.074544518334671,100.13,10.0356439491393,-0.00742797559503539
200,0.4,0.4,49.2792739281051,"setting_one","lm_interact","single_stage","m1",49.6915604625104,-0.308439537489577,100.13,12.4986512538946,-0.0246778257288735
200,0.4,0.4,49.2792739281051,"setting_one","lm","single_stage","m1",50.0902234004899,0.0902234004899002,100.13,10.4738400332942,0.00861416636143936
200,0.4,0.4,49.2792739281051,"setting_one","rf","single_stage","m1",32.8049632706061,-17.1950367293939,100.13,11.1078958611741,-1.54800125462973
200,0.4,0.4,49.2792739281051,"setting_one","super","single_stage","m1",47.3658296175993,-2.63417038240069,100.13,10.7444220128333,-0.245166317858178
200,0.4,0.4,49.2792739281051,"setting_one","unadj","single_stage","m1",50.4444328135058,0.444432813505751,100.13,12.3109805583334,0.0361005211079561
200,0.4,0.4,49.2792739281051,"setting_one","xgboost","single_stage","m1",43.7342936781029,-6.26570632189713,100.13,12.2399330597363,-0.511906910872609
