"n","target_r2","achieved_r2_raw","ss","setting","Estimator","Procedure","ModelSpec","mean_estimate","mean_bias","mean_n_obs","sd_estimate","std_bias"
2000,0.8,0.800000000000001,11.769511828988,"setting_one","bart","single_stage","m1",49.8962849487512,-0.103715051248762,999.787,0.959621150201878,-0.108079163560477
2000,0.8,0.800000000000001,11.769511828988,"setting_one","correct_model","single_stage","m1",49.978723120807,-0.0212768791930552,999.787,0.759200302912171,-0.0280253829080949
2000,0.8,0.800000000000001,11.769511828988,"setting_one","lm_interact","single_stage","m1",49.9613933223262,-0.0386066776737682,999.787,1.78247186043568,-0.0216590671250943
2000,0.8,0.800000000000001,11.769511828988,"setting_one","lm","single_stage","m1",49.9661467403711,-0.0338532596288705,999.787,1.20019803032738,-0.0282063949227082
2000,0.8,0.800000000000001,11.769511828988,"setting_one","rf","single_stage","m1",48.1585574905796,-1.84144250942044,999.787,1.21726459596764,-1.51277094193036
2000,0.8,0.800000000000001,11.769511828988,"setting_one","super","single_stage","m1",49.8107799590466,-0.189220040953399,999.787,0.961264751667038,-0.196844876112696
2000,0.8,0.800000000000001,11.769511828988,"setting_one","unadj","single_stage","m1",49.8697798665705,-0.130220133429507,999.787,2.31151186912908,-0.0563354811924764
2000,0.8,0.800000000000001,11.769511828988,"setting_one","xgboost","single_stage","m1",49.6482007617283,-0.351799238271713,999.787,1.20735183822636,-0.29138087766406
