"n","target_r2","achieved_r2_raw","ss","setting","Estimator","Procedure","ModelSpec","mean_estimate","mean_bias","mean_n_obs","sd_estimate","std_bias"
10000,0.2,0.199999999999996,79.8755712622579,"setting_one","bart","single_stage","m1",50.016196980647,0.0161969806470362,5001.595,2.48278712214134,0.00652370898116576
10000,0.2,0.199999999999996,79.8755712622579,"setting_one","correct_model","single_stage","m1",50.0629571266224,0.0629571266223543,5001.595,2.23894359182991,0.0281191213803198
10000,0.2,0.199999999999996,79.8755712622579,"setting_one","lm_interact","single_stage","m1",50.0055064329387,0.00550643293867124,5001.595,2.68688094362171,0.00204937734652619
10000,0.2,0.199999999999996,79.8755712622579,"setting_one","lm","single_stage","m1",50.045463601134,0.0454636011339724,5001.595,2.29068127046612,0.0198471964302223
10000,0.2,0.199999999999996,79.8755712622579,"setting_one","rf","single_stage","m1",49.040098164423,-0.959901835577035,5001.595,2.73819190336443,-0.350560468167917
10000,0.2,0.199999999999996,79.8755712622579,"setting_one","super","single_stage","m1",49.9662010522265,-0.0337989477735117,5001.595,2.39567825127425,-0.0141083001256676
10000,0.2,0.199999999999996,79.8755712622579,"setting_one","unadj","single_stage","m1",50.0530326890099,0.0530326890098783,5001.595,2.46479919596436,0.0215160282008811
10000,0.2,0.199999999999996,79.8755712622579,"setting_one","xgboost","single_stage","m1",49.5187736849212,-0.481226315078828,5001.595,2.84352865372968,-0.16923561309911
