"n","target_r2","achieved_r2_raw","ss","setting","Estimator","Procedure","ModelSpec","mean_estimate","mean_bias","mean_n_obs","sd_estimate","std_bias"
500,0.6,0.600000000000006,29.2182348751018,"setting_one","bart","single_stage","m1",49.3517738301818,-0.648226169818228,250.502,4.17042787581697,-0.155433972033683
500,0.6,0.600000000000006,29.2182348751018,"setting_one","correct_model","single_stage","m1",49.9645099659105,-0.0354900340895126,250.502,3.70113256443807,-0.00958896593721466
500,0.6,0.600000000000006,29.2182348751018,"setting_one","lm_interact","single_stage","m1",50.0100175828732,0.0100175828731824,250.502,5.13361114274396,0.00195137157736258
500,0.6,0.600000000000006,29.2182348751018,"setting_one","lm","single_stage","m1",50.0175318385032,0.0175318385032313,250.502,4.103125441228,0.00427280100361355
500,0.6,0.600000000000006,29.2182348751018,"setting_one","rf","single_stage","m1",43.2597808568331,-6.74021914316686,250.502,4.84745480922855,-1.3904655965714
500,0.6,0.600000000000006,29.2182348751018,"setting_one","super","single_stage","m1",48.784842945039,-1.21515705496096,250.502,4.24863445577071,-0.286011203743468
500,0.6,0.600000000000006,29.2182348751018,"setting_one","unadj","single_stage","m1",49.8712426586531,-0.12875734134691,250.502,5.78032099832552,-0.0222751195624273
500,0.6,0.600000000000006,29.2182348751018,"setting_one","xgboost","single_stage","m1",47.5729147923965,-2.42708520760346,250.502,5.13795199877238,-0.472383784080381
