"n","target_r2","achieved_r2_raw","ss","setting","Estimator","Procedure","ModelSpec","mean_estimate","mean_bias","mean_n_obs","sd_estimate","std_bias"
500,0.2,0.200000000000001,82.9087728388446,"setting_one","bart","single_stage","m1",49.5702556404942,-0.429744359505791,250.201,11.137508350508,-0.0385853232142529
500,0.2,0.200000000000001,82.9087728388446,"setting_one","correct_model","single_stage","m1",50.7254806312006,0.725480631200632,250.201,10.8586879147152,0.0668110767063757
500,0.2,0.200000000000001,82.9087728388446,"setting_one","lm_interact","single_stage","m1",50.4522230810184,0.452223081018357,250.201,12.9599051964337,0.0348940115042507
500,0.2,0.200000000000001,82.9087728388446,"setting_one","lm","single_stage","m1",50.654439503247,0.654439503246998,250.201,10.9040691510347,0.0600179157140524
500,0.2,0.200000000000001,82.9087728388446,"setting_one","rf","single_stage","m1",37.4578838386144,-12.5421161613857,250.201,12.4955562875188,-1.00372611453188
500,0.2,0.200000000000001,82.9087728388446,"setting_one","super","single_stage","m1",49.0581201520111,-0.941879847988944,250.201,11.3473027915557,-0.0830047338377061
500,0.2,0.200000000000001,82.9087728388446,"setting_one","unadj","single_stage","m1",50.5952030908891,0.59520309088914,250.201,11.3785303943243,0.0523093115070493
500,0.2,0.200000000000001,82.9087728388446,"setting_one","xgboost","single_stage","m1",44.8175372646947,-5.18246273530528,250.201,13.5395057379989,-0.382766020827525
