"n","target_r2","achieved_r2_raw","ss","setting","Estimator","Procedure","ModelSpec","mean_estimate","mean_bias","mean_n_obs","sd_estimate","std_bias"
200,0.2,0.2,87.7554916787993,"setting_one","bart","single_stage","m1",48.113247688222,-1.88675231177805,99.873,17.2817281514512,-0.109176136509219
200,0.2,0.2,87.7554916787993,"setting_one","correct_model","single_stage","m1",50.8876060710769,0.887606071076926,99.873,18.1585646926013,0.0488808496763282
200,0.2,0.2,87.7554916787993,"setting_one","lm_interact","single_stage","m1",50.7575707973252,0.757570797325221,99.873,20.9337246551918,0.0361890112630929
200,0.2,0.2,87.7554916787993,"setting_one","lm","single_stage","m1",51.0338115827867,1.0338115827867,99.873,18.2330655658361,0.056699822586268
200,0.2,0.2,87.7554916787993,"setting_one","rf","single_stage","m1",28.8934527843351,-21.1065472156649,99.873,15.8255523134647,-1.33370051152698
200,0.2,0.2,87.7554916787993,"setting_one","super","single_stage","m1",47.3974320729582,-2.60256792704178,99.873,18.1986327921848,-0.143008980771315
200,0.2,0.2,87.7554916787993,"setting_one","unadj","single_stage","m1",51.1414681407139,1.14146814071393,99.873,18.8874492586983,0.0604352723906458
200,0.2,0.2,87.7554916787993,"setting_one","xgboost","single_stage","m1",42.20490911041,-7.79509088959003,99.873,20.0268739691819,-0.38923153466614
