"replicate","Estimator","estimate","bias","bootstrap_se","bootstrap_bias","bc_estimate","ci_lower","ci_upper","bc_ci_lower","bc_ci_upper","covered_true_95","covered_true_95_bc","reject_h0_effect","reject_h0_null","bootstrap_time_sec","replicate_time_sec","covered_mc_mean_95"
1,"correct_model",45.2090642028825,-4.79093579711747,4.28811788929068,0.31782153469586,44.8912426681867,36.8045075784109,53.6136208273542,36.486686043715,53.2957992926583,1,1,0,1,2.58722400665283,2.73902702331543,1
2,"correct_model",48.0817231196869,-1.9182768803131,5.06741629314842,-0.00667434012000001,48.0883974598069,38.1497696904445,58.0136765489293,38.1564440305645,58.0203508890493,1,1,0,1,2.74711585044861,2.90303707122803,1
3,"correct_model",44.5821530795411,-5.41784692045893,4.44234467634719,-0.303643988049274,44.8857970675903,35.8753175069873,53.2889886520948,36.1789614950366,53.5926326401441,1,1,0,1,2.66317391395569,2.80941796302795,1
4,"correct_model",43.1283256882636,-6.87167431173637,4.77585758446678,0.657291205278625,42.471034482985,33.7678168274163,52.488834549111,33.1105256221377,51.8315433438323,1,1,0,1,2.63573002815247,2.77929711341858,1
5,"correct_model",52.9542682750196,2.95426827501963,5.0801452337362,-0.616273146987233,53.5705414220069,42.9973665806639,62.9111699693754,43.6136397276511,63.5274431163626,1,1,0,1,2.63391590118408,2.79923486709595,1
6,"correct_model",43.8789566232514,-6.12104337674857,4.29380868361909,0.229619573386081,43.6493370498654,35.4632462468527,52.2946669996502,35.2336266734666,52.0650474262641,1,1,0,1,2.59958910942078,2.76601815223694,1
7,"correct_model",45.8836724217901,-4.1163275782099,4.73039142721734,0.68972496320346,45.1939474585866,36.6122755916671,55.1550692519131,35.9225506284636,54.4653442887096,1,1,0,1,2.69919490814209,2.86164999008179,1
8,"correct_model",48.6393968813455,-1.36060311865447,4.4369989988817,-0.24811653547544,48.887513416821,39.9430386440971,57.3357551185939,40.1911551795726,57.5838716540694,1,1,0,1,2.61446189880371,2.79815411567688,1
9,"correct_model",52.6725969064613,2.67259690646127,4.88896627838143,-0.0393234222185583,52.7119203286798,43.0903990792028,62.2547947337197,43.1297225014214,62.2941181559382,1,1,0,1,2.61855697631836,2.80155205726624,1
10,"correct_model",52.9478849619705,2.94788496197046,5.93752804143687,-0.554347870511315,53.5022328324818,41.3105438435575,64.5852260803834,41.8648917140689,65.1395739508947,1,1,0,1,2.5473141670227,2.74538588523865,1
11,"correct_model",49.1507430208472,-0.849256979152813,5.35485545778884,0.226538241733991,48.9242047791132,38.6554191811633,59.646066860531,38.4288809394293,59.4195286187971,1,1,0,1,2.68232202529907,2.89496994018555,1
12,"correct_model",41.1448119743551,-8.85518802564491,4.95857146432711,-0.303782164790661,41.4485941391457,31.4261904895059,50.8634334592043,31.7299726542966,51.1672156239949,1,1,0,1,2.04732990264893,2.05366396903992,1
13,"correct_model",50.0267988071203,0.0267988071203007,4.79202824557863,0.256626205769571,49.7701726013507,40.6345960328875,59.4190015813531,40.3779698271179,59.1623753755835,1,1,0,1,1.97214889526367,1.97821307182312,1
14,"correct_model",48.3642813565533,-1.63571864344674,4.90550307277127,0.256488523487164,48.1077928330661,38.749672007871,57.9788907052355,38.4931834843838,57.7224021817484,1,1,0,1,2.01278805732727,2.02243685722351,1
15,"correct_model",55.8545681361724,5.85456813617239,5.33001292778603,-0.155571279480228,56.0101394156526,45.4079347605789,66.3012015117659,45.5635060400591,66.4567727912461,1,1,0,1,1.95889091491699,1.96522903442383,1
16,"correct_model",53.0893503851086,3.08935038510862,5.41643751892452,0.152681933091039,52.9366684520176,42.4733279235051,63.7053728467122,42.320645990414,63.5526909136211,1,1,0,1,1.95930600166321,1.96539711952209,1
17,"correct_model",47.4896800560365,-2.51031994396345,4.9635312421456,0.566509408013722,46.9231706480228,37.7613375852918,57.2180225267813,37.1948281772781,56.6515131187676,1,1,0,1,2.00021505355835,2.00650501251221,1
18,"correct_model",54.4675000951739,4.46750009517395,5.4998633823008,-0.124347738189847,54.5918478333638,43.6879659459737,65.2470342443742,43.8123136841636,65.371381982564,1,1,0,1,1.90513300895691,1.9111020565033,1
19,"correct_model",46.4887729867932,-3.51122701320678,4.9583617899634,-0.15970162145112,46.6484746082443,36.7705624561454,56.206983517441,36.9302640775965,56.3666851388922,1,1,0,1,2.07652115821838,2.08251714706421,1
20,"correct_model",45.1351593744457,-4.86484062555428,4.88475091865455,-0.202595673526893,45.3377550479726,35.5612235004339,54.7090952484576,35.7638191739608,54.9116909219845,1,1,0,1,1.9703540802002,1.97835803031921,1
21,"correct_model",44.63463553747,-5.36536446253002,4.94259844018753,-0.0120537154827289,44.6466892529527,34.9473206046586,54.3219504702814,34.9593743201413,54.3340041857641,1,1,0,1,1.99593806266785,2.00293898582458,1
22,"correct_model",46.6498270393303,-3.3501729606697,4.72551215266044,-0.433243860636502,47.0830708999668,37.3879934116095,55.9116606670511,37.821237272246,56.3449045276876,1,1,0,1,1.98852181434631,1.99586391448975,1
23,"correct_model",51.8687240014924,1.86872400149238,4.95152759037676,-0.0538948079318047,51.9226188094242,42.1639082558975,61.5735397470872,42.2178030638293,61.627434555019,1,1,0,1,1.94183492660522,1.95056200027466,1
24,"correct_model",44.5709055222554,-5.42909447774457,4.7809496335757,-0.258067680910315,44.8289732031657,35.2004164285471,53.9413946159638,35.4584841094574,54.1994622968741,1,1,0,1,1.99498391151428,2.00120711326599,1
25,"correct_model",63.225115909263,13.225115909263,5.2362439886825,0.353763813002409,62.8713520962606,52.9622662771809,73.487965541345,52.6085024641785,73.1342017283426,0,0,1,1,2.01722598075867,2.02618813514709,0
26,"correct_model",45.6762985305707,-4.32370146942929,4.72038114476836,-0.453428452425527,46.1297269829962,36.4245214935228,54.9280755676186,36.8779499459483,55.3815040200442,1,1,0,1,2.09054589271545,2.09791922569275,1
27,"correct_model",49.3871086643574,-0.612891335642601,5.40681262802854,0.0639036161359954,49.3232050482214,38.7899506422651,59.9842666864497,38.7260470261291,59.9203630703137,1,1,0,1,1.99049592018127,2.00264096260071,1
28,"correct_model",52.9537857564443,2.95378575644428,5.01281772023774,0.0878275395244188,52.8659582169199,43.1288435637141,62.7787279491744,43.0410160241897,62.69090040965,1,1,0,1,1.97082114219666,1.97711396217346,1
29,"correct_model",47.450410687384,-2.54958931261596,5.58184535038047,-0.543620084253348,47.9940307716374,36.510194833366,58.3906265414021,37.0538149176193,58.9342466256555,1,1,0,1,2.14260792732239,2.15131092071533,1
30,"correct_model",50.4947806631046,0.494780663104599,4.29604386736743,0.698214383973244,49.7965662791314,42.0746894070603,58.9148719191489,41.376475023087,58.2166575351757,1,1,0,1,1.98879599571228,1.99660992622375,1
31,"correct_model",49.9215027756592,-0.0784972243407651,5.37646104234865,-0.455066594005153,50.3765693696644,39.3838327683732,60.4591727829453,39.8388993623784,60.9142393769504,1,1,0,1,2.13759613037109,2.14520907402039,1
32,"correct_model",46.9413119310185,-3.05868806898154,5.26677920384858,0.261098012728155,46.6802139182903,36.6186143769507,57.2640094850862,36.3575163642226,57.002911472358,1,1,0,1,1.98795199394226,1.99418520927429,1
33,"correct_model",49.7733763608594,-0.226623639140598,5.25640697106214,-0.133115217827452,49.9064915786869,39.4710080094923,60.0757447122265,39.6041232273198,60.2088599300539,1,1,0,1,2.08934593200684,2.09570002555847,1
34,"correct_model",44.2076707823721,-5.79232921762793,4.50032112158471,0.255774694635022,43.951896087737,35.3872034652011,53.028138099543,35.1314287705661,52.772363404908,1,1,0,1,2.36041593551636,2.37714099884033,1
35,"correct_model",44.5155074283811,-5.48449257161892,4.62509130398995,-1.0035284583171,45.5190358866982,35.4504950473514,53.5805198094108,36.4540235056685,54.5840482677279,1,1,0,1,2.33205199241638,2.35142421722412,1
36,"correct_model",54.3473948890784,4.34739488907842,5.61052580678136,0.113717850364658,54.2336770387138,43.3509663734544,65.3438234047024,43.2372485230898,65.2301055543378,1,1,0,1,2.25212287902832,2.26980710029602,1
37,"correct_model",43.8166896108622,-6.18331038913777,4.54029692699781,0.509140017515477,43.3075495933467,34.9178711548286,52.7155080668958,34.4087311373132,52.2063680493803,1,1,0,1,2.35092401504517,2.36746120452881,1
38,"correct_model",56.8722675460516,6.87226754605162,4.99458832859036,-0.609259754305626,57.4815273003572,47.0830543044104,66.6614807876928,47.692314058716,67.2707405419985,1,1,0,1,2.3516788482666,2.37069797515869,1
39,"correct_model",48.3348187515056,-1.66518124849443,5.20081364804235,0.0504947028812737,48.2843240486243,38.1414113110382,58.528226191973,38.0909166081569,58.4777314890917,1,1,0,1,2.26104998588562,2.27250504493713,1
40,"correct_model",51.9517251298037,1.95172512980366,4.73652321259835,0.0766325753334982,51.8750925544702,42.6683102211729,61.2351400384344,42.5916776458394,61.1585074631009,1,1,0,1,2.35814690589905,2.37317800521851,1
41,"correct_model",52.1369063323509,2.13690633235093,5.13363677748544,0.131714805269944,52.005191527081,42.0751631387692,62.1986495259327,41.9434483334992,62.0669347206627,1,1,0,1,2.31528401374817,2.33096885681152,1
42,"correct_model",47.5529077821037,-2.44709221789633,4.68124566723804,-0.0128561691288382,47.5657639512325,38.3778348715329,56.7279806926744,38.3906910406618,56.7408368618032,1,1,0,1,2.25181007385254,2.26912212371826,1
43,"correct_model",54.0746288280355,4.07462882803553,5.33359904722181,0.701944369263977,53.3726844587716,43.6209667875036,64.5282908685674,42.9190224182397,63.8263464993034,1,1,0,1,2.27687811851501,2.28979706764221,1
44,"correct_model",46.7731140065583,-3.22688599344166,4.65547805099,0.474665388493698,46.2984486180646,37.6485446958012,55.8976833173155,37.1738793073075,55.4230179288218,1,1,0,1,2.37844204902649,2.39214301109314,1
45,"correct_model",54.3224409760558,4.3224409760558,5.1665488301823,0.33588583400725,53.9865551420486,44.1961913445309,64.4486906075807,43.8603055105237,64.1128047735734,1,1,0,1,3.40548396110535,3.42652487754822,1
46,"correct_model",46.4267781112701,-3.5732218887299,5.56798554558183,-0.0546336519938961,46.481411763264,35.5137269754901,57.3398292470501,35.568360627484,57.394462899044,1,1,0,1,1.75625705718994,1.76247000694275,1
47,"correct_model",47.8992252026515,-2.10077479734846,5.68217760359918,-0.242421480501974,48.1416466831535,36.762361745837,59.036088659466,37.004783226339,59.278510139968,1,1,0,1,1.78884387016296,1.79690217971802,1
48,"correct_model",52.5618817524475,2.56188175244752,5.05764718095073,-0.146579953197708,52.7084617056452,42.6490754312736,62.4746880736215,42.7956553844713,62.6212680268192,1,1,0,1,1.82004714012146,1.8267228603363,1
49,"correct_model",49.7637179300245,-0.23628206997553,4.9988177986648,0.137916423945228,49.6258015060792,39.9662150793637,59.5612207806853,39.8282986554185,59.42330435674,1,1,0,1,1.82783007621765,1.8340368270874,1
50,"correct_model",44.976470723509,-5.02352927649103,5.34284899070298,0.457220536512395,44.5192501869966,34.5046791268949,55.448262320123,34.0474585903825,54.9910417836106,1,1,0,1,1.80913281440735,1.82146906852722,1
51,"correct_model",41.9445394430121,-8.05546055698787,4.72743194812982,-1.19267402466861,43.1372134676807,32.6789430853137,51.2101358007106,33.8716171099823,52.4028098253792,1,1,0,1,3.36078214645386,3.38885307312012,1
52,"correct_model",51.8886277970597,1.88862779705966,4.62962268020458,0.011319817881926,51.8773079791777,42.8147340818489,60.9625215122704,42.803414263967,60.9512016943885,1,1,0,1,1.89001703262329,1.896644115448,1
53,"correct_model",60.5488413370056,10.5488413370056,5.73446404868583,0.833822509657963,59.7150188273476,49.3094983309417,71.7881843430696,48.4756758212837,70.9543618334116,1,1,0,1,1.85943698883057,1.86574387550354,1
54,"correct_model",50.6306218443442,0.630621844344233,5.32381114570601,-0.354904513685632,50.9855263580299,40.1961437382675,61.0650999504209,40.5510482519532,61.4200044641066,1,1,0,1,1.79047083854675,1.79664897918701,1
55,"correct_model",58.9662327985738,8.96623279857377,6.10299669626315,0.487665086950102,58.4785677116237,47.0045790761311,70.9278865210165,46.516913989181,70.4402214340664,1,1,0,1,1.94282603263855,1.9490602016449,1
56,"correct_model",47.3005206714314,-2.69947932856857,4.701367812232,0.0862973701945293,47.2142233012369,38.0860090813809,56.515032261482,37.9997117111863,56.4287348912875,1,1,0,1,3.31800293922424,3.33622598648071,1
57,"correct_model",53.671071208247,3.67107120824699,5.90652397614282,0.263549570591294,53.4075216376557,42.0944969411848,65.2476454753092,41.8309473705935,64.9840959047179,1,1,0,1,2.03857898712158,2.04848289489746,1
58,"correct_model",56.1104546139501,6.11045461395014,5.31812350037103,-1.04612253937445,57.1565771533246,45.6871240878868,66.5337851400134,46.7332466272613,67.5799076793879,1,1,0,1,2.08891797065735,2.09535002708435,1
59,"correct_model",50.5527165608413,0.552716560841347,4.75965153032167,0.351288514442032,50.2014280463993,41.2239709824499,59.8814621392328,40.8726824680079,59.5301736247907,1,1,0,1,2.22939896583557,2.23564696311951,1
60,"correct_model",54.3818692540668,4.38186925406683,4.51696577543008,-0.271577808537508,54.6534470626043,45.5287790148238,63.2349594933098,45.8003568233613,63.5065373018473,1,1,0,1,2.17889213562012,2.18567490577698,1
61,"correct_model",45.310090139011,-4.68990986098895,4.95432113161249,-0.686089223260367,45.9961793622714,35.5997991532048,55.0203811248173,36.2858883764652,55.7064703480776,1,1,0,1,2.2221360206604,2.22922897338867,1
62,"correct_model",54.9281289489033,4.92812894890325,5.9428366623968,-0.979938924512382,55.9080678734156,43.2803831246013,66.5758747732052,44.2603220491137,67.5558136977176,1,1,0,1,3.28821206092834,3.30836200714111,1
63,"correct_model",45.3732018106835,-4.62679818931652,4.88022930860886,0.35806116952407,45.0151406411594,35.8081281295133,54.9382754918537,35.4500669599892,54.5802143223296,1,1,0,1,2.12219595909119,2.12886619567871,1
64,"correct_model",50.5812081542523,0.581208154252295,5.2842375003921,-0.592314846456958,51.1735230007093,40.2242929677278,60.9381233407768,40.8166078141848,61.5304381872337,1,1,0,1,2.12223291397095,2.12834811210632,1
65,"correct_model",45.5474119180414,-4.45258808195855,5.00488174451222,0.0420267535413785,45.5053851645001,35.7380239519155,55.3567998841674,35.6959971983741,55.314773130626,1,1,0,1,2.12831497192383,2.13459515571594,1
66,"correct_model",44.4131353157354,-5.58686468426463,5.5239784356998,-0.249968703477279,44.6631040192127,33.5863365303879,55.2399341010829,33.8363052338651,55.4899028045602,1,1,0,1,2.22101306915283,2.22730183601379,1
67,"correct_model",45.032606035295,-4.96739396470502,4.44937519162293,-0.552326257926531,45.5849322932215,36.311990906008,53.7532211645819,36.8643171639346,54.3055474225084,1,1,0,1,3.06297588348389,3.07753705978394,1
68,"correct_model",45.3820317620429,-4.61796823795709,4.46584498531043,0.192602054310051,45.1894297077329,36.6291364302957,54.1349270937902,36.4365343759856,53.9423250394801,1,1,0,1,1.85012698173523,1.85684299468994,1
69,"correct_model",52.2133742293722,2.21337422937221,4.67794498663693,0.145450117938111,52.0679241114341,43.0447705339041,61.3819779248403,42.899320415966,61.2365278069022,1,1,0,1,1.85540103912354,1.86190485954285,1
70,"correct_model",56.7527741078312,6.7527741078312,5.4910615398755,-0.498883970615793,57.251658078447,45.9904912527822,67.5150569628802,46.489375223398,68.013940933496,1,1,0,1,1.86068296432495,1.86702704429626,1
71,"correct_model",47.9172891598412,-2.08271084015878,4.85682248188088,-0.802905716324148,48.7201948761654,38.3980920160503,57.4364863036322,39.2009977323744,58.2393920199563,1,1,0,1,1.89128303527832,1.89776515960693,1
72,"correct_model",50.6923164836905,0.692316483690504,5.13842455577757,-0.19611704638541,50.8884335300759,40.6211894170902,60.7634435502908,40.8173064634757,60.9595605966762,1,1,0,1,1.8924617767334,1.90567803382874,1
73,"correct_model",43.484009516762,-6.51599048323803,5.28471160148158,0.35779034333494,43.126219173427,33.1261651091771,53.8418539243469,32.7683747658421,53.4840635810119,1,1,0,1,3.02792096138,3.04487609863281,1
74,"correct_model",46.5161011730419,-3.48389882695808,5.84879438496953,1.54874567324582,44.9673554997961,35.0526748255215,57.9795275205623,33.5039291522757,56.4307818473165,1,1,0,1,1.8599100112915,1.86660194396973,1
75,"correct_model",50.7086796015442,0.70867960154419,5.33241612190696,0.752777343269365,49.9559022582748,40.2573360520258,61.1600231510626,39.5045587087564,60.4072458077932,1,1,0,1,1.87566614151001,1.88194608688354,1
76,"correct_model",48.1355971614784,-1.86440283852161,5.01728021981579,-0.678024067936775,48.8136212294152,38.3019086302942,57.9692856926625,38.979932698231,58.6473097605993,1,1,0,1,1.84737110137939,1.85355496406555,1
77,"correct_model",59.5827290510938,9.58272905109376,5.15418821012862,-0.260410017863173,59.8431390689569,49.4807057897007,69.6847523124868,49.7411158075639,69.94516233035,1,1,0,1,1.91192507743835,1.91921806335449,1
78,"correct_model",48.6961703225343,-1.30382967746573,4.91473156062294,-0.161253843710149,48.8574241662444,39.063473470031,58.3288671750376,39.2247273137411,58.4901210187477,1,1,0,1,3.04286098480225,3.05542397499084,1
79,"correct_model",51.3823982657334,1.38239826573341,5.36507102206304,-0.261813844277611,51.644212110011,40.8670522879904,61.8977442434765,41.128866132268,62.1595580877541,1,1,0,1,1.81584095954895,1.82272005081177,1
80,"correct_model",49.1463331145675,-0.853666885432517,5.03397144763507,-0.733520700120309,49.8798538146878,39.2799303779998,59.0127358511352,40.0134510781201,59.7462565512555,1,1,0,1,1.86402893066406,1.87366199493408,1
81,"correct_model",50.5920927945405,0.592092794540491,4.97210048182767,-0.614058306836206,51.2061511013767,40.846954922644,60.337230666437,41.4610132294802,60.9512889732732,1,1,0,1,1.86017918586731,1.86645197868347,1
82,"correct_model",51.1954149208901,1.1954149208901,5.28293590667858,0.298375054906025,50.8970398659841,40.8410508111666,61.5497790306136,40.5426757562606,61.2514039757075,1,1,0,1,1.82271289825439,1.82901000976562,1
83,"correct_model",53.739770909984,3.73977090998403,5.3227051888712,-0.555658819551461,54.2954297295355,43.307460439472,64.172081380496,43.8631192590235,64.7277402000475,1,1,0,1,1.87272119522095,1.87943911552429,1
84,"correct_model",48.3603371916095,-1.63966280839045,4.11259789305368,-0.0796580328017455,48.4399952244113,40.299793438329,56.4208809448901,40.3794514711308,56.5005389776918,1,1,0,1,3.27902388572693,3.28935384750366,1
85,"correct_model",48.033941331069,-1.96605866893104,4.32197947985746,0.0136236566567405,48.0203176744122,39.5630172086272,56.5048654535107,39.5493935519704,56.491241796854,1,1,0,1,1.86041808128357,1.87207198143005,1
86,"correct_model",48.0580203765164,-1.9419796234836,5.84796585873051,-0.420060765368127,48.4780811418845,36.5962179105847,59.519822842448,37.0162786759529,59.9398836078162,1,1,0,1,1.84903597831726,1.86154222488403,1
87,"correct_model",54.6840366562473,4.6840366562473,5.51103085536891,0.350097313529048,54.3339393427183,43.8826146620353,65.4854586504593,43.5325173485062,65.1353613369303,1,1,0,1,1.82285785675049,1.82948184013367,1
88,"correct_model",51.4530182031938,1.45301820319378,5.14869094855201,-0.633488138824575,52.0865063420184,41.3617693765045,61.5442670298831,41.995257515329,62.1777551687077,1,1,0,1,1.9214780330658,1.92763900756836,1
89,"correct_model",51.1668010174412,1.16680101744124,5.75529348903888,0.563521558595305,50.6032794588459,39.8866330584672,62.4469689764153,39.3231114998719,61.88344741782,1,1,0,1,3.32241797447205,3.34321284294128,1
90,"correct_model",52.4348130177604,2.43481301776043,6.14762035518826,0.297274811517596,52.1375382062428,40.3856985309661,64.4839275045547,40.0884237194485,64.1866526930372,1,1,0,1,1.96287298202515,1.98579978942871,1
91,"correct_model",32.7607876056017,-17.2392123943983,5.13820654680505,-0.439070032177696,33.1998576377794,22.6900878287359,42.8314873824676,23.1291578609136,43.2705574146453,0,0,1,1,1.90922117233276,1.9156379699707,0
92,"correct_model",49.0200635500866,-0.97993644991341,4.75229244275144,0.341159383730378,48.6789041663562,39.7057415182919,58.3343855818813,39.3645821345615,57.9932261981509,1,1,0,1,1.98548007011414,1.99658608436584,1
93,"correct_model",45.3554833452802,-4.64451665471981,5.395423966867,-0.913419653740689,46.2689029990209,34.7806466888966,55.9303200016637,35.6940663426373,56.8437396554044,1,1,0,1,1.97344017028809,1.97992420196533,1
94,"correct_model",55.0811794858727,5.08117948587272,5.22174609726919,0.0753227359488093,55.0058567499239,44.8467451988125,65.3156137729329,44.7714224628637,65.2402910369841,1,1,0,1,1.92944884300232,1.93592405319214,1
95,"correct_model",50.665505767957,0.665505767957029,5.45706906716321,-0.874898669299085,51.5404044372561,39.9698469351695,61.3611646007445,40.8447456044686,62.2360632700436,1,1,0,1,3.35649108886719,3.36343097686768,1
96,"correct_model",51.9524683311743,1.9524683311743,4.75873909100552,-0.0627303756286466,52.015198706803,42.6255111009806,61.279425561368,42.6882414766092,61.3421559369966,1,1,0,1,1.91888403892517,1.93092703819275,1
97,"correct_model",59.7650571905585,9.76505719055851,5.41694252508182,0.418531545608843,59.3465256449497,49.1480449350747,70.3820694460423,48.7295133894658,69.9635379004335,1,1,0,1,1.88645005226135,1.90005803108215,1
98,"correct_model",53.0902508485549,3.09025084855492,4.91575787282207,-0.644691952985674,53.7349428015406,43.4555424611044,62.7249592360054,44.1002344140901,63.3696511889911,1,1,0,1,1.95823192596436,1.96501994132996,1
99,"correct_model",38.7025965877992,-11.2974034122008,4.74862890992295,-0.267000609594177,38.9695971973934,29.3954549484045,48.0097382271939,29.6624555579987,48.2767388367881,0,0,1,1,1.86078000068665,1.86724710464478,0
100,"correct_model",46.4591846540631,-3.54081534593691,5.67574280343494,0.500581159971844,45.9586034940912,35.3349331738182,57.583436134308,34.8343520138464,57.0828549743361,1,1,0,1,2.71511816978455,2.73409008979797,1
101,"correct_model",46.3914271898592,-3.60857281014081,4.72929790421718,-0.0832487751615503,46.4746759650207,37.1221736254328,55.6606807542856,37.2054224005943,55.7439295294472,1,1,0,1,1.82257199287415,1.82907581329346,1
102,"correct_model",48.4280510628222,-1.57194893717782,5.25625891128884,-0.30716847889034,48.7352195417125,38.1259729032783,58.730129222366,38.4331413821687,59.0372977012564,1,1,0,1,1.81749701499939,1.82372403144836,1
103,"correct_model",39.4675698197157,-10.5324301802843,4.90886524767236,0.0776024961233404,39.3899673235924,29.8463707293176,49.0887689101138,29.7687682331943,49.0111664139905,0,0,1,1,1.76849412918091,1.77568006515503,0
104,"correct_model",44.5129127877484,-5.48708721225157,4.68344122992305,0.523868262895789,43.9890445248526,35.3335366533893,53.6922889221076,34.8096683904935,53.1684206592118,1,1,0,1,1.7899432182312,1.79619312286377,1
105,"correct_model",52.097187270082,2.09718727008199,5.28447804669441,-1.27655091537382,53.3737381854558,41.7398006214684,62.4545739186956,43.0163515368422,63.7311248340694,1,1,0,1,1.89543008804321,1.9129650592804,1
106,"correct_model",45.9375418621712,-4.06245813782877,5.19635434395244,0.266219934168582,45.6713219280026,35.7528744971162,56.1222092272263,35.4866545629476,55.8559892930577,1,1,0,1,2.53857588768005,2.55261993408203,1
107,"correct_model",50.6763164337637,0.676316433763688,5.00483071452922,0.632001976667745,50.0443144570959,40.8670284845666,60.4856043829608,40.2350265078988,59.8536024062931,1,1,0,1,1.83405518531799,1.84067010879517,1
108,"correct_model",45.0757340362409,-4.92426596375907,5.14638797203364,0.614160434439057,44.4615736018019,34.9889989605849,55.162469111897,34.3748385261458,54.5483086774579,1,1,0,1,1.9305591583252,1.93686103820801,1
109,"correct_model",50.5527021688534,0.552702168853386,5.25380219985836,0.77772666236411,49.7749755064893,40.2554390752337,60.8499652624731,39.4777124128696,60.072238600109,1,1,0,1,1.94071292877197,1.9470591545105,1
110,"correct_model",43.601093451985,-6.39890654801501,6.01437441958248,0.912267813431583,42.6888256385534,31.8131362000643,55.3890507039056,30.9008683866328,54.4767828904741,1,1,0,1,1.84858918190002,1.85524702072144,1
111,"correct_model",60.9303135097711,10.9303135097711,5.79584388346473,-0.585630458614389,61.5159439683855,49.5706682381634,72.2899587813787,50.1562986967778,72.8755892399931,1,0,0,1,2.08116888999939,2.08930683135986,1
112,"correct_model",51.1694042054376,1.16940420543762,5.02868461313264,-0.188937728699607,51.3583419341372,41.3133634740869,61.0254449367883,41.5023012027865,61.2143826654879,1,1,0,1,1.99134492874146,2.00541996955872,1
113,"correct_model",47.59267513055,-2.40732486944995,5.21580231275193,-1.08174759781414,48.6744227283642,37.3698904470755,57.8154598140245,38.4516380448897,58.8972074118387,1,1,0,1,2.01402688026428,2.02047109603882,1
114,"correct_model",50.4453922915109,0.445392291510927,5.12685098310549,0.198453817922434,50.2469384735885,40.3969490105204,60.4938355725015,40.198495192598,60.295381754579,1,1,0,1,1.9069390296936,1.91832900047302,1
115,"correct_model",38.6163846837383,-11.3836153162617,4.79051821452309,0.0586000436395153,38.5577846400988,29.22714151599,48.0056278514867,29.1685414723504,47.9470278078472,0,0,1,1,2.02132415771484,2.02784204483032,0
116,"correct_model",47.5623502522639,-2.43764974773615,5.38566132163506,-0.547307196975119,48.109657449239,37.0066480289288,58.118052475599,37.5539552259039,58.6653596725741,1,1,0,1,1.85976195335388,1.86597204208374,1
117,"correct_model",46.7597631037805,-3.24023689621953,4.65918190194353,-0.657904695513459,47.4176677992939,37.6279343785503,55.8915918290106,38.2858390740638,56.5494965245241,1,1,0,1,1.99744892120361,2.0037260055542,1
118,"correct_model",54.3334565207695,4.33345652076947,5.09882029798345,0.557452841883226,53.7760036788862,44.3399523730801,64.3269606684588,43.7824995311969,63.7695078265756,1,1,0,1,1.83052706718445,1.83807396888733,1
119,"correct_model",49.3712582851675,-0.628741714832458,4.73377995300732,0.547849622882971,48.8234086622846,40.0932200665355,58.6492965037996,39.5453704436525,58.1014468809166,1,1,0,1,1.85733795166016,1.86389303207397,1
120,"correct_model",54.4801154904257,4.48011549042566,5.27019744815282,-0.618510527696358,55.098626018122,44.1507183006312,64.8095126802201,44.7692288283276,65.4280232079164,1,1,0,1,1.97079014778137,1.98432493209839,1
121,"correct_model",43.3215241529695,-6.67847584703048,4.99233941786721,0.305624570927236,43.0158995820423,33.5367186953501,53.1063296105889,33.2310941244229,52.8007050396617,1,1,0,1,1.80608916282654,1.81254100799561,1
122,"correct_model",42.8955003456215,-7.10449965437853,4.60295937445237,0.160106134915807,42.7353942107057,33.8738657493938,51.9171349418491,33.713759614478,51.7570288069333,1,1,0,1,2.01056790351868,2.02446508407593,1
123,"correct_model",58.2751678371807,8.2751678371807,5.67607734491186,0.420466358898707,57.854701478282,47.1502606676897,69.4000750066717,46.729794308791,68.979608647773,1,1,0,1,1.83353519439697,1.84365606307983,1
124,"correct_model",47.5401224008089,-2.45987759919115,5.36941799079825,-0.516241268097936,48.0563636689068,37.0162565209029,58.0639882807149,37.5324977890008,58.5802295488128,1,1,0,1,1.74790000915527,1.75463104248047,1
125,"correct_model",52.0723396572003,2.07233965720035,4.97943826571322,0.671381816359613,51.4009578408407,42.3128199931618,61.8318593212389,41.6414381768022,61.1604775048792,1,1,0,1,1.88285899162292,1.89474678039551,1
126,"correct_model",45.3607625693227,-4.63923743067726,4.66098516556426,-1.1533664316005,46.5141290009232,36.2253995123413,54.4961256263041,37.3787659439418,55.6494920579046,1,1,0,1,1.82616496086121,1.83266401290894,1
127,"correct_model",53.9426577678985,3.94265776789851,5.18417977662848,0.244865421425089,53.6977923464734,43.7818521163258,64.1034634194712,43.5369866949007,63.8585979980461,1,1,0,1,1.80844116210938,1.81998801231384,1
128,"correct_model",49.0287085457899,-0.971291454210075,5.53421202613196,-0.608387223805785,49.6370957695957,38.1818522917629,59.875564799817,38.7902395155686,60.4839520236228,1,1,0,1,2.08455204963684,2.09106087684631,1
129,"correct_model",54.3164442599734,4.31644425997344,5.32757886963129,0.433318583837782,53.8831256761357,43.8745815506995,64.7583069692474,43.4412629668617,64.3249883854096,1,1,0,1,1.78127193450928,1.78941011428833,1
130,"correct_model",48.6133547757484,-1.38664522425164,5.17696737042752,-0.0195736813321616,48.6329284570805,38.4666851805714,58.7600243709253,38.4862588619035,58.7795980522575,1,1,0,1,1.87781691551208,1.88395094871521,1
131,"correct_model",50.3114913044599,0.311491304459864,5.45858938333018,0.197583715940794,50.1139075885191,39.61285270674,61.0101299021797,39.4152689907992,60.8125461862389,1,1,0,1,1.87579107284546,1.88197207450867,1
132,"correct_model",44.4292484043245,-5.57075159567552,4.57088038402877,-0.276976331337792,44.7062247356623,35.4704874739875,53.3880093346615,35.7474638053253,53.6649856659993,1,1,0,1,1.84159898757935,1.84776592254639,1
133,"correct_model",54.8761762157071,4.87617621570713,6.33032908116668,0.0799500972467087,54.7962261184604,42.4689592063339,67.2833932250803,42.3890091090872,67.2034431278337,1,1,0,1,2.09532999992371,2.10173511505127,1
134,"correct_model",52.421353181633,2.42135318163305,6.15268153522738,-0.0608124701366819,52.4821656517697,40.3623189642428,64.4803873990233,40.4231314343795,64.54119986916,1,1,0,1,2.11931014060974,2.12765908241272,1
135,"correct_model",46.7861406459635,-3.21385935403647,4.76301002302546,-0.580852909082395,47.3669935550459,37.4508125428303,56.1214687490967,38.0316654519127,56.7023216581791,1,1,0,1,2.07346200942993,2.08433198928833,1
136,"correct_model",58.0377354467983,8.03773544679833,5.58587802133461,-0.423925634731852,58.4616610815302,47.0896157029486,68.985855190648,47.5135413376805,69.4097808253799,1,1,0,1,2.12513494491577,2.13136386871338,1
137,"correct_model",59.1383177473049,9.1383177473049,5.41909434586726,-0.498574853325657,59.6368926006306,48.5170880005804,69.7595474940294,49.0156628539061,70.258122347355,1,1,0,1,2.12642788887024,2.13280701637268,1
138,"correct_model",43.6062829280381,-6.39371707196187,4.898004085136,-0.415526639202938,44.0218095672411,34.0063713250415,53.2061945310347,34.4218979642444,53.6217211702377,1,1,0,1,2.1293568611145,2.13559985160828,1
139,"correct_model",49.6920083338012,-0.307991666198845,4.83253077991967,0.758175794926601,48.9338325388746,40.2204220509773,59.163594616625,39.4622462560507,58.4054188216984,1,1,0,1,2.03322005271912,2.03958678245544,1
140,"correct_model",52.5532034947492,2.55320349474924,5.74545186928186,-0.0565049178153032,52.6097084125645,41.2923247560485,63.81408223345,41.3488296738638,63.8705871512653,1,1,0,1,2.09208989143372,2.09908294677734,1
141,"correct_model",45.7980584989926,-4.2019415010074,5.26700297547879,0.115344632692683,45.6827138662999,35.4749223605889,56.1211946373963,35.3595777278962,56.0058500047036,1,1,0,1,2.1364848613739,2.14540195465088,1
142,"correct_model",45.7435330722755,-4.2564669277245,5.19017115018728,-0.257849407425496,46.001382479701,35.5709845443096,55.9160816002414,35.8288339517351,56.1739310076669,1,1,0,1,2.22832989692688,2.23448419570923,1
143,"correct_model",41.404441652854,-8.59555834714597,4.7219739567053,-0.255143130290556,41.6595847831446,32.1495427617755,50.6593405439325,32.4046858920661,50.9144836742231,1,1,0,1,2.09655094146729,2.10304117202759,1
144,"correct_model",49.8575272644866,-0.142472735513394,4.98984002137718,0.398873978548863,49.4586532859377,40.0776205339708,59.6374339950025,39.6787465554219,59.2385600164536,1,1,0,1,2.0962929725647,2.10251903533936,1
145,"correct_model",53.9273226779078,3.92732267790778,5.29885097850835,-0.520524540003045,54.4478472179108,43.5417656005866,64.312879755229,44.0622901405896,64.833404295232,1,1,0,1,2.24651098251343,2.25637316703796,1
146,"correct_model",51.3786307647742,1.37863076477424,4.75509426041507,0.888203904456603,50.4904268603176,42.0588172712676,60.6984442582809,41.170613366811,59.8102403538243,1,1,0,1,2.19130802154541,2.19764804840088,1
147,"correct_model",50.2579577334145,0.257957733414472,5.15617871731707,-0.403748841545323,50.6617065749598,40.1520331496211,60.3638823172079,40.5557819911664,60.7676311587532,1,1,0,1,2.13107299804688,2.13738799095154,1
148,"correct_model",51.6761783118131,1.67617831181315,5.21087574851285,0.496677983700039,51.1795003281131,41.4630495168148,61.8893071068115,40.9663715331147,61.3926291231115,1,1,0,1,2.10877990722656,2.11858296394348,1
149,"correct_model",51.4673878180552,1.46738781805524,4.92681035267543,0.15244929662142,51.3149385214338,41.8110169681523,61.1237586679582,41.6585676715309,60.9713093713367,1,1,0,1,2.27548408508301,2.28181600570679,1
150,"correct_model",56.9793972690115,6.97939726901149,5.61502026772181,-0.455169142105568,57.434566411117,45.9741597718143,67.9846347662087,46.4293289139199,68.4398039083142,1,1,0,1,2.0928590297699,2.09997510910034,1
151,"correct_model",50.223988167481,0.223988167481011,5.3716259267769,-0.00936060073073719,50.2333487682117,39.6957948125767,60.7521815223853,39.7051554133074,60.761542123116,1,1,0,1,2.25083208084106,2.2573549747467,1
152,"correct_model",48.2765184830363,-1.7234815169637,5.73984532136325,0.0241612133067406,48.2523572697296,37.0266283763336,59.526408589739,37.0024671630269,59.5022473764323,1,1,0,1,2.1794958114624,2.18620705604553,1
153,"correct_model",49.6775109951773,-0.322489004822657,4.96158323497159,0.438768241655438,49.2387427535219,39.9529865483353,59.4020354420194,39.5142183066799,58.963267200364,1,1,0,1,2.23731303215027,2.24536108970642,1
154,"correct_model",54.926758702025,4.926758702025,5.40624905788228,-0.318884082132335,55.2456427841573,44.3307052571221,65.5228121469278,44.6495893392545,65.8416962290602,1,1,0,1,2.30246686935425,2.30893611907959,1
155,"correct_model",53.2245543704665,3.22455437046654,5.67094327260791,0.0179524396798882,53.2066019307866,42.1097097977853,64.3393989431477,42.0917573581054,64.3214465034679,1,1,0,1,2.0165228843689,2.0228099822998,1
156,"correct_model",46.6739425376573,-3.32605746234273,5.20053182332583,0.175774925786392,46.4981676118709,36.4810874634842,56.8667976118303,36.3053125376978,56.6910226860439,1,1,0,1,1.99316096305847,1.9999988079071,1
157,"correct_model",60.0750260777988,10.0750260777988,5.48277604879463,-0.340954216661736,60.4159802944605,49.3289824868625,70.8210696687351,49.6699367035242,71.1620238853968,1,1,0,1,2.01583695411682,2.02206087112427,1
158,"correct_model",47.3949571429454,-2.60504285705457,4.41301526355465,-0.159296270873,47.5542534138184,38.7456061631528,56.0443081227381,38.9049024340258,56.2036043936111,1,1,0,1,2.0108528137207,2.01712894439697,1
159,"correct_model",44.8169111885805,-5.18308881141954,4.85765020576503,0.306547390756037,44.5103637978244,35.2960917357874,54.3377306413735,34.9895443450314,54.0311832506175,1,1,0,1,1.9207980632782,1.92708086967468,1
160,"correct_model",53.4831179160927,3.48311791609265,5.40220838936311,-0.474913792082319,53.958031708175,42.8949840359608,64.0712517962245,43.3698978280432,64.5461655883068,1,1,0,1,2.08746409416199,2.09378886222839,1
161,"correct_model",55.1198417770019,5.11984177700194,4.7043722838716,0.159816262110752,54.9600255148912,45.8994415307452,64.3402420232587,45.7396252686344,64.180425761148,1,1,0,1,2.013188123703,2.02215123176575,1
162,"correct_model",40.9721439166056,-9.02785608339438,4.65879275685681,-0.794428269186618,41.7665721857922,31.8410779017302,50.103209931481,32.6355061709168,50.8976382006676,1,1,0,1,2.04642605781555,2.0630350112915,1
163,"correct_model",50.3495816562338,0.349581656233823,5.06438464493078,-0.736793457257384,51.0863751134912,40.4235701483118,60.2755931641558,41.1603636055692,61.0123866214132,1,1,0,1,1.99073696136475,1.99688792228699,1
164,"correct_model",46.3147808255051,-3.68521917449492,5.74226269903698,0.743322024778877,45.5714588007262,35.0601527456248,57.5694089053853,34.316830720846,56.8260868806064,1,1,0,1,2.02554607391357,2.04244518280029,1
165,"correct_model",47.861549015139,-2.13845098486102,4.32001838507521,-0.0791831736645534,47.9407321888035,39.3944685678407,56.3286294624373,39.4736517415052,56.4078126361018,1,1,0,1,2.00949001312256,2.02171301841736,1
166,"correct_model",58.5497697006513,8.54976970065131,5.67888032312246,0.871493466585321,57.678276234066,47.4193687948181,69.6801706064845,46.5478753282328,68.8086771398992,1,1,0,1,2.01425719261169,2.02068114280701,1
167,"correct_model",56.1121801475979,6.11218014759794,6.03012797442777,-0.0915983789898789,56.2037785265878,44.293346495552,67.9310137996438,44.3849448745419,68.0226121786337,1,1,0,1,2.1034209728241,2.10957813262939,1
168,"correct_model",53.7011769248273,3.70117692482732,6.09200530513058,0.248115033811111,53.4530618910162,41.7610659331445,65.6412879165102,41.5129508993333,65.3931728826991,1,1,0,1,2.06423306465149,2.07804203033447,1
169,"correct_model",48.9862306388933,-1.01376936110669,4.49845566682374,-0.45523969732772,49.441470336221,40.1694195458687,57.803041731918,40.6246592431964,58.2582814292457,1,1,0,1,2.02990698814392,2.03589797019958,1
170,"correct_model",51.8353105671517,1.83531056715169,5.25489902113792,0.511845917645275,51.3234646495064,41.5358977433266,62.1347233909768,41.0240518256813,61.6228774733315,1,1,0,1,2.06438088417053,2.07309293746948,1
171,"correct_model",44.0210555590065,-5.9789444409935,5.0354099933592,-0.22287215033738,44.2439277093439,34.1518333246294,53.8902777933836,34.3747054749668,54.113149943721,1,1,0,1,2.0864589214325,2.09266495704651,1
172,"correct_model",54.8064729856453,4.80647298564532,5.22320497225957,-0.0915549204923707,54.8980279061377,44.569179356146,65.0437666151446,44.6607342766384,65.135321535637,1,1,0,1,1.91026997566223,1.91647410392761,1
173,"correct_model",47.3232299424849,-2.6767700575151,5.3427362618856,0.9214715603785,46.4017583821064,36.851659290293,57.7948005946768,35.9301877299145,56.8733290342983,1,1,0,1,1.94180107116699,1.94798016548157,1
174,"correct_model",47.7110421103639,-2.28895788963606,4.89748239532306,0.525419777424268,47.1856223329397,38.1121530006118,57.3099312201161,37.5867332231875,56.7845114426918,1,1,0,1,1.84960198402405,1.86515998840332,1
175,"correct_model",44.2805105184611,-5.71948948153893,4.91629119939817,-0.0479265810443934,44.3284370995055,34.6447568301294,53.9162642067927,34.6926834111738,53.9641907878371,1,1,0,1,2.02476596832275,2.0341329574585,1
176,"correct_model",53.1457522682166,3.14575226821657,4.72800617541242,-0.142193838888943,53.2879461071055,43.8790304457253,62.4124740907079,44.0212242846142,62.5546679295968,1,1,0,1,1.96657705307007,1.97294211387634,1
177,"correct_model",52.8166257885716,2.81662578857161,5.38636106045704,-0.0203617952000812,52.8369875837717,42.2595521023468,63.3736994747964,42.2799138975469,63.3940612699965,1,1,0,1,2.0369279384613,2.04339408874512,1
178,"correct_model",52.8785722833069,2.87857228330685,4.69773658557421,0.455250015166605,52.4233222681402,43.6711777667252,62.0859667998885,43.2159277515586,61.6307167847219,1,1,0,1,2.14571213722229,2.15180683135986,1
179,"correct_model",53.919796508388,3.91979650838796,6.02471743559138,0.634189770712531,53.2856067376754,42.1115673175984,65.7280256991776,41.4773775468858,65.093835928465,1,1,0,1,2.01194500923157,2.02173900604248,1
180,"correct_model",57.6253666081476,7.62536660814759,5.47993675149125,-0.239233303288977,57.8645999114366,46.8848879376673,68.3658452786278,47.1241212409563,68.6050785819168,1,1,0,1,2.12064290046692,2.1326310634613,1
181,"correct_model",56.2397433499707,6.23974334997068,5.17469514817843,-0.2146228880626,56.4543662380333,46.0975272285668,66.3819594713746,46.3121501166294,66.5965823594371,1,1,0,1,2.07878804206848,2.08497905731201,1
182,"correct_model",51.3623268412837,1.36232684128368,5.1592805231229,-0.60393821769123,51.9662650589749,41.2503228298238,61.4743308527435,41.854261047515,62.0782690704348,1,1,0,1,2.11454916000366,2.12094497680664,1
183,"correct_model",54.137439753881,4.13743975388103,5.08262718195471,0.226234518968653,53.9112052349124,44.1756735304055,64.0992059773566,43.9494390114368,63.8729714583879,1,1,0,1,2.09725093841553,2.10357403755188,1
184,"correct_model",46.6429227783877,-3.35707722161229,4.45454731437363,-0.305432605413948,46.9483553838017,37.9121704747858,55.3736750819897,38.2176030801997,55.6791076874036,1,1,0,1,1.96847200393677,1.98136615753174,1
185,"correct_model",57.4696277719091,7.46962777190913,5.69060088155203,0.213746341830969,57.2558814300782,46.3162549936753,68.623000550143,46.1025086518443,68.409254208312,1,1,0,1,2.08718299865723,2.09906315803528,1
186,"correct_model",48.0953850660761,-1.9046149339239,4.53678891753248,-0.812159263839817,48.9075443299159,39.203442182252,56.9873279499002,40.0156014460918,57.79948721374,1,1,0,1,2.07014489173889,2.08351898193359,1
187,"correct_model",46.9773192886322,-3.02268071136783,5.51099713775767,-0.167488397170075,47.1448076858022,36.1759633797238,57.7786751975405,36.3434517768939,57.9461635947106,1,1,0,1,2.07905888557434,2.08545899391174,1
188,"correct_model",47.0999280605975,-2.90007193940251,4.53889598481376,-0.0841158673385678,47.1840439279361,38.2038554007891,55.9960007204059,38.2879712681276,56.0801165877445,1,1,0,1,2.04167699813843,2.04844903945923,1
189,"correct_model",53.756413111405,3.75641311140505,5.71555448886551,-0.704100794070307,54.4605139054754,42.5541321615524,64.9586940612577,43.2582329556227,65.662794855328,1,1,0,1,2.14352512359619,2.15030217170715,1
190,"correct_model",57.5701365721476,7.57013657214763,5.21970767228683,0.10125498597656,57.4688815861711,47.339697524638,67.8005756196572,47.2384425386615,67.6993206336807,1,1,0,1,2.03569197654724,2.04186511039734,1
191,"correct_model",42.5919259076246,-7.40807409237539,4.76290500951412,0.464413732799429,42.1275121748252,33.2568036271915,51.9270481880577,32.7923898943921,51.4626344552583,1,1,0,1,1.95420694351196,1.96082711219788,1
192,"correct_model",60.616446427518,10.616446427518,5.12561735396284,-0.153514250618642,60.7699606781367,50.5704210152174,70.6624718398187,50.723935265836,70.8159860904373,0,0,1,1,2.12412118911743,2.13150310516357,0
193,"correct_model",55.9291254524868,5.9291254524868,5.2782670781405,-0.124781288789755,56.0539067412766,45.583912078548,66.2743388264256,45.7086933673377,66.3991201152154,1,1,0,1,2.14320302009583,2.14943885803223,1
194,"correct_model",54.6420952600318,4.64209526003184,6.28267402185525,0.452293411135223,54.1898018488966,42.3282804505901,66.9559100694735,41.8759870394549,66.5036166583383,1,1,0,1,1.94867706298828,1.96862292289734,1
195,"correct_model",45.3370513781269,-4.66294862187313,4.77724198990776,-0.0471424278121617,45.384193805939,35.9738291324752,54.7002736237785,36.0209715602874,54.7474160515907,1,1,0,1,2.05172300338745,2.05879402160645,1
196,"correct_model",49.5082875271448,-0.491712472855241,5.84566719558771,-0.509417180099042,50.0177047072438,38.0509903581856,60.9655846961039,38.5604075382846,61.475001876203,1,1,0,1,2.13370490074158,2.14079308509827,1
197,"correct_model",59.0754406724824,9.07544067248236,5.47262756732111,-0.17295783812024,59.2483985106026,48.3492877397319,69.8015936052328,48.5222455778522,69.974551443353,1,1,0,1,1.99023389816284,1.99683094024658,1
198,"correct_model",54.8447546598555,4.8447546598555,5.20224557911857,-0.584486211416738,55.4292408712722,44.6485406860504,65.0409686336606,45.2330268974671,65.6254548450774,1,1,0,1,2.0117359161377,2.01830005645752,1
199,"correct_model",44.6498977038581,-5.35010229614193,5.66645785527414,-0.335026747946877,44.984924451805,33.5438443876067,55.7559510201095,33.8788711355536,56.0909777680563,1,1,0,1,2.25211405754089,2.2586669921875,1
200,"correct_model",54.9977340587491,4.99773405874909,5.83640425185795,0.472594971743462,54.5251390870056,43.5585919258911,66.4368761916071,43.0859969541476,65.9642812198637,1,1,0,1,2.06482601165771,2.07153296470642,1
201,"correct_model",67.4556005231006,17.4556005231006,6.07949482160536,0.193833680176851,67.2617668429237,55.5400096285563,79.3711914176448,55.3461759483794,79.177357737468,0,0,1,1,1.98884892463684,1.99513101577759,0
202,"correct_model",51.7499818006713,1.74998180067126,5.19079321050676,-0.351158229547018,52.1011400302183,41.576214056883,61.9237495444595,41.92737228643,62.2749077740066,1,1,0,1,1.95660996437073,1.96354389190674,1
203,"correct_model",46.7036380297336,-3.29636197026637,4.59930722038467,-0.776791000743195,47.4804290304768,37.6891615239446,55.7181145355226,38.4659525246878,56.4949055362658,1,1,0,1,1.99730205535889,2.00372314453125,1
204,"correct_model",47.9011355628224,-2.09886443717757,4.90870320924992,-0.268517071845579,48.169652634668,38.2802540618964,57.5220170637485,38.548771133742,57.790534135594,1,1,0,1,2.07015490531921,2.07676315307617,1
205,"correct_model",47.2504977033353,-2.74950229666474,5.39519206761655,0.0276109421371586,47.2228867611981,36.6761155611306,57.8248798455399,36.6485046189935,57.7972689034027,1,1,0,1,2.31942701339722,2.3261890411377,1
206,"correct_model",62.9401794277328,12.9401794277328,5.52226046264178,-0.371548964206632,63.3117283919394,52.1167478077054,73.7636110477602,52.488296771912,74.1351600119668,0,0,1,1,2.08050894737244,2.08687591552734,0
207,"correct_model",55.6773451540885,5.67734515408851,5.48532727621225,0.153126746989031,55.5242184070995,44.9263012492973,66.4283890588797,44.7731745023083,66.2752623118907,1,1,0,1,2.0510790348053,2.05788612365723,1
208,"correct_model",52.7606776294496,2.76067762944957,5.39713595019593,-0.159890596280214,52.9205682257298,42.1824855473992,63.3388697115,42.3423761436794,63.4987603077802,1,1,0,1,1.99228501319885,2.00486016273499,1
209,"correct_model",40.3648421397562,-9.63515786024381,4.84187123869898,0.0150661752655523,40.3497759644906,30.8749488941259,49.8547353853865,30.8598827188603,49.839669210121,0,0,1,1,2.02475214004517,2.03105211257935,0
210,"correct_model",44.7213774775827,-5.27862252241727,4.70687874861408,0.585939415571843,44.1354380620109,35.4960646507022,53.9466903044633,34.9101252351303,53.3607508888914,1,1,0,1,1.94746899604797,1.9543890953064,1
211,"correct_model",38.8633651943083,-11.1366348056917,4.74011997500253,0.410217626083892,38.4531475682244,29.5729007609044,48.1538296277122,29.1626831348205,47.7436120016283,0,0,1,1,2.05578780174255,2.06251096725464,0
212,"correct_model",46.5526470995456,-3.44735290045445,5.34476917499427,0.42977769832045,46.1228694012251,36.0770920108769,57.0282021882142,35.6473143125565,56.5984244898937,1,1,0,1,2.04727506637573,2.05346608161926,1
213,"correct_model",53.6938327407712,3.69383274077123,5.61702780631108,-0.107823977920702,53.8016567186919,42.6846605402415,64.703004941301,42.7924845181622,64.8108289192217,1,1,0,1,2.0341649055481,2.0438220500946,1
214,"correct_model",46.5868562571155,-3.41314374288454,4.66616969001215,-0.312696999428326,46.8995532565438,37.4413317189392,55.7323807952917,37.7540287183676,56.04507779472,1,1,0,1,2.02196311950684,2.02820086479187,1
215,"correct_model",47.3578436036066,-2.64215639639336,5.36290985861282,-0.463753832493317,47.8215974361,36.8467334283907,57.8689537788226,37.310487260884,58.3327076113159,1,1,0,1,2.10385894775391,2.11370301246643,1
216,"correct_model",56.5284284225047,6.52842842250473,5.15367042591272,-0.622045949019139,57.1504743715239,46.4274199995266,66.6294368454829,47.0494659485457,67.251482794502,1,1,0,1,2.05438709259033,2.06309103965759,1
217,"correct_model",45.8988632023875,-4.10113679761254,5.13814635867434,1.01842785946826,44.8804353429192,35.8282813920901,55.9694450126848,34.8098535326219,54.9510171532165,1,1,0,1,1.98018002510071,1.98674607276917,1
218,"correct_model",44.0709263195982,-5.92907368040177,5.28033564420113,0.744459086552965,43.3264672330453,33.7216586306809,54.4201940085155,32.977199544128,53.6757349219626,1,1,0,1,2.03535199165344,2.04163885116577,1
219,"correct_model",46.1363883518031,-3.86361164819694,5.08139894240397,0.686517789956007,45.4498705618471,36.1770294336114,56.0957472699948,35.4905116436554,55.4092294800388,1,1,0,1,2.03047919273376,2.03728318214417,1
220,"correct_model",52.9036804447429,2.90368044474293,5.16013786036921,-0.196286569099833,53.0999670138428,42.7899960831577,63.0173648063282,42.9862826522575,63.213651375428,1,1,0,1,1.92482590675354,1.95962500572205,1
221,"correct_model",47.16403081527,-2.83596918472996,5.16055150493617,0.0899677232345582,47.0740630920355,37.0495357252312,57.2785259053089,36.9595680019966,57.1885581820743,1,1,0,1,2.05738615989685,2.06381177902222,1
222,"correct_model",50.1675780952213,0.167578095221259,4.98820676009146,0.458290309614213,49.709287785607,40.3908724980028,59.9442836924398,39.9325821883886,59.4859933828255,1,1,0,1,2.09006810188293,2.10256314277649,1
223,"correct_model",65.4327111429031,15.4327111429031,5.65416889461328,0.24139554030991,65.1913156025932,54.3507437469544,76.5146785388518,54.1093482066445,76.2732829985419,0,0,1,1,2.00812697410583,2.01438498497009,0
224,"correct_model",42.9066351244721,-7.09336487552785,4.68764632438697,-0.361675379625481,43.2683105040976,33.7190171564121,52.0942530925322,34.0806925360376,52.4559284721576,1,1,0,1,2.08243322372437,2.08871603012085,1
225,"correct_model",45.3065759043614,-4.69342409563858,4.98053560210193,-0.000137218874911582,45.3067131232363,35.5449055005221,55.0682463082007,35.545042719397,55.0683835270756,1,1,0,1,2.01838517189026,2.02461695671082,1
226,"correct_model",56.1206261588475,6.12062615884754,6.61290409105576,0.118142185673499,56.002483973174,43.1595723071607,69.0816800105344,43.0414301214872,68.9635378248609,1,1,0,1,2.02824807167053,2.03496313095093,1
227,"correct_model",49.3255259913852,-0.674474008614823,4.70108885849354,-0.00914662679480216,49.33467261818,40.1115611406153,58.539490842155,40.1207077674101,58.5486374689498,1,1,0,1,1.93334293365479,1.93993186950684,1
228,"correct_model",48.0057930700213,-1.9942069299787,4.69120465774294,-0.174100440330726,48.179893510352,38.8112008967386,57.200385243304,38.9853013370693,57.3744856836347,1,1,0,1,2.14574599266052,2.15922784805298,1
229,"correct_model",46.3210866937906,-3.67891330620942,4.81062250198118,0.710658247140103,45.6104284466505,36.8924398466895,55.7497335408917,36.1817815995494,55.0390752937516,1,1,0,1,1.98271703720093,1.98961210250854,1
230,"correct_model",47.593698468941,-2.406301531059,4.89069965686609,0.38587290309038,47.2078255658506,38.0081032822811,57.1792936556009,37.6222303791907,56.7934207525106,1,1,0,1,2.13633179664612,2.14269018173218,1
231,"correct_model",52.1158703967149,2.11587039671487,5.30050044645102,0.929407382417999,51.1864630142969,41.7270804216324,62.5046603717973,40.7976730392144,61.5752529893793,1,1,0,1,2.22700500488281,2.23830008506775,1
232,"correct_model",49.2800106283602,-0.719989371639834,4.7065497228478,-0.0944131474370593,49.3744237757972,40.0553426801315,58.5046785765888,40.1497558275686,58.5990917240259,1,1,0,1,1.94902515411377,1.9597110748291,1
233,"correct_model",51.8730523995576,1.87305239955759,4.92397193141862,0.430621329325383,51.4424310702322,42.222244753091,61.5238600460242,41.7916234237656,61.0932387166988,1,1,0,1,1.91885900497437,1.93760704994202,1
234,"correct_model",57.29881445328,7.29881445327999,5.03330043230303,-0.549252173843911,57.8480666271239,47.4337268825962,67.1639020239638,47.9829790564401,67.7131541978077,1,1,0,1,2.07214903831482,2.07840490341187,1
235,"correct_model",57.3554481124343,7.35544811243432,5.30097901188653,0.148701560203001,57.2067465522313,46.965720166334,67.7451760585346,46.817018606131,67.5964744983316,1,1,0,1,2.07313704490662,2.08360910415649,1
236,"correct_model",47.5423574757895,-2.4576425242105,5.0139188631148,-0.635981309855588,48.1783387856451,37.7152570826785,57.3694578689005,38.3512383925341,58.0054391787561,1,1,0,1,1.99963593482971,2.01046895980835,1
237,"correct_model",46.3155249458386,-3.68447505416141,4.45488492549133,0.691856694604553,45.623668251234,37.5841109366052,55.046938955072,36.8922542420006,54.3550822604674,1,1,0,1,1.99637413024902,2.01360702514648,1
238,"correct_model",51.8500325031756,1.85003250317561,4.50811479228732,-0.123396502638336,51.973429005814,43.0142898721202,60.685775134231,43.1376863747585,60.8091716368694,1,1,0,1,1.92561888694763,1.93252396583557,1
239,"correct_model",42.7227809021001,-7.27721909789987,5.36103505074216,-1.09379070728171,43.8165716093818,32.2153452827886,53.2302165214116,33.3091359900703,54.3240072286933,1,1,0,1,2.0327160358429,2.05245995521545,1
240,"correct_model",49.83369835358,-0.166301646419996,4.97543479821043,0.12694353881345,49.7067548147666,40.0820253416603,59.5853713654997,39.9550818028468,59.4584278266863,1,1,0,1,2.03120398521423,2.03782892227173,1
241,"correct_model",53.0738620765262,3.07386207652621,5.25984400588146,0.681101714855707,52.3927603616705,42.7647572606997,63.3829668923528,42.083655545844,62.701865177497,1,1,0,1,2.0845730304718,2.11553192138672,1
242,"correct_model",52.0750656875435,2.07506568754349,5.23884331013631,-0.305492417507494,52.380558105051,41.8071214790277,62.3430098960592,42.1126138965352,62.6485023135667,1,1,0,1,1.98151588439941,1.98793196678162,1
243,"correct_model",49.9849765522328,-0.0150234477671773,5.12500670934319,0.225741103352817,49.75923544888,39.940147981394,60.0298051230716,39.7144068780412,59.8040640197188,1,1,0,1,2.15935516357422,2.16613006591797,1
244,"correct_model",45.1909988349325,-4.80900116506751,4.7888572508915,0.537603098064274,44.6533957368682,35.8050110960816,54.5769865737833,35.2674079980174,54.039383475719,1,1,0,1,2.52549195289612,2.5316789150238,1
245,"correct_model",57.9751671467598,7.9751671467598,5.80689807761456,-0.367374579638444,58.3425417263982,46.5938560527404,69.3564782407792,46.9612306323788,69.7238528204177,1,1,0,1,2.41916704177856,2.42531800270081,1
246,"correct_model",42.8339681023837,-7.16603189761634,4.92326189818135,0.0562569974507596,42.7777111049329,33.1845520954899,52.4833841092774,33.1282950980392,52.4271271118267,1,1,0,1,2.4965968132019,2.50300598144531,1
247,"correct_model",57.69499804658,7.69499804657995,5.43572009046576,-0.527757876593675,58.2227559231736,47.0411824392263,68.3488136539336,47.5689403158199,68.8765715305273,1,1,0,1,2.54182410240173,2.54846000671387,1
248,"correct_model",58.2716231647794,8.27162316477936,5.23924944364115,0.229253198169232,58.0423699666101,48.0028829492212,68.5403633803375,47.773629751052,68.3111101821683,1,1,0,1,2.50611400604248,2.516282081604,1
249,"correct_model",58.6478003808802,8.64780038088021,5.72909276597706,-0.752029557146969,59.3998299380272,47.4189848954762,69.8766158662842,48.1710144526232,70.6286454234312,1,1,0,1,2.1642119884491,2.17143797874451,1
250,"correct_model",57.0362212645899,7.0362212645899,5.17651911031832,0.229179171735169,56.8070420928547,46.8904302430827,67.1820122860971,46.6612510713475,66.952833114362,1,1,0,1,2.45910096168518,2.46537399291992,1
251,"correct_model",50.0250409591615,0.0250409591615366,5.23486204088756,0.0576367912263578,49.9674041679352,39.7648998949861,60.285182023337,39.7072631037597,60.2275452321106,1,1,0,1,2.4954948425293,2.50183200836182,1
252,"correct_model",55.0928825780831,5.09288257808312,6.29954860336839,0.190459642960121,54.902422935123,42.7459941966215,67.4397709595448,42.5555345536614,67.2493113165847,1,1,0,1,2.50803112983704,2.51426792144775,1
253,"correct_model",48.4572434978821,-1.54275650211794,5.81920700945553,0.192423150863455,48.2648203470186,37.0518073407662,59.8626796549979,36.8593841899027,59.6702565041345,1,1,0,1,2.48181986808777,2.49187994003296,1
254,"correct_model",41.8961219550906,-8.10387804490939,5.35069264338029,0.753048166443556,41.143073788647,31.4089570817218,52.3832868284594,30.6559089152783,51.6302386620158,1,1,0,1,2.30615210533142,2.3126711845398,1
255,"correct_model",42.4975323275181,-7.50246767248191,4.88821736587379,0.677008943305509,41.8205233842126,32.9168023418022,52.078262313234,32.2397933984967,51.4012533699285,1,1,0,1,1.97464299201965,1.98122596740723,1
256,"correct_model",42.2440871767055,-7.75591282329451,4.83798208293177,-0.279090834109965,42.5231780108155,32.7618165363092,51.7263578171018,33.0409073704191,52.0054486512118,1,1,0,1,1.94886708259583,1.95515894889832,1
257,"correct_model",45.691637016592,-4.30836298340802,5.24595283379939,-0.0235984378225709,45.7152354544146,35.4097583977493,55.9735156354346,35.4333568355719,55.9971140732572,1,1,0,1,1.91327404975891,1.91947412490845,1
258,"correct_model",44.4920813096087,-5.50791869039132,5.18153993243258,-0.594110651524566,45.0861919611332,34.3364496575847,54.6477129616326,34.9305603091093,55.2418236131572,1,1,0,1,1.93328905105591,1.9395010471344,1
259,"correct_model",53.1960136452903,3.19601364529031,5.69624014626862,0.29308958431568,52.9029240609746,42.0315881113127,64.360439179268,41.738498526997,64.0673495949523,1,1,0,1,2.02046704292297,2.02695608139038,1
260,"correct_model",46.0512503025985,-3.94874969740148,5.40867638460601,0.515243045095005,45.5360072575035,35.4504393847384,56.6520612204586,34.9351963396434,56.1368181753636,1,1,0,1,2.30125689506531,2.30777907371521,1
261,"correct_model",48.0240934817171,-1.97590651828294,4.46523272798819,-0.724682669717986,48.748776151435,39.2723981522707,56.7757888111634,39.9970808219887,57.5004714808814,1,1,0,1,1.93468594551086,1.94094586372375,1
262,"correct_model",43.2499836803769,-6.7500163196231,4.68793909117732,0.239202212571719,43.0107814678052,34.0617918999519,52.4381754608019,33.8225896873802,52.1989732482302,1,1,0,1,1.94022917747498,1.94853281974792,1
263,"correct_model",49.61960696586,-0.380393034139971,4.79478677521178,-0.480812455143301,50.1004194210033,40.221997572896,59.0172163588241,40.7028100280393,59.4980288139674,1,1,0,1,1.91835308074951,1.92455101013184,1
264,"correct_model",48.515790075609,-1.48420992439104,5.66153298102652,-0.487821542597466,49.0036116182064,37.4193893355113,59.6121908157066,37.9072108781088,60.1000123583041,1,1,0,1,1.88267588615417,1.88906002044678,1
265,"correct_model",44.2512205999592,-5.74877940004082,5.50930585117266,0.512029143192223,43.739191456767,33.453179551845,55.0492616480734,32.9411504086528,54.5372325048812,1,1,0,1,2.00583100318909,2.01216697692871,1
266,"correct_model",52.0862071333293,2.08620713332934,5.87296486760608,0.191717019990662,51.8944901133387,40.5754075103524,63.5970067563063,40.3836904903617,63.4052897363156,1,1,0,1,2.07651805877686,2.08461284637451,1
267,"correct_model",61.9603359110909,11.9603359110909,6.31318720785637,0.987413992510831,60.97292191858,49.5867163560334,74.3339554661483,48.5993023635226,73.3465414736375,1,1,0,1,1.91424894332886,1.92236518859863,1
268,"correct_model",58.1447547502136,8.14475475021361,6.18152008349093,0.141393150118255,58.0033616000954,46.0291980168604,70.2603114835669,45.8878048667421,70.1189183334486,1,1,0,1,1.97869610786438,1.99121284484863,1
269,"correct_model",44.0135812190215,-5.98641878097845,5.67187961460744,-0.558632914084143,44.5722141331057,32.896901449744,55.1302609882991,33.4555343638282,55.6888939023832,1,1,0,1,2.07071590423584,2.07811093330383,1
270,"correct_model",51.1367336442382,1.13673364423823,4.8678981543752,0.318471422976359,50.8182622212619,41.5958285812538,60.6776387072226,41.2773571582775,60.3591672842463,1,1,0,1,1.95100402832031,1.95717096328735,1
271,"correct_model",49.4518078994801,-0.548192100519856,5.75121919877955,0.499868942978196,48.951938956502,38.1796254026769,60.7239903962834,37.6797564596987,60.2241214533052,1,1,0,1,2.02040886878967,2.03473496437073,1
272,"correct_model",52.0352028634604,2.03520286346037,5.03025007312475,0.44354442272202,51.5916584407383,42.1760938869059,61.8943118400149,41.7325494641839,61.4507674172928,1,1,0,1,1.97618389129639,1.98878693580627,1
273,"correct_model",52.6586564458899,2.65865644588995,5.31842878094191,-0.301808467540887,52.9604649134308,42.2347275809025,63.0825853108773,42.5365360484434,63.3843937784182,1,1,0,1,2.2017080783844,2.20791006088257,1
274,"correct_model",54.0169918485227,4.01699184852266,5.49132230142192,0.111338791516182,53.9056530570065,43.2541979102341,64.7797857868112,43.1428591187179,64.668446995295,1,1,0,1,1.91519808769226,1.92848300933838,1
275,"correct_model",47.532482101286,-2.46751789871395,4.70336485894501,-0.556930083131626,48.0894121844177,38.3140563716025,56.7509078309696,38.8709864547342,57.3078379141012,1,1,0,1,1.96091485023499,1.97094798088074,1
276,"correct_model",45.3584565804667,-4.64154341953328,4.95108124899402,0.544606494192656,44.8138500862741,35.6545156479069,55.0623975130266,35.1099091537142,54.5177910188339,1,1,0,1,1.9626898765564,1.97032594680786,1
277,"correct_model",52.3395998786272,2.3395998786272,5.04185003090802,0.401928726964329,51.9376711516629,42.4577554025953,62.2214443546591,42.055826675631,61.8195156276948,1,1,0,1,2.03000903129578,2.0430748462677,1
278,"correct_model",43.9557793390875,-6.04422066091254,4.51782091801951,0.141057491806009,43.8147218472814,35.1010130511675,52.8105456270074,34.9599555593615,52.6694881352014,1,1,0,1,1.89903903007507,1.90528392791748,1
279,"correct_model",56.2038895384235,6.20388953842354,5.20127351013543,1.0232757067286,55.1806138316949,46.0095807848159,66.3981982920312,44.9863050780873,65.3749225853026,1,1,0,1,2.00213980674744,2.01049399375916,1
280,"correct_model",48.3456067370803,-1.65439326291967,5.26630340219459,-0.177113255453172,48.5227199925335,38.0238417371182,58.6673717370425,38.2009549925713,58.8444849924957,1,1,0,1,1.99075078964233,2.0004301071167,1
281,"correct_model",55.2265971903962,5.22659719039623,4.8253032156484,-1.36290665783063,56.5895038482269,45.7691766732401,64.6840177075524,47.1320833310707,66.046924365383,1,1,0,1,1.98314905166626,1.98936200141907,1
282,"correct_model",49.6315703627491,-0.368429637250941,4.90110314536882,-0.0560241554090837,49.6875945181581,40.0255847133102,59.2375560121879,40.0816088687193,59.293580167597,1,1,0,1,2.04804587364197,2.05902910232544,1
283,"correct_model",49.3992455727399,-0.600754427260121,5.11042021797668,-0.0354010340840247,49.4346466068239,39.3830059996403,59.4154851458395,39.4184070337243,59.4508861799235,1,1,0,1,1.90236210823059,1.9087119102478,1
284,"correct_model",40.7604120038541,-9.23958799614589,4.46251914583111,-0.0287422823667072,40.7891542862208,32.0140351977047,49.5067888100035,32.0427774800714,49.5355310923702,0,0,1,1,2.03450512886047,2.0408718585968,0
285,"correct_model",49.7149314886709,-0.285068511329072,4.42429234704008,0.194078898879418,49.5208525897915,41.0434778313962,58.3863851459457,40.8493989325168,58.1923062470663,1,1,0,1,1.95899200439453,1.96524596214294,1
286,"correct_model",52.4435327823368,2.44353278233679,4.82118204966562,0.233198510214145,52.2103342721226,42.9941896020812,61.8928759625924,42.760991091867,61.6596774523783,1,1,0,1,1.97815108299255,1.986407995224,1
287,"correct_model",50.6381018401901,0.638101840190103,5.55954694395636,-0.259170425928332,50.8972722661184,39.7415900596759,61.5346136207043,40.0007604856043,61.7937840466326,1,1,0,1,1.94257092475891,1.95318007469177,1
288,"correct_model",44.5678951668931,-5.4321048331069,5.40983152463285,0.434216783812694,44.1336783830804,33.9648202161833,55.1709701176029,33.5306034323706,54.7367533337902,1,1,0,1,1.89748501777649,1.90928816795349,1
289,"correct_model",52.4356015527694,2.43560155276937,4.65451693268293,-0.115660511882467,52.5512620646518,43.312915999279,61.5582871062597,43.4285765111615,61.6739476181422,1,1,0,1,1.90574407577515,1.91198706626892,1
290,"correct_model",53.3588356152145,3.35883561521447,5.75718611163807,-0.703110114981314,54.0619457301958,42.0749581841097,64.6427130463193,42.778068299091,65.3458231613006,1,1,0,1,1.97287583351135,1.9857280254364,1
291,"correct_model",51.6127664883215,1.61276648832154,5.42853876021992,0.145140051386768,51.4676264369348,40.9730260296108,62.2525069470323,40.827885978224,62.1073668956455,1,1,0,1,1.88972306251526,1.8958261013031,1
292,"correct_model",47.4860600758846,-2.51393992411543,5.2569703317355,0.175163233679875,47.3108968422047,37.1825875578874,57.7895325938817,37.0074243242075,57.6143693602018,1,1,0,1,2.04581785202026,2.05921792984009,1
293,"correct_model",51.8976848229999,1.89768482299992,4.40902196478355,-0.123105486911591,52.0207903099115,43.2561605649781,60.5392090810217,43.3792660518897,60.6623145679333,1,1,0,1,1.96129703521729,1.97014284133911,1
294,"correct_model",45.5520341965744,-4.44796580342563,5.19032304331266,-0.390998530387968,45.9430327269623,35.3791879635532,55.7248804295955,35.7701864939412,56.1158789599835,1,1,0,1,2.04541897773743,2.05158185958862,1
295,"correct_model",47.2142014996295,-2.78579850037046,4.81971863804716,0.314352909426987,46.8998485902026,37.7677265534407,56.6606764458184,37.4533736440137,56.3463235363914,1,1,0,1,1.99699187278748,2.00847101211548,1
296,"correct_model",49.8381014668831,-0.161898533116869,5.50484260959164,0.287217676252816,49.5508837906303,39.048808211522,60.6273947222442,38.7615905352692,60.3401770459914,1,1,0,1,1.95429491996765,1.96046113967896,1
297,"correct_model",44.3167978289994,-5.68320217100056,4.91122052220807,-0.0444463463312346,44.3612441753307,34.6909824853376,53.9426131726613,34.7354288316689,53.9870595189925,1,1,0,1,1.9666600227356,1.97651886940002,1
298,"correct_model",48.8506618576766,-1.14933814232343,5.329869101946,0.615497535148897,48.2351643225277,38.4043103755496,59.2970133398036,37.7888128404007,58.6815158046547,1,1,0,1,2.02650594711304,2.0363290309906,1
299,"correct_model",55.7811555862661,5.78115558626612,5.24316498319212,-0.0781551840194012,55.8593107702855,45.504741054208,66.0575701183242,45.5828962382274,66.1357253023436,1,1,0,1,2.26729106903076,2.27388882637024,1
300,"correct_model",49.7758318538352,-0.224168146164757,4.96181060231195,0.176440994071775,49.5993908597635,40.0508617751948,59.5008019324757,39.8744207811231,59.3243609384039,1,1,0,1,2.31855487823486,2.32944321632385,1
301,"correct_model",54.225652245126,4.22565224512604,5.17913430858061,-0.775412203892927,55.001064449019,44.0747355292123,64.3765689610398,44.8501477331052,65.1519811649327,1,1,0,1,2.33928203582764,2.35665893554688,1
302,"correct_model",46.655538062763,-3.344461937237,5.12438309639253,0.486268268728374,46.1692697940346,36.6119317508478,56.6991443746782,36.1256634821194,56.2128761059498,1,1,0,1,2.24866914749146,2.25521397590637,1
303,"correct_model",44.9234495448714,-5.07655045512858,5.45546971505622,-0.752706612820418,45.6761561576918,34.2309253846122,55.6159737051306,34.9836319974327,56.368680317951,1,1,0,1,2.10418915748596,2.12453699111938,1
304,"correct_model",47.1356596154339,-2.86434038456615,5.03739406022581,-0.183069668513383,47.3187292839472,37.2625486814553,57.0087705494124,37.4456183499687,57.1918402179258,1,1,0,1,2.04495310783386,2.05153489112854,1
305,"correct_model",48.7295770548712,-1.27042294512877,4.87298064136835,-0.17076918153257,48.9003462364038,39.1787105004284,58.2804436093141,39.3494796819609,58.4512127908467,1,1,0,1,2.28690099716187,2.29346108436584,1
306,"correct_model",57.667413369492,7.66741336949197,5.70507566476567,-0.130606463740541,57.7980198332325,46.4856705374754,68.8491562015086,46.6162770012159,68.9797626652491,1,1,0,1,2.34693193435669,2.35309314727783,1
307,"correct_model",52.950617948239,2.95061794823896,5.15703160179732,-0.0488395667209218,52.9994575149599,42.8430217415813,63.0582141548966,42.8918613083022,63.1070537216175,1,1,0,1,2.3832859992981,2.38962507247925,1
308,"correct_model",46.298706980323,-3.70129301967702,5.09086178575704,0.673869165563126,45.6248378147599,36.3208012299679,56.276612730678,35.6469320644048,55.6027435651149,1,1,0,1,2.27100300788879,2.277184009552,1
309,"correct_model",55.7129421344239,5.71294213442386,5.32773616828853,-0.433362322031982,56.1463044564558,45.2707711254469,66.1551131434008,45.7041334474789,66.5884754654328,1,1,0,1,1.944011926651,1.95090293884277,1
310,"correct_model",56.4633127773421,6.46331277734207,5.36156201594246,0.00290520131090233,56.4604075760312,45.9548443252169,66.9717812294673,45.951939123906,66.9688760281564,1,1,0,1,2.0367910861969,2.04936408996582,1
311,"correct_model",45.735033932763,-4.26496606723701,5.13308555312819,0.212615421987856,45.5224185107751,35.6743711190689,55.7956967464571,35.461755697081,55.5830813244692,1,1,0,1,2.05132985115051,2.05852198600769,1
312,"correct_model",46.0825555957364,-3.91744440426361,4.26825533716599,-0.778696897880131,46.8612524936165,37.7169288580702,54.4481823334026,38.4956257559503,55.2268792312827,1,1,0,1,2.03745079040527,2.04543399810791,1
313,"correct_model",47.519026799869,-2.48097320013103,4.92959777049736,0.210889834583128,47.3081369652858,37.8571927114252,57.1808608883127,37.6463028768421,56.9699710537296,1,1,0,1,1.96470403671265,1.97720313072205,1
314,"correct_model",45.1518985868689,-4.84810141313109,4.37004618001266,0.513312558511487,44.6385860283574,36.5867654632673,53.7170317104706,36.0734529047558,53.2037191519591,1,1,0,1,1.94403004646301,1.9506049156189,1
315,"correct_model",46.6115666102422,-3.38843338975779,5.50809749852136,-1.01359602710691,47.6251626373491,35.8158938898052,57.4072393306792,36.8294899169121,58.4208353577861,1,1,0,1,1.98923397064209,2.00407099723816,1
316,"correct_model",49.9652147403045,-0.0347852596954539,5.00181148846525,-0.321791574525712,50.2870063148303,40.161844365454,59.7685851151551,40.4836359399797,60.0903766896808,1,1,0,1,2.12956500053406,2.13570880889893,1
317,"correct_model",51.660188965647,1.66018896564704,5.44642528636684,-0.0246500017635896,51.6848389674106,40.9853915598798,62.3349863714143,41.0100415616434,62.3596363731779,1,1,0,1,2.04333090782166,2.06061601638794,1
318,"correct_model",43.0136759404157,-6.98632405958435,4.66313099261207,-0.354487763407633,43.3681637038233,33.8741071397035,52.1532447411278,34.2285949031111,52.5077325045355,1,1,0,1,2.05705785751343,2.06347990036011,1
319,"correct_model",41.5268942082869,-8.4731057917131,4.79885691970308,0.13955405064425,41.3873401576427,32.1213074787081,50.9324809378658,31.9817534280638,50.7929268872215,1,1,0,1,2.04477190971375,2.05120491981506,1
320,"correct_model",46.7978547005259,-3.20214529947405,5.57200064968697,0.468888689866823,46.3289660106591,35.8769341053057,57.7187752957462,35.4080454154389,57.2498866058794,1,1,0,1,2.02824902534485,2.03844404220581,1
321,"correct_model",48.7521241659462,-1.2478758340538,5.29556939472367,0.0345720211534726,48.7175521447927,38.3729988746552,59.1312494572372,38.3384268535018,59.0966774360837,1,1,0,1,2.06113600730896,2.0743579864502,1
322,"correct_model",47.9807788549882,-2.01922114501181,5.38994870732911,0.611795000004264,47.3689838549839,37.4166735101049,58.5448841998715,36.8048785101006,57.9330891998672,1,1,0,1,1.89994502067566,1.91032719612122,1
323,"correct_model",44.9812731162782,-5.01872688372184,5.27952742045899,-0.296804985366599,45.2780781016448,34.6335895167869,55.3289567157694,34.9303945021535,55.625761701136,1,1,0,1,2.04033708572388,2.04883098602295,1
324,"correct_model",45.3397815104364,-4.66021848956363,5.06436836330775,-0.15141641146375,45.4911979219001,35.4138019139091,55.2657611069636,35.5652183253729,55.4171775184274,1,1,0,1,2.02134990692139,2.03181910514832,1
325,"correct_model",42.7045631211241,-7.29543687887592,4.82730330328238,0.0370492730443601,42.6675138480797,33.2432225042394,52.1659037380088,33.206173231195,52.1288544649644,1,1,0,1,2.05115699768066,2.0582001209259,1
326,"correct_model",47.4062550140704,-2.59374498592958,4.84164521798862,-0.340620478832761,47.7468754929032,37.9168047608921,56.8957052672487,38.2574252397249,57.2363257460815,1,1,0,1,2.15701699256897,2.17067098617554,1
327,"correct_model",44.5670212770969,-5.43297872290314,4.55731867346426,0.145558434929328,44.4214628421675,35.634840811035,53.4992017431587,35.4892823761057,53.3536433082293,1,1,0,1,2.0395359992981,2.05406284332275,1
328,"correct_model",55.6574702110335,5.65747021103347,5.18750877863369,0.0548219736896058,55.6026482373439,45.4901398354261,65.8248005866409,45.4353178617365,65.7699786129512,1,1,0,1,2.07872009277344,2.08514809608459,1
329,"correct_model",34.7090616947937,-15.2909383052063,4.75567368578493,0.437667698830374,34.2713939959634,25.3881125484304,44.0300108411571,24.9504448496001,43.5923431423267,0,0,1,1,2.02694988250732,2.0340359210968,0
330,"correct_model",53.0660899385858,3.06608993858579,5.36126246034958,-0.613886082926676,53.6799760215125,42.558208604634,63.5739712725376,43.1720946875607,64.1878573554642,1,1,0,1,2.01695513725281,2.02800607681274,1
331,"correct_model",55.4407313440767,5.44073134407667,5.37665609630416,0.367092059414077,55.0736392846626,44.9026790380628,65.9787836500905,44.5355869786487,65.6116915906765,1,1,0,1,2.18681597709656,2.19356083869934,1
332,"correct_model",41.2712363002206,-8.72876369977944,4.89053714200086,-1.02156703275855,42.2928033329791,31.6859596368434,50.8565129635977,32.707526669602,51.8780799963562,1,1,0,1,1.91677188873291,1.92307591438293,1
333,"correct_model",45.3108813684012,-4.68911863159877,4.4989154735559,0.222916589557741,45.0879647788435,36.4931690707417,54.1285936660608,36.270252481184,53.905677076503,1,1,0,1,1.97255897521973,1.98064589500427,1
334,"correct_model",54.0282246281378,4.02822462813781,5.01396128653164,-0.293319512756696,54.3215441408945,44.2010410866577,63.8554081696179,44.4943605994144,64.1487276823746,1,1,0,1,1.99156999588013,1.99792003631592,1
335,"correct_model",56.4151377514979,6.41513775149787,5.09687204723775,0.76595347029415,55.6491842812037,46.4254521051029,66.4048233978928,45.6594986348088,65.6388699275986,1,1,0,1,2.08335900306702,2.08967304229736,1
336,"correct_model",47.2628692039502,-2.73713079604975,4.4882225148483,-0.0727649774084611,47.3356341813587,38.4661147202458,56.0596236876547,38.5388796976543,56.1323886650632,1,1,0,1,2.00474500656128,2.01416492462158,1
337,"correct_model",55.8526325620057,5.85263256200565,4.46502873485302,-0.167072339845959,56.0197049018516,47.1013370517573,64.603928072254,47.2684093916033,64.7710004121,1,1,0,1,1.99796509742737,2.02055096626282,1
338,"correct_model",55.7405192475369,5.7405192475369,6.11335632425308,0.324921319253008,55.4155979282839,43.7585610273407,67.7224774677331,43.4336397080877,67.3975561484801,1,1,0,1,2.00902605056763,2.01670098304749,1
339,"correct_model",50.7685854473928,0.768585447392837,5.27964621594259,-0.191368113458175,50.959953560851,40.4206690130322,61.1165018817535,40.6120371264904,61.3078699952117,1,1,0,1,2.01954412460327,2.02753186225891,1
340,"correct_model",49.4413172200893,-0.558682779910654,5.58158704669562,0.170009142897776,49.2713080771916,38.5016076319906,60.381026808188,38.3315984890929,60.2110176652903,1,1,0,1,1.97383880615234,1.9800021648407,1
341,"correct_model",56.8270776188931,6.8270776188931,4.99303362500701,-0.235049413548595,57.0621270324417,47.0409115402819,66.6132436975043,47.2759609538305,66.8482931110529,1,1,0,1,1.96934103965759,1.98217487335205,1
342,"correct_model",51.3479485021822,1.34794850218216,4.8421673443568,0.0930731007569889,51.2548754014252,41.8574749001269,60.8384221042374,41.7644017993699,60.7453490034805,1,1,0,1,2.28992009162903,2.29630303382874,1
343,"correct_model",55.1142546065624,5.11425460656238,5.75921419452712,-0.0150412860585476,55.1292958926209,43.8264022060374,66.4021070070874,43.8414434920959,66.4171482931459,1,1,0,1,2.29752707481384,2.30363988876343,1
344,"correct_model",50.8696793079508,0.869679307950832,4.73990797566052,-0.0190525815621427,50.888731889513,41.5796303856221,60.1597282302796,41.5986829671842,60.1787808118417,1,1,0,1,2.22502517700195,2.2353048324585,1
345,"correct_model",47.1910575621521,-2.80894243784792,5.00569378796699,-0.954524330638733,48.1455818927908,37.3800780201009,57.0020371042033,38.3346023507396,57.956561434842,1,1,0,1,2.28223919868469,2.29132008552551,1
346,"correct_model",48.2479202767806,-1.75207972321938,5.18736417784118,0.569890906429954,47.6780293703507,38.0808733135187,58.4149672400426,37.5109824070887,57.8450763336126,1,1,0,1,2.21021795272827,2.22231888771057,1
347,"correct_model",48.6557688533404,-1.34423114665958,4.55307236104034,-1.36640097420798,50.0221698275484,39.7319110066966,57.5796266999842,41.0983119809046,58.9460276741922,1,1,0,1,2.27823495864868,2.28486800193787,1
348,"correct_model",56.5932840602364,6.59328406023641,4.8512626103455,0.113772160836042,56.4795118994004,47.0849840644135,66.1015840560594,46.9712119035774,65.9878118952233,1,1,0,1,2.13835906982422,2.14571213722229,1
349,"correct_model",43.0395768225727,-6.96042317742732,5.24804226308653,0.45398186375543,42.5855949588173,32.753602997579,53.3255506475664,32.2996211338236,52.8715687838109,1,1,0,1,2.17373394966125,2.18663787841797,1
350,"correct_model",51.3669570030277,1.36695700302765,5.5821031879526,-1.11791171580739,52.484868718835,40.4262357966543,62.307678209401,41.5441475124617,63.4255899252084,1,1,0,1,2.2717969417572,2.27800297737122,1
351,"correct_model",54.6030772172985,4.60307721729848,5.27820365024487,-1.0674029042679,55.6704801215664,44.2579881597507,64.9481662748463,45.3253910640186,66.0155691791142,1,1,0,1,2.26075291633606,2.27147698402405,1
352,"correct_model",65.9678398232465,15.9678398232465,6.22030943604879,-0.508708791499302,66.4765486147458,53.7762573558962,78.1594222905967,54.2849661473955,78.668131082096,0,0,1,1,2.24552607536316,2.25174283981323,0
353,"correct_model",54.8603857701076,4.8603857701076,5.29359335086184,0.776791043814306,54.0835947262933,44.4851334536177,65.2356380865975,43.7083424098034,64.4588470427832,1,1,0,1,1.98034000396729,1.99107599258423,1
354,"correct_model",54.2513041874238,4.25130418742384,5.10955856779264,0.122058424375879,54.129245763048,44.2367534176522,64.2658549571955,44.1146949932763,64.1437965328196,1,1,0,1,1.94509601593018,1.95112419128418,1
355,"correct_model",48.6306992793809,-1.36930072061908,5.11608912229579,-0.317999576160169,48.9486988555411,38.603348857984,58.6580497007778,38.9213484341442,58.976049276938,1,1,0,1,1.99799108505249,2.00863194465637,1
356,"correct_model",48.2598361423677,-1.74016385763231,4.89625716417327,-0.276641506603362,48.536477648971,38.6633484415419,57.8563238431935,38.9399899481452,58.1329653497969,1,1,0,1,1.96657991409302,1.97293996810913,1
357,"correct_model",46.3992970892259,-3.6007029107741,4.74812255355639,-0.0105288409367006,46.4098259301626,37.093147890073,55.7054462883788,37.1036767310097,55.7159751293155,1,1,0,1,1.9538938999176,1.96035599708557,1
358,"correct_model",50.6673398044556,0.667339804455622,5.06055359662087,-0.901274630878881,51.5686144353345,40.7488370132441,60.5858425956672,41.650111644123,61.487117226546,1,1,0,1,1.93342590332031,1.93983316421509,1
359,"correct_model",45.7929769409452,-4.20702305905478,4.3440902174206,0.48896954934466,45.3040073916006,37.2787165692081,54.3072373126824,36.7897470198634,53.8182677633377,1,1,0,1,2.02691197395325,2.03415703773499,1
360,"correct_model",51.8525260992002,1.85252609920022,5.09194650996576,0.191409775317155,51.6611163238831,41.8724943284629,61.8325578699375,41.6810845531458,61.6411480946204,1,1,0,1,2.00270485877991,2.01395893096924,1
361,"correct_model",45.3409231042253,-4.65907689577469,4.86925954877725,-0.293224986823759,45.6341480910491,35.7973497572441,54.8844964512065,36.0905747440679,55.1777214380302,1,1,0,1,1.97373819351196,1.97997713088989,1
362,"correct_model",53.1451535712112,3.14515357121118,5.00740590742316,-0.443137054108313,53.5882906253195,43.3308183366887,62.9594888057337,43.773955390797,63.402625859842,1,1,0,1,2.02734899520874,2.03352808952332,1
363,"correct_model",50.2863575947201,0.286357594720101,4.872347879132,-0.0577133078701095,50.3440709025902,40.7367312314713,59.8359839579689,40.7944445393414,59.893697265839,1,1,0,1,1.98749995231628,1.99399495124817,1
364,"correct_model",54.5567643305859,4.55676433058589,5.54384838331769,-0.0401104801234808,54.5968748107094,43.6910211635326,65.4225074976392,43.7311316436561,65.4626179777626,1,1,0,1,2.09826302528381,2.10655212402344,1
365,"correct_model",55.8389230457522,5.83892304575221,5.32803871962798,0.904116846227332,54.9348061995249,45.3961590470465,66.281687044458,44.4920422008191,65.3775701982306,1,1,0,1,2.18009805679321,2.19094800949097,1
366,"correct_model",46.3380669594538,-3.66193304054624,5.1579578477638,0.208046366264057,46.1300205931897,36.228655344061,56.4474785748465,36.0206089777969,56.2394322085825,1,1,0,1,2.00389003753662,2.01506686210632,1
367,"correct_model",51.7179561279686,1.71795612796856,5.47546172383819,1.1033405116525,50.6146156163161,40.9862483505181,62.449663905419,39.8829078388656,61.3463233937665,1,1,0,1,2.15491414070129,2.16807699203491,1
368,"correct_model",45.3303815722542,-4.6696184277458,4.86969232780888,-0.425823623870755,45.756205196125,35.7859599939578,54.8748031505506,36.2117836178285,55.3006267744214,1,1,0,1,2.12158894538879,2.12832403182983,1
369,"correct_model",47.1266905865166,-2.87330941348344,4.79507138596674,-0.0959459739938424,47.2226365605104,37.7285233667232,56.5248578063099,37.824469340717,56.6208037803038,1,1,0,1,2.18770885467529,2.19655704498291,1
370,"correct_model",45.1711300188822,-4.82886998111776,5.86080227112017,0.278149446992344,44.8929805718899,33.6841686469761,56.6580913907883,33.4060191999838,56.379941943796,1,1,0,1,2.12656378746033,2.13315892219543,1
371,"correct_model",55.6098588549457,5.60985885494573,4.22134465406915,-0.421860428585418,56.0317192835311,47.3361753666395,63.883542343252,47.7580357952249,64.3054027718374,1,1,0,1,2.06689476966858,2.07866215705872,1
372,"correct_model",51.3095687359642,1.30956873596419,5.4514520015781,0.229011900346364,51.0805568356178,40.6249191494223,61.994218322506,40.395907249076,61.7652064221597,1,1,0,1,2.05205392837524,2.05823802947998,1
373,"correct_model",58.3796611287644,8.37966112876444,6.0810184721003,-0.907149161199484,59.2868102899639,46.4610839341251,70.2982383234038,47.3682330953246,71.2053874846033,1,1,0,1,2.18728113174438,2.20660495758057,1
374,"correct_model",44.792237369563,-5.207762630437,5.47907005131227,0.291930990308828,44.5003063792542,34.0534574002189,55.5310173389071,33.7615264099101,55.2390863485982,1,1,0,1,2.14137697219849,2.14803791046143,1
375,"correct_model",48.2141761279864,-1.78582387201359,4.98876643229495,-0.649190022121608,48.863366150108,38.4363735934059,57.9919786625669,39.0855636155275,58.6411686846885,1,1,0,1,1.88201498985291,1.88901686668396,1
376,"correct_model",57.1498603656101,7.14986036561006,5.35642805037052,-0.214543489085294,57.3644038546954,46.6514543011037,67.6482664301164,46.865997790189,67.8628099192017,1,1,0,1,2.02568507194519,2.03203392028809,1
377,"correct_model",44.1091496763534,-5.8908503236466,4.48943141041809,0.127888008549995,43.9812616678034,35.3100258008711,52.9082735518357,35.1821377923211,52.7803855432857,1,1,0,1,2.00804615020752,2.02114009857178,1
378,"correct_model",44.7358883885113,-5.26411161148866,5.19659408153404,1.25001198418239,43.485876404329,34.5507511464306,54.9210256305921,33.3007391622482,53.6710136464097,1,1,0,1,2.09204387664795,2.09856200218201,1
379,"correct_model",53.5017314798432,3.50173147984324,5.90752815165247,0.383301365748494,53.1184301140947,41.9231890649479,65.0802738947386,41.5398876991994,64.6969725289901,1,1,0,1,2.07067704200745,2.08019709587097,1
380,"correct_model",51.7922050020491,1.79220500204912,5.09977679044342,-0.323622389917411,52.1158273919665,41.7968261635868,61.7875838405115,42.1204485535042,62.1112062304289,1,1,0,1,2.08669281005859,2.09315705299377,1
381,"correct_model",48.670016091848,-1.32998390815199,5.20571472877176,0.264925812269595,48.4050902795784,38.4670027096657,58.8730294740304,38.2020768973961,58.6081036617608,1,1,0,1,1.99850177764893,2.00528907775879,1
382,"correct_model",43.954018682638,-6.04598131736196,4.87892304976499,0.418879627195786,43.5351390554423,34.3915052217563,53.5165321435197,33.9726255945605,53.097652516324,1,1,0,1,2.05759787559509,2.06380605697632,1
383,"correct_model",54.6645933329262,4.66459333292619,5.17274521168203,-0.770334443126572,55.4349277760528,44.5261990168274,64.802987649025,45.296533459954,65.5733220921516,1,1,0,1,2.09654092788696,2.1026668548584,1
384,"correct_model",48.517275118443,-1.48272488155696,5.0352390234569,0.100953594400423,48.4163215240426,38.6483879789169,58.3861622579692,38.5474343845165,58.2852086635688,1,1,0,1,2.01945495605469,2.02654004096985,1
385,"correct_model",51.1636345721029,1.16363457210285,5.44486231358446,-0.451316951315519,51.6149515234184,40.4919005366979,61.8353686075078,40.9432174880134,62.2866855588233,1,1,0,1,2.0304319858551,2.05005192756653,1
386,"correct_model",53.9730739047279,3.97307390472791,5.78453009524412,0.27284293112082,53.7002309736071,42.6356032505614,65.3105445588944,42.3627603194406,65.0377016277736,1,1,0,1,2.0388650894165,2.04530096054077,1
387,"correct_model",52.1820083166667,2.18200831666674,5.41075363483295,-0.376903040987024,52.5589113576538,41.577126063175,62.7868905701585,41.954029104162,63.1637936111455,1,1,0,1,1.98057007789612,1.99264907836914,1
388,"correct_model",49.5009843503034,-0.499015649696574,4.50615161342402,-0.257872909181835,49.7588572594853,40.6690894791153,58.3328792214916,40.9269623882971,58.5907521306734,1,1,0,1,2.00600290298462,2.01473021507263,1
389,"correct_model",47.5529998469788,-2.44700015302122,5.13710643671451,0.650534698804499,46.9024651481743,37.4844562462695,57.6215434476881,36.833921547465,56.9710087488836,1,1,0,1,2.02743816375732,2.03389000892639,1
390,"correct_model",48.6884866656874,-1.31151333431262,5.3400078517126,0.21636033714109,48.4721263285463,38.2222635991696,59.1547097322052,38.0059032620285,58.9383493950641,1,1,0,1,2.06632208824158,2.07273197174072,1
391,"correct_model",49.9547009835372,-0.0452990164628204,5.0944468773106,0.364935473939717,49.5897655095975,39.9697685828559,59.9396333842185,39.6048331089161,59.5746979102788,1,1,0,1,2.02528190612793,2.03214311599731,1
392,"correct_model",46.2795597712814,-3.72044022871859,4.82417434218002,0.0282344123351805,46.2513253589462,36.8243518054664,55.7347677370965,36.7961173931312,55.7065333247613,1,1,0,1,1.99912691116333,2.00519585609436,1
393,"correct_model",55.7402229697738,5.74022296977379,5.20979911670274,-0.0150251184486052,55.7552480882224,45.5292043343478,65.9512416051998,45.5442294527964,65.9662667236483,1,1,0,1,1.96901178359985,1.97519207000732,1
394,"correct_model",48.5288666118264,-1.47113338817361,5.03527419023503,0.675700650023437,47.853165961803,38.6599105466817,58.3978226769711,37.9842098966582,57.7221220269477,1,1,0,1,2.02331304550171,2.03180813789368,1
395,"correct_model",45.5424286889855,-4.45757131101452,5.42953140452386,-1.44176962595589,46.9841983149414,34.9007426831895,56.1841146947814,36.3425123091454,57.6258843207373,1,1,0,1,1.92169404029846,1.93905401229858,1
396,"correct_model",48.2211787248861,-1.77882127511386,4.98373164046067,-0.378754187531108,48.5999329124173,38.4532442009705,57.9891132488018,38.8319983885016,58.3678674363329,1,1,0,1,2.05297493934631,2.06426596641541,1
397,"correct_model",46.1165261240271,-3.88347387597292,5.22206307349604,0.774996901193532,45.3415292228335,35.8814705749783,56.3515816730759,35.1064736737848,55.5765847718823,1,1,0,1,2.05631804466248,2.06263709068298,1
398,"correct_model",47.222603606731,-2.77739639326897,5.3207266563855,0.233945833633001,46.988657773098,36.7941709886332,57.6510362248288,36.5602251550002,57.4170903911958,1,1,0,1,2.00409603118896,2.01052212715149,1
399,"correct_model",50.5850405538631,0.585040553863081,4.71781993942442,0.0221908550276737,50.5628496988354,41.3382833870463,59.8317977206799,41.3160925320186,59.8096068656522,1,1,0,1,2.03556394577026,2.04193615913391,1
400,"correct_model",47.3006576375167,-2.69934236248332,5.02911228658147,0.551979125527183,46.7486785119895,37.4437786816091,57.1575365934242,36.8917995560819,56.605557467897,1,1,0,1,2.03354597091675,2.04003310203552,1
401,"correct_model",61.2401073016154,11.2401073016154,5.66568660676532,0.695498810006583,60.5446084916088,50.1355656046644,72.3446489985663,49.4400667946578,71.6491501885598,0,1,1,1,2.07396697998047,2.08046197891235,0
402,"correct_model",45.2084415814844,-4.79155841851556,5.06831412471296,-0.706246929194386,45.9146885106788,35.2747284347114,55.1421547282575,35.9809753639058,55.8484016574519,1,1,0,1,1.96632313728333,1.97571897506714,1
403,"correct_model",51.9908215299728,1.99082152997278,5.14733898200661,-0.195949485735248,52.186771015708,41.9022225090208,62.0794205509248,42.098171994756,62.27537003666,1,1,0,1,2.07624697685242,2.08707594871521,1
404,"correct_model",47.1099993168638,-2.89000068313622,4.76673894971659,0.134313733575716,46.9756855832881,37.767362651715,56.4526359820126,37.6330489181393,56.3183222484369,1,1,0,1,2.10534286499023,2.11329197883606,1
405,"correct_model",45.1586988432485,-4.84130115675154,4.93527429950078,-0.000733445891313522,45.1594322891398,35.4857389624008,54.8316587240961,35.4864724082921,54.8323921699874,1,1,0,1,2.05313396453857,2.05954790115356,1
406,"correct_model",44.7618649631808,-5.23813503681923,4.79281994125072,-0.507113366401889,45.2689783295827,35.368110493944,54.1556194324176,35.8752238603459,54.6627327988194,1,1,0,1,2.03614091873169,2.04285001754761,1
407,"correct_model",52.9774504544032,2.97745045440324,5.4326774439416,-0.333492653556952,53.3109431079602,42.3295983246546,63.6253025841519,42.6630909782115,63.9587952377088,1,1,0,1,2.06756401062012,2.07452392578125,1
408,"correct_model",52.5082753435801,2.50827534358011,4.8597798426033,0.582387249852076,51.925888093728,42.9832818792839,62.0332688078763,42.4008946294318,61.4508815580242,1,1,0,1,2.01178503036499,2.01797914505005,1
409,"correct_model",45.1478672784973,-4.85213272150274,4.40302054439178,-0.386390789316152,45.5342580678134,36.5181055882994,53.7776289686951,36.9044963776156,54.1640197580112,1,1,0,1,2.03645300865173,2.04292583465576,1
410,"correct_model",49.0548548522895,-0.945145147710463,5.07518887115416,-1.08973396771314,50.1445888200027,39.1076674500889,59.0020422544902,40.197401417802,60.0917762222033,1,1,0,1,2.11780595779419,2.12397980690002,1
411,"correct_model",51.7939668154491,1.79396681544908,5.64359586808208,-0.149429139481079,51.9433959549302,40.7327221707092,62.855211460189,40.8821513101902,63.0046405996701,1,1,0,1,2.03012919425964,2.03676915168762,1
412,"correct_model",49.6521557522264,-0.347844247773622,4.8600662415685,-0.509820513366428,50.1619762655928,40.1266009562732,59.1777105481796,40.6364214696396,59.687531061546,1,1,0,1,2.14446401596069,2.15866804122925,1
413,"correct_model",51.9770441172152,1.97704411721516,5.63802935675785,-0.305426626792013,52.2824707440072,40.9267096341902,63.0273786002401,41.2321362609823,63.3328052270321,1,1,0,1,2.03473806381226,2.04123401641846,1
414,"correct_model",46.353159197358,-3.64684080264205,4.7779520064326,-0.290095740873291,46.6432549382312,36.9885453448892,55.7177730498267,37.2786410857625,56.0078687907,1,1,0,1,2.0351288318634,2.04189801216125,1
415,"correct_model",51.5071615100714,1.50716151007136,5.43076812060865,0.132129008988095,51.3750325010833,40.8630515852901,62.1512714348526,40.730922576302,62.0191424258645,1,1,0,1,2.03015112876892,2.03674602508545,1
416,"correct_model",48.5940901268728,-1.40590987312723,5.05816295432518,0.493370422788288,48.1007197040845,38.6802729084607,58.5079073452848,38.1869024856724,58.0145369224965,1,1,0,1,2.05781388282776,2.06467819213867,1
417,"correct_model",49.3519255977671,-0.648074402232851,4.22892976507699,0.0573144830038501,49.2946111147633,41.0633755650668,57.6404756304675,41.006061082063,57.5831611474636,1,1,0,1,2.13273692131042,2.13914895057678,1
418,"correct_model",51.1348812178889,1.13488121788886,6.00565540701361,-0.286920765923853,51.4218019838127,39.364012916584,62.9057495191938,39.6509336825078,63.1926702851176,1,1,0,1,2.07316398620605,2.07934188842773,1
419,"correct_model",37.9353486520672,-12.0646513479328,4.97992444126838,-0.0840806345228273,38.0194292865901,28.1748761014505,47.695821202684,28.2589567359733,47.7799018372068,0,0,1,1,1.89047908782959,1.8970000743866,0
420,"correct_model",47.9030572245909,-2.09694277540912,5.1172985140815,-0.0811447854399674,47.9842020100308,37.8733364388508,57.932778010331,37.9544812242908,58.0139227957709,1,1,0,1,2.0365469455719,2.0429220199585,1
421,"correct_model",38.8333245004497,-11.1666754995503,4.32593236105994,0.621386253837706,38.211938246612,30.3546528732159,47.3119961276835,29.7332666193782,46.6906098738458,0,0,1,1,2.00908398628235,2.01855707168579,0
422,"correct_model",48.988623311457,-1.01137668854298,5.49701022037742,0.694991624028908,48.2936316874281,38.2146812568687,59.7625653660454,37.5196896328398,59.0675737420164,1,1,0,1,1.9854462146759,1.99168086051941,1
423,"correct_model",57.8000904213276,7.80009042132757,5.71291735955989,-0.23070215085621,58.0307925721838,46.6029781499365,68.9972026927186,46.8336803007927,69.2279048435748,1,1,0,1,1.99831104278564,2.00453400611877,1
424,"correct_model",50.3344299025816,0.334429902581604,5.81299049822926,-0.495254160220689,50.8296840628023,38.9411778835787,61.7276819215845,39.4364320437994,62.2229360818052,1,1,0,1,2.03385019302368,2.04020309448242,1
425,"correct_model",51.8356522243007,1.83565222430073,5.29610669408293,-0.0131868535662534,51.848839077867,41.4554738456167,62.2158306029848,41.468660699183,62.229017456551,1,1,0,1,1.97119212150574,1.98382687568665,1
426,"correct_model",50.5448656185111,0.544865618511125,5.63190239095238,-0.230193232329597,50.7750588508407,39.5065397677995,61.5831914692228,39.736733000129,61.8133847015524,1,1,0,1,1.97679305076599,1.98297905921936,1
427,"correct_model",53.2885268233364,3.28852682333641,5.6285114124272,0.784107438102431,52.504419385234,42.2568471684064,64.3202064782664,41.472739730304,63.536099040164,1,1,0,1,2.01522493362427,2.02183508872986,1
428,"correct_model",51.683507418568,1.68350741856803,5.06426041488753,-0.363949991364677,52.0474574099327,41.7577393970566,61.6092754400795,42.1216893884213,61.9732254314441,1,1,0,1,2.00040197372437,2.01523184776306,1
429,"correct_model",47.6275094648125,-2.3724905351875,5.81157095694383,0.730857273112491,46.8966521917,36.2370396956036,59.0179792340214,35.5061824224911,58.2871219609089,1,1,0,1,2.03129816055298,2.03748297691345,1
430,"correct_model",45.5768758491764,-4.42312415082363,4.73614861671089,0.133687374911013,45.4431884742654,36.2941951349938,54.8595565633589,36.1605077600828,54.7258691884479,1,1,0,1,2.04264616966248,2.05418682098389,1
431,"correct_model",55.176137346518,5.17613734651798,5.24397493364459,-0.0934624728421554,55.2695998193601,44.8981353407438,65.4541393522922,44.9915978135859,65.5476018251344,1,1,0,1,2.12146210670471,2.13153910636902,1
432,"correct_model",50.5072846098931,0.507284609893063,5.1566029166615,0.108013235558246,50.3992713743348,40.4005286106623,60.6140406091238,40.2925153751041,60.5060273735655,1,1,0,1,2.04961395263672,2.0585880279541,1
433,"correct_model",55.9329531669727,5.93295316697271,5.41148192838917,0.074631041237069,55.8583221257356,45.3266434843406,66.5392628496048,45.2520124431035,66.4646318083678,1,1,0,1,2.09880805015564,2.11207008361816,1
434,"correct_model",58.4657206103965,8.46572061039647,5.0628059918,0.748954083328407,57.7167665270681,48.5428032057549,68.388638015038,47.7938491224265,67.6396839317097,1,1,0,1,2.12953114509583,2.14104008674622,1
435,"correct_model",53.3946452101218,3.39464521012184,5.20136425790097,0.475131389302888,52.919513820819,43.200158594162,63.5891318260816,42.7250272048592,63.1140004367787,1,1,0,1,2.20379185676575,2.21200919151306,1
436,"correct_model",50.7975023968275,0.797502396827483,5.8527371309043,-0.248576340679108,51.0460787375066,39.3263484092748,62.2686563843802,39.5749247499539,62.5172327250593,1,1,0,1,2.02015018463135,2.0263090133667,1
437,"correct_model",50.4580374496398,0.458037449639775,5.76899341125528,-1.5957010342963,52.0537384839361,39.1510181365306,61.765056762749,40.7467191708269,63.3607577970453,1,1,0,1,2.15073704719543,2.16407895088196,1
438,"correct_model",43.5425919642578,-6.45740803574219,4.68111605023958,0.381120900234443,43.1614710640234,34.3677730983358,52.7174108301798,33.9866521981014,52.3362899299453,1,1,0,1,2.01084303855896,2.01735806465149,1
439,"correct_model",52.9359790174309,2.93597901743085,5.70276236858315,0.479653624985126,52.4563253924457,41.7587701626176,64.1131878722442,41.2791165376324,63.633534247259,1,1,0,1,2.07457494735718,2.08236503601074,1
440,"correct_model",54.2025740192602,4.20257401926017,5.69262199600671,-0.14074181576764,54.3433158350278,43.0452399294865,65.3599081090338,43.1859817452541,65.5006499248015,1,1,0,1,2.15687322616577,2.16312098503113,1
441,"correct_model",51.9449226042678,1.94492260426777,5.16857408248202,0.048797838547344,51.8961247657204,41.8147035511759,62.0751416573597,41.7659057126285,62.0263438188124,1,1,0,1,2.10914015769958,2.11546897888184,1
442,"correct_model",43.1773854497683,-6.82261455023169,4.33208674811744,0.80569376660052,42.3716916831678,34.6866514455549,51.6681194539817,33.8809576789544,50.8624256873812,1,1,0,1,2.24685502052307,2.25978207588196,1
443,"correct_model",47.4966961667819,-2.50330383321808,5.58248280751817,-0.496442773037387,47.9931389398193,36.5552309197323,58.4381614138316,37.0516736927697,58.934604186869,1,1,0,1,2.26036715507507,2.26671004295349,1
444,"correct_model",56.4611211115819,6.46112111158187,4.71891382743197,0.470973390103033,55.9901477214788,47.2122199636672,65.7100222594966,46.7412465735641,65.2390488693936,1,1,0,1,2.15926194190979,2.16584205627441,1
445,"correct_model",58.7111547814798,8.71115478147976,5.71748737356337,-0.132242159033737,58.8433969405135,47.5050854472331,69.9172241157265,47.6373276062668,70.0494662747602,1,1,0,1,2.16999411582947,2.18366122245789,1
446,"correct_model",47.9257400694077,-2.07425993059226,4.98871991168941,0.175367817939431,47.7503722514683,38.1480287135387,57.7034514252768,37.9726608955992,57.5280836073374,1,1,0,1,2.19193005561829,2.19859504699707,1
447,"correct_model",53.1888366676779,3.18883666767786,5.31542482461769,-0.264530037553278,53.4533667052311,42.770795448897,63.6068778864587,43.0353254864503,63.871407924012,1,1,0,1,2.17552804946899,2.1816680431366,1
448,"correct_model",53.7043634295493,3.70436342954933,4.81355568902871,-0.270228444194231,53.9745918737436,44.2699676414752,63.1387592176235,44.5401960856694,63.4089876618177,1,1,0,1,2.20578789710999,2.21629309654236,1
449,"correct_model",51.5555822612717,1.55558226127172,5.21921881197542,-0.401930676335304,51.957512937607,41.326101362366,61.7850631601775,41.7280320387013,62.1869938365128,1,1,0,1,2.29831409454346,2.30564308166504,1
450,"correct_model",50.2954721355503,0.295472135550284,4.60218592156619,-0.135297673054026,50.4307698086043,41.2753534791233,59.3155907919773,41.4106511521773,59.4508884650313,1,1,0,1,2.23450994491577,2.24515891075134,1
451,"correct_model",65.4720443244812,15.4720443244812,5.68265309538923,-0.00348789424351992,65.4755322187248,54.3342489208833,76.6098397280792,54.3377368151268,76.6133276223227,0,0,1,1,2.22346019744873,2.23620295524597,0
452,"correct_model",48.2189410057368,-1.78105899426322,4.88793377443842,-0.664727410057587,48.8836684157944,38.6387668490205,57.799115162453,39.3034942590781,58.4638425725106,1,1,0,1,1.66246390342712,1.6688289642334,1
453,"correct_model",46.5058879076701,-3.49411209232991,5.36732992912777,-1.32836682834413,47.8342547360142,35.9861145534357,57.0256612619044,37.3144813817799,58.3540280902486,1,1,0,1,1.81800603866577,1.82423996925354,1
454,"correct_model",56.7581976613476,6.75819766134761,5.15877134630283,0.157861791836019,56.6003358695116,46.6471916181168,66.8692037045784,46.4893298262808,66.7113419127423,1,1,0,1,1.93721604347229,1.94548606872559,1
455,"correct_model",48.8473869345905,-1.15261306540945,5.23156596739461,0.402314713363715,48.4450722212268,38.5937060557517,59.1010678134294,38.1913913423879,58.6987531000657,1,1,0,1,1.94529986381531,1.95252990722656,1
456,"correct_model",44.99435137338,-5.00564862661996,4.84441586153837,-0.70213292471486,45.6964842980949,35.4994707586303,54.4892319881298,36.2016036833451,55.1913649128447,1,1,0,1,2.01809310913086,2.02763414382935,1
457,"correct_model",60.0603066882802,10.0603066882802,5.65433448636475,0.609739260569164,59.4505674277111,48.9780147384626,71.1425986380979,48.3682754778934,70.5328593775288,1,1,0,1,1.97452902793884,1.98093414306641,1
458,"correct_model",50.3315042515093,0.331504251509344,5.60666445111395,-0.227414307510998,50.5589185590203,39.342643853925,61.3203646490937,39.570058161436,61.5477789566047,1,1,0,1,1.57433700561523,1.58055090904236,1
459,"correct_model",43.0021707023426,-6.9978292976574,4.49315307424564,-0.318005975454739,43.3201766777973,34.1957524997957,51.8085889048895,34.5137584752504,52.1265948803442,1,1,0,1,1.91141200065613,1.91826105117798,1
460,"correct_model",56.8950420607635,6.8950420607635,5.05564792787227,0.278174200368561,56.6168678603949,46.9861542036193,66.8039299179077,46.7079800032507,66.5257557175391,1,1,0,1,1.97980284690857,1.9864649772644,1
461,"correct_model",43.4773045077477,-6.52269549225234,4.6330438945999,-0.0862940797991314,43.5635985875468,34.3967053355387,52.5579036799566,34.4829994153378,52.6441977597558,1,1,0,1,1.87849879264832,1.88942813873291,1
462,"correct_model",51.5993104479886,1.59931044798858,4.85508773469782,-0.590799297162761,52.1901097451513,42.0835133461987,61.1151075497785,42.6743126433615,61.7059068469412,1,1,0,1,1.96390104293823,1.97012710571289,1
463,"correct_model",65.2906219435161,15.2906219435161,6.18746168321379,0.0270227374947183,65.2635992060214,53.1634198886955,77.4178239983367,53.1363971512008,77.390801260842,0,0,1,1,1.34419798851013,1.35008311271667,0
464,"correct_model",52.326145317028,2.32614531702799,4.9943726107704,-1.21153398442097,53.537679301449,42.5373548745447,62.1149357595112,43.7488888589657,63.3264697439322,1,1,0,1,1.99130702018738,1.99738907814026,1
465,"correct_model",53.9416090340571,3.94160903405714,5.97861335125185,-1.35064951434042,55.2922585483976,42.2237421881132,65.6594758800011,43.5743917024536,67.0101253943415,1,1,0,1,1.94583797454834,1.95246291160583,1
466,"correct_model",52.4882413491325,2.48824134913251,4.98629665151419,-0.0567676152644054,52.5450089643969,42.715279495932,62.261203202333,42.7720471111964,62.3179708175974,1,1,0,1,1.95746111869812,1.96374797821045,1
467,"correct_model",61.0234811039673,11.0234811039673,5.52235939533314,-0.433287482410236,61.4567685863775,50.1998555794279,71.8471066285066,50.6331430618382,72.2803941109169,0,0,1,1,1.94905519485474,1.95534181594849,0
468,"correct_model",52.037016055907,2.037016055907,5.34452589279229,0.801374888540288,51.2356411673667,41.5619377915923,62.5120943202217,40.7605629030521,61.7107194316814,1,1,0,1,1.8840160369873,1.89686393737793,1
469,"correct_model",44.5025023861519,-5.49749761384808,4.42241717765998,0.112531312584906,44.389971073567,35.8347239933271,53.1702807789767,35.7221926807422,53.0577494663918,1,1,0,1,1.35021805763245,1.35607290267944,1
470,"correct_model",53.1522887128322,3.15228871283222,5.4970495354803,0.0122122710595534,53.1400764417727,42.3782696020582,63.9263078236062,42.3660573309987,63.9140955525467,1,1,0,1,1.93961119651794,1.94597101211548,1
471,"correct_model",46.3623666959443,-3.6376333040557,5.57218290110048,-0.312112711041543,46.6744794069858,35.4410888945174,57.2836444973712,35.753201605559,57.5957572084127,1,1,0,1,2.06981205940247,2.07573795318604,1
472,"correct_model",45.9264472416005,-4.07355275839954,5.57821324010062,-0.43520388641155,46.361651128012,34.9933501929188,56.8595442902822,35.4285540793303,57.2947481766937,1,1,0,1,1.92114305496216,1.92785000801086,1
473,"correct_model",47.0593323833771,-2.94066761662286,5.23821513972692,0.116975856758629,46.9423565266185,36.7926193662399,57.3260454005143,36.6756435094813,57.2090695437557,1,1,0,1,1.90528988838196,1.91150784492493,1
474,"correct_model",39.445489179876,-10.554510820124,5.23634925076589,-0.128313148442828,39.5738023283188,29.1824332379016,49.7085451218504,29.3107463863444,49.8368582702933,0,0,1,1,1.30892419815063,1.31435894966125,0
475,"correct_model",47.6575462062467,-2.34245379375334,4.39126266610858,1.05576440888065,46.601781797366,39.0508295340185,56.2642628784748,37.9950651251379,55.2084984695942,1,1,0,1,1.95821905136108,1.96439719200134,1
476,"correct_model",51.6851417887408,1.68514178874081,5.41567592979271,-0.319373527561424,52.0045153163022,41.0706120144066,62.299671563075,41.389985541968,62.6190450906364,1,1,0,1,1.92511200904846,1.93123316764832,1
477,"correct_model",39.8892489268609,-10.1107510731391,5.15281692165833,0.0875430386587226,39.8017058882022,29.7899133414821,49.9885845122398,29.7023703028234,49.9010414735811,0,0,1,1,1.90164399147034,1.90793490409851,1
478,"correct_model",46.3886738114143,-3.61132618858568,4.92043897904804,-0.106753563878769,46.4954273752931,36.7447906243531,56.0325569984755,36.8515441882319,56.1393105623543,1,1,0,1,2.06245017051697,2.06878209114075,1
479,"correct_model",49.5902460996741,-0.409753900325853,5.34984726136605,-0.323339231708978,49.9135853313831,39.1047381446065,60.0757540547418,39.4280773763154,60.3990932864508,1,1,0,1,1.9824230670929,1.98904991149902,1
480,"correct_model",46.3602234145241,-3.63977658547589,5.14186253390703,0.452077155577548,45.9081462589466,36.2823580346105,56.4380887944377,35.8302808790329,55.9860116388602,1,1,0,1,1.30443501472473,1.30996298789978,1
481,"correct_model",46.8372555408651,-3.16274445913488,4.62789331733242,-0.764587539721958,47.6018430805871,37.7667513146,55.9077597671303,38.5313388543219,56.6723473068522,1,1,0,1,1.93615198135376,1.94251704216003,1
482,"correct_model",58.5891895052395,8.58918950523952,5.06742375747671,0.0951339649332752,58.4940555403062,48.6572214461825,68.5211575642965,48.5620874812493,68.4260235993632,1,1,0,1,2.03667211532593,2.0528199672699,1
483,"correct_model",41.1091505092708,-8.89084949072918,5.1819605197614,-0.404466691103003,41.5136172003738,30.95269452123,51.2656064973116,31.357161212333,51.6700731884146,1,1,0,1,1.96357893943787,1.97987508773804,1
484,"correct_model",48.3451653087153,-1.65483469128475,4.86058964085551,0.584428868293223,47.760736440422,38.81858466901,57.8717459484205,38.2341558007168,57.2873170801273,1,1,0,1,1.90803909301758,1.91477084159851,1
485,"correct_model",55.2506194747969,5.25061947479692,5.17070981968339,-0.709634049267002,55.9602535240639,45.1162144537099,65.385024495884,45.8258485029769,66.094658545151,1,1,0,1,1.30796790122986,1.31372880935669,1
486,"correct_model",47.1578653961846,-2.84213460381544,4.64003993457521,0.0447416357871617,47.1131237603974,38.0635542375896,56.2521765547796,38.0188126018024,56.2074349189924,1,1,0,1,1.930016040802,1.93647718429565,1
487,"correct_model",45.7376950294018,-4.26230497059819,4.99385528352474,-0.0355060880676206,45.7732011174694,35.9499185296883,55.5254715291154,35.9854246177559,55.560977617183,1,1,0,1,1.992182970047,1.99882102012634,1
488,"correct_model",49.0096159017947,-0.990384098205325,5.23788371230424,-0.939427614895536,49.9490435166902,38.7435524704694,59.27567933312,39.6829800853649,60.2151069480155,1,1,0,1,1.9935040473938,1.99972414970398,1
489,"correct_model",45.6478073199286,-4.3521926800714,5.22610867529242,-0.107551016192041,45.7553583361206,35.4048225370631,55.8907921027941,35.5123735532552,55.9983431189861,1,1,0,1,2.00780701637268,2.01507091522217,1
490,"correct_model",48.278180081315,-1.721819918685,5.48478047814398,-0.145485664106047,48.423665745421,37.5282078810444,59.0281522815856,37.6736935451505,59.1736379456916,1,1,0,1,1.97262787818909,1.98161196708679,1
491,"correct_model",46.243028094603,-3.75697190539704,4.71051570362821,-0.406364725138005,46.649392819741,37.0105869668813,55.4754692223246,37.4169516920193,55.8818339474626,1,1,0,1,1.2993700504303,1.30520701408386,1
492,"correct_model",47.461938324916,-2.53806167508398,5.96189883143483,0.0671647362100458,47.394773588706,35.7768313358323,59.1470453139997,35.7096665996223,59.0798805777897,1,1,0,1,1.94807815551758,1.95427703857422,1
493,"correct_model",53.8037588383824,3.80375883838242,5.40096510976563,0.272624592666538,53.5311342457159,43.2180617414844,64.3894559352805,42.9454371488178,64.1168313426139,1,1,0,1,1.91674399375916,1.92312788963318,1
494,"correct_model",53.4717374791056,3.47173747910558,5.71450338588673,-1.27487471275609,54.7466121918617,42.2715166532354,64.6719583049758,43.5463913659915,65.9468330177318,1,1,0,1,1.90924501419067,1.92047095298767,1
495,"correct_model",49.8092717415282,-0.190728258471822,5.09409078300585,0.225067281076782,49.5842044604514,39.8250372728593,59.7935062101971,39.5999699917825,59.5684389291203,1,1,0,1,1.90424108505249,1.91059303283691,1
496,"correct_model",50.5101454103481,0.510145410348088,5.52791791657258,0.362231471186455,50.1479139391616,39.6756253843721,61.344665436324,39.3133939131857,60.9824339651376,1,1,0,1,1.3108241558075,1.31629705429077,1
497,"correct_model",53.3816530102815,3.38165301028152,6.16417187298517,0.469431556690282,52.9122214535912,41.3000981447158,65.4632078758473,40.8306665880255,64.993776319157,1,1,0,1,1.46172499656677,1.467698097229,1
498,"correct_model",51.4763551583782,1.47635515837821,5.08024230245325,-0.678876697380545,52.1552318557588,41.519263212833,61.4334471039234,42.1981399102135,62.112323801304,1,1,0,1,1.72726607322693,1.73404502868652,1
499,"correct_model",41.6976152912122,-8.30238470878784,5.42582075148234,0.243624261438676,41.4539910297735,31.0632020317367,52.3320285506876,30.819577770298,52.0884042892489,1,1,0,1,1.51378107070923,1.52055811882019,1
500,"correct_model",44.3211079635536,-5.67889203644643,4.79576819303334,0.321560292905978,43.9995476706476,34.9215750270055,53.7206409001016,34.6000147340995,53.3990806071957,1,1,0,1,1.48191094398499,1.4881739616394,1
