"replicate","Estimator","estimate","bias","bootstrap_se","bootstrap_bias","bc_estimate","ci_lower","ci_upper","bc_ci_lower","bc_ci_upper","covered_true_95","covered_true_95_bc","reject_h0_effect","reject_h0_null","bootstrap_time_sec","replicate_time_sec","covered_mc_mean_95"
1,"super",46.883774757108,-3.11622524289205,5.42941321969496,-7.20316265788015,54.0869374149881,36.2423203893202,57.5252291248957,43.4454830472003,64.7283917827759,1,1,0,1,1586.78965902328,1593.16322612762,1
2,"super",47.5194313411223,-2.48056865887771,5.63358930444195,-6.2431353500219,53.7625666911442,36.477799200726,58.5610634815186,42.7209345507479,64.8041988315405,1,1,0,1,1705.67731809616,1712.16948199272,1
3,"super",44.3536214789526,-5.64637852104735,5.61836676817397,-5.76143919334247,50.1150606722951,33.341824961395,55.3654179965103,39.1032641547374,61.1268571898528,1,1,0,1,1629.7428650856,1636.21891093254,1
4,"super",41.5660987788065,-8.43390122119348,5.74817791899877,-6.92986679832203,48.4959655771286,30.2998770808405,52.8323204767725,37.2297438791626,59.7621872750945,1,1,0,1,1543.52337408066,1549.96922802925,1
5,"super",50.6236736198947,0.623673619894724,5.44982333491942,-5.10745308527434,55.7311267051691,39.9422161613467,61.3051310784428,45.049669246621,66.4125841637171,1,1,0,1,1649.50995612144,1656.01740884781,1
6,"super",40.8185310673389,-9.18146893266107,5.10330728822428,-3.14477644476169,43.9633075121006,30.8162325803786,50.8208295542993,33.9610090251403,53.965605999061,1,1,0,1,1621.34533691406,1628.04493308067,1
7,"super",44.8545399845477,-5.14546001545232,5.96762418539271,-4.87316767472927,49.727707659277,33.1582115079078,56.5508684611876,38.0313791826371,61.4240361359168,1,1,0,1,1684.94134306908,1691.21485090256,1
8,"super",47.7479211841781,-2.25207881582192,5.34649533244545,-4.93624003390826,52.6841612180863,37.2689828890735,58.2268594792827,42.2052229229818,63.1630995131909,1,1,0,1,1550.18776798248,1556.67144107819,1
9,"super",51.71041108529,1.71041108529,5.33398265708376,-4.72729896579204,56.437710051082,41.2559971832446,62.1648249873354,45.9832961490366,66.8921239531275,1,1,0,1,1631.08018898964,1637.76629805565,1
10,"super",48.2889472689185,-1.71105273108153,7.19086973680924,-6.15281600271664,54.4417632716351,34.1951015672533,62.3827929705836,40.34791756997,68.5356089733002,1,1,0,1,1593.91915297508,1600.49109601974,1
11,"super",48.1698367910469,-1.83016320895312,6.91248800027169,-8.19108704205817,56.360923833105,34.6216092669491,61.7180643151447,42.8126963090072,69.9091513572029,1,1,0,1,1689.01900601387,1695.44483208656,1
12,"super",40.6970341355468,-9.30296586445316,5.94473662609532,-6.15174729166196,46.8487814272088,29.0455644508239,52.3485038202698,35.1973117424858,58.5002511119318,1,1,0,1,1600.90255594254,1608.08086204529,1
13,"super",49.2239092904956,-0.776090709504366,5.93491224136941,-4.8356641101504,54.059573400646,37.5916950460057,60.8561235349856,42.4273591561561,65.691787645136,1,1,0,1,1598.84684610367,1605.68918800354,1
14,"super",46.3797194208441,-3.62028057915587,5.25107527526149,-6.2552215472536,52.6349409680977,36.0878010012229,56.6716378404654,42.3430225484765,62.926859387719,1,1,0,1,1604.0224070549,1610.9750649929,1
15,"super",53.1428290152967,3.14282901529669,6.4774668042159,-4.79424877308254,57.9370777883792,40.4472273679798,65.8384306626136,45.2414761410623,70.6326794356961,1,1,0,1,1602.82532811165,1609.6452870369,1
16,"super",50.0349629996511,0.0349629996511283,6.60309754355035,-4.70032047976532,54.7352834794165,37.0931296278875,62.9767963714147,41.7934501076529,67.67711685118,1,1,0,1,1599.09516716003,1606.13204193115,1
17,"super",45.2086983121612,-4.79130168783885,5.801957745749,-3.89311749093605,49.1018158030972,33.8370700906699,56.5803265336524,37.730187581606,60.4734440245884,1,1,0,1,1597.46772408485,1604.26085495949,1
18,"super",50.8741326207209,0.874132620720907,6.82205889918098,-6.05557304960904,56.92970567033,37.5031428779152,64.2451223635266,43.5587159275243,70.3006954131356,1,1,0,1,1593.05098700523,1600.00784492493,1
19,"super",47.1696415754829,-2.83035842451714,5.42838885816053,-6.75419410946063,53.9238356849435,36.5301949194097,57.809088231556,43.2843890288703,64.5632823410166,1,1,0,1,1591.69159007072,1598.78141188622,1
20,"super",41.9951786553745,-8.00482134462553,5.48487386799091,-4.01612424075204,46.0113028961265,31.2450234143674,52.7453338963815,35.2611476551194,56.7614581371336,1,1,0,1,1593.90101909637,1600.94414186478,1
21,"super",41.396602913008,-8.60339708699203,5.7759120742853,-2.4850638465687,43.8816667595767,30.0760232695388,52.7171825564772,32.5610871161075,55.2022464030459,1,1,0,1,1594.17652893066,1601.01958703995,1
22,"super",43.6080918641559,-6.39190813584413,5.29224697651509,-7.33095676916469,50.9390486333206,33.2354783928953,53.9807053354164,40.56643516206,61.3116621045811,1,1,0,1,1599.91292119026,1606.94588208199,1
23,"super",50.0409288695616,0.0409288695616112,5.77991728153177,-4.64826245372309,54.6891913232847,38.7124991641387,61.3693585749845,43.3607616178618,66.0176210287076,1,1,0,1,1651.61221194267,1658.38348793983,1
24,"super",43.01092527564,-6.98907472435997,5.72703240733999,-7.93150455115909,50.9424298267991,31.7861480189599,54.2357025323201,39.717652570119,62.1672070834792,1,1,0,1,1652.94966197014,1659.97119498253,1
25,"super",63.3860127908148,13.3860127908148,6.27180345607446,-5.71983221930139,69.1058450101161,51.093503898795,75.6785216828345,56.8133361180964,81.3983539021359,0,0,1,1,1649.57026004791,1656.66694402695,0
26,"super",46.314538075465,-3.68546192453499,5.79320921717066,-8.26237326641524,54.5769113418802,34.960056654905,57.669019496025,43.2224299213203,65.9313927624402,1,1,0,1,1649.04414892197,1655.94034790993,1
27,"super",45.3804613850151,-4.61953861498488,6.59541978676853,-3.85287280623602,49.2333341912511,32.453676140026,58.3072466300043,36.306548946262,62.1601194362403,1,1,0,1,1660.04974603653,1666.99410796165,1
28,"super",52.7110862754494,2.7110862754494,5.59929893444697,-5.79402385754711,58.5051101329965,41.7366620252599,63.685510525639,47.530685882807,69.4795343831861,1,1,0,1,1649.96542596817,1656.90729379654,1
29,"super",40.8645814157579,-9.13541858424214,7.18596179954501,-4.93019503860199,45.7947764543598,26.780355094369,54.9488077371467,31.710550132971,59.8790027757487,1,1,0,1,1651.78899097443,1658.8031039238,1
30,"super",50.4169899261243,0.416989926124316,4.99072861666109,-3.42499052557376,53.8419804516981,40.6353415808552,60.1986382713934,44.0603321064289,63.6236287969672,1,1,0,1,1653.66962504387,1660.54669594765,1
31,"super",50.3564428896027,0.356442889602661,6.16778973482812,-8.80787481458521,59.1643177041879,38.2677971451237,62.4450886340816,47.0756719597089,71.2529634486668,1,1,0,1,1648.58303618431,1655.60049796104,1
32,"super",44.4661084616874,-5.53389153831255,6.36173147089267,-5.51465477508852,49.980763236776,31.9973438994228,56.9348730239521,37.5119986745113,62.4495277990406,1,1,0,1,1654.14871096611,1660.86365890503,1
33,"super",46.0401428681297,-3.95985713187027,6.06157811483618,-5.10870535869647,51.1488482268262,34.1596680735746,57.9206176626848,39.2683734322711,63.0293230213813,1,1,0,1,1651.13517594337,1657.86939001083,1
34,"super",42.7546437778726,-7.24535622212736,5.50957126801884,-4.85916754217313,47.6138113200458,31.956082522299,53.5532050334462,36.8152500644722,58.4123725756194,1,1,0,1,1683.94970583916,1691.09634208679,1
35,"super",41.4104670050756,-8.58953299492437,5.69459096604815,-5.24942826110467,46.6598952661803,30.2492738049341,52.5716602052172,35.4987020660388,57.8210884663218,1,1,0,1,1692.7381029129,1699.90688204765,1
36,"super",49.342098170064,-0.657901829936051,6.38863120995093,-4.71228971074088,54.0543878808048,36.8206110880516,61.8635852520763,41.5329007987925,66.5758749628172,1,1,0,1,1687.54861998558,1694.57264494896,1
37,"super",41.7913988868624,-8.20860111313755,5.90093515160273,-6.1737983687547,47.9651972556171,30.2257785146147,53.3570192591102,36.3995768833694,59.5308176278649,1,1,0,1,1681.4401550293,1688.35981202126,1
38,"super",56.5621420987476,6.56214209874764,5.84305753483182,-4.53045725215534,61.092599350903,45.1099597708819,68.0143244266134,49.6404170230372,72.5447816787687,1,1,0,1,1685.62030696869,1692.3522632122,1
39,"super",44.7049796674707,-5.29502033252928,6.16789708771784,-4.69363037628067,49.3986100437514,32.6161235151943,56.7938358197472,37.3097538914749,61.4874661960278,1,1,0,1,1671.68530607224,1678.6955280304,1
40,"super",51.2277181725061,1.22771817250613,5.3196247719467,-6.74721777762248,57.9749359501286,40.8014452082235,61.6539911367888,47.548662985846,68.4012089144112,1,1,0,1,1685.42152810097,1692.47774410248,1
41,"super",53.1119045266386,3.11190452663859,6.10979096645523,-5.94594540090091,59.0578499275395,41.1369342793182,65.086874773959,47.0828796802191,71.0328201748599,1,1,0,1,1676.05389618874,1682.89075803757,1
42,"super",47.2783902289481,-2.7216097710519,5.57141995913624,-5.60822622014319,52.8866164490913,36.3586077662935,58.1981726916028,41.9668339864366,63.806398911746,1,1,0,1,1675.56815695763,1682.44151210785,1
43,"super",54.6842570217881,4.68425702178808,6.33327039597726,-4.69808636132392,59.382343383112,42.2712751413189,67.0972389022572,46.9693615026429,71.7953252635811,1,1,0,1,1685.04214811325,1692.2318110466,1
44,"super",47.189589118109,-2.81041088189102,5.96186783565696,-6.87674529720824,54.0663344153172,35.5045428796336,58.8746353565844,42.3812881768418,65.7513806537926,1,1,0,1,1684.78730010986,1691.668145895,1
45,"super",50.9554656464749,0.955465646474927,5.84942624129956,-1.62834210560516,52.5838077520801,39.4908008833043,62.4201304096456,41.1191429889094,64.0484725152507,1,1,0,1,1691.36210203171,1699.03996491432,1
46,"super",46.4773865844265,-3.52261341557352,6.1825509471503,-9.28839701193518,55.7657835963617,34.3598093954279,58.5949637734251,43.6482064073631,67.8833607853603,1,1,0,1,1685.72778892517,1692.9933180809,1
47,"super",45.766357706416,-4.233642293584,6.41496815423334,-5.69060793401438,51.4569656404304,33.1932511621473,58.3394642506847,38.8838590961617,64.0300721846991,1,1,0,1,1690.46286487579,1698.1449110508,1
48,"super",51.4671078464044,1.46710784640441,5.53168361275715,-4.2152749666086,55.682382813013,40.62520719153,62.3090085012788,44.8404821581386,66.5242834678874,1,1,0,1,1691.55848503113,1698.6908929348,1
49,"super",50.1116662112943,0.111666211294299,5.73877575713763,-5.32624652996219,55.4379127412565,38.863872411953,61.3594600106356,44.1901189419152,66.6857065405978,1,1,0,1,1693.71285200119,1701.26970601082,1
50,"super",44.8329675323125,-5.16703246768748,6.57181765818279,-5.04712000064989,49.8800875329624,31.9524416093099,57.7134934553151,36.9995616099598,62.760613455965,1,1,0,1,1690.79688191414,1698.34996914864,1
51,"super",40.470059622312,-9.52994037768798,5.60966620788102,-6.65985248337877,47.1299121056908,29.4753158895738,51.4648033550502,36.1351683729526,58.124655838429,1,1,0,1,1687.3704059124,1694.71029996872,1
52,"super",50.3261042210814,0.326104221081437,5.39234254592989,-5.32541344393061,55.651517665012,39.7573070387558,60.894901403407,45.0827204826864,66.2203148473377,1,1,0,1,1696.3466219902,1703.72221803665,1
53,"super",58.8887791498368,8.88877914983682,6.07593868336129,-5.23813035656703,64.1269095064038,46.980158158175,70.7974001414987,52.218288514742,76.0355304980657,1,0,0,1,1688.48160982132,1695.95060896873,1
54,"super",47.9964889535795,-2.00351104642049,5.83072010391084,-5.40549914760653,53.401988101186,36.5684875459806,59.4244903611784,41.9739866935872,64.8299895087849,1,1,0,1,1689.20739006996,1696.96001696587,1
55,"super",56.4673826173804,6.46738261738042,6.62244237594875,-3.38281136134231,59.8501939787227,43.487634070829,69.4471311639318,46.8704454321713,72.8299425252741,1,1,0,1,1691.42891287804,1699.00247502327,1
56,"super",46.2242056446607,-3.77579435533933,5.73510684601371,-4.60737062055193,50.8315762652126,34.9836027789847,57.4648085103366,39.5909733995366,62.0721791308886,1,1,0,1,1672.45878481865,1679.53303408623,1
57,"super",51.2406963237849,1.24069632378492,7.28126784627934,-5.31169682732143,56.5523931511063,36.9696735832879,65.5117190642819,42.2813704106093,70.8234158916034,1,1,0,1,1670.41267490387,1677.36426615715,1
58,"super",54.6091243951309,4.60912439513093,6.21739031328114,-6.65810194342063,61.2672263385516,42.4232633032717,66.7949854869902,49.0813652466923,73.4530874304108,1,1,0,1,1674.59111905098,1681.6343331337,1
59,"super",49.8273945084087,-0.172605491591277,5.66891878790083,-5.5867160894591,55.4141105978678,38.7165178528406,60.9382711639768,44.3032339422997,66.5249872534359,1,1,0,1,1665.07089614868,1671.96310400963,1
60,"super",53.821949655945,3.82194965594498,5.9881909945831,-7.22931467931862,61.0512643352636,42.085310974015,65.558588337875,49.3146256533336,72.7879030171936,1,1,0,1,1670.44559597969,1677.41093301773,1
61,"super",43.1611264721323,-6.83887352786772,5.7826917101662,-6.67287614913409,49.8340026212664,31.8272589865082,54.4949939577564,38.5001351356423,61.1678701068905,1,1,0,1,1666.2903687954,1673.40082502365,1
62,"super",53.3611426581018,3.36114265810181,6.68838812735598,-7.79564319069726,61.1567858487991,40.2521428138588,66.4701425023448,48.0477860045561,74.2657856930421,1,1,0,1,1667.76240491867,1674.40201210976,1
63,"super",43.7337939521288,-6.26620604787115,5.07821751584141,-6.02024057540275,49.7540345275316,33.7806705154192,53.6869173888385,39.800911090822,59.7071579642412,1,1,0,1,1667.19349884987,1674.35777711868,1
64,"super",49.3775732198616,-0.622426780138369,6.53262554928187,-8.09836892385098,57.4759421437126,36.573862418783,62.1812840209403,44.672231342634,70.2796529447913,1,1,0,1,1669.67415809631,1676.63183689117,1
65,"super",45.0941779603769,-4.90582203962313,5.64423141910952,-7.55268684792556,52.6468648083024,34.0316876585128,56.1566682622409,41.5843745064384,63.7093551101665,1,1,0,1,1674.87383008003,1681.846971035,1
66,"super",42.1870547698465,-7.8129452301535,6.03196517428459,-6.15839479690722,48.3454495667537,30.3646202722488,54.0094892674442,36.523015069156,60.1678840643514,1,1,0,1,1665.44247817993,1672.53348493576,1
67,"super",45.9673002328565,-4.03269976714353,5.32663869506903,-6.65243950762276,52.6197397404792,35.5272802318637,56.4073202338492,42.1797197394865,63.059759741472,1,1,0,1,1698.15471410751,1705.29717302322,1
68,"super",45.3698342247808,-4.63016577521916,6.03297097639411,-4.96851878787034,50.3383530126512,33.5454283912729,57.1942400582887,38.5139471791433,62.1627588461591,1,1,0,1,1693.3281378746,1700.54708504677,1
69,"super",52.4361540436235,2.4361540436235,5.78313090354162,-7.77470358695172,60.2108576305752,41.1014257548013,63.7708823324457,48.8761293417531,71.5455859193974,1,1,0,1,1689.26476597786,1696.22873401642,1
70,"super",55.1165001802427,5.11650018024272,6.55984935920425,-7.96414923179196,63.0806494120347,42.2594316921942,67.9735686682912,50.2235809239862,75.9377179000832,1,0,0,1,1700.68637800217,1707.65149497986,1
71,"super",44.3832111093495,-5.61678889065054,5.57769681814958,-3.56734777805529,47.9505588874048,33.4511262290926,55.3152959896063,37.0184740071479,58.8826437676616,1,1,0,1,1689.56031703949,1696.81226396561,1
72,"super",48.0249223341232,-1.9750776658768,5.8334939527696,-7.12664046622551,55.1515628003487,36.5914842826626,59.4583603855838,43.7181247488881,66.5850008518093,1,1,0,1,1690.30125689507,1697.99367618561,1
73,"super",39.4936599407682,-10.5063400592318,6.10795140653364,-5.86512359218642,45.3587835329547,27.5222951646415,51.4650247168949,33.387418756828,57.3301483090814,1,1,0,1,1692.75945210457,1699.95135188103,1
74,"super",45.2313036029763,-4.76869639702366,6.54187545348551,-8.20521122354072,53.4365148265171,32.4094633227981,58.0531438831546,40.6146745463388,66.2583551066953,1,1,0,1,1688.07014894485,1695.31799697876,1
75,"super",51.1336062192313,1.13360621923133,5.82147914031328,-4.30875357089581,55.4423597901271,39.7237167674661,62.5434956709965,44.0324703383619,66.8522492418924,1,1,0,1,1697.40330314636,1704.67980885506,1
76,"super",45.4416399281607,-4.55836007183925,5.63046586432293,-5.8471973217796,51.2888372499403,34.4061296179056,56.4771502384159,40.2533269396852,62.3243475601955,1,1,0,1,1696.09573411942,1703.24174690247,1
77,"super",58.5485996402717,8.54859964027172,5.8446220196643,-4.71585667320283,63.2644563134745,47.09335097848,70.0038483020635,51.8092076516828,74.7197049752663,1,0,0,1,1697.00388717651,1704.00681495667,1
78,"super",46.7813566461649,-3.2186433538351,6.00071723075191,-6.53122997882532,53.3125866249902,35.0201669924822,58.5425462998476,41.5513969713076,65.0737762786729,1,1,0,1,1687.59694290161,1694.74565386772,1
79,"super",48.8849488210959,-1.11505117890414,5.53385662425067,-4.09476793573286,52.9797167568287,38.0387891419562,59.7311085002356,42.133557077689,63.8258764359684,1,1,0,1,1694.68328309059,1701.93066000938,1
80,"super",45.9296241841031,-4.07037581589688,6.43181238234747,-6.49796162865276,52.4275858127559,33.3235035593833,58.5357448088229,39.8214651880361,65.0337064374757,1,1,0,1,1687.75389885902,1695.13981986046,1
81,"super",47.3391137704969,-2.66088622950312,6.16599250645197,-6.87879653683375,54.2179103073306,35.2539905289072,59.4242370120866,42.1327870657409,66.3030335489204,1,1,0,1,1692.54257702827,1699.55000185966,1
82,"super",49.0534539800754,-0.946546019924561,6.06669703137687,-4.75580831249004,53.8092622925655,37.1629462934607,60.9439616666902,41.9187546059508,65.6997699791802,1,1,0,1,1693.76793718338,1700.87593197823,1
83,"super",52.048739048803,2.04873904880299,6.40325859070809,-6.01156372022319,58.0603027690262,39.4985828273184,64.5988952702875,45.5101465475416,70.6104589905107,1,1,0,1,1689.52118110657,1696.68428301811,1
84,"super",43.6358843284775,-6.36411567152247,5.16250387272116,-3.20835235132278,46.8442366798003,33.5175626678955,53.7542059890595,36.7259150192183,56.9625583403823,1,1,0,1,1688.89618897438,1696.1071460247,1
85,"super",46.1962247122279,-3.8037752877721,5.82673351808274,-3.81869793541598,50.0149226476439,34.7760368692734,57.6164125551824,38.5947348046893,61.4351104905984,1,1,0,1,1691.85032510757,1698.91950201988,1
86,"super",46.5866220469075,-3.41337795309251,6.93026288266057,-7.21722454294076,53.8038465898482,33.003556393498,60.1696877003169,40.2207809364388,67.3869122432577,1,1,0,1,1691.48249578476,1698.79008102417,1
87,"super",54.3167550174901,4.3167550174901,6.48398037722017,-5.658300300991,59.9750553184811,41.6083870016741,67.0251230333061,47.2666873026651,72.6834233342971,1,1,0,1,1697.38154006004,1704.55427408218,1
88,"super",48.1692040518854,-1.83079594811456,5.5043258478657,-5.51883856229479,53.6880426141802,37.3809236308958,58.9574844728751,42.8997621931906,64.4763230351699,1,1,0,1,1693.98875308037,1701.26817989349,1
89,"super",51.139811777932,1.139811777932,6.35090022081881,-6.57123523118378,57.7110470091158,38.6922760757197,63.5873474801443,45.2635113069034,70.1585827113281,1,1,0,1,1684.24304699898,1691.42557311058,1
90,"super",50.9088075382333,0.908807538233312,6.88978692383448,-6.87417975250838,57.7829872907417,37.4050733063627,64.4125417701039,44.2792530588711,71.2867215226123,1,1,0,1,1681.24859499931,1688.35305404663,1
91,"super",28.7621689700018,-21.2378310299982,5.31745851444373,-6.83883177324411,35.6010007432459,18.3401417924063,39.1841961475974,25.1789735656504,46.0230279208415,0,0,1,1,1689.25749897957,1696.42718315125,0
92,"super",46.4081590159701,-3.59184098402991,5.65771447681607,-3.71024326006413,50.1184022760342,35.3192424065997,57.4970756253405,39.0294856666638,61.2073188854046,1,1,0,1,1679.12445187569,1686.27545595169,1
93,"super",43.5431729145651,-6.45682708543485,5.71920861689366,-5.65081195181111,49.1939848663763,32.3337300053824,54.7526158237479,37.9845419571935,60.403427775559,1,1,0,1,1684.60384988785,1691.953125,1
94,"super",50.9711969921615,0.971196992161495,6.10439116339674,-4.2792396700918,55.2504366622533,39.0068101643593,62.9355838199637,43.2860498344511,67.2148234900555,1,1,0,1,1687.93032979965,1695.05473399162,1
95,"super",49.0203119256448,-0.979688074355174,6.69255399808389,-4.47362896579226,53.4939408914371,35.9031471248109,62.1374767264788,40.3767760906031,66.611105692271,1,1,0,1,1680.68029403687,1688.62362909317,1
96,"super",51.2656924841776,1.26569248417761,4.91994918723974,-2.84073649810593,54.1064289822835,41.6227692714206,60.9086156969346,44.4635057695265,63.7493521950405,1,1,0,1,1687.33051800728,1694.53128480911,1
97,"super",60.8572479462958,10.8572479462958,6.33628959596369,-6.4344965956576,67.2917445419534,48.4383485425911,73.2761473500005,54.8728451382487,79.7106439456581,1,0,0,1,1683.51846790314,1690.84782195091,0
98,"super",51.6069262824417,1.60692628244174,6.37370323850726,-4.34894572343482,55.9558720058766,39.1146974868212,64.0991550780623,43.463643210256,68.4481008014971,1,1,0,1,1679.70900511742,1686.70539593697,1
99,"super",36.4586931217393,-13.5413068782607,5.39147229626033,-5.06426433334924,41.5229574550886,25.8916015974236,47.025784646055,30.9558659307729,52.0900489794043,0,1,1,1,1681.06437492371,1688.38149404526,0
100,"super",47.3583785969134,-2.64162140308658,6.37844918605,-8.45184020051062,55.810218797424,34.8568479150366,59.8599092787902,43.3086881155472,68.3117494793009,1,1,0,1,1686.56128001213,1693.47926902771,1
101,"super",47.492352042369,-2.507647957631,5.32226893902701,-7.67600711690086,55.1683591592699,37.0608966058399,57.9238074788981,44.7369037227407,65.599814595799,1,1,0,1,1685.37952899933,1692.41950893402,1
102,"super",49.6579887607487,-0.342011239251278,6.23522506234542,-9.31490270645888,58.9728914672076,37.4371722030502,61.8788053184472,46.7520749095091,71.1937080249061,1,1,0,1,1684.65017294884,1691.7160859108,1
103,"super",37.1065607215821,-12.8934392784179,5.56030607272699,-5.91522129944356,43.0217820210256,26.2085610760178,48.0045603671463,32.1237823754614,53.9197816665899,0,1,1,1,1678.39633393288,1685.34364819527,0
104,"super",46.1017786442861,-3.89822135571389,5.67296359043666,-7.59776242132106,53.6995410656072,34.9829743214232,57.220582967149,42.5807367427443,64.81834538847,1,1,0,1,1690.74254608154,1697.79922914505,1
105,"super",50.1669104263758,0.166910426375779,5.33579024677485,-5.32673565810405,55.4936460844798,39.708953713637,60.6248671391146,45.035689371741,65.9516027972186,1,1,0,1,1683.86940813065,1690.9199090004,1
106,"super",45.5094742858095,-4.49052571419053,5.88047071538024,-6.86039474661891,52.3698690324284,33.9839634715217,57.0349851000972,40.8443582181406,63.8953798467161,1,1,0,1,1682.5309150219,1689.71180200577,1
107,"super",48.2878259412469,-1.71217405875313,5.95364375549551,-4.61895740207742,52.9067833433243,36.6188986036939,59.9567532787999,41.2378560057713,64.5757106808773,1,1,0,1,1676.68805599213,1683.25779104233,1
108,"super",41.9679526472733,-8.03204735272672,6.59609743036742,-5.46989439623697,47.4378470435103,29.0398392452359,54.8960660493106,34.5097336414729,60.3659604455476,1,1,0,1,1679.37536406517,1686.51147484779,1
109,"super",49.2028083278904,-0.797191672109584,6.67097952752167,-6.60272441065383,55.8055327385443,36.1279287123439,62.2776879434369,42.7306531229978,68.8804123540908,1,1,0,1,1685.81134605408,1692.81168317795,1
110,"super",44.604990612474,-5.395009387526,7.44120521298128,-7.49841638511297,52.103406997587,30.020496393459,59.189484831489,37.518912778572,66.687901216602,1,1,0,1,1679.60702013969,1686.70909500122,1
111,"super",61.5103018431695,11.5103018431695,6.02038395498042,-6.50830148246207,68.0186033256315,49.710566118305,73.3100375680339,56.2188676007671,79.818339050496,1,0,0,1,1709.41809391975,1716.42288899422,0
112,"super",48.6240783835928,-1.37592161640723,5.826740283922,-4.42607579042658,53.0501541740193,37.203877279837,60.0442794873486,41.6299530702635,64.4703552777752,1,1,0,1,1707.33347392082,1714.3570458889,1
113,"super",46.4762437650634,-3.52375623493661,6.55972245942919,-5.94896111458893,52.4252048796523,33.6194239960037,59.3330635341231,39.5683851105926,65.282024648712,1,1,0,1,1698.38024020195,1705.31922698021,1
114,"super",48.9343229413123,-1.06567705868773,5.90101083196331,-4.62489798666418,53.5592209279764,37.3685542382834,60.5000916443411,41.9934522249476,65.1249896310053,1,1,0,1,1695.60884189606,1702.95860314369,1
115,"super",35.1466184986788,-14.8533815013212,5.35604274968703,-4.17402531422452,39.3206438129033,24.6489676096354,45.6442693877223,28.8229929238599,49.8182947019468,0,0,1,1,1699.74845314026,1706.79920697212,0
116,"super",45.4594063278625,-4.54059367213749,5.61304130522381,-5.29127799979396,50.7506843276565,34.4580475258881,56.4607651298369,39.7493255256821,61.7520431296308,1,1,0,1,1693.50256109238,1700.35005402565,1
117,"super",44.7295821066982,-5.27041789330178,5.18471590556265,-4.47661767424176,49.20619978094,34.5677256617235,54.891438551673,39.0443433359652,59.3680562259147,1,1,0,1,1694.49258804321,1701.84723901749,1
118,"super",54.3246986218131,4.32469862181307,6.04566495016734,-6.38732380428717,60.7120224261002,42.4754130568889,66.1739841867372,48.8627368611761,72.5613079910244,1,1,0,1,1692.25629115105,1699.4003469944,1
119,"super",47.9828487843184,-2.01715121568155,5.89163544297094,-6.81987643296297,54.8027252172814,36.4354555060557,59.5302420625812,43.2553319390187,66.3501184955442,1,1,0,1,1694.94279098511,1702.05473208427,1
120,"super",52.763243754722,2.76324375472202,6.18662891467195,-7.30250099360146,60.0657447483235,40.6376738962509,64.8888136131932,47.9401748898523,72.1913146067946,1,1,0,1,1688.82790708542,1695.93344402313,1
121,"super",41.3003839211528,-8.69961607884716,5.36718585936114,-5.32044855252981,46.6208324736826,30.7808929384723,51.8198749038333,36.1013414910022,57.1403234563631,1,1,0,1,1698.39795207977,1705.54676413536,1
122,"super",42.8835245379135,-7.11647546208647,5.54523562268352,-5.54435878909961,48.4278833270131,32.0150624316653,53.7519866441618,37.5594212207649,59.2963454332614,1,1,0,1,1803.93527698517,1811.43760085106,1
123,"super",58.1170470132636,8.11704701326361,6.42633929863115,-8.59551338540961,66.7125603986732,45.5216534355122,70.712440591015,54.1171668209218,79.3079539764247,1,0,0,1,1798.37831807137,1805.78459310532,1
124,"super",44.3036151132488,-5.69638488675125,6.55704467598902,-5.97090834829961,50.2745234615484,31.4520437032902,57.1551865232073,37.4229520515898,63.126094871507,1,1,0,1,1796.8454709053,1804.44185018539,1
125,"super",51.8758529247018,1.8758529247018,5.02440613657891,-5.81547542514948,57.6913283498513,42.0281978533051,61.7235079960985,47.8436732784546,67.538983421248,1,1,0,1,1785.77865886688,1793.29752588272,1
126,"super",44.1414053998057,-5.85859460019432,6.12671679896967,-8.37559710670487,52.5170025065105,32.1332611303486,56.1495496692627,40.5088582370535,64.5251467759676,1,1,0,1,1792.27953100204,1799.76077103615,1
127,"super",53.6960207194433,3.6960207194433,6.11231484150184,-6.064383185846,59.7604039052893,41.71610376793,65.6759376709566,47.780486953776,71.7403208568026,1,1,0,1,1792.51831007004,1799.87314391136,1
128,"super",44.2489973065786,-5.75100269342139,6.15859354119137,-6.3401252815372,50.5891225881158,32.1783757704225,56.3196188427347,38.5185010519597,62.6597441242719,1,1,0,1,1799.04689717293,1806.5567779541,1
129,"super",53.3464376520961,3.34643765209612,6.37510984053678,-6.331687201067,59.6781248531631,40.8514519671571,65.8414233370351,47.1831391682241,72.1731105381021,1,1,0,1,1784.75507307053,1792.34238100052,1
130,"super",46.9461075681868,-3.05389243181322,6.42041601315454,-4.7671506319563,51.7132582001431,34.3623234166396,59.5298917197339,39.129474048596,64.2970423516902,1,1,0,1,1797.54556298256,1805.32631206512,1
131,"super",48.6602136563781,-1.33978634362191,6.42455773181592,-5.55246722145719,54.2126808778353,36.0683118854206,61.2521154273356,41.6207791068777,66.8045826487928,1,1,0,1,1800.22996711731,1807.89178085327,1
132,"super",43.5975413645763,-6.40245863542372,5.82876994098399,-8.30811588092752,51.9056572455038,32.173362206078,55.0217205230745,40.4814780870055,63.3298364040021,1,1,0,1,1797.63322997093,1804.82256603241,1
133,"super",52.8625486818273,2.86254868182728,6.55163396259165,-7.50692194046849,60.3694706222958,40.0215820752582,65.7035152883964,47.5285040157267,73.2104372288648,1,1,0,1,1748.88250398636,1756.74739003181,1
134,"super",50.846295668261,0.846295668260964,6.21726555264303,-5.86080463946001,56.707100307721,38.6606791027591,63.0319122337628,44.5214837422191,68.8927168732228,1,1,0,1,1752.25014996529,1760.41565895081,1
135,"super",41.6918167683921,-8.30818323160792,6.03374017687755,-5.34924447367552,47.0410612420676,29.8659033296397,53.5177302071444,35.2151478033153,58.8669746808199,1,1,0,1,1755.4534111023,1762.99313807487,1
136,"super",57.0060396924065,7.00603969240645,6.5029929110654,-3.93509231369646,60.9411320061029,44.260407794999,69.7516715898139,48.1955001086955,73.6867639035104,1,1,0,1,1764.65959596634,1772.29303097725,1
137,"super",59.6854835422019,9.68548354220191,6.82146175453273,-6.81475574421524,66.5002392864172,46.3156641814004,73.0553029030035,53.1304199256156,79.8700586472187,1,0,0,1,1755.3134200573,1762.64470219612,1
138,"super",42.180249691262,-7.819750308738,5.74489408730024,-7.81446730522719,49.9947169964892,30.9204641851564,53.4400351973676,38.7349314903836,61.2545025025948,1,1,0,1,1757.62487602234,1765.14091300964,1
139,"super",48.7091228879699,-1.29087711203008,5.40151352562324,-5.40306470301153,54.1121875909814,38.1223509157424,59.2958948601974,43.5254156187539,64.698959563209,1,1,0,1,1758.64413905144,1766.03445100784,1
140,"super",51.3966445614979,1.39664456149785,5.66908342419776,-4.92533810628723,56.3219826677851,40.2854452247172,62.5078438982785,45.2107833310045,67.4331820045657,1,1,0,1,1765.9555811882,1773.79438185692,1
141,"super",43.677894568628,-6.322105431372,5.62181044891586,-4.8442725613023,48.5221671299303,32.659348560842,54.696440576414,37.5036211221443,59.5407131377163,1,1,0,1,1756.65735697746,1764.81441807747,1
142,"super",43.0257153053095,-6.97428469469052,6.16597791827555,-5.83561900721991,48.8613343125294,30.9406206560202,55.1108099545988,36.7762396632401,60.9464289618187,1,1,0,1,1758.50058412552,1766.17504000664,1
143,"super",40.3696708192072,-9.63032918079278,5.856203993314,-7.33217488033585,47.7018456995431,28.8917219061921,51.8476197322223,36.223896786528,59.1797946125582,1,1,0,1,1763.17001605034,1770.8229739666,1
144,"super",50.2059062037792,0.205906203779215,5.19945168806242,-7.65775049186804,57.8636566956473,40.0151681558209,60.3966442517375,47.6729186476889,68.0543947436056,1,1,0,1,1854.54860591888,1862.19252490997,1
145,"super",50.605155964931,0.60515596493105,6.48990470945017,-4.80973802569751,55.4148939906286,37.8851764713118,63.3251354585503,42.6949144970093,68.1348734842478,1,1,0,1,1867.20201802254,1875.52500605583,1
146,"super",50.341282211442,0.341282211442,5.64153927740293,-3.84055926911612,54.1818414805581,39.2840684103641,61.3984960125199,43.1246276794803,65.239055281636,1,1,0,1,1856.58419585228,1864.07241010666,1
147,"super",47.0697359636619,-2.93026403633811,6.06011255676848,-4.92219703611666,51.9919329997786,35.1921336101367,58.9473383171871,40.1143306462534,63.8695353533037,1,1,0,1,1848.00509214401,1855.14359784126,1
148,"super",50.6398602470183,0.639860247018305,5.65158466464234,-4.88000860981615,55.5198688568345,39.5629578487405,61.7167626452962,44.4429664585566,66.5967712551123,1,1,0,1,1855.48104000092,1864.14370393753,1
149,"super",51.4068077738675,1.40680777386753,5.24980073512142,-5.60306994589033,57.0098777197579,41.1173874070177,61.6962281407174,46.720457352908,67.2992980866077,1,1,0,1,1849.63931679726,1857.18823385239,1
150,"super",54.3869064216455,4.38690642164555,6.46709644534417,-8.68110843505645,63.068014856702,41.711630304224,67.0621825390671,50.3927387392804,75.7432909741236,1,0,0,1,1852.21298599243,1860.33413314819,1
151,"super",49.7053629598765,-0.294637040123526,5.7466168692081,-5.44751129468909,55.1528742545656,38.4422008632783,60.9685250564747,43.8897121579674,66.4160363511638,1,1,0,1,1853.82932686806,1861.23096704483,1
152,"super",46.1816564083089,-3.81834359169108,6.50367486492896,-5.26151003520314,51.4431664435121,33.4346879058898,58.9286249107281,38.6961979410929,64.1901349459312,1,1,0,1,1847.65752291679,1854.95731282234,1
153,"super",47.5865458233997,-2.41345417660033,5.62918723686311,-3.04353775321906,50.6300835766187,36.5535415769154,58.6195500698839,39.5970793301345,61.663087823103,1,1,0,1,1852.28787899017,1860.10508298874,1
154,"super",55.8251542076124,5.82515420761237,6.86898523737686,-6.93992038892753,62.7650745965399,42.3621905320164,69.2881178832083,49.3021109209439,76.2280382721358,1,1,0,1,1862.1146800518,1870.00541210175,1
155,"super",51.4172091675564,1.41720916755641,6.26529156852008,-7.24019066185883,58.6573998294152,39.1374633406146,63.6969549944982,46.3776540024734,70.9371456563571,1,1,0,1,1854.64414191246,1862.81253504753,1
156,"super",46.2668118745398,-3.7331881254602,5.92420246366083,-5.3645294341057,51.6313413086455,34.6555884086411,57.8780353404385,40.0201178427468,63.2425647745442,1,1,0,1,1846.63993096352,1855.60769581795,1
157,"super",58.7390589817317,8.73905898173167,5.6547972579382,-5.85164852254419,64.5907075042759,47.6558600162969,69.8222579471664,53.5075085388411,75.6739064697106,1,0,0,1,1855.41958618164,1863.62221288681,1
158,"super",45.3847763721175,-4.61522362788249,5.16891492016482,-5.04139626691268,50.4261726390302,35.2538892894427,55.5156634547923,40.2952855563554,60.557059721705,1,1,0,1,1866.73820495605,1874.52143192291,1
159,"super",42.0845688726073,-7.91543112739269,6.52745483440914,-6.03010355080435,48.1146724234117,29.2909924864535,54.8781452587611,35.3210960372579,60.9082488095654,1,1,0,1,1859.76450300217,1869.65846705437,1
160,"super",53.2856321382272,3.28563213822718,6.44396018131826,-7.08295504469168,60.3685871829189,40.6557022650332,65.9155620114212,47.7386573097249,72.9985170561128,1,1,0,1,1852.61316394806,1860.46405506134,1
161,"super",54.2989305331872,4.29893053318715,5.84902344609695,-4.12005100335221,58.4189815365394,42.8350552341068,65.7628058322675,46.955106237459,69.8828568356197,1,1,0,1,1856.7801618576,1866.21487617493,1
162,"super",38.5871904095769,-11.4128095904231,5.33550864972731,-5.75987335098343,44.3470637605603,28.1297856169095,49.0445952022444,33.8896589678929,54.8044685532278,0,1,1,1,1867.27325320244,1874.83687901497,1
163,"super",42.0939702211822,-7.90602977881777,6.0251187425924,-5.15911840496373,47.253088626146,30.2849544831239,53.9029859592406,35.4440728880876,59.0621043642043,1,1,0,1,1857.90939307213,1866.49364495277,1
164,"super",44.8075331066061,-5.19246689339391,6.05251403109752,-5.29112225531446,50.0986553619205,32.9448235897316,56.6702426234806,38.2359458450461,61.961364878795,1,1,0,1,1865.36281108856,1873.98194289207,1
165,"super",46.0557005682005,-3.94429943179951,4.97196718193049,-4.1222765107708,50.1779770789713,36.3108239593016,55.8005771770993,40.4331004700724,59.9228536878702,1,1,0,1,1857.87080812454,1866.35137104988,1
166,"super",58.0386022179849,8.0386022179849,5.88896492790157,-6.24562405386902,64.2842262718539,46.4964430530783,69.5807613828915,52.7420671069473,75.8263854367605,1,0,0,1,1881.7883450985,1889.08738207817,1
167,"super",53.5797458895838,3.57974588958383,7.24985039558911,-7.38623104735808,60.9659769369419,39.3703002209257,67.789191558242,46.7565312682838,75.1754226056,1,1,0,1,1888.79751420021,1896.27397108078,1
168,"super",51.3183251311318,1.31832513113176,7.34706830383365,-7.64516542637502,58.9634905575068,36.918335863662,65.7183143986015,44.563501290037,73.3634798249765,1,1,0,1,1886.24565792084,1893.27283382416,1
169,"super",43.7824516439921,-6.21754835600795,5.73804854781881,-2.91408206421984,46.6965337082119,32.5360831487248,55.0288201392593,35.4501652129447,57.9429022034791,1,1,0,1,1883.76418399811,1890.98739099503,1
170,"super",47.6512406169976,-2.3487593830024,6.14844825537619,-5.59870052929195,53.2499411462895,35.6005034756521,59.701977758343,41.1992040049441,65.300678287635,1,1,0,1,1891.10658884048,1899.33601307869,1
171,"super",42.8672144748648,-7.1327855251352,5.69871757339257,-5.4792134500216,48.3464279248864,31.6979332729499,54.0364956767797,37.1771467229715,59.5157091268013,1,1,0,1,1883.40360403061,1891.17264890671,1
172,"super",52.2863760243388,2.28637602433884,5.53844261495716,-5.12760736214948,57.4139833864883,41.431227968581,63.1415240800967,46.5588353307304,68.2691314422462,1,1,0,1,1892.06010007858,1900.09511303902,1
173,"super",45.9338851005651,-4.06611489943489,5.32569716229126,-5.99229472282169,51.9261798233868,35.4957104699071,56.3720597312231,41.4880051927288,62.3643544540448,1,1,0,1,1879.59207296371,1886.76184296608,1
174,"super",48.1259911799862,-1.87400882001378,6.18859938292594,-6.82352415879458,54.9495153387808,35.9965592747046,60.2554230852679,42.8200834334992,67.0789472440624,1,1,0,1,1885.94998192787,1893.31156492233,1
175,"super",43.7659385541223,-6.23406144587771,5.76019158269769,-5.11757320810186,48.8835117622242,32.476170507984,55.0557066002605,37.5937437160859,60.1732798083624,1,1,0,1,1895.28475403786,1902.51760387421,1
176,"super",48.6773858737054,-1.3226141262946,5.40721951316836,-3.34169141436358,52.019077288069,38.0794303713932,59.2753413760176,41.4211217857568,62.6170327903812,1,1,0,1,1888.01687717438,1895.28760099411,1
177,"super",48.687380553925,-1.31261944607495,6.39881411343443,-5.00116181026963,53.6885423641947,36.145935347827,61.2288257600231,41.1470971580966,66.2299875702928,1,1,0,1,1745.85736203194,1752.53019309044,1
178,"super",52.498363527749,2.49836352774895,5.83254142226552,-6.19316789796046,58.6915314257094,41.0667924017705,63.9299346537274,47.259960299731,70.1231025516879,1,1,0,1,1791.47541308403,1798.02794003487,1
179,"super",53.6867698951535,3.68676989515345,6.65241792076636,-6.43838788534735,60.1251577805008,40.6482703603426,66.7252694299644,47.0866582456899,73.1636573153117,1,1,0,1,1783.49550700188,1790.11196613312,1
180,"super",56.4411674215264,6.44116742152636,6.13845055661591,-5.91351167107857,62.3546790926049,44.4100254096793,68.4723094333734,50.3235370807579,74.385821104452,1,0,0,1,1746.16514086723,1752.84989190102,1
181,"super",56.3318016390808,6.3318016390808,6.10721760744236,-4.40696384643105,60.7387654855119,44.3618750827449,68.3017281954167,48.7688389291759,72.7086920418478,1,1,0,1,1789.33287191391,1795.99209403992,1
182,"super",49.9696190129134,-0.030380987086609,6.08788709259044,-7.08208032409556,57.051699337009,38.0375795694899,61.9016584563369,45.1196598935854,68.9837387804325,1,1,0,1,1737.18122386932,1743.87179803848,1
183,"super",52.8211879820688,2.82118798206884,5.49509690697574,-4.50707855478147,57.3282665368503,42.0509959528389,63.5913800112987,46.5580745076204,68.0984585660802,1,1,0,1,1792.71991586685,1799.40763282776,1
184,"super",44.5567437004135,-5.4432562995865,4.97267547127069,-4.61047011152794,49.1672138119414,34.8104788699172,54.3030085309098,39.4209489814451,58.9134786424377,1,1,0,1,1787.35228896141,1794.04261112213,1
185,"super",56.1789970100925,6.1789970100925,7.16443646364041,-5.10668130499936,61.2856783150919,42.1369595718318,70.2210344483532,47.2436408768311,75.3277157533526,1,1,0,1,1846.79451394081,1853.46269083023,1
186,"super",47.7413775175002,-2.25862248249984,5.21907646908842,-5.64142129687274,53.3827988143729,37.5121756055264,57.9705794294739,43.1535969023991,63.6120007263467,1,1,0,1,1789.98773312569,1796.64137887955,1
187,"super",43.6318159708617,-6.36818402913834,6.30563541001544,-6.57859863091093,50.2104146017726,31.2729976675909,55.9906342741324,37.8515962985019,62.5692329050433,1,1,0,1,1792.12012386322,1798.75528907776,1
188,"super",45.4565841947967,-4.54341580520327,5.39773620631334,-4.49069236587849,49.9472765606752,34.8772156323747,56.0359527572187,39.3679079982532,60.5266451230972,1,1,0,1,1855.29447507858,1863.40093708038,1
189,"super",52.308874070144,2.30887407014404,5.99921835153276,-6.91480522153952,59.2236792916836,40.5506221657481,64.06712597454,47.4654273872876,70.9819311960795,1,1,0,1,1852.10865092278,1859.68875598907,1
190,"super",56.9073380346034,6.90733803460343,5.81124275397939,-3.69287726324619,60.6002152978496,45.5175115313845,68.2971645378224,49.2103887946307,71.9900418010686,1,1,0,1,1864.82327604294,1872.80432319641,1
191,"super",44.0217870959324,-5.97821290406761,5.96563278875224,-9.41775659538751,53.4395436913199,32.3293616849868,55.714212506878,41.7471182803743,65.1319691022655,1,1,0,1,1866.79886412621,1874.58651685715,1
192,"super",62.3759468040052,12.3759468040052,6.2650283282098,-8.03751609609785,70.413462900103,50.0967169185908,74.6551766894196,58.1342330146886,82.6926927855174,0,0,1,1,1858.08398604393,1865.8204100132,0
193,"super",53.9060963411183,3.90609634111831,6.20536732149388,-6.72445793930591,60.6305542804242,41.7437998801485,66.0683928020881,48.4682578194544,72.792850741394,1,1,0,1,1856.73422312737,1864.58805584908,1
194,"super",56.8039532866275,6.8039532866275,7.00061952278202,-9.59999609743895,66.4039493840665,43.0829911525068,70.5249154207482,52.6829872499457,80.1249115181872,1,0,0,1,1857.92741394043,1865.79727911949,1
195,"super",42.3802263333634,-7.61977366663658,5.3008582434596,-5.06342126738687,47.4436476007503,31.9907350890304,52.7697175776965,37.0541563564172,57.8331388450834,1,1,0,1,1863.22810792923,1871.29638504982,1
196,"super",46.6474035314439,-3.35259646855607,6.76575276320123,-7.01457852447151,53.6619820559154,33.3867717872672,59.9080352756207,40.4013503117387,66.9226138000922,1,1,0,1,1865.55708789825,1873.13753390312,1
197,"super",58.1004963446289,8.10049634462889,5.77983483401446,-6.82465762591427,64.9251539705432,46.7722282333705,69.4287644558873,53.5968858592848,76.2534220818016,1,0,0,1,1849.97265100479,1857.80481410027,1
198,"super",53.155036117819,3.15503611781902,6.17416685875506,-2.902553430208,56.057589548027,41.0538914401183,65.2561807955197,43.9564448703263,68.1587342257277,1,1,0,1,1860.09192490578,1867.73800301552,1
199,"super",40.4594806405327,-9.54051935946732,6.48781217300506,-5.27435769661219,45.7338383371449,27.7436024429822,53.1753588380831,33.0179601395944,58.4497165346953,1,1,0,1,1889.61041879654,1897.06654000282,1
200,"super",54.4171206690008,4.41712066900079,7.87086041794427,-8.7022905833216,63.1194112523224,38.9905177224881,69.8437236155134,47.6928083058097,78.546014198835,1,1,0,1,1894.90448403358,1903.15025281906,1
201,"super",64.8137647049496,14.8137647049496,7.1126489513772,-3.60731882465269,68.4210835296023,50.8732289255737,78.7543004843255,54.4805477502264,82.3616193089782,0,0,1,1,1899.48111200333,1908.43025612831,0
202,"super",48.9279321928323,-1.07206780716771,6.09110086193244,-3.66310472480895,52.5910369176412,36.9895938772438,60.8662705084208,40.6526986020528,64.5293752332297,1,1,0,1,1888.17069816589,1895.69872713089,1
203,"super",43.6856753450876,-6.31432465491244,5.3517229882333,-6.99763541126243,50.68331075635,33.1964910329152,54.1748596572599,40.1941264441777,61.1724950685223,1,1,0,1,1889.37206697464,1898.03567099571,1
204,"super",46.9213397952914,-3.07866020470862,5.81022313509778,-5.09340724200953,52.0147470373009,35.5335117083583,58.3091678822244,40.6269189503679,63.402575124234,1,1,0,1,1888.70591616631,1896.24731206894,1
205,"super",47.6805414597628,-2.31945854023721,6.53580482178276,-7.51160715970815,55.1921486194709,34.8705993990854,60.4904835204402,42.3822065587935,68.0020906801484,1,1,0,1,1892.7471871376,1901.80489397049,1
206,"super",60.7360619170074,10.7360619170074,5.98010962122637,-5.12312637557567,65.859188292583,49.0152624358022,72.4568613982125,54.1383888113779,77.5799877737882,1,0,0,1,1897.31652116776,1906.02921390533,0
207,"super",55.0915022402998,5.0915022402998,5.55831374313712,-5.28397080089167,60.3754730411915,44.197407488977,65.9855969916226,49.4813782898687,71.2695677925142,1,1,0,1,1895.51160597801,1903.83654999733,1
208,"super",54.1673097306275,4.16730973062752,6.29101989538181,-8.82945196417172,62.9967616947992,41.8371373096542,66.4974821516008,50.6665892738259,75.3269341157725,1,0,0,1,1893.54513597488,1902.30799603462,1
209,"super",39.2216221056162,-10.7783778943838,5.08309801224911,-5.20499518151588,44.4266172871321,29.2589330717208,49.1843111395116,34.4639282532367,54.3893063210275,0,1,1,1,1889.04473686218,1897.58833384514,1
210,"super",41.4711009648317,-8.52889903516831,5.55876107468987,-3.75368186972687,45.2247828345586,30.5761294597764,52.366072469887,34.3298113295032,56.1197543396139,1,1,0,1,1893.43531489372,1901.32419419289,1
211,"super",37.5087406525015,-12.4912593474985,5.3961208776802,-5.6873566215253,43.1960972740268,26.9325380760237,48.0849432289794,32.619894697549,53.7722998505047,0,1,1,1,1891.59183812141,1900.32330298424,0
212,"super",43.8332909782365,-6.16670902176351,6.28632412266559,-4.82750686248522,48.6607978407217,31.5123221026666,56.1542598538064,36.3398289651518,60.9817667162916,1,1,0,1,1894.18845105171,1902.46370410919,1
213,"super",53.2995051763097,3.29950517630968,6.68708538632871,-5.92753773503398,59.2270429113437,40.1930586575613,66.4059516950581,46.1205963925953,72.333489430092,1,1,0,1,1893.61189699173,1901.67766189575,1
214,"super",46.5809469187205,-3.41905308127948,5.5860082631232,-8.32562124513945,54.90656816386,35.6325719056559,57.5293219317851,43.9581931507954,65.8549431769246,1,1,0,1,1888.30483698845,1896.98461008072,1
215,"super",44.7866003731146,-5.21339962688539,6.3213847641249,-7.54858817835579,52.3351885514704,32.3969139030096,57.1762868432196,39.9455020813654,64.7248750215754,1,1,0,1,1894.79996681213,1902.83817505836,1
216,"super",55.7243924010115,5.72439240101154,6.13047725384162,-4.06122094140037,59.7856133424119,43.70887777544,67.7399070265831,47.7700987168403,71.8011279679835,1,1,0,1,1894.8484120369,1903.23834300041,1
217,"super",45.308503529655,-4.69149647034498,5.65062547979532,-5.06790793111935,50.3764114607744,34.2334810991318,56.3835259601782,39.3013890302512,61.4514338912976,1,1,0,1,1896.89097380638,1905.18475794792,1
218,"super",41.9927834734746,-8.0072165265254,5.94923380448642,-5.54945463254345,47.5422381060181,30.332499481073,53.6530674658762,35.8819541136165,59.2025220984196,1,1,0,1,1887.05003881454,1895.67536902428,1
219,"super",48.1025438167749,-1.8974561832251,6.0757761355053,-6.70845874946641,54.8110025662413,36.1942414130566,60.0108462204932,42.902700162523,66.7193049699596,1,1,0,1,1896.36449694633,1904.95074701309,1
220,"super",48.5337174809043,-1.46628251909568,6.3728167773466,-5.15037596643292,53.6840934473372,36.0432261172324,61.0242088445763,41.1936020836653,66.1745848110092,1,1,0,1,1895.46372580528,1904.07147812843,1
221,"super",46.9853165695798,-3.01468343042021,5.55317715499418,-7.22964553459688,54.2149621041767,36.1012893460206,57.869343793139,43.3309348806175,65.0989893277359,1,1,0,1,1870.88082408905,1879.25407385826,1
222,"super",48.1854525422812,-1.81454745771875,6.03921012807564,-4.53785069282419,52.7233032351054,36.3488181961835,60.022086888379,40.8866688890077,64.5599375812032,1,1,0,1,1875.94869208336,1884.11487293243,1
223,"super",62.1615842296106,12.1615842296106,7.08003837288053,-3.46584351990604,65.6274277495167,48.2849640096032,76.038204449618,51.7508075295093,79.5040479695241,1,0,0,1,1882.49425196648,1891.05540299416,1
224,"super",40.1066578382097,-9.89334216179029,5.7664624535225,-5.35641303717888,45.4630708753886,28.8045991111031,51.4087165653163,34.161012148282,56.7651296024952,1,1,0,1,1879.25371193886,1888.58566713333,1
225,"super",43.4190816347274,-6.58091836527257,5.63223288544523,-4.65149120765866,48.0705728423861,32.3801080267127,54.4580552427422,37.0315992343713,59.1095464504008,1,1,0,1,1880.99787402153,1889.66169095039,1
226,"super",55.472343238374,5.47234323837397,7.78309747735475,-5.30439870744349,60.7767419458175,40.2177524945941,70.7269339821538,45.5221512020376,76.0313326895973,1,1,0,1,1880.0493581295,1888.12746214867,1
227,"super",47.6518782741494,-2.3481217258506,5.42338649506425,-4.7447261298956,52.396604404045,37.0222360695826,58.2815204787162,41.7669621994782,63.0262466086118,1,1,0,1,1877.89790701866,1885.91706204414,1
228,"super",47.6889273164119,-2.31107268358814,5.25185689098266,-6.53229286176381,54.2212201781757,37.3954769581273,57.9823776746964,43.9277698198912,64.5146705364602,1,1,0,1,1874.00603079796,1882.03588795662,1
229,"super",46.9169040039741,-3.08309599602586,5.50957988952012,-4.38620967323358,51.3031136772077,36.1183258505685,57.7154821573798,40.5045355238021,62.1016918306133,1,1,0,1,1874.03118991852,1882.21367287636,1
230,"super",45.4799252189606,-4.52007478103944,5.81587153827787,-5.48500931481757,50.9649345337781,34.0810264652244,56.8788239726967,39.566035780042,62.3638332875143,1,1,0,1,1878.37026000023,1886.45891094208,1
231,"super",51.7294632767203,1.72946327672031,5.8447759650401,-4.55427491097441,56.2837381876947,40.2739128875364,63.1850136659043,44.8281877985108,67.7392885768787,1,1,0,1,1872.58463001251,1881.07397294044,1
232,"super",49.3357579814392,-0.66424201856082,5.93597043911064,-8.05715475119182,57.392912732631,37.7014697074879,60.9700462553904,45.7586244586797,69.0272010065823,1,1,0,1,1832.54065418243,1840.07743906975,1
233,"super",50.6117773061528,0.611777306152767,5.47039888140583,-4.58063623641539,55.1924135425682,39.8899925175291,61.3335620947764,44.4706287539445,65.9141983311918,1,1,0,1,1829.27315211296,1836.83380484581,1
234,"super",52.7518875957393,2.75188759573935,5.43894824070229,-3.01826609490197,55.7701536906413,42.0917449301854,63.4120302612933,45.1100110250873,66.4302963561953,1,1,0,1,1835.66006803513,1843.58619594574,1
235,"super",56.7475068735013,6.74750687350132,6.02928846435942,-5.01505519100144,61.7625620645028,44.930318630954,68.5646951160486,49.9453738219555,73.57975030705,1,1,0,1,1834.53057789803,1842.57636094093,1
236,"super",47.0051990472184,-2.99480095278162,6.52806273461435,-5.751303785188,52.7565028324064,34.2104311985562,59.7999668958806,39.9617349837442,65.5512706810686,1,1,0,1,1837.38544583321,1845.02114701271,1
237,"super",45.7697592600755,-4.23024073992448,5.06963581251577,-3.11606972877574,48.8858289888513,35.8334556528102,55.7060628673409,38.9495253815859,58.8221325961166,1,1,0,1,1823.46453499794,1830.80674695969,1
238,"super",49.4876935780012,-0.51230642199878,5.49427975398001,-3.23913814668018,52.7268317246814,38.7191031392128,60.2562840167896,41.958241285893,63.4954221634698,1,1,0,1,1835.47072291374,1843.70515799522,1
239,"super",39.252934854564,-10.747065145436,5.8979774651332,-7.11557927348218,46.3685141280461,27.693111441274,50.8127582678539,34.8086907147562,57.928337541336,1,1,0,1,1830.64088916779,1838.77388310432,1
240,"super",48.4545255770441,-1.5454744229559,6.27241131895867,-5.00187654814676,53.4564021251909,36.1608252956637,60.7482258584245,41.1627018438105,65.7501024065712,1,1,0,1,1833.47668600082,1841.18913722038,1
241,"super",50.661095757118,0.661095757117963,6.31188069910266,-3.66462201667942,54.3257177737974,38.2900369121633,63.0321546020727,41.9546589288427,66.6967766187521,1,1,0,1,1823.3090839386,1830.98165082932,1
242,"super",47.1634437750269,-2.83655622497314,6.1895261680116,-5.21073385518421,52.3741776302111,35.0321954043559,59.2946921456978,40.2429292595401,64.505426000882,1,1,0,1,1826.62096691132,1834.31270098686,1
243,"super",48.9425232539263,-1.05747674607375,5.69369181209754,-9.14374106000341,58.0862643139297,37.7830923631445,60.101954144708,46.9268334231479,69.2456952047114,1,1,0,1,1852.76207685471,1860.36336088181,1
244,"super",42.8888554753439,-7.11114452465613,5.32773273400869,-6.96957151302786,49.8584269883717,32.4466911974317,53.331019753256,39.4162627104596,60.3005912662839,1,1,0,1,1863.28534293175,1870.86305785179,1
245,"super",57.9509863181995,7.95098631819946,7.06421034955545,-8.17116804426507,66.1221543624645,44.1053884538557,71.7965841825432,52.2765564981207,79.9677522268083,1,0,0,1,1863.82420492172,1871.51443004608,1
246,"super",40.7648140807121,-9.23518591928785,4.90298001647394,-5.52144547274892,46.2862595534611,31.1551498315036,50.3744783299207,36.6765953042526,55.8959238026696,1,1,0,1,1862.85342311859,1870.49953603745,1
247,"super",55.7759547241327,5.77595472413274,6.43230989669984,-3.5092907541972,59.2852454783299,43.1688589892005,68.383050459065,46.6781497433977,71.8923412132622,1,1,0,1,1870.47087907791,1878.32300305367,1
248,"super",57.5549666297473,7.55496662974732,5.75120454052537,-4.4832763689368,62.0382429986841,46.2828128625944,68.8271203969003,50.7660892315312,73.3103967658371,1,0,0,1,1857.54396510124,1865.24624109268,1
249,"super",56.4974714344288,6.4974714344288,6.27932628109395,-6.67682133061003,63.1742927650388,44.1902180763088,68.8047247925488,50.8670394069188,75.4815461231588,1,0,0,1,1860.74200296402,1868.50972700119,1
250,"super",55.2182115983296,5.2182115983296,6.0691144475707,-5.09346571340937,60.311677311739,43.3229658630393,67.1134573336199,48.4164315764487,72.2069230470292,1,1,0,1,1871.31310582161,1879.1577129364,1
251,"super",47.9486449073707,-2.05135509262931,6.00860551943359,-3.95374595720527,51.902390864576,36.1719944919723,59.7252953227691,40.1257404491775,63.6790412799744,1,1,0,1,1867.30193209648,1875.81044006348,1
252,"super",52.6408734476991,2.64087344769907,6.79101515197237,-5.22622903176865,57.8671024794677,39.3307283313674,65.9510185640307,44.5569573631361,71.1772475957994,1,1,0,1,1868.47874212265,1875.75495004654,1
253,"super",45.759206832189,-4.24079316781096,6.36620526101187,-3.35000476594504,49.1092115981341,33.2816738024164,58.2367398619617,36.6316785683614,61.5867446279068,1,1,0,1,1869.15207195282,1876.64573001862,1
254,"super",42.3815168677474,-7.61848313225263,5.62810521311611,-4.23141115960879,46.6129280273562,31.3506333488377,53.4124003866571,35.5820445084465,57.6438115462659,1,1,0,1,1832.1227581501,1840.71489691734,1
255,"super",42.7236711737745,-7.27632882622552,5.69483111201029,-6.65568055230221,49.3793517260767,31.5620072961961,53.8853350513528,38.2176878484983,60.5410156036551,1,1,0,1,1824.90413594246,1832.77462220192,1
256,"super",42.6398802833398,-7.36011971666022,5.37423507889705,-4.7668563911465,47.4067366744863,32.1065730842498,53.1731874824298,36.8734294753963,57.9400438735763,1,1,0,1,1825.16886401176,1833.47387981415,1
257,"super",41.7463348055038,-8.25366519449621,5.68949733479352,-8.30178051033391,50.0481153158377,30.5951249391719,52.8975446718357,38.8969054495058,61.1993251821696,1,1,0,1,1819.05141997337,1827.44365215302,1
258,"super",43.5373762669216,-6.46262373307842,6.0651466663565,-5.66325164355111,49.2006279104727,31.6499072399097,55.4248452939335,37.3131588834608,61.0880969374846,1,1,0,1,1825.58004593849,1833.9898610115,1
259,"super",49.7275400224788,-0.272459977521152,6.91462282989112,-6.05967497343011,55.787214995909,36.1751283092138,63.2799517357439,42.2348032826439,69.339626709174,1,1,0,1,1831.78114891052,1840.29210805893,1
260,"super",46.3986905555081,-3.6013094444919,6.30690359178375,-5.69156567482192,52.09025623033,34.0373866616456,58.7599944493705,39.7289523364676,64.4515601241925,1,1,0,1,1824.33601307869,1832.79118394852,1
261,"super",44.9489338145164,-5.05106618548361,5.54495449657087,-5.53058266963206,50.4795164841485,34.0810227053241,55.8168449237087,39.6116053749561,61.3474275933408,1,1,0,1,1829.86829805374,1838.40496587753,1
262,"super",40.0479555814741,-9.95204441852592,5.6760612864767,-5.18233651858727,45.2302921000613,28.9230798859377,51.1728312770105,34.1054164045249,56.3551677955978,1,1,0,1,1822.5337998867,1830.63938188553,1
263,"super",45.5163334084026,-4.48366659159745,5.14383554051723,-5.626526097732,51.1428595061345,35.4346010065917,55.5980658102134,41.0611271043237,61.2245919079454,1,1,0,1,1818.21096491814,1826.02478194237,1
264,"super",44.7851160234251,-5.21488397657487,7.01959076734643,-6.08973257921792,50.8748486026431,31.0269709332163,58.543261113634,37.1167035124342,64.6329936928519,1,1,0,1,1830.87417507172,1839.12726092339,1
265,"super",40.0754677628097,-9.92453223719028,6.07995699576214,-4.57949461735808,44.6549623801678,28.1589710235636,51.9919645020559,32.7384656409217,56.5714591194139,1,1,0,1,1823.07308888435,1830.41663599014,1
266,"super",51.5839575701618,1.58395757016181,7.04371584404044,-7.28456773326383,58.8685253034256,37.7785281985084,65.3893869418152,45.0630959317722,72.673954675079,1,1,0,1,1839.23881196976,1847.30185079575,1
267,"super",62.6591367287109,12.6591367287109,7.37176856145401,-7.93499281461305,70.594129543324,48.2107358458964,77.1075376115254,56.1457286605095,85.0425304261385,1,0,0,1,1824.19002890587,1832.43627285957,1
268,"super",58.431713709651,8.43171370965095,6.7522527114689,-6.62499564672786,65.0567093563788,45.197541580659,71.6658858386429,51.8225372273868,78.2908814853708,1,0,0,1,1834.44045495987,1841.59019899368,1
269,"super",42.7278956556908,-7.27210434430919,5.71553295091565,-9.84196351412691,52.5698591698177,31.5256569194442,53.9301343919374,41.3676204335711,63.7720979060643,1,1,0,1,1822.98834013939,1830.7469689846,1
270,"super",49.2548951244132,-0.745104875586826,5.85278395384418,-5.90409370947576,55.1589888338889,37.7836493655847,60.7261408832417,43.6877430750604,66.6302345927175,1,1,0,1,1826.03627705574,1833.68767213821,1
271,"super",50.5020013058058,0.502001305805763,6.43427719664925,-9.12546494399489,59.6274662498007,37.8910497338259,63.1129528777856,47.0165146778208,72.2384178217805,1,1,0,1,1837.2470870018,1844.99209213257,1
272,"super",52.671388384334,2.67138838433402,5.65822650547653,-5.0934205267103,57.7648089110443,41.5814682172301,63.761308551438,46.6748887439404,68.8547290781482,1,1,0,1,1823.45185685158,1831.59038519859,1
273,"super",50.635982487231,0.63598248723099,5.89905755059308,-2.79420335358044,53.4301858408114,39.0740421453395,62.1979228291225,41.8682454989199,64.992126182703,1,1,0,1,1820.83130598068,1828.3292889595,1
274,"super",51.7036044585863,1.70360445858631,6.47803545893075,-6.62854756049226,58.3321520190786,39.0068882685086,64.400320648664,45.6354358290009,71.0288682091562,1,1,0,1,1831.77576899529,1839.68608689308,1
275,"super",45.5106175988419,-4.4893824011581,6.05276627269256,-6.24188703944,51.7525046382819,33.6474136975257,57.3738215001581,39.8893007369657,63.6157085395981,1,1,0,1,1826.89834594727,1834.65655684471,1
276,"super",44.4487963069856,-5.55120369301444,6.07520461061847,-8.24345092305504,52.6922472300406,32.5416140714617,56.3559785425094,40.7850649945167,64.5994294655645,1,1,0,1,1850.96679496765,1858.4710919857,1
277,"super",50.4118874194058,0.411887419405815,5.66165234381172,-3.46517116369907,53.8770585831049,39.3152527325481,61.5085221062636,42.7804238962471,64.9736932699626,1,1,0,1,1849.042304039,1856.41530394554,1
278,"super",42.204752620478,-7.795247379522,4.58178199877402,-2.11411985155709,44.3188724720351,33.224624917867,51.184880323089,35.3387447694241,53.2990001746461,1,1,0,1,1849.43217182159,1857.17018604279,1
279,"super",56.4328552830295,6.43285528302945,6.27692027711888,-3.00878633003533,59.4416416130648,44.1303176060473,68.7353929600116,47.1391039360826,71.744179290047,1,1,0,1,1851.95851683617,1859.6075899601,1
280,"super",47.1308160494613,-2.86918395053868,5.48156237745265,-5.47564221188897,52.6064582613503,36.3871512106444,57.8744808882783,41.8627934225334,63.3501231001672,1,1,0,1,1846.08870697021,1853.7617418766,1
281,"super",54.1977988001249,4.19779880012492,6.03484862659931,-7.79298142297443,61.9907802230993,42.3697128398393,66.0258847604106,50.1626942628137,73.818866183385,1,0,0,1,1849.12366509438,1856.64637184143,1
282,"super",49.1401312220115,-0.859868777988488,5.75419960884096,-5.93959241296934,55.0797236349809,37.8621072288288,60.4181552151943,43.8016996417981,66.3577476281636,1,1,0,1,1849.05175590515,1856.47017097473,1
283,"super",46.6590111036445,-3.34098889635552,5.55737783667446,-4.90026070560852,51.559271809253,35.7667506952814,57.5512715120075,40.6670114008899,62.451532217616,1,1,0,1,1849.77307891846,1857.06491088867,1
284,"super",37.8694781800074,-12.1305218199926,5.71706221771625,-4.53913975322887,42.4086179332363,26.6642421359089,49.0747142241059,31.2033818891377,53.6138539773348,0,1,1,1,1854.46009802818,1862.34162521362,1
285,"super",46.674064803509,-3.32593519649097,5.36154908249198,-4.43429029764429,51.1083551011533,36.165621700481,57.1825079065371,40.5999119981253,61.6167982041814,1,1,0,1,1844.41846513748,1852.64106702805,1
286,"super",50.5487577298562,0.548757729856156,5.73244390573812,-5.03158677854378,55.5803445083999,39.3133741312133,61.784141328499,44.3449609097571,66.8157281070428,1,1,0,1,1852.45048189163,1860.05376911163,1
287,"super",48.9224732692003,-1.07752673079968,7.18570215866995,-7.4946896763365,56.4171629455368,34.8387558345755,63.0061907038251,42.333445510912,70.5008803801616,1,1,0,1,1848.4954559803,1856.04414796829,1
288,"super",42.2357276542679,-7.76427234573214,5.6884396888706,-8.90552365760427,51.1412513118721,31.0865907358532,53.3848645726825,39.9921143934575,62.2903882302867,1,1,0,1,1848.34517097473,1856.07187795639,1
289,"super",49.6541404382264,-0.345859561773622,5.35277919099584,-2.56765162255177,52.2217920607781,39.1628860066791,60.1453948697737,41.7305376292309,62.7130464923254,1,1,0,1,1845.04039001465,1852.61906981468,1
290,"super",50.1603027035253,0.160302703525304,6.72184157553297,-5.12331790747549,55.2836206110008,36.9857353056967,63.3348701013539,42.1090532131722,68.4581880088294,1,1,0,1,1850.85453605652,1858.83833622932,1
291,"super",49.7766054245166,-0.223394575483439,6.59064155587535,-6.35475909458388,56.1313645191004,36.8591853399879,62.6940255090453,43.2139444345717,69.0487846036291,1,1,0,1,1847.30731081963,1854.89588284492,1
292,"super",49.7020435090095,-0.297956490990487,6.69924359866017,-9.04961263036769,58.7516561393772,36.5717673319751,62.832319686044,45.6213799623428,71.8819323164116,1,1,0,1,1845.2908141613,1852.90891098976,1
293,"super",50.186972293744,0.186972293744049,5.8078870686008,-5.00420492589728,55.1911772196413,38.8037228130106,61.5702217744775,43.8079277389078,66.5744267003748,1,1,0,1,1840.09912896156,1847.52548217773,1
294,"super",46.9344967124903,-3.06550328750972,5.98120731541396,-8.53945467611614,55.4739513886064,35.2115457902114,58.6574476347691,43.7510004663276,67.1969023108853,1,1,0,1,1853.20313191414,1860.95250201225,1
295,"super",44.502890835971,-5.49710916402902,5.74362848566066,-4.47566734188369,48.9785581778547,33.2455858634978,55.7601958084442,37.7212532053815,60.2358631503279,1,1,0,1,1850.74440908432,1859.06329107285,1
296,"super",47.3394734670586,-2.66052653294142,6.13885050151857,-4.59253462092213,51.9320080879807,35.3075475776065,59.3713993565106,39.9000821985287,63.9639339774328,1,1,0,1,1851.27640604973,1858.86905694008,1
297,"super",41.1023934972229,-8.8976065027771,5.96180337884088,-4.52325570113612,45.625649198359,29.4174735917856,52.7873134026602,33.9407292929217,57.3105691037964,1,1,0,1,1848.68103790283,1856.14512300491,1
298,"super",46.6194996335463,-3.38050036645373,6.47755136302147,-8.11579236659599,54.7352920001423,33.9237322540158,59.3152670130767,42.0395246206118,67.4310593796727,1,1,0,1,1855.75444579124,1864.42059206963,1
299,"super",52.2884959509881,2.28849595098806,6.21513083734026,-6.72886935187935,59.0173653028674,40.1070633505969,64.4699285513792,46.8359327024762,71.1987979032586,1,1,0,1,1849.75092101097,1857.51073908806,1
300,"super",50.0375339653985,0.0375339653984952,5.56252607967561,-6.54113261544757,56.5786665808461,39.1351831861695,60.9398847446275,45.6763158016171,67.481017360075,1,1,0,1,1850.90446591377,1858.88057518005,1
301,"super",50.949627144329,0.949627144328979,6.13308241669496,-5.11058157286284,56.0602087171918,38.929006493391,62.970247795267,44.0395880662538,68.0808293681298,1,1,0,1,1857.28707098961,1865.06522703171,1
302,"super",47.1760627744182,-2.82393722558179,5.92874501347682,-7.21321343737321,54.3892762117914,35.5559360744822,58.7961894743542,42.7691495118554,66.0094029117274,1,1,0,1,1848.04748988152,1855.60611104965,1
303,"super",42.6599713959381,-7.34002860406188,5.86846558217329,-7.71573635508611,50.3757077510242,31.1579902103656,54.1619525815106,38.8737265654517,61.8776889365968,1,1,0,1,1849.72781801224,1857.95596694946,1
304,"super",45.0048990550949,-4.9951009449051,6.47335838004273,-5.35247820421982,50.3573772593147,32.3173497711906,57.6924483389992,37.6698279754104,63.044926543219,1,1,0,1,1852.91409897804,1860.54181790352,1
305,"super",48.9836821719332,-1.01631782806677,6.19895618959702,-8.32506193799827,57.3087441099315,36.8339512985814,61.133413045285,45.1590132365797,69.4584749832833,1,1,0,1,1849.18712520599,1857.19148302078,1
306,"super",56.3936941796261,6.39369417962608,6.61760473712018,-6.18561664965475,62.5793108292808,43.4234272309489,69.3639611283033,49.6090438806036,75.549577777958,1,1,0,1,1851.75156402588,1859.29707193375,1
307,"super",53.8426234592952,3.84262345929523,5.71927068791982,-6.89754061342599,60.7401640727212,42.6330588931368,65.0521880254537,49.5305995065628,71.9497286388797,1,1,0,1,1846.91410303116,1854.33995008469,1
308,"super",43.7472379591828,-6.25276204081723,5.60755018629561,-4.71506173436539,48.4622996935482,32.7566415525425,54.737834365823,37.4717032869079,59.4528961001884,1,1,0,1,1853.55824303627,1861.32181191444,1
309,"super",54.5930117869048,4.59301178690484,5.9163798468801,-5.79323824323551,60.3862500301403,42.9971203681612,66.1889032056484,48.7903586113968,71.9821414488839,1,1,0,1,1870.82073807716,1879.20071101189,1
310,"super",58.023498934502,8.02349893450197,6.52675481002488,-8.86618124012418,66.8896801746261,45.2312945709296,70.8157032980743,54.0974758110538,79.6818845381985,1,0,0,1,1860.72006797791,1868.69863891602,1
311,"super",43.2803043272446,-6.7196956727554,6.15140968589088,-5.02607140498173,48.3063757322263,31.2237628887476,55.3368457657416,36.2498342937294,60.3629171707233,1,1,0,1,1862.93293309212,1871.1969358921,1
312,"super",46.4314618751011,-3.56853812489889,4.70308017226737,-6.20016068120149,52.6316225563026,37.2135941210526,55.6493296291496,43.4137548022541,61.8494903103511,1,1,0,1,1863.49259591103,1871.36551713943,1
313,"super",46.1229827477043,-3.87701725229567,6.04931471897255,-4.98630777535622,51.1092905230606,34.2665437673701,57.9794217280386,39.2528515427263,62.9657295033948,1,1,0,1,1867.13181710243,1874.93352985382,1
314,"super",43.3575918154937,-6.64240818450634,5.51317200371015,-5.66601218729726,49.0236040027909,32.5519732476472,54.1632103833401,38.2179854349445,59.8292225706373,1,1,0,1,1866.79613494873,1874.5943069458,1
315,"super",43.7263270777755,-6.27367292222446,6.25804021230998,-6.7507925809568,50.4771196587323,31.4607936478446,55.9918605077065,38.2115862288014,62.7426530886633,1,1,0,1,1864.1089360714,1872.21763300896,1
316,"super",46.7623754333601,-3.23762456663985,5.3795186283827,-2.11060718966962,48.8729826230298,36.2187126675678,57.3060381991525,38.3293198572374,59.4166453888222,1,1,0,1,1859.24337601662,1867.49371600151,1
317,"super",48.3835552277993,-1.61644477220073,6.34074522308732,-4.18172455496123,52.5652797827605,35.9559229554037,60.8111875001948,40.137647510365,64.992912055156,1,1,0,1,1862.10464000702,1869.48672199249,1
318,"super",41.35166574756,-8.64833425243999,5.28318571185971,-5.75158035298264,47.1032461005426,30.9968120286784,51.7065194664416,36.748392381661,57.4580998194243,1,1,0,1,1859.12857699394,1866.77183294296,1
319,"super",40.1494410144437,-9.85055898555627,5.87885086826456,-8.08949766932262,48.2389386837663,28.6271050421632,51.6717769867243,36.7166027114858,59.7612746560469,1,1,0,1,1858.74190187454,1866.93493795395,1
320,"super",45.6399257514248,-4.36007424857524,6.44571541034664,-5.54120953697949,51.1811352884043,33.0065556925505,58.273295810299,38.54776522953,63.8145053472785,1,1,0,1,1804.54404306412,1812.55935883522,1
321,"super",47.7789636514908,-2.22103634850922,6.353640666748,-7.10257408033453,54.8815377318253,35.3260567739556,60.2318705290259,42.4286308542902,67.3344446093604,1,1,0,1,1796.81313800812,1805.2385020256,1
322,"super",46.0346234689907,-3.96537653100933,6.32993387862595,-7.19283483324627,53.2274583022369,33.6281810423639,58.4410658956175,40.8210158756101,65.6339007288637,1,1,0,1,1799.22384405136,1806.91547989845,1
323,"super",43.7752734707192,-6.22472652928076,5.89876482835379,-6.60221948491379,50.377492955633,32.2139068538742,55.3366400875643,38.816126338788,61.938859572478,1,1,0,1,1799.39589118958,1806.64727497101,1
324,"super",43.907045783212,-6.09295421678803,6.01936351485845,-6.09632517783801,50.00337096105,32.109310084235,55.704781482189,38.205635262073,61.801106660027,1,1,0,1,1786.01628899574,1793.94797420502,1
325,"super",38.0407557054815,-11.9592442945185,6.28043475697187,-4.70359872833798,42.7443544338195,25.7313297745631,50.3501816363999,30.4349285029011,55.0537803647379,1,1,0,1,1794.01341199875,1801.57207393646,1
326,"super",45.6575683521828,-4.34243164781715,5.50272236354782,-5.83619022136946,51.4937585735523,34.872430702706,56.4427060016597,40.7086209240755,62.2788962230292,1,1,0,1,1798.23101997375,1806.01694583893,1
327,"super",45.8275936165994,-4.17240638340057,5.7000862773169,-5.8691922000984,51.6967858166978,34.6556298042873,56.9995574289115,40.5248220043857,62.8687496290099,1,1,0,1,1798.18187308311,1806.1095020771,1
328,"super",55.2495213576742,5.24952135767425,5.49382144929251,-6.02055384464823,61.2700752023225,44.4818291795673,66.0172135357812,50.5023830242155,72.0377673804294,1,0,0,1,1796.67820596695,1804.78516793251,1
329,"super",34.5771764372529,-15.4228235627471,5.11278932060081,-8.34256437266921,42.9197408099221,24.5562935083343,44.5980593661715,32.8988578810035,52.9406237388407,0,1,1,1,1801.82702112198,1809.38399100304,0
330,"super",53.3562858874519,3.35628588745186,5.91118077061681,-6.89885760562608,60.255143493078,41.7705844709372,64.9419873039665,48.6694420765633,71.8408449095926,1,1,0,1,1796.48503184319,1804.2685148716,1
331,"super",54.408410003494,4.40841000349403,6.56656983723576,-4.81919236290619,59.2276023664002,41.5381696205449,67.2786503864431,46.3573619834511,72.0978427493493,1,1,0,1,1887.41354107857,1894.90741610527,1
332,"super",38.0231872821578,-11.9768127178422,5.41358260190101,-5.30858355104568,43.3317708332035,27.4127603550992,48.6336142092164,32.7213439061449,53.9421977602621,0,1,1,1,1894.51722598076,1902.47904682159,1
333,"super",43.3153636591091,-6.68463634089094,5.67342142054999,-6.20209505322124,49.5174587123303,32.195662005713,54.4350653125051,38.3977570589342,60.6371603657264,1,1,0,1,1893.13097810745,1900.68471503258,1
334,"super",52.5201048437151,2.52010484371513,6.07816047672225,-5.08071887214524,57.6008237158604,40.6071292170847,64.4330804703455,45.68784808923,69.5137993424908,1,1,0,1,1897.7086751461,1905.5638730526,1
335,"super",56.2787961547651,6.27879615476506,6.14935334451678,-4.3963363180055,60.6751324727706,44.2262850713012,68.3313072382289,48.6226213893067,72.7276435562344,1,1,0,1,1897.99181699753,1905.70958185196,1
336,"super",45.2423502866442,-4.75764971335578,5.79431709025951,-6.54870052887048,51.7910508155147,33.8856974747307,56.5990030985578,40.4343980036012,63.1477036274283,1,1,0,1,1888.11496305466,1895.71230602264,1
337,"super",54.2893756131732,4.28937561317322,5.74955111125827,-4.68436690908997,58.9737425222632,43.0204625078348,65.5582887185117,47.7048294169247,70.2426556276016,1,1,0,1,1908.80932378769,1916.7257668972,1
338,"super",53.3407956408707,3.3407956408707,6.05921669685983,-6.29716465926924,59.6379603001399,41.4649491405017,65.2166421412397,47.7621137997709,71.513806800509,1,1,0,1,1896.00107192993,1903.55939102173,1
339,"super",48.6885941771459,-1.31140582285409,6.59286238239784,-3.56597779776109,52.254571974907,35.7668213526172,61.6103670016746,39.3327991503783,65.1763447994357,1,1,0,1,1900.30010890961,1908.45881795883,1
340,"super",48.1535909511807,-1.84640904881935,6.31875370436179,-8.15930291636009,56.3128938675407,35.7690612634525,60.5381206389088,43.9283641798126,68.6974235552689,1,1,0,1,1898.87653303146,1907.13172292709,1
341,"super",56.0260731843783,6.02607318437832,5.60837182647792,-3.4795389631735,59.5056121475518,45.0338663925725,67.0182799761842,48.513405355746,70.4978189393577,1,1,0,1,1898.2370390892,1906.6166510582,1
342,"super",49.9966777338154,-0.00332226618458975,6.0640559404613,-6.5378523679906,56.534530101806,38.1113464902751,61.8820089773557,44.6491988582657,68.4198613453463,1,1,0,1,1900.71514701843,1908.9890589714,1
343,"super",53.2849758860304,3.28497588603044,6.09195096400384,-4.65404653703445,57.9390224230649,41.3449714009989,65.224980371062,45.9990179380333,69.8790269080965,1,1,0,1,1905.53688001633,1913.82801008224,1
344,"super",50.6098400457103,0.609840045710257,6.01294825218702,-6.77807798371,57.3879180294203,38.8246780305206,62.3950020608999,45.6027560142306,69.1730800446099,1,1,0,1,1897.74652004242,1905.71986317635,1
345,"super",44.9294239273435,-5.07057607265646,6.32057282987362,-5.69895088564179,50.6283748129853,32.5413288191288,57.3175190355582,38.2402797047706,63.0164699212,1,1,0,1,1896.3409678936,1904.36194396019,1
346,"super",42.7465840760446,-7.25341592395536,5.77266885827045,-7.37831059261818,50.1248946686628,31.4323610191586,54.0608071329307,38.8106716117768,61.4391177255489,1,1,0,1,1882.76545095444,1890.57564091682,1
347,"super",47.1685857452723,-2.83141425472768,5.66799848980644,-5.28487118437828,52.4534569296506,36.0595128408243,58.2776586497204,41.3443840252026,63.5625298340986,1,1,0,1,1894.9389731884,1902.79522585869,1
348,"super",55.3637032519805,5.3637032519805,5.49786531295728,-4.9270801292408,60.2907833812213,44.5880852467322,66.1393212572288,49.515165375973,71.0664013864696,1,1,0,1,1889.53793311119,1898.0291159153,1
349,"super",41.0186545417517,-8.98134545824826,5.84693801855698,-8.12002120606412,49.1386757478159,29.5588666055421,52.4784424779614,37.6788878116062,60.5984636840255,1,1,0,1,1889.5656349659,1897.76052498817,1
350,"super",48.4679404925465,-1.53205950745355,6.15624142863116,-4.7048142277046,53.172754720251,36.401929012296,60.5339519727969,41.1067432400006,65.2387662005015,1,1,0,1,1892.31152391434,1899.57970499992,1
351,"super",51.340411793852,1.34041179385205,5.94852186535536,-3.93000328673231,55.2704150805844,39.6815231765065,62.9993004111976,43.6115264632388,66.9293036979299,1,1,0,1,1901.19992089272,1909.11811304092,1
352,"super",66.6225034213339,16.6225034213339,7.26999929778483,-8.24496538366748,74.8674688050014,52.3735666300442,80.8714402126237,60.6185320137116,89.1164055962911,0,0,1,1,1897.14845299721,1905.55072116852,0
353,"super",52.5821462532045,2.58214625320447,6.42038352827805,-6.66595150454885,59.2480977577533,39.9984257708453,65.1658667355636,46.6643772753942,71.8318182401125,1,1,0,1,1867.81122112274,1875.931224823,1
354,"super",52.9947416948113,2.99474169481132,6.05333675664573,-5.94174028481703,58.9364819796284,41.1304196654932,64.8590637241295,47.0721599503102,70.8008040089465,1,1,0,1,1870.99993896484,1879.1727950573,1
355,"super",45.7161430512479,-4.28385694875214,5.54605643660834,-4.28731718520169,50.0034602364496,34.846072179269,56.5862139232268,39.1333893644707,60.8735311084285,1,1,0,1,1862.27950692177,1870.31056284904,1
356,"super",44.7329024745087,-5.26709752549129,5.5178362301926,-5.35858277430204,50.0914852488107,33.9181421907409,55.5476627582765,39.276724965043,60.9062455325785,1,1,0,1,1868.04304385185,1876.06718921661,1
357,"super",43.744790776708,-6.25520922329198,6.26254177904874,-4.94959653030164,48.6943873070097,31.4704344380951,56.0191471153209,36.4200309683967,60.9687436456226,1,1,0,1,1865.89864397049,1874.00283098221,1
358,"super",49.2757181311644,-0.724281868835618,6.12418142318699,-7.09610981136597,56.3718279425304,37.2725431069286,61.2788931554001,44.3686529182946,68.3750029667661,1,1,0,1,1869.40402793884,1876.81034588814,1
359,"super",45.2904732640707,-4.70952673592934,4.94053464560809,-5.76038413682394,51.0508574008946,35.6072032943064,54.9737432338349,41.3675874311304,60.7341273706588,1,1,0,1,1874.1878349781,1882.60353279114,1
360,"super",52.3877329138459,2.38773291384592,6.35588701609506,-8.58860621770923,60.9763391315552,39.9304232724939,64.845042555198,48.5190294902031,73.4336487729072,1,1,0,1,1869.42632198334,1877.72407102585,1
361,"super",45.3353279225983,-4.66467207740166,5.4652565696947,-8.61058872278114,53.9459166453795,34.6236218797258,56.0470339654709,43.2342106025069,64.657622688252,1,1,0,1,1867.93732404709,1875.9412689209,1
362,"super",52.8325716515404,2.83257165154036,5.90729330912325,-4.62857511300182,57.4611467645422,41.2544895195444,64.4106537835364,45.8830646325462,69.0392288965382,1,1,0,1,1881.18351101875,1889.40442800522,1
363,"super",47.8424905150201,-2.15750948497994,5.15911269672443,-4.95389929914843,52.7963898141685,37.7308154372569,57.9541655927833,42.6847147364053,62.9080648919317,1,1,0,1,1871.52982807159,1879.38848900795,1
364,"super",52.9649742950906,2.96497429509062,6.28665992164597,-6.0125088921468,58.9774831872374,40.6433472656131,65.2866013245681,46.6558561577599,71.2991102167149,1,1,0,1,1872.85759401321,1881.3113899231,1
365,"super",55.1267097006643,5.12670970066426,5.86744934980208,-4.60186545071961,59.7285751513839,43.6267202939392,66.6266991073893,48.2285857446588,71.2285645581089,1,1,0,1,1869.06497907639,1877.10814809799,1
366,"super",44.735684200657,-5.26431579934295,6.30904684685355,-5.72607259661789,50.4617567972749,32.3701796040481,57.101188797266,38.096252200666,62.8272613938839,1,1,0,1,1869.49536013603,1878.44877815247,1
367,"super",52.3757048641566,2.37570486415657,6.02129106438849,-7.69792443282093,60.0736292969775,40.5741912375223,64.1772184907908,48.2721156703432,71.8751429236118,1,1,0,1,1873.24258494377,1881.11226201057,1
368,"super",41.4718423587108,-8.52815764128917,5.78807776205885,-2.75653574587522,44.228378104586,30.1274184053583,52.8162663120634,32.8839541512335,55.5728020579386,1,1,0,1,1873.53074479103,1880.89060115814,1
369,"super",44.8378367714749,-5.16216322852507,5.60018156140768,-5.48591890866393,50.3237556801389,33.8616826042306,55.8139909387193,39.3476015128945,61.2999098473832,1,1,0,1,1877.91247797012,1885.63528800011,1
370,"super",42.9280327778645,-7.07196722213553,6.56320191911611,-4.88447637319722,47.8125091510617,30.0643933931327,55.7916721625962,34.94886976633,60.6761485357934,1,1,0,1,1873.50448703766,1881.70608091354,1
371,"super",54.8213698115142,4.82136981151417,5.337980041946,-3.66895753839918,58.4903273499133,44.3591211791064,65.2836184439219,48.0280787175056,68.9525759823211,1,1,0,1,1877.57349395752,1885.61976408958,1
372,"super",50.8621602633119,0.862160263311907,5.87364303032812,-5.39082856759678,56.2529888309087,39.3500314658241,62.3742890607997,44.7408600334209,67.7651176283965,1,1,0,1,1868.04513311386,1875.94118380547,1
373,"super",53.9071484225702,3.90714842257017,7.14780973708488,-3.51529485482685,57.422443277397,39.8976987695391,67.9165980756012,43.412993624366,71.4318929304281,1,1,0,1,1869.2176361084,1878.30365419388,1
374,"super",43.6140708272446,-6.3859291727554,6.50711677492737,-8.87549992297289,52.4895707502175,30.8603563051905,56.3677853492987,39.7358562281634,65.2432852722715,1,1,0,1,1872.65131497383,1880.58510184288,1
375,"super",46.8577739470855,-3.14222605291453,5.44602199314532,-6.56382850241635,53.4216024495018,36.1837669815076,57.5317809126633,42.747595483924,64.0956094150797,1,1,0,1,1870.31534314156,1878.0832939148,1
376,"super",55.5227659500235,5.52276595002348,6.35100963349978,-6.06350615880618,61.5862721088297,43.075015802897,67.97051609715,49.1385219617032,74.0340222559562,1,1,0,1,1866.16520190239,1874.54547309875,1
377,"super",44.4992570444285,-5.50074295557151,5.40057270846775,-7.90949903721756,52.408756081646,33.9143290399418,55.0841850489152,41.8238280771593,62.9936840861328,1,1,0,1,1862.37753200531,1870.54856419563,1
378,"super",45.4667799588416,-4.53322004115843,5.8713313627721,-5.31817182293779,50.7849517817794,33.9591819465078,56.9743779711754,39.2773537694456,62.2925497941131,1,1,0,1,1862.30906605721,1870.37415289879,1
379,"super",50.6963905863725,0.69639058637248,6.52936952309724,-7.2685728957498,57.9649634821223,37.8990614793484,63.4937196933965,45.1676343750982,70.7622925891463,1,1,0,1,1859.25366187096,1867.17742013931,1
380,"super",50.3032372187143,0.30323721871428,6.21682530936146,-5.62000326226998,55.9232404809843,38.1184835141887,62.4879909232398,43.7384867764587,68.1079941855098,1,1,0,1,1868.80754804611,1876.49148607254,1
381,"super",47.8362714331488,-2.16372856685116,5.80378221060246,-6.79941373550762,54.6356851686565,36.4610673262538,59.2114755400439,43.2604810617614,66.0108892755515,1,1,0,1,1855.67023897171,1863.64983487129,1
382,"super",40.9235777191981,-9.07642228080194,5.74100320243682,-3.56000815562562,44.4835858748237,29.6714182072928,52.1757372311033,33.2314263629184,55.735745386729,1,1,0,1,1861.66682887077,1870.2705180645,1
383,"super",53.7955949297737,3.7955949297737,5.42997875617451,-5.55454219542995,59.3501371252036,43.1530321308541,64.4381577286933,48.707574326284,69.9926999241233,1,1,0,1,1867.23576116562,1875.67595219612,1
384,"super",47.4121573482966,-2.58784265170343,5.44808430462154,-4.2373798418835,51.6495371901801,36.7341083265004,58.0902063700927,40.9714881683839,62.3275862119762,1,1,0,1,1865.88748502731,1874.08584690094,1
385,"super",48.7949087231859,-1.20509127681408,6.57767259465263,-5.56591382759186,54.3608225507778,35.9029073355706,61.6869101108012,41.4688211631625,67.2528239383931,1,1,0,1,1863.32767820358,1871.83414888382,1
386,"super",53.3220086082614,3.32200860826136,6.52888886050452,-5.89948143190112,59.2214900401625,40.5256215826078,66.118395633915,46.4251030145089,72.0178770658161,1,1,0,1,1844.98742008209,1852.48393297195,1
387,"super",49.6515051499657,-0.348494850034264,6.35082174282267,-6.60298895474092,56.2544941047067,37.2041232617994,62.098887038132,43.8071122165403,68.701875992873,1,1,0,1,1839.78150892258,1848.83082699776,1
388,"super",48.2393920739602,-1.76060792603976,5.52060034403079,-3.92912049543186,52.1685125693921,37.4192142266205,59.0595699213,41.3483347220523,62.9886904167319,1,1,0,1,1845.70881819725,1853.4256439209,1
389,"super",46.8752519671116,-3.12474803288839,5.74701268492668,-5.97151993639711,52.8467719035087,35.6113140859605,58.1391898482627,41.5828340223576,64.1107097846598,1,1,0,1,1848.165599823,1856.33315181732,1
390,"super",48.5956376637615,-1.40436233623853,6.24548786099356,-7.38447115582436,55.9801088195858,36.354706390332,60.8365689371909,43.7391775461564,68.2210400930153,1,1,0,1,1839.84858107567,1847.140198946,1
391,"super",48.0947074033309,-1.90529259666907,6.0754092369709,-7.91555648473359,56.0102638880645,36.187124107526,60.0022906991359,44.1026805922596,67.9178471838694,1,1,0,1,1842.20081305504,1850.22081208229,1
392,"super",45.984209120099,-4.01579087990101,5.51147686056573,-7.11992921738449,53.1041383374835,35.1819129717643,56.7865052684337,42.3018421891488,63.9064344858182,1,1,0,1,1840.62244296074,1848.93040800095,1
393,"super",51.7285842639112,1.72858426391123,6.13291040962153,-3.01227874248504,54.7408630063963,39.7083007406422,63.7488677871802,42.7205794831273,66.7611465296653,1,1,0,1,1840.02551794052,1849.3100130558,1
394,"super",47.6335190852194,-2.36648091478056,6.33122868139296,-5.99412638167764,53.6276454668971,35.2245388918022,60.0424992786367,41.2186652734799,66.0366256603143,1,1,0,1,1835.32533788681,1843.26135110855,1
395,"super",43.8973417973187,-6.10265820268131,5.96326470205435,-8.95923580175865,52.8565775990773,32.2095577510132,55.5851258436242,41.1687935527718,64.5443616453828,1,1,0,1,1840.60031294823,1848.42931890488,1
396,"super",44.9829361095222,-5.01706389047784,5.78402021940745,-6.39862736045109,51.3815634699733,33.6464647936321,56.3194074254122,40.0450921540832,62.7180347858633,1,1,0,1,1833.84567689896,1842.94743490219,1
397,"super",43.8771136115294,-6.12288638847059,5.69711574758944,-4.73005771769706,48.6071713292265,32.7109719304981,55.0432552925607,37.4410296481952,59.7733130102578,1,1,0,1,1784.60170197487,1792.3393509388,1
398,"super",46.738185072894,-3.26181492710601,5.93423641385702,-5.7820637588907,52.5202488317847,35.1072954259881,58.3690747197999,40.8893591848788,64.1511384786906,1,1,0,1,1775.46905398369,1783.1569070816,1
399,"super",50.7517086152583,0.751708615258266,5.21260965178268,-4.30608124663821,55.0577898618965,40.5351814322984,60.9682357982182,44.8412626789366,65.2743170448564,1,1,0,1,1789.95114016533,1797.69034910202,1
400,"super",46.4050780680869,-3.59492193191313,5.80455584235305,-4.02882108560562,50.4338991536925,35.0283576708233,57.7817984653504,39.057178756429,61.810619550956,1,1,0,1,1786.80340600014,1794.60383582115,1
401,"super",60.8814462777408,10.8814462777408,6.28392650505048,-2.98589617522457,63.8673424529654,48.5651766463452,73.1977159091364,51.5510728215698,76.183612084361,1,0,0,1,1780.42335486412,1788.24358606339,0
402,"super",43.8382749468086,-6.16172505319136,5.45026979126247,-3.67990234265044,47.5181772894591,33.1559424499076,54.5206074437097,36.835844792558,58.2005097863602,1,1,0,1,1781.51990199089,1789.12973713875,1
403,"super",51.4593158810958,1.45931588109582,6.5229871273328,-8.19895095466613,59.658266835762,38.6744960399052,64.2441357222865,46.8734469945713,72.4430866769526,1,1,0,1,1780.26005387306,1787.62038397789,1
404,"super",47.8423290159026,-2.15767098409739,5.32522076661505,-6.10379221854972,53.9461212344523,37.4050881036123,58.2795699281929,43.5088803221621,64.3833621467426,1,1,0,1,1785.67254400253,1793.40638208389,1
405,"super",44.1315843733017,-5.86841562669827,5.49047757577835,-5.08762353338857,49.2192079066903,33.3704460668514,54.8927226797521,38.45806960024,59.9803462131406,1,1,0,1,1780.80595183372,1788.44079303741,1
406,"super",44.4400003077121,-5.55999969228786,5.79331711870993,-7.00122439172037,51.4412246994325,33.0853074040213,55.794693211403,40.0865317957417,62.7959176031233,1,1,0,1,1782.55065608025,1790.26287198067,1
407,"super",51.8057849392084,1.80578493920841,6.59639136369955,-6.74208994150683,58.5478748807152,38.8770954384262,64.7344744399906,45.6191853799331,71.4765643814974,1,1,0,1,1780.28730416298,1787.94524097443,1
408,"super",49.002160520171,-0.997839479828961,5.40510135499171,-4.77244461831993,53.774605138491,38.4083565315987,59.5959645087434,43.1808011499186,64.3684091270634,1,1,0,1,1745.29383182526,1752.53944897652,1
409,"super",44.1436129573818,-5.85638704261822,5.33763737788782,-5.00920891630281,49.1528218736846,33.6820359341868,54.6051899805767,38.6912448504897,59.6143988968795,1,1,0,1,1756.96361589432,1764.47335410118,1
410,"super",49.0525928283236,-0.947407171676403,6.10343680202145,-7.6775878431854,56.730180671509,37.0900765144452,61.015109142202,44.7676643576306,68.6926969853874,1,1,0,1,1752.52032184601,1760.02214503288,1
411,"super",50.0888411006063,0.0888411006063095,6.05588747053314,-4.88820185833638,54.9770429589427,38.219519763934,61.9581624372786,43.1077216222704,66.846364295615,1,1,0,1,1744.67462706566,1752.22402405739,1
412,"super",44.8344198644644,-5.16558013553557,5.74101998043038,-3.81317171463457,48.647591579099,33.582227468296,56.0866122606328,37.3953991829306,59.8997839752674,1,1,0,1,1744.64158201218,1751.76928687096,1
413,"super",51.0742778315758,1.07427783157577,6.35776991250618,-6.67185170456165,57.7461295361374,38.6132777810713,63.5352778820803,45.2851294856329,70.2071295866419,1,1,0,1,1756.55131101608,1763.92396306992,1
414,"super",46.2579207174896,-3.7420792825104,6.05429170825655,-6.87125778384415,53.1291785013337,34.3917270174073,58.1241144175719,41.2629848012514,64.9953722014161,1,1,0,1,1748.15798211098,1755.73913311958,1
415,"super",50.8737624734103,0.873762473410288,6.62908762424641,-7.01866447464392,57.8924269480542,37.8809894795271,63.8665354672934,44.899653954171,70.8851999419374,1,1,0,1,1750.77383089066,1758.34889888763,1
416,"super",46.9143136169985,-3.08568638300147,6.11634579003991,-4.86632819837946,51.780641815378,34.9264961515271,58.9021310824699,39.7928243499066,63.7684592808494,1,1,0,1,1756.35905098915,1763.80097198486,1
417,"super",45.9385675664334,-4.06143243356661,4.91837216367032,-4.72239905881796,50.6609666252514,36.2987352630752,55.5783998697916,41.0211343218932,60.3007989286095,1,1,0,1,1745.95675802231,1753.64889287949,1
418,"super",48.1719382778652,-1.82806172213485,7.4577062688657,-3.6451327312741,51.8170710091392,33.5551025836098,62.7887739721205,37.2002353148839,66.4339067033946,1,1,0,1,1751.52447795868,1759.19519996643,1
419,"super",36.5704694273388,-13.4295305726612,5.77615284160904,-6.83783753006851,43.4083069574073,25.2494178885864,47.8915209660912,32.0872554186549,54.7293584961597,0,1,1,1,1742.26705288887,1749.7850060463,0
420,"super",47.3843488253502,-2.61565117464976,6.35247627141672,-7.10326835792931,54.4876171832795,34.9337241207282,59.8349735299723,42.0369924786575,66.9382418879016,1,1,0,1,1745.09347915649,1752.53325414658,1
421,"super",35.9171807714002,-14.0828192285998,5.41508002263126,-3.59510071344649,39.5122814848467,25.3038189536406,46.5305425891598,28.898919667087,50.1256433026063,0,1,1,1,1734.96069788933,1742.99410200119,0
422,"super",49.8041284385006,-0.195871561499445,7.3599602817164,-8.20996428032438,58.0140927188249,35.3788713586912,64.22938551831,43.5888356390155,72.4393497986343,1,1,0,1,1740.9391272068,1748.34716200829,1
423,"super",52.0070080293328,2.00700802933281,7.07627681568118,-3.6917054814086,55.6987135107414,38.1377603259619,65.8762557327037,41.8294658073705,69.5679612141123,1,1,0,1,1733.58220481873,1741.13094997406,1
424,"super",45.0768732969112,-4.92312670308884,6.28582401559977,-6.31381801512278,51.3906913120339,32.7568846131787,57.3968619806436,39.0707026283014,63.7106799957664,1,1,0,1,1741.83517408371,1749.55971312523,1
425,"super",48.818435575041,-1.18156442495899,6.13596318013824,-5.64723214151179,54.4656677165528,36.7921687315062,60.8447024185758,42.439400873018,66.4919345600876,1,1,0,1,1741.75075912476,1749.40668201447,1
426,"super",46.8506731558265,-3.1493268441735,6.75098794850937,-6.51440377843979,53.3650769342663,33.6189799166842,60.0823663949688,40.133383695124,66.5967701734086,1,1,0,1,1747.44337296486,1755.40004587173,1
427,"super",51.0674267090544,1.06742670905435,5.9088099314092,-3.6005623391308,54.6679890481851,39.4863720519997,62.648481366109,43.0869343911305,66.2490437052398,1,1,0,1,1736.29947090149,1743.9155728817,1
428,"super",50.6731589296967,0.67315892969674,5.7583859089383,-6.6156755582491,57.2888344879458,39.3869299390947,61.9593879202987,46.0026054973438,68.5750634785478,1,1,0,1,1739.90488886833,1747.52332401276,1
429,"super",48.682035692294,-1.31796430770597,6.26558987303897,-7.17910769256185,55.8611433848559,36.4017051992388,60.9623661853493,43.5808128918006,68.1414738779111,1,1,0,1,1740.97699308395,1748.56879997253,1
430,"super",43.1468195604501,-6.85318043954985,5.26026097348203,-4.602000679936,47.7488202403862,32.8368975031438,53.4567416177565,37.4388981830798,58.0587422976925,1,1,0,1,1767.70886087418,1775.0727391243,1
431,"super",51.5483314931541,1.5483314931541,6.2302095694141,-4.2489059496106,55.7972374427647,39.3373451209657,63.7593178653425,43.5862510705763,68.0082238149531,1,1,0,1,1754.05235099792,1761.55188202858,1
432,"super",48.5638302743737,-1.43616972562632,6.34783515916079,-6.2075983977232,54.7714286720969,36.1223019826215,61.0053585661259,42.3299003803447,67.2129569638491,1,1,0,1,1766.56424808502,1773.99350190163,1
433,"super",56.787974674032,6.78797467403205,6.47920675740051,-5.28611704996127,62.0740917239933,44.0889627811385,69.4869865669256,49.3750798310998,74.7731036168869,1,1,0,1,1765.362596035,1772.91217398643,1
434,"super",57.3286239431062,7.32862394310616,6.73037176400119,-5.71967921668061,63.0483031597868,44.1373376830985,70.5199102031138,49.8570168997791,76.2395894197944,1,1,0,1,1763.04070878029,1770.75184321404,1
435,"super",52.9435843661048,2.94358436610482,6.13683133806481,-7.59850336896583,60.5420877350706,40.915615964301,64.9715527679086,48.5141193332669,72.5700561368744,1,1,0,1,1759.65785598755,1767.124751091,1
436,"super",48.2992450875106,-1.70075491248944,5.92366373933568,-5.18163399340162,53.4808790809122,36.6890775018868,59.9094126731343,41.8707114952884,65.091046666536,1,1,0,1,1761.95735096931,1769.53224802017,1
437,"super",46.4003722537616,-3.59962774623845,6.88824171414831,-5.93960848237511,52.3399807361367,32.8996665772244,59.9010779302987,38.8392750595995,65.8406864126738,1,1,0,1,1766.83969187737,1774.39270401001,1
438,"super",41.4893572320781,-8.51064276792194,5.65172406522667,-5.01982508863442,46.5091823207125,30.4121816136755,52.5665328504806,35.4320067023099,57.586357939115,1,1,0,1,1762.74711298943,1770.47718596458,1
439,"super",51.7140929704979,1.71409297049794,6.64833564288461,-5.89247840994653,57.6065713804445,38.6835945533102,64.7445913876857,44.5760729632567,70.6370697976323,1,1,0,1,1762.90152406693,1770.12594795227,1
440,"super",51.7055651445902,1.70556514459017,6.48867669801891,-4.70344684168638,56.4090119862765,38.9879925091488,64.4231377800315,43.6914393508352,69.1265846217179,1,1,0,1,1763.16539382935,1770.51389789581,1
441,"super",52.5470696671457,2.54706966714571,5.79406320449951,-6.19909006795179,58.7461597350975,41.190914462178,63.9032248721135,47.3900045301297,70.1023149400653,1,1,0,1,1743.48484301567,1750.70553088188,1
442,"super",43.2544811671502,-6.74551883284981,5.4182150664164,-6.75604179359647,50.0105229607467,32.6349747764817,53.8739875578186,39.3910165700782,60.6300293514151,1,1,0,1,1755.90226984024,1763.58198285103,1
443,"super",47.4643586168681,-2.5356413831319,6.56321097529175,-6.27560030606396,53.7399589229321,34.6007014823583,60.3280157513779,40.8763017884222,66.6036160574419,1,1,0,1,1754.77117300034,1762.43997311592,1
444,"super",54.5382117510407,4.53821175104066,5.82311827884475,-2.69654966964064,57.2347614206813,43.1251096467881,65.9513138552932,45.8216593164287,68.6478635249339,1,1,0,1,1746.87933897972,1754.62305688858,1
445,"super",58.3948501074562,8.39485010745621,6.33294175368668,-6.4284700697829,64.8233201772391,45.9825123540404,70.807187860872,52.4109824238233,77.2356579306549,1,0,0,1,1749.71928501129,1757.35161018372,1
446,"super",48.4577014712482,-1.54229852875181,5.93800755920379,-9.52467121745453,57.9823726887027,36.8194205152822,60.0959824272142,46.3440917327367,69.6206536446687,1,1,0,1,1750.35497403145,1757.76884102821,1
447,"super",53.8542118991902,3.85421189919015,5.97462177859817,-4.69293804376507,58.5471499429552,42.1441683918891,65.5642554064912,46.8371064356542,70.2571934502563,1,1,0,1,1756.54163694382,1764.15608716011,1
448,"super",51.7579671368365,1.75796713683654,5.76630428231739,-6.21088307351394,57.9688502103505,40.4562184195954,63.0597158540777,46.6671014931093,69.2705989275916,1,1,0,1,1747.71992301941,1755.17491292953,1
449,"super",51.7098834559482,1.70988345594816,6.82633126188051,-7.94155001684779,59.651433472796,38.3305200361225,65.0892468757738,46.2720700529703,73.0307968926216,1,1,0,1,1751.55988311768,1759.14036297798,1
450,"super",50.5068792552973,0.506879255297292,5.45687032148924,-2.05904407332036,52.5659233286177,39.8116099568729,61.2021485537217,41.8706540301932,63.2611926270421,1,1,0,1,1754.18909311295,1761.91313385963,1
451,"super",62.844516176424,12.844516176424,6.09474358142082,-4.01989614237012,66.8644123187942,50.8990382618326,74.7899940910155,54.9189344042027,78.8098902333856,0,0,1,1,1751.72338080406,1759.61185002327,0
452,"super",45.3885550496865,-4.61144495031346,5.86595490841167,-4.86070493502273,50.2492599847093,33.8914946942637,56.8856154051094,38.7521996292864,61.7463203401321,1,1,0,1,1751.61238598824,1758.95535707474,1
453,"super",43.2062767587863,-6.79372324121371,5.4080376675502,-4.43309854213333,47.6393753009196,32.6067177033519,53.8058358142207,37.0398162454852,58.238934356354,1,1,0,1,1755.88231086731,1763.01428103447,1
454,"super",56.4323493822992,6.43234938229916,5.84271162726647,-4.01645314362334,60.4488025259225,44.9808450208035,67.8838537437948,48.9972981644268,71.9003068874182,1,1,0,1,1760.19297599792,1767.80751180649,1
455,"super",46.2577765584445,-3.7422234415555,6.47019314487845,-6.55837299501993,52.8161495534644,33.5764310214648,58.9391220954242,40.1348040164847,65.4974950904441,1,1,0,1,1755.9541618824,1763.2491748333,1
456,"super",43.03531336553,-6.96468663446995,5.3636950597704,-5.92003111610101,48.9553444816311,32.5226642243247,53.5479625067354,38.4426953404257,59.4679936228364,1,1,0,1,1759.39183592796,1766.79829692841,1
457,"super",59.0028139619197,9.00281396191973,6.64980468626794,-5.73845970515853,64.7412736670782,45.9694362726089,72.0361916512306,51.7078959777674,77.7746513563891,1,0,0,1,1760.43544602394,1767.61516404152,1
458,"super",49.4332360784847,-0.566763921515317,6.40486506717662,-5.98658216039122,55.4198182388759,36.8799312209798,61.9865409359896,42.866513381371,67.9731230963808,1,1,0,1,1755.55068087578,1763.10426402092,1
459,"super",40.1570521353832,-9.84294786461684,5.40762929089403,-4.53323648587241,44.6902886212556,29.558293483487,50.7558107872793,34.0915299693594,55.2890472731517,1,1,0,1,1761.92122888565,1770.10525584221,1
460,"super",55.5942912006907,5.59429120069075,5.4607016078885,-3.34393561177598,58.9382268124667,44.8915127189093,66.2970696824722,48.2354483306853,69.6410052942481,1,1,0,1,1757.20547819138,1764.77589321136,1
461,"super",41.5488690238059,-8.45113097619406,5.32591591896286,-5.35648442179424,46.9053534456002,31.1102656379502,51.9874724096617,36.4667500597444,57.3439568314559,1,1,0,1,1755.83077502251,1763.15921187401,1
462,"super",49.7105946731289,-0.289405326871112,6.24636590632893,-6.5679269437407,56.2785216168696,37.4679424624653,61.9532468837925,44.035869406206,68.5211738275332,1,1,0,1,1755.58329510689,1762.81659507751,1
463,"super",64.437853793753,14.437853793753,7.17435164240764,-7.40546249431443,71.8433162880675,50.3763829622083,78.4993246252978,57.7818454565227,85.9047871196122,0,0,1,1,1749.64391803741,1756.66018795967,0
464,"super",50.1264473701089,0.126447370108941,6.52692369875576,-7.93339336221005,58.059840732319,37.3339119907067,62.9189827495112,45.2673053529168,70.8523761117212,1,1,0,1,1749.30758905411,1756.50595784187,1
465,"super",55.27359240377,5.27359240377005,7.6414093672282,-13.197333671784,68.4709260755541,40.2967052528758,70.2504795546643,53.4940389246598,83.4478132264483,1,0,0,1,1744.15622115135,1751.47035813332,1
466,"super",51.8730517532381,1.8730517532381,6.42228268897174,-3.58861745129361,55.4616692045317,39.2856089843184,64.4604945221578,42.8742264356121,68.0491119734514,1,1,0,1,1745.32910513878,1752.55406808853,1
467,"super",59.2200950821668,9.22009508216677,6.45106705536046,-6.39020721515551,65.6103022973223,46.5762359918074,71.8639541725261,52.9664432069629,78.2541613876816,1,0,0,1,1749.09259295464,1756.28836798668,1
468,"super",52.8332750512182,2.83327505121821,6.21979634239533,-9.16804267853173,62.0013177297499,40.6426982289494,65.023851873487,49.8107409074811,74.1918945520187,1,1,0,1,1753.2568860054,1760.57470011711,1
469,"super",40.1698767985595,-9.83012320144054,5.6446020029392,-4.47846312630594,44.6483399248654,29.106660165736,51.2330934313829,33.5851232920419,55.7115565576889,1,1,0,1,1748.36781907082,1755.68720602989,1
470,"super",50.9300479969029,0.930047996902893,6.28824785612582,-7.52630362966936,58.4563516265722,38.6053086730351,63.2547873207707,46.1316123027044,70.7810909504401,1,1,0,1,1745.85685014725,1753.10093784332,1
471,"super",47.2966033504882,-2.70339664951179,6.5430243415699,-8.16081041633849,55.4574137668267,34.4725112910423,60.1206954099341,42.6333217073808,68.2815058262726,1,1,0,1,1749.47656083107,1756.799877882,1
472,"super",44.8375810783608,-5.16241892163922,6.58588478190445,-7.2893526129288,52.1269336912896,31.9294840994976,57.7456780572239,39.2188367124264,65.0350306701527,1,1,0,1,1754.85283708572,1761.92679405212,1
473,"super",45.4692523438037,-4.53074765619626,5.65585237425518,-6.17187973710199,51.6411320809057,34.3839853883882,56.5545192992192,40.5558651254902,62.7263990363212,1,1,0,1,1749.87351584435,1757.15804409981,1
474,"super",38.7542251866869,-11.2457748133131,5.73403408697222,-6.1113492192715,44.8655744059584,27.5157248900963,49.9927254832774,33.6270741093678,56.1040747025489,0,1,1,1,1756.81066203117,1764.42651391029,1
475,"super",46.348752441925,-3.65124755807505,5.22080136014757,-4.38441753844959,50.7331699803745,36.116169805598,56.5813350782519,40.5005873440476,60.9657526167015,1,1,0,1,1756.13588285446,1763.49680900574,1
476,"super",49.4228038269264,-0.57719617307356,6.82465078269293,-6.03651962475323,55.4593234516797,36.0467340857852,62.7988735680677,42.0832537105385,68.8353931928209,1,1,0,1,1756.862844944,1764.54013204575,1
477,"super",37.7810215837533,-12.2189784162467,5.78233051930517,-5.99125879003684,43.7722803737901,26.4478620192084,49.1141811482982,32.4391208092452,55.105439938335,0,1,1,1,1759.58390212059,1767.38511896133,1
478,"super",44.6076355053942,-5.39236449460576,5.93892977767929,-5.7522885093115,50.3599240147057,32.9675470344304,56.2477239763581,38.7198355437419,62.0000124856696,1,1,0,1,1746.2020637989,1753.69124698639,1
479,"super",48.5579054806082,-1.44209451939177,6.1596971227799,-7.14295830103013,55.7008637816384,36.4851209642846,60.6306899969318,43.6280792653148,67.773648297962,1,1,0,1,1757.08626198769,1764.70775079727,1
480,"super",43.4692626100666,-6.53073738993339,5.70373870930137,-6.34213416140921,49.8113967714758,32.290140162609,54.6483850575243,38.6322743240182,60.9905192189335,1,1,0,1,1757.87385892868,1765.29601287842,1
481,"super",41.286404659271,-8.71359534072899,5.0013347544076,-1.90388117445239,43.1902858337234,31.4839686660036,51.0888406525384,33.387849840456,52.9927218269908,1,1,0,1,1759.2772731781,1767.05957603455,1
482,"super",57.0991907929255,7.0991907929255,5.4583429245983,-6.93937508187678,64.0385658748023,46.4010352454438,67.7973463404072,53.3404103273206,74.736721422284,1,0,0,1,1760.83219814301,1768.48839592934,1
483,"super",39.1605098805698,-10.8394901194302,5.84104990723218,-5.9782236788236,45.1387335593934,27.7122624304937,50.6087573306459,33.6904861093173,56.5869810094695,1,1,0,1,1756.58673381805,1764.01171302795,1
484,"super",46.7461999311902,-3.25380006880981,5.95239498121575,-6.91051853675048,53.6567184679407,35.0797201462503,58.41267971613,41.9902386830008,65.3231982528805,1,1,0,1,1752.04976415634,1759.423153162,1
485,"super",53.6008999907597,3.60089999075966,5.91628432627651,-3.74173945525384,57.3426394460135,42.0051957889589,65.1966041925604,45.7469352442127,68.9383436478143,1,1,0,1,1752.7787258625,1760.45862913132,1
486,"super",47.8553346876641,-2.14466531233593,5.53775984233105,-6.46307246845611,54.3184071561202,37.001524841663,58.7091445336651,43.4645973101191,65.1722170021212,1,1,0,1,1745.51584291458,1752.95918989182,1
487,"super",45.3488879633313,-4.65111203666874,6.00508936733596,-5.1418507316691,50.4907386950004,33.5791290794084,57.1186468472542,38.7209798110774,62.2604975789233,1,1,0,1,1746.26218104362,1753.79821109772,1
488,"super",46.0818401387215,-3.9181598612785,6.28913021303691,-7.13400531088756,53.2158454496091,33.7553714270864,58.4083088503566,40.889376737974,65.5423141612441,1,1,0,1,1755.23454499245,1763.12047290802,1
489,"super",46.8096966507829,-3.19030334921712,5.58196125674135,-6.95343876897657,53.7631354197595,35.8692536244719,57.7501396770939,42.8226923934485,64.7035784460704,1,1,0,1,1753.33318805695,1760.71354699135,1
490,"super",47.5513737477933,-2.44862625220672,5.94054636807109,-7.52478386724759,55.0761576150409,35.9081168178837,59.1946306777028,43.4329006851313,66.7194145449504,1,1,0,1,1748.68659806252,1756.07869696617,1
491,"super",46.2976717585736,-3.70232824142641,6.01413695866772,-7.95729583816545,54.254967596739,34.5101799214936,58.0851635956536,42.467475759659,66.042459433819,1,1,0,1,1746.72802805901,1754.59575104713,1
492,"super",45.2996253481498,-4.70037465185023,6.91162597079165,-5.94622222353904,51.2458475716888,31.7530873707865,58.8461633255131,37.6993095943255,64.7923855490521,1,1,0,1,1739.3664290905,1746.63367891312,1
493,"super",51.9033992718253,1.90339927182533,6.68344836966988,-6.87328195425925,58.7766812260846,38.8040811747394,65.0027173689112,45.6773631289987,71.8759993231705,1,1,0,1,1726.9096660614,1734.30986309052,1
494,"super",50.91666202399,0.91666202399,6.68497011908105,-7.6499488278978,58.5666108518878,37.8143613528647,64.0189626951153,45.4643101807625,71.6689115230131,1,1,0,1,1744.79768705368,1752.34147715569,1
495,"super",46.0987028855995,-3.90129711440047,5.31737987414524,-4.00076124732114,50.0994641329207,35.6768298401567,56.5205759310423,39.6775910874779,60.5213371783635,1,1,0,1,1755.13429880142,1763.16244411469,1
496,"super",48.4678051610953,-1.53219483890472,6.06579152872559,-3.32392032069994,51.7917254817952,36.579072227065,60.3565380951256,39.9029925477649,63.6804584158255,1,1,0,1,1223.27070403099,1230.01801395416,1
497,"super",51.6195867375665,1.61958673756651,6.9574454980207,-8.06094677392976,59.6805335114963,37.9832441370456,65.2559293380874,46.0441909109754,73.3168761120172,1,1,0,1,1204.99053692818,1210.59229111671,1
498,"super",49.325403833685,-0.67459616631497,6.1331590397046,-6.36230862611321,55.6877124597982,37.3046330044077,61.3461746629623,43.666941630521,67.7084832890755,1,1,0,1,1205.67738723755,1210.84446978569,1
499,"super",41.1478446588661,-8.85215534113391,5.35602772969494,-9.37357713784505,50.5214217967111,30.6502232084662,51.645466109266,40.0238003463112,61.0190432471111,1,1,0,1,1206.24917888641,1212.77438688278,1
500,"super",41.5516345713073,-8.44836542869271,5.20185940533192,-7.49709339315008,49.0487279644574,31.3561774842158,51.7470916583988,38.8532708773659,59.2441850515489,1,1,0,1,1217.10101890564,1223.61315178871,1
