"replicate","Estimator","estimate","bias","bootstrap_se","bootstrap_bias","bc_estimate","ci_lower","ci_upper","bc_ci_lower","bc_ci_upper","covered_true_95","covered_true_95_bc","reject_h0_effect","reject_h0_null","bootstrap_time_sec","replicate_time_sec","covered_mc_mean_95"
1,"xgboost",42.6922167625427,-7.30778323745728,5.74944666716561,-4.64894001362371,47.3411567761664,31.4235083638643,53.9609251612212,36.072448377488,58.6098651748449,1,1,0,1,9.771733045578,9.89225697517395,1
2,"xgboost",43.5664478569031,-6.43355214309693,6.18924115133995,-2.8950170526235,46.4614649095266,31.4357581086435,55.6971376051626,34.330775161267,58.5921546577861,1,1,0,1,9.72386789321899,9.85678505897522,1
3,"xgboost",39.6051513595581,-10.3948486404419,5.46075917651862,-1.69482938380811,41.2999807433662,28.902260045335,50.3080426737812,30.5970894291431,52.0028720575893,1,1,0,1,9.66983699798584,9.79174995422363,1
4,"xgboost",34.0865536270142,-15.9134463729858,5.34599590705704,0.214713910030831,33.8718397169833,23.6085941876838,44.5645130663445,23.393880277653,44.3497991563137,0,0,1,1,9.75251293182373,9.87497997283936,1
5,"xgboost",41.1287373771667,-8.87126262283326,6.38791108610451,2.91289852432645,38.2158388528403,28.6086617119578,53.6488130423757,25.6957631876313,50.7359145180493,1,1,0,1,9.71155619621277,9.83375000953674,1
6,"xgboost",38.975328453064,-11.024671546936,5.76034024718581,-2.16437022395324,41.1396986770172,27.6852690298832,50.2653878762447,29.8496392538365,52.4297581001979,1,1,0,1,9.65220999717712,9.77401804924011,1
7,"xgboost",45.6202734565735,-4.37972654342652,5.93742706989571,-6.35188422689866,51.9721576834721,33.9831302387447,57.2574166744022,40.3350144656434,63.6093009013009,1,1,0,1,9.64472508430481,9.76574611663818,1
8,"xgboost",41.9801212615967,-8.0198787384033,6.04477678966178,0.506126672895412,41.4739945887013,30.132576459276,53.8276660639174,29.6264497863805,53.321539391022,1,1,0,1,9.6879358291626,9.81773495674133,1
9,"xgboost",51.3922859649658,1.39228596496582,6.21595510285188,-5.19647494929886,56.5887609142647,39.2092378338582,63.5753340960735,44.405712783157,68.7718090453723,1,1,0,1,9.73550391197205,9.8589940071106,1
10,"xgboost",40.2960508785248,-9.70394912147522,7.05416426300925,1.76751149023378,38.528539388291,26.4701429819971,54.1219587750524,24.7026314917633,52.3544472848187,1,1,0,1,9.72352385520935,9.84433603286743,1
11,"xgboost",37.3617879371643,-12.6382120628357,7.0734056114453,3.35009118373799,34.0116967534263,23.498167690688,51.2254081836406,20.14807650695,47.8753169999026,1,0,0,1,9.66457605361938,9.79105710983276,1
12,"xgboost",36.4973918991089,-13.5026081008911,5.87860865514208,-1.88365124450112,38.38104314361,24.975530655825,48.0192531423928,26.8591819003261,49.9029043868939,0,0,1,1,12.3803629875183,12.4221041202545,1
13,"xgboost",45.8413687820435,-4.15863121795653,5.76757603467401,-2.76235356887056,48.603722350914,34.5371274759861,57.1456100881009,37.2994810448566,59.9079636569714,1,1,0,1,10.0703880786896,10.1238121986389,1
14,"xgboost",41.8405138053894,-8.15948619461059,5.95896233862692,-2.11448849012996,43.9550022955194,30.1611622364501,53.5198653743287,32.27565072658,55.6343538644587,1,1,0,1,10.1682920455933,10.2124168872833,1
15,"xgboost",49.5236532287598,-0.476346771240216,6.4545032720152,-3.00237468950607,52.5260279182659,36.8730592775141,62.1742471800055,39.8754339670201,65.1766218695116,1,1,0,1,10.2070939540863,10.2604448795319,1
16,"xgboost",39.6662939834595,-10.3337060165405,6.96691508532171,5.37039079571272,34.2959031877468,26.0113913328801,53.3211966340388,20.6410005371674,47.9508058383261,1,0,0,1,12.7561690807343,12.8041570186615,1
17,"xgboost",40.1401749725342,-9.85982502746581,6.30333365524779,0.309734266723858,39.8304407058103,27.7858680257093,52.4944819193591,27.4761337589854,52.1847476526352,1,1,0,1,10.3626019954681,10.4107868671417,1
18,"xgboost",50.2311955604553,0.231195560455348,6.62899526478756,-5.32846217543497,55.5596577358903,37.2386035877852,63.2237875331255,42.5670657632202,68.5522497085605,1,1,0,1,10.2363488674164,10.2911298274994,1
19,"xgboost",36.2509628372192,-13.7490371627808,5.64142079932798,2.09597281145955,34.1549900257597,25.1939812489012,47.3079444255372,23.0980084374417,45.2119716140777,0,0,1,1,10.1440351009369,10.1816539764404,1
20,"xgboost",38.977651008606,-11.022348991394,5.84546411867658,-2.24750817091417,41.2251591795201,27.5207518630787,50.4345501541332,29.7682600339929,52.6820583250474,1,1,0,1,10.1517848968506,10.202024936676,1
21,"xgboost",37.5205000228882,-12.4794999771118,5.90537905015117,0.476359395689975,37.0441406271982,25.9461697695345,49.0948302762418,25.4698103738446,48.6184708805518,0,0,1,1,13.0071759223938,13.0582439899445,1
22,"xgboost",36.3415891265869,-13.6584108734131,5.7559817597071,0.372484808830251,35.9691043177567,25.0600721818915,47.6231060712823,24.6875873730613,47.2506212624521,0,0,1,1,10.2049279212952,10.2577059268951,1
23,"xgboost",42.2709740638733,-7.72902593612671,6.56342227394176,2.25264378304911,40.0183302808242,29.4069027916195,55.1350453361271,27.1542590085704,52.882401553078,1,1,0,1,13.7004799842834,13.7578670978546,1
24,"xgboost",35.6443022575378,-14.3556977424622,5.82474368470112,-0.442053092297719,36.0863553498356,24.2280144163465,47.0605900987292,24.6700675086442,47.5026431910269,0,0,1,1,9.50387597084045,9.5405261516571,1
25,"xgboost",58.7075893745422,8.70758937454222,6.60229931979859,-0.390241496894468,59.0978308714367,45.7673204925837,71.6478582565008,46.1575619894782,72.0380997533952,1,1,0,1,9.51221799850464,9.55029392242432,0
26,"xgboost",37.767776134491,-12.232223865509,5.74949034037133,-0.679800946848381,38.4475770813393,26.4989821379022,49.0365701310797,27.1787830847506,49.7163710779281,0,0,1,1,9.65733599662781,9.69724416732788,1
27,"xgboost",41.7826923913956,-8.21730760860444,6.73034065352321,-0.543316874853893,42.3260092662495,28.5914671068043,54.9739176759868,29.1347839816582,55.5172345508407,1,1,0,1,13.5634989738464,13.6177878379822,1
28,"xgboost",51.5780798482895,1.5780798482895,5.87467029176023,-3.56083348544337,55.1389133337329,40.063937655392,63.092222041187,43.6247711408354,66.6530555266303,1,1,0,1,9.40418219566345,9.43666386604309,1
29,"xgboost",36.7562378559113,-13.2437621440887,6.87842693126964,-0.624486693559447,37.3807245494707,23.2747688003324,50.2377069114902,23.8992554938919,50.8621936050496,1,1,0,1,9.62199282646179,9.6590838432312,1
30,"xgboost",44.5710398817062,-5.42896011829377,5.23164438807199,2.99754465874124,41.573495222965,34.317205301164,54.8248744622484,31.3196606424228,51.8273298035072,1,1,0,1,9.52184104919434,9.55980587005615,1
31,"xgboost",41.5383126220703,-8.46168737792968,6.28767318831885,-0.275355875873935,41.8136684979443,29.2146996264073,53.8619256177334,29.4900555022812,54.1372814936073,1,1,0,1,9.48718500137329,9.52785205841064,1
32,"xgboost",43.8546408920288,-6.14535910797117,6.31264633826284,-5.8657044123316,49.7203453043604,31.482081421895,56.2272003621626,37.3477858342266,62.0929047744942,1,1,0,1,13.6512169837952,13.7013201713562,1
33,"xgboost",39.6383530082703,-10.3616469917297,6.15941995875773,1.10115512546349,38.5371978828068,27.5661117234479,51.7105942930926,26.4649565979844,50.6094391676291,1,1,0,1,9.55911993980408,9.60671997070312,1
34,"xgboost",35.4676181221008,-14.5323818778992,5.27233597745935,1.43811353281021,34.0295045892906,25.1340294918857,45.801206752316,23.6959159590755,44.3630932195057,0,0,1,1,12.8921241760254,12.9770669937134,1
35,"xgboost",35.9438342285156,-14.0561657714844,5.94234772101409,-0.322745989732979,36.2665802182486,24.2970467117143,47.5906217453169,24.6197927014473,47.9133677350499,0,0,1,1,9.63739013671875,9.674565076828,1
36,"xgboost",43.0057605361938,-6.99423946380616,6.61505855123912,1.81814574178434,41.1876147944095,30.0404840201415,55.9710370522462,28.2223382783571,54.1528913104619,1,1,0,1,9.57325601577759,9.61132097244263,1
37,"xgboost",36.8318292160034,-13.1681707839966,5.73162087427452,-1.69129310926962,38.523122325273,25.5980587293874,48.0655997026195,27.289351838657,49.7568928118891,0,0,1,1,9.49840307235718,9.53166699409485,1
38,"xgboost",53.6083394241333,3.60833942413331,6.65981852283398,-1.65342411364652,55.2617635377798,40.555334975806,66.6613438724606,42.2087590894525,68.3147679861072,1,1,0,1,12.9879510402679,13.0519070625305,1
39,"xgboost",43.212538898468,-6.78746110153197,6.09531747424426,-1.99674539812244,45.2092842965905,31.2659361746116,55.1591416223244,33.2626815727341,57.1558870204469,1,1,0,1,9.65998482704163,9.69445013999939,1
40,"xgboost",45.531904499054,-4.46809550094605,5.95156428161594,-0.27071996827447,45.8026244673284,33.8670528554117,57.1967561426962,34.1377728236862,57.4674761109707,1,1,0,1,9.65082502365112,9.69853806495667,1
41,"xgboost",52.3697047691345,2.36970476913453,6.40904589832067,-6.46385535923124,58.8335601283658,39.8082056331619,64.9312039051072,46.2720609923931,71.3950592643384,1,1,0,1,9.49281597137451,9.52815413475037,1
42,"xgboost",43.1544639205933,-6.84553607940673,5.55420817852299,-2.71776477280046,45.8722286933937,32.2684159280504,54.0405119131362,34.9861807008509,56.7582766859366,1,1,0,1,9.5983419418335,9.64189696311951,1
43,"xgboost",47.3808234367371,-2.61917656326293,6.05011477944494,1.12030941348672,46.2605140232504,35.5228163666915,59.2388305067826,34.4025069532048,58.1185210932959,1,1,0,1,12.7444951534271,12.8081741333008,1
44,"xgboost",37.1415119476318,-12.8584880523682,6.46536822734062,2.06119285632443,35.0803190913074,24.4696230752547,49.813400820009,22.4084302189302,47.7522079636846,0,0,1,1,9.6024169921875,9.63717412948608,1
45,"xgboost",48.099276424408,-1.90072357559205,6.24228137938694,0.0876352490842365,48.0116411753237,35.8646297394445,60.3339231093714,35.7769944903603,60.2462878602871,1,1,0,1,10.1883749961853,10.2201189994812,1
46,"xgboost",37.3476080093384,-12.6523919906616,6.51755774338925,0.3634247176022,36.9841832917362,24.5734295651353,50.1217864535415,24.2100048475331,49.7583617359393,1,0,0,1,9.95391488075256,9.99592399597168,1
47,"xgboost",42.3937050590515,-7.60629494094849,6.69765875250662,-3.49388587642597,45.8875909354775,29.2665351233991,55.5208749947039,32.760420999825,59.0147608711299,1,1,0,1,9.9215099811554,9.96224308013916,1
48,"xgboost",47.5823751296997,-2.41762487030029,6.09192434455348,-1.00038585381675,48.5827609835165,35.6424228178321,59.5223274415673,36.6428086716489,60.5227132953841,1,1,0,1,9.89888906478882,9.93407320976257,1
49,"xgboost",45.4480212173462,-4.55197878265381,6.16327739546779,-2.8539980769695,48.3020192943157,33.3682194954995,57.5278229391929,36.222217572469,60.3818210161624,1,1,0,1,9.83448696136475,9.87897396087646,1
50,"xgboost",40.2697886962891,-9.73021130371095,6.70336620365659,-0.830883168706407,41.1006718649955,27.1314323619392,53.408145030639,27.9623155306456,54.2390281993454,1,1,0,1,10.1628348827362,10.1953499317169,1
51,"xgboost",33.4737857284546,-16.5262142715454,5.93049745550007,-1.1909912882287,34.6647770166833,21.850224305268,45.0973471516412,23.0412155934967,46.2883384398699,0,0,1,1,9.98432993888855,10.0232927799225,1
52,"xgboost",48.25118359375,-1.74881640625001,5.90020110327437,-2.7522981708412,51.0034817645912,36.6870019297887,59.8153652577112,39.4393001006299,62.5676634285524,1,1,0,1,9.93249702453613,9.98548698425293,1
53,"xgboost",56.2877409820556,6.2877409820556,6.91275010089116,-3.06811951039499,59.3558604924506,42.7389997501833,69.8364822139279,45.8071192605783,72.9046017243229,1,1,0,1,9.92715811729431,9.95878505706787,1
54,"xgboost",43.0642381744385,-6.93576182556154,6.34397560882652,-0.939374699672683,44.0036128741111,30.6302744623379,55.498201886539,31.5696491620106,56.4375765862117,1,1,0,1,10.0814230442047,10.1317300796509,1
55,"xgboost",57.2323291625977,7.23232916259766,7.13137394767085,-4.26465052497173,61.4969796875694,43.2550930648756,71.2095652603197,47.5197435898473,75.4742157852915,1,1,0,1,9.99555397033691,10.0300149917603,0
56,"xgboost",38.7113247032166,-11.2886752967834,5.81259431221178,1.72931874205446,36.9820059611621,27.3188491945391,50.103800211894,25.5895304524846,48.3744814698395,1,0,0,1,9.7427830696106,9.7855818271637,1
57,"xgboost",49.3204679157734,-0.679532084226615,6.81500719161573,-3.93229847922539,53.2527663949988,35.9632992658251,62.6776365657217,39.8955977450505,66.609935044947,1,1,0,1,9.66218304634094,9.6997480392456,1
58,"xgboost",42.6894276447296,-7.31057235527038,5.99584897959943,2.91422083143841,39.7752068132912,30.9377795879735,54.4410757014857,28.0235587565351,51.5268548700473,1,1,0,1,9.65395212173462,9.70470499992371,1
59,"xgboost",41.9975617599487,-8.00243824005128,6.02531764223349,1.25074799917442,40.7468137607743,30.1881561857573,53.8069673341402,28.9374081865829,52.5562193349657,1,1,0,1,9.67156600952148,9.7213671207428,1
60,"xgboost",46.0664118652344,-3.93358813476563,6.33951594614812,-0.635931712537761,46.7023435777721,33.6411889313667,58.491634799102,34.2771206439045,59.1275665116398,1,1,0,1,9.69840693473816,9.73660683631897,1
61,"xgboost",34.3499869689941,-15.6500130310059,5.81303633170799,0.870847338140962,33.4791396308532,22.9566451180237,45.7433288199646,22.0857977798827,44.8724814818237,0,0,1,1,9.68335509300232,9.72522687911987,1
62,"xgboost",48.7169203853607,-1.28307961463928,7.17657204297928,-3.95531608990002,52.6722364752607,34.6510976486643,62.7827431220571,38.6064137385643,66.7380592119572,1,1,0,1,9.66417098045349,9.70317101478577,1
63,"xgboost",39.2240035400391,-10.7759964599609,5.88272881580541,-2.27940054789733,41.5034040879364,27.6940669302445,50.7539401498336,29.9734674781418,53.033340697731,1,1,0,1,9.68325400352478,9.74010491371155,1
64,"xgboost",37.337084060669,-12.662915939331,6.20018931774689,3.20495923933267,34.1321248213363,25.1849363005551,49.4892318207828,21.9799770612224,46.2842725814502,0,0,1,1,9.76190805435181,9.81118607521057,1
65,"xgboost",38.2681732254028,-11.7318267745972,5.92320063087721,-1.79924530677985,40.0674185321827,26.6589133156786,49.8774331351271,28.4581586224584,51.6766784419069,0,1,1,1,9.69228601455688,9.72816109657288,1
66,"xgboost",37.979475856781,-12.020524143219,6.66862494456976,-2.10676369486088,40.0862395516419,24.9092111390189,51.0497405745431,27.0159748338798,53.156504269404,1,1,0,1,9.71731400489807,9.75997996330261,1
67,"xgboost",41.0297392616272,-8.9702607383728,5.27138886638588,-2.68147892582512,43.7112181874523,30.6980069350055,51.3614715882489,33.3794858608306,54.042950514074,1,1,0,1,10.0860469341278,10.1188638210297,1
68,"xgboost",40.2189514312744,-9.78104856872561,5.72058221803683,-0.480253847592806,40.6992052788672,29.006816313322,51.4310865492268,29.4870701609148,51.9113403968196,1,1,0,1,9.85154294967651,9.88830280303955,1
69,"xgboost",43.6521987075806,-6.3478012924194,6.13251242694837,1.11317906149669,42.5390196460839,31.6326952160175,55.6717021991437,30.5195161545208,54.558523137647,1,1,0,1,9.97993397712708,10.0277171134949,1
70,"xgboost",41.4661759777069,-8.5338240222931,6.84114458923356,4.9806346494093,36.4855413282976,28.0577789697781,54.8745729856357,23.0771443203688,49.8939383362264,1,0,0,1,9.87220811843872,9.90322995185852,1
71,"xgboost",46.9616849155426,-3.0383150844574,5.88887794847821,-6.71878831220312,53.6804732277457,35.4196962271732,58.503673603912,42.1384845393763,65.2224619161151,1,1,0,1,10.1436409950256,10.1810331344604,1
72,"xgboost",39.921567905426,-10.078432094574,6.1295202276509,0.026140088777197,39.8954278166488,27.9079290167205,51.9352067941315,27.8817889279433,51.9090667053543,1,1,0,1,10.1230630874634,10.1548969745636,1
73,"xgboost",33.983083533287,-16.016916466713,5.85854348507869,-0.0242405337043934,34.0073240669914,22.500549300671,45.465617765903,22.5247898343754,45.4898582996074,0,0,1,1,9.8127920627594,9.84457588195801,1
74,"xgboost",39.0691903324127,-10.9308096675873,6.51268395332818,-2.69726092893967,41.7664512613524,26.3045643411976,51.8338163236279,29.0018252701372,54.5310772525675,1,1,0,1,9.90500116348267,9.95373702049255,1
75,"xgboost",46.3784480400086,-3.62155195999144,5.86841949233129,-0.979940992985561,47.3583890329941,34.8765571888664,57.8803388911507,35.856498181852,58.8602798841363,1,1,0,1,9.93676519393921,9.96930384635925,1
76,"xgboost",39.4069450721741,-10.5930549278259,6.07235904410987,-0.325731318320294,39.7326763904944,27.5053400445227,51.3085500998255,27.831071362843,51.6342814181458,1,1,0,1,10.060849905014,10.1028778553009,1
77,"xgboost",53.7088360671997,3.70883606719973,6.50486740629633,-1.02577130341603,54.7346073706158,40.9595302266504,66.458141907749,41.9853015300665,67.483913211165,1,1,0,1,10.1148619651794,10.1459109783173,1
78,"xgboost",41.0349623374939,-8.96503766250609,6.35013047080213,-1.14856429274143,42.1835266302353,28.5889353175913,53.4809893573965,29.7374996103328,54.6295536501379,1,1,0,1,10.2334439754486,10.2821869850159,1
79,"xgboost",47.8912914981842,-2.10870850181579,5.88996495441937,-3.41686139143682,51.308152889621,36.3471723173192,59.4354106790493,39.764033708756,62.8522720704861,1,1,0,1,10.275787115097,10.3181719779968,1
80,"xgboost",37.0514410591125,-12.9485589408875,6.09122956796766,1.75402050285388,35.2974205562587,25.1128504843305,48.9900316338946,23.3588299814766,47.2360111310407,0,0,1,1,10.2782537937164,10.3205549716949,1
81,"xgboost",45.6834732933045,-4.31652670669555,6.96865428303901,-5.8188155598308,51.5022888531352,32.0251618778372,59.3417847087717,37.843977437668,65.1606002686025,1,1,0,1,10.0969049930573,10.1455030441284,1
82,"xgboost",43.5181071853638,-6.48189281463623,6.1256776224216,0.607248958060858,42.9108582273029,31.5119996645145,55.524214706213,30.9047507064536,54.9169657481522,1,1,0,1,10.420205116272,10.4851479530334,1
83,"xgboost",47.237004032135,-2.762995967865,6.26623078528661,-0.867296334993355,48.1043003671284,34.9554173741571,59.5185906901129,35.8227137091505,60.3858870251063,1,1,0,1,10.2494781017303,10.3020358085632,1
84,"xgboost",42.2555638160706,-7.74443618392944,5.22550341753893,-1.69487135670281,43.9504351727734,32.0137653166033,52.4973623155378,33.7086366733061,54.1922336722406,1,1,0,1,10.2926411628723,10.3521189689636,1
85,"xgboost",40.742757774353,-9.25724222564696,5.74205875511284,0.218228383529656,40.5245293908234,29.488529417219,51.9969861314871,29.2703010336893,51.7787577479574,1,1,0,1,10.089056968689,10.1377708911896,1
86,"xgboost",40.1863195719719,-9.81368042802811,6.9699051589021,-0.807546201100834,40.9938657730727,26.5255564848638,53.8470826590799,27.3331026859647,54.6546288601808,1,1,0,1,10.3269760608673,10.3809690475464,1
87,"xgboost",51.5948655738831,1.59486557388307,6.71100227692398,-3.75932856823279,55.3541941421159,38.4415428109458,64.7481883368204,42.2008713791786,68.5075169050532,1,1,0,1,10.0423901081085,10.0958740711212,1
88,"xgboost",41.0871590538025,-8.9128409461975,6.02379415120421,-0.000971571222791567,41.0881306250253,29.2807394671592,52.8935786404458,29.281711038382,52.8945502116686,1,1,0,1,10.2990369796753,10.3505580425262,1
89,"xgboost",47.3104181861878,-2.68958181381223,7.16060187410076,-1.59121956777194,48.9016377539597,33.2758964053203,61.3449399670553,34.8671159730922,62.9361595348272,1,1,0,1,10.0622780323029,10.1066539287567,1
90,"xgboost",39.5292077102661,-10.4707922897339,6.78005020724439,3.79690647002388,35.7323012402422,26.2405534906938,52.8178619298385,22.4436470206699,49.0209554598146,1,0,0,1,9.98851799964905,10.0255649089813,1
91,"xgboost",23.9555844993591,-26.0444155006409,5.36853747679594,-1.42145992684006,25.3770444261992,13.4334443951855,34.4777246035327,14.8549043220256,35.8991845303728,0,0,1,1,10.0331981182098,10.0711679458618,0
92,"xgboost",39.7072127876282,-10.2927872123718,5.89946223039333,2.54696375727653,37.1602490303517,28.1444792879029,51.2699462873534,25.5975155306264,48.7229825300769,1,0,0,1,10.1193420886993,10.1602189540863,1
93,"xgboost",39.4683249053955,-10.5316750946045,5.74830496414434,-2.60406353300667,42.0723884384022,28.2018542035198,50.7347956072712,30.8059177365265,53.3388591402779,1,1,0,1,9.75216817855835,9.80076789855957,1
94,"xgboost",44.3583511734009,-5.64164882659914,6.94094132967387,1.35948808856489,42.998863084836,30.7543561484345,57.9623461983672,29.3948680598696,56.6028581098023,1,1,0,1,9.88878297805786,9.92333292961121,1
95,"xgboost",44.3305207481384,-5.66947925186157,7.08898305371143,-1.02742693552917,45.3579476836676,30.4363692758493,58.2246722204276,31.4637962113784,59.2520991559568,1,1,0,1,10.0672960281372,10.1221101284027,1
96,"xgboost",48.2837008628846,-1.71629913711545,6.39408633184425,-2.36868638652697,50.6523872494115,35.75152193843,60.8158797873391,38.120208324957,63.1845661738661,1,1,0,1,10.0729060173035,10.1258878707886,1
97,"xgboost",51.685092540741,1.68509254074097,6.52032094024823,0.995653825855371,50.6894387148856,38.9054983302121,64.4646867512698,37.9098445043567,63.4690329254145,1,1,0,1,9.86324596405029,9.9098801612854,1
98,"xgboost",51.2229163970947,1.22291639709473,5.85148806807813,-5.38990721346474,56.6128236105595,39.7542105276957,62.6916222664937,45.1441177411605,68.0815294799584,1,1,0,1,9.82529187202454,9.87744402885437,1
99,"xgboost",30.2974426765442,-19.7025573234558,5.41048101102718,0.24637975280999,30.0510629237342,19.6930947558931,40.9017905971953,19.4467150030831,40.6554108443853,0,0,1,1,9.93599104881287,9.98135304450989,0
100,"xgboost",42.217343120575,-7.78265687942503,7.03705165846348,-3.46094281168821,45.6782859322632,28.4249753126387,56.0097109285113,31.8859181243269,59.4706537401995,1,1,0,1,9.75832009315491,9.79708504676819,1
101,"xgboost",41.9913526382446,-8.00864736175537,5.90781049097667,-3.51693829751039,45.508290935755,30.4122568484425,53.5704484280468,33.9291951459529,57.0873867255572,1,1,0,1,9.79124879837036,9.82455706596375,1
102,"xgboost",43.8564739723206,-6.14352602767944,6.21985075967376,-3.55839477962936,47.4148687519499,31.6657904941459,56.0471574504952,35.2241852737753,59.6055522301246,1,1,0,1,9.72133994102478,9.75462198257446,1
103,"xgboost",29.6095329704285,-20.3904670295715,5.28035520710907,1.92850984737326,27.6810231230552,19.2602269389161,39.9588390019408,17.3317170915429,38.0303291545675,0,0,1,1,9.93132710456848,9.98162889480591,0
104,"xgboost",37.9397199249268,-12.0602800750732,5.96426354393489,0.434779929557315,37.5049399953694,26.2499781845092,49.6294616653444,25.8151982549518,49.1946817357871,0,0,1,1,9.75402402877808,9.78501987457275,1
105,"xgboost",41.6851181945801,-8.31488180541992,6.23193816564208,1.45070007291842,40.2344181216617,29.470743836041,53.8994925531192,28.0200437631226,52.4487924802008,1,1,0,1,9.83732914924622,9.86887288093567,1
106,"xgboost",39.1730669460297,-10.8269330539703,6.34993496247429,-0.718464738929036,39.8915316849587,26.7274231154084,51.618710776651,27.4458878543374,52.33717551558,1,1,0,1,9.78780603408813,9.82904314994812,1
107,"xgboost",44.0373590164184,-5.96264098358155,6.64054788981064,-0.315867196315516,44.353226212734,31.0221243147761,57.0525937180608,31.3379915110917,57.3684609143763,1,1,0,1,9.93416500091553,9.97538900375366,1
108,"xgboost",40.11288235569,-9.88711764430998,6.31825114374476,-3.64152138587261,43.7544037415626,27.7293376686713,52.4964270427087,31.3708590545439,56.1379484285814,1,1,0,1,9.86039280891418,9.8981339931488,1
109,"xgboost",42.3597194747925,-7.64028052520751,6.55095536478087,-0.20539345270408,42.5651129274966,29.5200828954925,55.1993560540925,29.7254763481966,55.4047495067965,1,1,0,1,9.9447832107544,9.98398995399475,1
110,"xgboost",42.2330563697815,-7.7669436302185,7.03172021174703,-6.03867672577215,48.2717330955536,28.451138005395,56.014974734168,34.4898147311671,62.0536514599402,1,1,0,1,9.76072287559509,9.79916310310364,1
111,"xgboost",55.077069568634,5.07706956863404,6.91451964331689,-2.03340184494746,57.1104714135815,41.5248600973382,68.6292790399299,43.5582619422857,70.6626808848773,1,1,0,1,10.0314741134644,10.0629451274872,1
112,"xgboost",43.6360811843872,-6.36391881561278,6.08772382414283,1.38466099379729,42.2514201905899,31.7043617412408,55.5678006275336,30.3197007474435,54.1831396337363,1,1,0,1,9.97081613540649,10.0171418190002,1
113,"xgboost",36.7911247253418,-13.2088752746582,6.33995068256296,1.86660576419997,34.9245189611418,24.3650497237583,49.2171997269253,22.4984439595583,47.3505939627254,0,0,1,1,9.85488295555115,9.88727498054504,1
114,"xgboost",44.6658038239479,-5.3341961760521,6.44342260322486,-1.13791211189356,45.8037159358415,32.0369275844559,57.2946800634399,33.1748396963494,58.4325921753335,1,1,0,1,9.99844908714294,10.0398018360138,1
115,"xgboost",30.553076259613,-19.446923740387,5.62250189417549,0.461479270209303,30.0915969894037,19.5331750440208,41.5729774752052,19.0716957738115,41.1114982049959,0,0,1,1,10.0099611282349,10.0476570129395,0
116,"xgboost",40.3210870361328,-9.67891296386718,6.0021405747752,-2.1281701830935,42.4492572192263,28.5571076794269,52.0850663928388,30.6852778625204,54.2132365759323,1,1,0,1,9.9464111328125,9.97713303565979,1
117,"xgboost",35.1454507026672,-14.8545492973328,5.63312710965048,3.19721357280456,31.9482371298627,24.1047244474161,46.1861769579184,20.9075108746115,42.9889633851138,0,0,1,1,10.1062650680542,10.1452491283417,1
118,"xgboost",49.8696596603393,-0.130340339660656,6.24325728028433,-3.21501933468961,53.084678995029,37.6331002447646,62.1062190759141,40.8481195794542,65.3212384106037,1,1,0,1,9.97712683677673,10.0108599662781,1
119,"xgboost",38.6898977203369,-11.3101022796631,6.07699923926407,1.94858069957925,36.7413170207576,26.779198077302,50.6005973633718,24.8306173777228,48.6520166637925,1,0,0,1,9.83214998245239,9.86745715141296,1
120,"xgboost",49.901549911499,-0.0984500885009751,6.97829919778214,-4.93051629281235,54.8320662043114,36.2243348105013,63.5787650124968,41.1548511033136,68.5092813053091,1,1,0,1,9.94060301780701,9.99655389785767,1
121,"xgboost",35.8656920623779,-14.1343079376221,5.62816664474793,-0.816324465351578,36.6820165277295,24.8346881396823,46.8966959850735,25.6510126050339,47.7130204504251,0,0,1,1,10.0276839733124,10.0759029388428,1
122,"xgboost",39.881683303833,-10.118316696167,5.51530088366489,-3.54914543152308,43.4308287353561,29.0718922079479,50.6914743997181,32.621037639471,54.2406198312412,1,1,0,1,10.0154960155487,10.059504032135,1
123,"xgboost",50.623231967926,0.623231967926031,6.75198805577335,-1.61926005200792,52.242492019934,37.3895785545656,63.8568853812864,39.0088386065736,65.4761454332943,1,1,0,1,10.0717730522156,10.1274900436401,1
124,"xgboost",37.4100303430557,-12.5899696569443,6.30172189953632,-0.278392114677366,37.6884224577331,25.0588823793772,49.7611783067343,25.3372744940546,50.0395704214116,0,1,1,1,10.0508890151978,10.0874559879303,1
125,"xgboost",47.2010481987,-2.79895180130003,6.13812060111288,-0.431374000233902,47.6324221989339,35.1705528877554,59.2315435096446,35.6019268879893,59.6629175098785,1,1,0,1,10.0586030483246,10.1117889881134,1
126,"xgboost",37.8416095695496,-12.1583904304504,5.98571100058683,-2.64606419873325,40.4876737682828,26.1098315865342,49.573387552565,28.7558957852675,52.2194517512982,0,1,1,1,9.95681095123291,9.99566912651062,1
127,"xgboost",47.7523136978149,-2.24768630218507,6.1401151334126,-1.64297079453467,49.3952844923496,35.7179091753969,59.786718220233,37.3608799699316,61.4296890147676,1,1,0,1,10.0841081142426,10.127023935318,1
128,"xgboost",34.9352363128662,-15.0647636871338,6.1390986816013,1.01183097498405,33.9234053378822,22.9028239993903,46.9676486263421,21.8909930244063,45.955817651358,0,0,1,1,10.1401329040527,10.1854739189148,1
129,"xgboost",48.8024108467102,-1.1975891532898,6.53997747700602,-2.37924233117521,51.1816531778854,35.9842905320753,61.6205311613451,38.3635328632505,63.9997734925203,1,1,0,1,10.0730040073395,10.1056039333344,1
130,"xgboost",40.7686231040955,-9.23137689590455,6.20535181489593,1.8782710247227,38.8903520793728,28.6063570354992,52.9308891726917,26.7280860107765,51.052618147969,1,1,0,1,10.126128911972,10.1628749370575,1
131,"xgboost",44.9887553329468,-5.01124466705321,6.17865040181354,-2.58166440469063,47.5704197376374,32.8788230723283,57.0986875935653,35.4604874770189,59.6803519982559,1,1,0,1,9.96050095558167,10.0039169788361,1
132,"xgboost",37.2056577682495,-12.7943422317505,5.67384827453537,-1.44531884386463,38.6509766121141,26.0851194964155,48.3261960400836,27.5304383402801,49.7715148839482,0,0,1,1,10.1252942085266,10.1645019054413,1
133,"xgboost",46.2826369743347,-3.71736302566531,7.18738332397481,-1.09747023935208,47.3801072136868,32.1956245162603,60.3696494324091,33.2930947556124,61.4671196717612,1,1,0,1,9.97604417800903,10.0298051834106,1
134,"xgboost",49.5124876632691,-0.487512336730944,6.76105633495135,-5.12847874479993,54.640966408069,36.261060749318,62.7639145772201,41.389539494118,67.89239332202,1,1,0,1,9.94143390655518,9.98862504959106,1
135,"xgboost",37.7149196510315,-12.2850803489685,5.72602737678056,-1.62914739032153,39.344067041353,26.4921122180512,48.9377270840117,28.1212596083727,50.5668744743333,0,1,1,1,9.74907088279724,9.792405128479,1
136,"xgboost",57.6644685354233,7.66446853542325,6.91460901619044,-5.21700532592813,62.8814738613514,44.112083896514,71.2168531743325,49.3290892224422,76.4338585002606,1,1,0,1,9.84137892723083,9.87459897994995,0
137,"xgboost",52.7542703838348,2.75427038383481,7.08160363172086,-0.86318166364989,53.6174520474847,38.8745823128739,66.6339584547958,39.7377639765238,67.4971401184456,1,1,0,1,9.9230329990387,9.96486806869507,1
138,"xgboost",32.0076339263916,-17.9923660736084,6.3330430085245,2.86180964453268,29.1458242818589,19.5950977171404,44.4201701356428,16.7332880726077,41.5583604911101,0,0,1,1,9.80248403549194,9.84221601486206,1
139,"xgboost",44.0769786300659,-5.92302136993409,6.7976855639649,-1.54448780776977,45.6214664378357,30.7537597464669,57.400197513665,32.2982475542366,58.9446853214347,1,1,0,1,9.97238302230835,10.0108859539032,1
140,"xgboost",47.7086270141602,-2.29137298583983,5.62552113003137,-3.10072661332907,50.8093536274892,36.6828082050296,58.7344458232907,39.7835348183587,61.8351724366198,1,1,0,1,9.78698587417603,9.83792090415955,1
141,"xgboost",37.0869463787079,-12.9130536212921,6.11047503305747,1.58803412618924,35.4989122525186,25.110635385484,49.0632573719317,23.5226012592948,47.4752232457425,0,0,1,1,9.75122404098511,9.7902820110321,1
142,"xgboost",40.6929180870056,-9.3070819129944,5.84164287426358,-4.35515867279576,45.0480767598014,29.2435084429039,52.1423277311073,33.5986671156997,56.497486403903,1,1,0,1,10.0325119495392,10.0808000564575,1
143,"xgboost",34.9140304832459,-15.0859695167541,5.41008494809563,-2.01894398729123,36.9329744705371,24.3104588316762,45.5176021348155,26.3294028189674,47.5365461221068,0,0,1,1,9.81152987480164,9.86447286605835,1
144,"xgboost",45.0550043487549,-4.94499565124512,6.38308770183292,-2.36859516311264,47.4235995118675,32.5443823430018,57.5656263545079,34.9129775061144,59.9342215176206,1,1,0,1,10.1093001365662,10.1517841815948,1
145,"xgboost",51.0064530296326,1.00645302963258,6.36989841978766,-5.61333255269165,56.6197855823242,38.5216815416702,63.491224517595,44.1350140943618,69.1045570702866,1,1,0,1,10.1940350532532,10.2396399974823,1
146,"xgboost",44.7809145622253,-5.21908543777467,5.69823872614051,1.07857983564354,43.7023347265818,33.6125718836785,55.9492572407721,32.533992048035,54.8706774051286,1,1,0,1,10.0372850894928,10.0702650547028,1
147,"xgboost",40.6674632873535,-9.33253671264647,6.01163393093276,0.274327364078395,40.3931359232751,28.8848772944864,52.4500492802207,28.610549930408,52.1757219161423,1,1,0,1,10.0594129562378,10.1058399677277,1
148,"xgboost",48.6609835128784,-1.33901648712158,5.90118105277944,-2.99084639110243,51.6518299039808,37.0948811831805,60.2270858425763,40.085727574283,63.2179322336787,1,1,0,1,10.2170939445496,10.2620649337769,1
149,"xgboost",46.259848815918,-3.74015118408204,5.71811395790766,-1.56831691928767,47.8281657352056,35.0525513989232,57.4671462329128,36.6208683182108,59.0354631522004,1,1,0,1,10.1902070045471,10.2387790679932,1
150,"xgboost",48.441819694519,-1.55818030548096,6.65538212925463,-3.13958941575932,51.5814091102784,35.3975104178285,61.4861289712096,38.5370998335878,64.6257183869689,1,1,0,1,10.0206670761108,10.0715599060059,1
151,"xgboost",42.6115170669556,-7.38848293304444,6.50987393999339,2.02030096994066,40.5912160970149,29.8523986006727,55.3706355332385,27.832097630732,53.3503345632978,1,1,0,1,9.96898698806763,10.0077910423279,1
152,"xgboost",43.6566014938354,-6.34339850616455,6.59302008531276,-4.25947041433644,47.9160719081719,30.7345195772732,56.5786834103976,34.9939899916097,60.8381538247341,1,1,0,1,10.0612680912018,10.0934760570526,1
153,"xgboost",44.3107411384582,-5.68925886154175,6.32113883724722,-1.64023085935139,45.9509719978096,31.9215366761763,56.6999456007402,33.5617675355277,58.3401764600916,1,1,0,1,10.0995478630066,10.1457190513611,1
154,"xgboost",48.7810165481567,-1.21898345184326,6.13044759229383,-0.335535439424042,49.1165519875808,36.7655600581505,60.7964730381629,37.1010954975746,61.132008477587,1,1,0,1,10.1041529178619,10.1449460983276,1
155,"xgboost",39.6895454807281,-10.3104545192719,6.40078174902737,3.92345164623691,35.7660938344912,27.1442437797332,52.2348471817231,23.2207921334963,48.3113955354862,1,0,0,1,10.1274530887604,10.1717751026154,1
156,"xgboost",39.3172190132141,-10.6827809867859,6.03303280122846,-0.444725533882497,39.7619445470966,27.4926920052575,51.1417460211707,27.93741753914,51.5864715550532,1,1,0,1,10.126631975174,10.1718318462372,1
157,"xgboost",55.9040293048024,5.90402930480243,6.4186786109028,-1.71804935970188,57.6220786645043,43.3236503990953,68.4844082105095,45.0416997587972,70.2024575702114,1,1,0,1,10.3902130126953,10.4514789581299,0
158,"xgboost",41.6131895217896,-8.38681047821044,5.39337023341021,-2.53785290260316,44.1510424243927,31.0423781090152,52.184000934564,33.5802310116183,54.7218538371671,1,1,0,1,10.2745358943939,10.305517911911,1
159,"xgboost",36.1498300933838,-13.8501699066162,5.6946829703941,-0.719128265450713,36.8689583588345,24.9884565680378,47.3112036187298,25.7075848334885,48.0303318841805,0,0,1,1,10.3089249134064,10.3536849021912,1
160,"xgboost",41.2124149341583,-8.78758506584169,6.64803251341272,4.69114576439406,36.5212691697643,28.1825106398181,54.2423192284985,23.491364875424,49.5511734641045,1,0,0,1,10.3935179710388,10.4337821006775,1
161,"xgboost",50.7552587432861,0.755258743286113,6.03115209031154,-0.307475752029397,51.0627344953155,38.934417860992,62.5760996255802,39.2418936130214,62.8835753776096,1,1,0,1,10.2096080780029,10.2477920055389,1
162,"xgboost",31.6724078178406,-18.3275921821594,5.8917771782639,0.401071484120866,31.2713363337197,20.1247367435083,43.2200788921728,19.7236652593874,42.819007408052,0,0,1,1,10.2209692001343,10.2523159980774,1
163,"xgboost",38.4481799507141,-11.5518200492859,5.87438292692834,-0.632941917861757,39.0811218685759,26.9346009825376,49.9617589188906,27.5675429003993,50.5947008367524,0,1,1,1,10.2899379730225,10.329127073288,1
164,"xgboost",39.5255460014343,-10.4744539985657,6.01677037026477,-0.728271817037935,40.2538178184723,27.7328927724677,51.318199230401,28.4611645895056,52.0464710474389,1,1,0,1,10.2850649356842,10.3210570812225,1
165,"xgboost",43.9432497329712,-6.0567502670288,5.44721248403062,-2.46137184101392,46.4046215739851,33.2669094481342,54.6195900178082,35.7282812891481,57.0809618588221,1,1,0,1,10.1349799633026,10.1728429794312,1
166,"xgboost",58.5336161575317,8.53361615753174,6.81514389877117,-9.06351920031905,67.5971353578508,45.1761795664824,71.8910527485811,54.2396987668014,80.9545719489002,1,0,0,1,10.5341808795929,10.5774140357971,0
167,"xgboost",44.8177517201901,-5.18224827980993,7.11976656192505,1.05833605697558,43.7594156632145,30.8632656804844,58.7722377598957,29.8049296235088,57.7139017029202,1,1,0,1,9.70867681503296,9.73921895027161,1
168,"xgboost",47.2953359413147,-2.70466405868532,7.45656173394435,-2.91904447972726,50.2143804210419,32.6807434942842,61.9099283883451,35.5997879740115,64.8289728680724,1,1,0,1,10.0776369571686,10.1091320514679,1
169,"xgboost",42.3622948379517,-7.63770516204834,5.89994852205857,-1.82653863299465,44.1888334709463,30.7986082240765,53.9259814518268,32.6251468570712,55.7525200848214,1,1,0,1,9.95737290382385,9.99510788917542,1
170,"xgboost",41.023415763855,-8.976584236145,5.72645180999861,0.800105935831652,40.2233098280233,29.7997764570535,52.2470550706565,28.9996705212219,51.4469491348248,1,1,0,1,10.2576880455017,10.3039290904999,1
171,"xgboost",36.2705324783325,-13.7294675216675,6.04983965894195,0.596175207245587,35.6743572710869,24.4130646345642,48.1280003221008,23.8168894273186,47.5318251148552,0,0,1,1,9.92962789535522,9.96909499168396,1
172,"xgboost",44.9128643493652,-5.08713565063476,6.5801179963799,1.61176391559624,43.301100433769,32.0160700624368,57.8096586362937,30.4043061468405,56.1978947206975,1,1,0,1,9.86667799949646,9.90518498420715,1
173,"xgboost",41.8232288589478,-8.17677114105224,6.17157094531483,-2.80451627052713,44.6277451294749,29.7271720780969,53.9192856397986,32.531688348624,56.7238019103258,1,1,0,1,9.96226406097412,10.002200126648,1
174,"xgboost",38.5437376556396,-11.4562623443604,6.45851143960269,2.70927460156889,35.8344630540708,25.8852878402784,51.2021874710008,23.1760132387096,48.492912869432,1,0,0,1,9.99081206321716,10.0319972038269,1
175,"xgboost",37.3490983734131,-12.6509016265869,6.12233634467805,-0.176154063124415,37.5252524365375,25.3495396366035,49.3486571102227,25.5256936997279,49.5248111733471,0,0,1,1,10.2806510925293,10.32044506073,1
176,"xgboost",47.3284645843506,-2.67153541564941,5.74094452827013,-2.47345240112448,49.8019169854751,36.0764200716989,58.5805090970023,38.5498724728233,61.0539614981268,1,1,0,1,9.85235977172852,9.89185285568237,1
177,"xgboost",38.4360847358704,-11.5639152641296,5.96685602919942,4.74295093539275,33.6931338004776,26.7412618177038,50.1309076540369,21.9983108823111,45.3879567186441,1,0,0,1,10.4897878170013,10.5313830375671,1
178,"xgboost",45.1433581466675,-4.85664185333249,5.37963936773478,0.303536073301288,44.8398220733662,34.5994587360935,55.6872575572415,34.2959226627922,55.3837214839402,1,1,0,1,10.5545649528503,10.5870048999786,1
179,"xgboost",47.1909993219376,-2.80900067806244,6.55786422446546,-0.166715996567845,47.3577153185054,34.3378216264816,60.0441770173936,34.5045376230494,60.2108930139614,1,1,0,1,10.5517320632935,10.5925781726837,1
180,"xgboost",52.447558760643,2.44755876064301,7.09679568627567,-2.22897035294709,54.6765291135901,38.5380948099035,66.3570227113825,40.7670651628506,68.5859930643296,1,1,0,1,10.5753769874573,10.615385055542,1
181,"xgboost",50.4722886772156,0.472288677215559,6.58967479887867,1.01115647131707,49.4611322058985,37.5567634015822,63.387813952849,36.5456069302651,62.3766574815319,1,1,0,1,10.4991989135742,10.5361859798431,1
182,"xgboost",43.3956473617554,-6.60435263824461,6.58148205115036,-1.02111903369786,44.4167663954532,30.4961795766039,56.2951151469069,31.5172986103017,57.3162341806047,1,1,0,1,10.4543640613556,10.4947249889374,1
183,"xgboost",48.2984776992798,-1.70152230072024,6.37721738056162,-0.550746301867463,48.8492240011472,35.7993613117961,60.7975940867634,36.3501076136636,61.3483403886309,1,1,0,1,10.5216369628906,10.561949968338,1
184,"xgboost",39.6793185424805,-10.3206814575195,5.64971702587964,-0.467908540339465,40.1472270828199,28.6060766489136,50.7525604360473,29.0739851892531,51.2204689763868,1,1,0,1,10.6927011013031,10.730288028717,1
185,"xgboost",50.7714058150053,0.771405815005295,7.17160951625903,-0.519669035477634,51.2910748504829,36.7153094519529,64.8275021780577,37.2349784874305,65.3471712135353,1,1,0,1,10.4771587848663,10.5202679634094,1
186,"xgboost",40.3839590988159,-9.61604090118409,5.51041242492212,0.975474856405739,39.4084842424102,29.5837492060065,51.1841689916253,28.6082743496008,50.2086941352195,1,1,0,1,10.5549829006195,10.5939581394196,1
187,"xgboost",40.3059794006348,-9.69402059936524,6.7348658315969,-3.44382907092476,43.7498084715595,27.1058849299954,53.5060738712741,30.5497140009202,56.9499029421988,1,1,0,1,10.397716999054,10.440623998642,1
188,"xgboost",42.309559387207,-7.69044061279296,5.51856697803039,-2.16457127005912,44.4741306572662,31.4933668639954,53.1257519104186,33.6579381340546,55.2903231804778,1,1,0,1,10.6296138763428,10.6793079376221,1
189,"xgboost",44.1414284553528,-5.8585715446472,6.53650447308074,1.17536887093804,42.9660595844148,31.3301151033296,56.952741807376,30.1547462323916,55.777372936438,1,1,0,1,11.0455369949341,11.091194152832,1
190,"xgboost",53.4606644058228,3.46066440582276,6.10073681454684,-0.274804199912197,53.735468605735,41.5034399701533,65.4178888414922,41.7782441700655,65.6926930414044,1,1,0,1,10.8481688499451,10.8925850391388,1
191,"xgboost",33.0147430381775,-16.9852569618225,5.94092104608843,2.0710907913183,30.9436522468592,21.3707517528481,44.6587343235068,19.2996609615298,42.5876435321885,0,0,1,1,10.8626911640167,10.8961908817291,1
192,"xgboost",56.1655179901123,6.16551799011232,6.67134827595282,-2.93127430774327,59.0967922978556,43.0899156409214,69.2411203393032,46.0211899486647,72.1723946470465,1,1,0,1,10.4872379302979,10.5430989265442,0
193,"xgboost",49.2838974037171,-0.716102596282944,6.2938315186319,-1.90278024985818,51.1866776535752,36.9482143024355,61.6195805049986,38.8509945522937,63.5223607548568,1,1,0,1,10.8735899925232,10.9193761348724,1
194,"xgboost",51.1648114929199,1.16481149291992,6.80972559896597,-3.9672134318428,55.1320249247627,37.8179945743462,64.5116284114937,41.785208006189,68.4788418433365,1,1,0,1,10.9268760681152,10.9765999317169,1
195,"xgboost",38.7206375904083,-11.2793624095917,6.07764932911108,-1.61915917662215,40.3397967670305,26.8086637946866,50.6326113861301,28.4278229713087,52.2517705627522,1,1,0,1,10.7454590797424,10.7891120910645,1
196,"xgboost",39.8199509315491,-10.1800490684509,6.16126265178477,-0.913945051529815,40.7338959830789,27.7440980347592,51.895803828339,28.658043086289,52.8097488798688,1,1,0,1,10.7390840053558,10.7764329910278,1
197,"xgboost",53.1255298023224,3.12552980232238,6.39526801758219,-3.3489603392303,56.4744901415527,40.5910348163804,65.6600247882643,43.9399951556107,69.0089851274946,1,1,0,1,10.4268660545349,10.4602878093719,1
198,"xgboost",49.7264451560974,-0.273554843902609,6.08679007836344,-0.775348732198694,50.5017938882961,37.7965558210493,61.6563344911455,38.571904553248,62.4316832233442,1,1,0,1,10.8283619880676,10.8606309890747,1
199,"xgboost",34.2274417190552,-15.7725582809448,6.43170858067597,0.626233236416795,33.6012084826384,21.6215245418731,46.8333588962373,20.9952913054563,46.2071256598205,0,0,1,1,10.0021619796753,10.0393640995026,1
200,"xgboost",48.0922418861389,-1.90775811386109,7.62690540072998,-3.07743472833519,51.1696766144741,33.1437819872141,63.0407017850637,36.2212167155493,66.1181365133989,1,1,0,1,9.7354199886322,9.78464698791504,1
201,"xgboost",58.5371477308273,8.53714773082734,7.36480603131846,2.45444196865915,56.0827057621682,44.1023931563198,72.9719023053349,41.6479511876607,70.5174603366757,1,1,0,1,9.88297700881958,9.93266415596008,0
202,"xgboost",46.9290428695679,-3.07095713043212,5.85464326650104,-2.80000897908069,49.7290518486486,35.4541529248959,58.4039328142398,38.2541619039766,61.2039417933205,1,1,0,1,9.83551812171936,9.87966012954712,1
203,"xgboost",39.4242289733887,-10.5757710266113,5.8953494518627,-2.94567390671969,42.3699028801084,27.8695563714598,50.9789015753175,30.8152302781795,53.9245754820372,1,1,0,1,9.89570999145508,9.93533396720886,1
204,"xgboost",46.7511355285645,-3.24886447143555,5.74679012811503,-4.96473593887329,51.7158714674377,35.4876338507487,58.0146372063802,40.452369789622,62.9793731452535,1,1,0,1,10.0604989528656,10.0931899547577,1
205,"xgboost",42.5046912918091,-7.49530870819093,6.8153161344928,-3.57612309856687,46.0808143903759,29.1469171249484,55.8624654586697,32.7230402235153,59.4385885572366,1,1,0,1,9.87778997421265,9.90919709205627,1
206,"xgboost",58.1698256082535,8.16982560825348,6.75935706559387,-2.77207658030915,60.9419021885626,44.9217292010431,71.4179220154638,47.6938057813523,74.189998595773,1,1,0,1,9.74934506416321,9.7936840057373,0
207,"xgboost",50.4323170166016,0.432317016601566,5.80395961959732,-0.78438503275013,51.2167020493517,39.056765194466,61.8078688387371,39.8411502272162,62.5922538714872,1,1,0,1,9.87770199775696,9.93041896820068,1
208,"xgboost",46.9947457885742,-3.00525421142576,6.29046208838827,-1.22894164935132,48.2236874379256,34.6656666492186,59.3238249279299,35.8946082985699,60.5527665772812,1,1,0,1,9.95060706138611,10.0025091171265,1
209,"xgboost",32.1109658241272,-17.8890341758728,5.4658750755199,1.49510739218736,30.6158584319398,21.3980475321131,42.8238841161413,19.9029401399257,41.328776723954,0,0,1,1,9.86859893798828,9.90885400772095,0
210,"xgboost",40.4751808052063,-9.52481919479369,5.896810162808,-3.39301009951831,43.8681909047246,28.9176452624328,52.0327163479798,32.3106553619512,55.4257264474981,1,1,0,1,10.2713911533356,10.3184571266174,1
211,"xgboost",34.7604371490478,-15.2395628509522,5.8594475381419,-3.57753487968443,38.3379720287323,23.2761310049878,46.2447432931078,26.8536658846723,49.8222781727923,0,0,1,1,10.2836120128632,10.3239598274231,1
212,"xgboost",33.0982532882691,-16.9017467117309,5.84378486982632,3.99975887498137,29.0984944132877,21.6446454100094,44.5518611665287,17.644886535028,40.5521022915474,0,0,1,1,10.1077861785889,10.1523611545563,1
213,"xgboost",46.4482181549072,-3.55178184509275,6.78594116733209,-0.121325323723575,46.5695434786308,33.1480178657287,59.7484184440858,33.2693431894522,59.8697437678094,1,1,0,1,10.1459460258484,10.1999130249023,1
214,"xgboost",41.2251570892334,-8.7748429107666,5.65304760346965,-3.80442844637859,45.029585535612,30.1453873835424,52.3049267949244,33.949815829921,56.109355241303,1,1,0,1,9.99621915817261,10.0375699996948,1
215,"xgboost",36.5472776947021,-13.4527223052979,6.21399536585947,-0.201730062854288,36.7490077575564,24.3680705775188,48.7264848118855,24.5698006403731,48.9282148747398,0,0,1,1,10.163477897644,10.2011890411377,1
216,"xgboost",54.0886820430756,4.08868204307557,6.90259880809308,-2.14420810851238,56.232890151588,40.559836979484,67.6175271066671,42.7040450879964,69.7617352151795,1,1,0,1,10.2117941379547,10.2579090595245,1
217,"xgboost",38.2214259529114,-11.7785740470886,5.82453480094766,0.339455377194525,37.8819705757168,26.8055475163538,49.637304389469,26.4660921391593,49.2978490122744,0,0,1,1,10.2834148406982,10.3390200138092,1
218,"xgboost",35.6744318618774,-14.3255681381226,6.25623426600184,0.0542737164738227,35.6201581454036,23.4124380216685,47.9364257020864,23.3581643051946,47.8821519856126,0,0,1,1,10.2721269130707,10.3236210346222,1
219,"xgboost",38.5930226135254,-11.4069773864746,6.12078300445137,2.33562257323401,36.2574000402914,26.5965083676158,50.589536859435,24.2608857943818,48.2539142862009,1,0,0,1,10.0311031341553,10.0829999446869,1
220,"xgboost",46.2114266614914,-3.7885733385086,6.71165587818062,-3.31787886321839,49.5293055247098,33.0568228636308,59.366030459352,36.3747017268492,62.6839093225704,1,1,0,1,10.2353739738464,10.2727890014648,1
221,"xgboost",40.8757986793518,-9.1242013206482,6.22836703081944,-1.93336568257713,42.8091643619289,28.668423616449,53.0831737422546,30.6017892990262,55.0165394248317,1,1,0,1,10.6572029590607,10.6994268894196,1
222,"xgboost",43.2218186702728,-6.77818132972715,5.77797317294232,-0.134620586745491,43.3564392570183,31.8971993476673,54.5464379928784,32.0318199344128,54.6810585796239,1,1,0,1,10.1878859996796,10.2395570278168,1
223,"xgboost",57.0981248207092,7.09812482070922,7.45718438525011,-0.984264353621832,58.082389174331,42.4823119995445,71.7139376418739,43.4665763531664,72.6982019954957,1,1,0,1,10.1717329025269,10.2111821174622,1
224,"xgboost",34.1112008132935,-15.8887991867065,5.48168145689884,0.66340532961533,33.4477954836781,23.3673025830507,44.8550990435362,22.7038972534354,44.1916937139209,0,0,1,1,10.2573430538177,10.3048229217529,1
225,"xgboost",41.5671725578308,-8.43282744216918,5.52131488581209,-3.45477223382998,45.0219447916608,30.7455942343342,52.3887508813274,34.2003664681642,55.8435231151574,1,1,0,1,10.4828960895538,10.5368950366974,1
226,"xgboost",51.9307348251343,1.93073482513427,7.49405260507486,-3.30685396012866,55.2375887852629,37.242661620939,66.6188080293296,40.5495155810676,69.9256619894582,1,1,0,1,10.4148399829865,10.4637069702148,1
227,"xgboost",42.2428797035217,-7.75712029647827,5.63011875701772,-0.0950907453765879,42.3379704488983,31.2080497110836,53.2777096959599,31.3031404564602,53.3728004413365,1,1,0,1,10.551815032959,10.6238288879395,1
228,"xgboost",41.3184059066772,-8.68159409332278,5.94426749914097,0.671074663216615,40.6473312434606,29.6678556938889,52.9689561194655,28.9967810306723,52.2978814562489,1,1,0,1,10.3269588947296,10.368350982666,1
229,"xgboost",42.5991918106079,-7.40080818939207,5.98276200840209,-0.557422701265835,43.1566145118738,30.8731937460653,54.3251898751505,31.4306164473312,54.8826125764164,1,1,0,1,10.264787197113,10.3060212135315,1
230,"xgboost",35.8093763504029,-14.1906236495971,6.13172090885157,2.98808422076103,32.8212921296418,23.7914242058026,47.8273284950032,20.8033399850415,44.8392442742421,0,0,1,1,10.5119500160217,10.5710339546204,1
231,"xgboost",43.5032801742554,-6.49671982574463,6.24182984825008,2.82579673778152,40.6774834364738,31.2695184740581,55.7370418744526,28.4437217362766,52.9112451366711,1,1,0,1,10.3417341709137,10.3978900909424,1
232,"xgboost",43.5806507072449,-6.41934929275514,6.652623953304,-3.15323666994362,46.7338873771885,30.5417473560806,56.6195540584092,33.6949840260242,59.7727907283528,1,1,0,1,10.0112299919128,10.0490550994873,1
233,"xgboost",47.464798538208,-2.535201461792,5.85421102224604,-0.711267755265226,48.1760662934732,35.9907557767083,58.9388412997077,36.7020235319736,59.6501090549729,1,1,0,1,10.7343738079071,10.7793688774109,1
234,"xgboost",52.8271647605896,2.82716476058962,6.19494113511559,-3.78277690807655,56.6099416686662,40.6853032494174,64.9690262717619,44.4680801574939,68.7518031798384,1,1,0,1,10.8216331005096,10.8717029094696,1
235,"xgboost",54.1342874336243,4.13428743362427,6.58861745211924,-2.95994398624831,57.0942314198726,41.2208345195585,67.04774034769,44.1807785058068,70.0076843339383,1,1,0,1,10.6993410587311,10.7464561462402,1
236,"xgboost",46.0623024940491,-3.93769750595091,6.24797533286118,-5.27930254292871,51.3416050369778,33.8164958653465,58.3081091227517,39.0957984082752,63.5874116656804,1,1,0,1,10.0262339115143,10.0686130523682,1
237,"xgboost",41.3738843460083,-8.62611565399167,5.3732182747644,0.858755286932407,40.5151290590759,30.8425700463977,51.905198645619,29.9838147594653,51.0464433586866,1,1,0,1,10.4657900333405,10.5192952156067,1
238,"xgboost",46.0266028823853,-3.97339711761474,5.44108977640499,-0.787933717174056,46.8145365995593,35.3622628839824,56.6909428807881,36.1501966011564,57.4788765979622,1,1,0,1,10.520231962204,10.5657289028168,1
239,"xgboost",30.8717123069763,-19.1282876930237,6.55092140335596,1.31988185308992,29.5518304538864,18.0321422908461,43.7112823231066,16.7122604377561,42.3914004700167,0,0,1,1,10.4888489246368,10.5491740703583,1
240,"xgboost",46.1283158798218,-3.87168412017823,6.00153739740217,-3.52961043474256,49.6579263145643,34.3655187290433,57.8911130306003,37.8951291637858,61.4207234653428,1,1,0,1,10.6645729541779,10.7165291309357,1
241,"xgboost",53.5393564186096,3.53935641860962,6.60728681743452,-6.04529011578131,59.5846465343909,40.5893122209117,66.4894006163075,46.634602336693,72.5346907320888,1,1,0,1,10.0605959892273,10.0992980003357,1
242,"xgboost",43.0172749376297,-6.98272506237031,6.77755427403564,-2.12000018298894,45.1372751206186,29.7335126572543,56.3010372180051,31.8535128402433,58.421037400994,1,1,0,1,10.5057349205017,10.5465447902679,1
243,"xgboost",40.3669027557373,-9.6330972442627,6.42206666847226,-1.92429108630597,42.2911938420433,27.7798833792165,52.9539221322581,29.7041744655225,54.878213218564,1,1,0,1,9.85797309875488,9.90785312652588,1
244,"xgboost",39.97497631073,-10.02502368927,5.64363375130571,-4.45221526613665,44.4271915768666,28.9136574162361,51.0362952052239,33.3658726823728,55.4885104713605,1,1,0,1,9.91439700126648,9.95690321922302,1
245,"xgboost",54.5882525615692,4.58825256156921,6.74199102588021,-4.69209575664615,59.2803483182154,41.3741929667517,67.8023121563867,46.0662887233979,72.4944079130328,1,1,0,1,9.82203197479248,9.85976004600525,1
246,"xgboost",37.0629151000977,-12.9370848999023,5.27672107919263,-2.41501828536988,39.4779333854675,26.7207318284168,47.4050983717785,29.1357501137866,49.8201166571484,0,0,1,1,9.93301486968994,9.97197890281677,1
247,"xgboost",48.9886546096802,-1.0113453903198,6.51845132772752,2.62025390666435,46.3684007030158,36.212724772357,61.7645844470034,33.5924708656926,59.1443305403391,1,1,0,1,10.1046848297119,10.1433489322662,1
248,"xgboost",58.2812351837158,8.28123518371584,6.20148796603131,-4.88818651413347,63.1694216978493,46.1265421197359,70.4359282476958,51.0147286338694,75.3241147618292,1,0,0,1,9.94248509407043,9.99233818054199,0
249,"xgboost",55.6753824920654,5.67538249206545,6.16941604675057,-8.16340768891735,63.8387901809828,43.5835492347909,67.76721574934,51.7469569237082,75.9306234382574,1,0,0,1,9.9511890411377,9.98510503768921,0
250,"xgboost",46.8644366531372,-3.1355633468628,6.11767518136144,2.8761912456696,43.9882454074676,34.8740136285542,58.8548596777202,31.9978223828846,55.9786684320506,1,1,0,1,9.87090587615967,9.90379881858826,1
251,"xgboost",40.350722026825,-9.64927797317504,6.2740009170561,2.44093213562452,37.9097898912004,28.0539061904237,52.6475378632262,25.6129740547992,50.2066057276017,1,1,0,1,10.0182018280029,10.0505571365356,1
252,"xgboost",45.03632143116,-4.96367856884001,7.42014023493503,0.930693349382203,44.1056280817778,30.4931138104508,59.5795290518692,29.5624204610686,58.648835702487,1,1,0,1,10.0013461112976,10.05224609375,1
253,"xgboost",38.5869800605774,-11.4130199394226,6.38484304742477,2.34421689433777,36.2427631662396,26.0729176406839,51.1010424804709,23.7287007463461,48.7568255861331,1,0,0,1,9.90415096282959,9.94558906555176,1
254,"xgboost",36.7996966714859,-13.2003033285141,6.1171438855308,0.0486838300678656,36.751012841418,24.8103149675961,48.7890783753757,24.7616311375283,48.7403945453078,0,0,1,1,10.0902020931244,10.1253659725189,1
255,"xgboost",34.8938136062622,-15.1061863937378,5.81476514853055,1.98736414725423,32.906449459008,23.4970833365836,46.2905438759408,21.5097191893294,44.3031797286866,0,0,1,1,10.0089328289032,10.0408320426941,1
256,"xgboost",34.4643415260315,-15.5356584739685,5.71931894124746,1.93423248237717,32.5301090436543,23.2546823850887,45.6740006669743,21.3204499027116,43.7397681845971,0,0,1,1,10.1823289394379,10.2169680595398,1
257,"xgboost",34.9162550466061,-15.0837449533939,6.1165073211236,-1.0976549170984,36.0139099637045,22.9281209860283,46.9043891071839,24.0257759031267,48.0020440242823,0,0,1,1,10.1901040077209,10.22580909729,1
258,"xgboost",44.1522103977203,-5.84778960227966,6.35881566235391,-7.14098082346368,51.293191221184,31.6891607151775,56.6152600802632,38.8301415386411,63.7562409037269,1,1,0,1,9.99874305725098,10.0443389415741,1
259,"xgboost",48.1374486694336,-1.86255133056641,6.83993620656714,-3.56048703783786,51.6979357072714,34.7314200480105,61.5434772908567,38.2919070858483,65.1039643286946,1,1,0,1,10.0159449577332,10.0629470348358,1
260,"xgboost",40.2450062942505,-9.75499370574953,6.58819353796883,-0.382265955988991,40.6272722502395,27.332384236652,53.1576283518489,27.714650192641,53.5398943078379,1,1,0,1,10.2005300521851,10.2548990249634,1
261,"xgboost",39.5553759918213,-10.4446240081787,5.84924648822805,-0.487681747882846,40.0430577397041,28.0910635381969,51.0196884454457,28.5787452860798,51.5073701933285,1,1,0,1,10.2145390510559,10.2718360424042,1
262,"xgboost",34.7726971206665,-15.2273028793335,5.74241841545708,0.925795375780353,33.8469017448861,23.5177638422111,46.0276303991219,22.5919684664307,45.1018350233416,0,0,1,1,10.2397871017456,10.2724621295929,1
263,"xgboost",37.5001922988892,-12.4998077011108,5.96319482134621,1.45123547759091,36.0489568212983,25.8125452162548,49.1878393815235,24.3613097386639,47.7366039039326,0,0,1,1,10.0450298786163,10.0894649028778,1
264,"xgboost",39.6255625038147,-10.3744374961853,7.24856606586807,-1.36845489973737,40.9940174035521,25.4186340751541,53.8324909324753,26.7870889748915,55.2009458322127,1,1,0,1,9.82929086685181,9.86712503433228,1
265,"xgboost",36.6640760307312,-13.3359239692688,6.32890827223005,-1.76756509685685,38.4316411275881,24.2596437557027,49.0685083057597,26.0272088525595,50.8360734026166,0,1,1,1,10.3771820068359,10.424604177475,1
266,"xgboost",46.2929677705765,-3.70703222942353,7.12917091970478,-3.04824990931212,49.3412176798886,32.3200495283248,60.2658860128281,35.3682994376369,63.3141359221402,1,1,0,1,10.150276184082,10.2095100879669,1
267,"xgboost",57.4087299919128,7.40872999191281,6.72873884187674,-2.89236886635682,60.3010988582696,44.2206442004586,70.596815783367,47.1130130668155,73.4891846497238,1,1,0,1,10.1367559432983,10.1717441082001,0
268,"xgboost",50.3729477844238,0.372947784423836,7.13628914766709,1.37656322653746,48.9963845578864,36.3860780717323,64.3598174971154,35.0095148451948,62.9832542705779,1,1,0,1,10.1304090023041,10.1797728538513,1
269,"xgboost",34.4689795913696,-15.5310204086304,5.78157042539726,-1.53411882007413,36.0030984114438,23.1373097835091,45.8006493992302,24.6714286035832,47.3347682193043,0,0,1,1,10.5225350856781,10.5627608299255,1
270,"xgboost",45.1257325944901,-4.87426740550994,5.81981600139253,0.0431417258294715,45.0825908686606,33.7191028351108,56.5323623538693,33.6759611092813,56.4892206280399,1,1,0,1,10.2303268909454,10.2765491008759,1
271,"xgboost",45.4864543495178,-4.51354565048217,6.99438098283805,-5.35446794030508,50.8409222898229,31.7777195290034,59.1951891700323,37.1321874693085,64.5496571103373,1,1,0,1,10.1993820667267,10.2381811141968,1
272,"xgboost",48.6780991771221,-1.32190082287789,6.22819201035135,-0.505868440748145,49.1839676178703,36.4710671480333,60.8851312062109,36.9769355887815,61.390999646959,1,1,0,1,10.3429498672485,10.3823938369751,1
273,"xgboost",48.9947646422386,-1.00523535776138,6.16428929663657,-2.04246127052475,51.0372259127634,36.9129796305452,61.076549653932,38.95544090107,63.1190109244568,1,1,0,1,10.3534610271454,10.4066820144653,1
274,"xgboost",46.7990894165039,-3.20091058349607,6.68383578192095,-2.41971078600188,49.2188002025058,33.6990120053588,59.8991668276491,36.1187227913606,62.318877613651,1,1,0,1,10.2651491165161,10.3060419559479,1
275,"xgboost",43.4241835479736,-6.57581645202636,5.85876718788128,-4.4356333818369,47.8598169298105,31.9412108659213,54.907156230026,36.3768442477582,59.3427896118629,1,1,0,1,10.2798719406128,10.317862033844,1
276,"xgboost",38.723424911499,-11.276575088501,6.31062903025797,-1.96969526396131,40.6931201754603,26.3548192924005,51.0920305305976,28.3245145563618,53.0617257945589,1,1,0,1,10.2118439674377,10.2536869049072,1
277,"xgboost",45.1553853340149,-4.84461466598512,6.11316451972375,1.08856350460757,44.0668218294073,33.1738030437882,57.1369676242415,32.0852395391807,56.048404119634,1,1,0,1,10.1042368412018,10.1422829627991,1
278,"xgboost",40.5024509658813,-9.49754903411866,5.38189753235728,-1.65471093250274,42.1571618983841,29.9541256339761,51.0507762977866,31.6088365664788,52.7054872302894,1,1,0,1,10.3357810974121,10.3816101551056,1
279,"xgboost",53.4325770111084,3.43257701110841,6.30662897832575,-0.388556744444863,53.8211337555533,41.0718113497333,65.7933426724835,41.4603680941782,66.1818994169284,1,1,0,1,10.2092559337616,10.260293006897,1
280,"xgboost",43.8338540344238,-6.16614596557617,6.39617857397953,-2.93885773315501,46.7727117675788,31.2975743907372,56.3701336781105,34.2364321238922,59.3089914112655,1,1,0,1,10.2427718639374,10.2782139778137,1
281,"xgboost",44.9062356643677,-5.09376433563232,6.7355163407302,1.29548140876937,43.6107542555983,31.7048662192555,58.1076051094799,30.4093848104861,56.8121237007105,1,1,0,1,10.1007471084595,10.1440668106079,1
282,"xgboost",44.0009157600403,-5.99908423995972,6.28479057052192,-2.12138064268017,46.1222964027204,31.6829525914404,56.3188789286402,33.8043332341205,58.4402595713203,1,1,0,1,9.97663807868958,10.0140299797058,1
283,"xgboost",44.9281410007477,-5.07185899925233,5.8825549116721,-2.79598066167551,47.7241216624232,33.3985452367912,56.4577367647042,36.1945258984667,59.2537174263797,1,1,0,1,10.0472090244293,10.0849919319153,1
284,"xgboost",36.7356275062561,-13.2643724937439,5.87103436170787,-3.37505851632309,40.1106860225792,25.2286116053116,48.2426434072006,28.6036701216347,51.6177019235237,0,1,1,1,10.1627969741821,10.2013731002808,1
285,"xgboost",44.9870952911377,-5.0129047088623,5.45954004124745,-3.18618240149403,48.1732776926317,34.2865934381384,55.687597144137,37.4727758396324,58.873779545631,1,1,0,1,10.2618029117584,10.3005790710449,1
286,"xgboost",45.4507175598145,-4.54928244018553,6.36603511784466,-0.751713755377487,46.202431315192,32.9735180045217,57.9279171151072,33.7252317598992,58.6796308704847,1,1,0,1,10.2223949432373,10.2577340602875,1
287,"xgboost",41.8729435081482,-8.1270564918518,7.12356604626611,-0.280276413806206,42.1532199219544,27.9110106159742,55.8348764003222,28.1912870297804,56.1151528141284,1,1,0,1,10.3486950397491,10.3841919898987,1
288,"xgboost",36.2603233795166,-13.7396766204834,6.22771897751494,-3.09844530626464,39.3587686857812,24.0542184777507,48.4664282812825,27.1526637840154,51.5648735875471,0,1,1,1,10.2198171615601,10.273530960083,1
289,"xgboost",48.2162549362183,-1.78374506378174,6.11846615018883,-1.57850948674606,49.7947644229643,36.2242816412207,60.2082282312158,37.8027911279668,61.7867377179619,1,1,0,1,10.326737165451,10.3641159534454,1
290,"xgboost",48.2459886207581,-1.75401137924194,7.11166732399771,-3.03128886749042,51.2772774882485,34.3073767956922,62.1846004458239,37.3386656631826,65.2158893133143,1,1,0,1,10.2772660255432,10.3206708431244,1
291,"xgboost",50.5850347290039,0.585034729003901,6.98208901838585,-6.44575424616265,57.0307889751666,36.900391716115,64.2696777418928,43.3461459622777,70.7154319880554,1,1,0,1,10.2540049552917,10.312246799469,1
292,"xgboost",40.5248074185848,-9.47519258141518,6.9124035771744,0.387528866591502,40.1372785519933,26.9767453607172,54.0728694764525,26.5892164941257,53.685340609861,1,1,0,1,10.350429058075,10.3872079849243,1
293,"xgboost",46.6115858192444,-3.38841418075562,5.53903126582327,-1.12584973371266,47.737435552957,35.7552840289895,57.4678876094993,36.8811337627021,58.593737343212,1,1,0,1,10.3072772026062,10.3457100391388,1
294,"xgboost",41.3741065011024,-8.62589349889756,6.67774754052492,-3.9137166813929,45.2878231824953,28.2859618238227,54.4622511783822,32.1996785052156,58.3759678597751,1,1,0,1,10.2329969406128,10.2879900932312,1
295,"xgboost",40.9077287483215,-9.09227125167847,5.85210278185803,-1.04322205681145,41.950950805133,29.4378180620531,52.3776394345899,30.4810401188646,53.4208614914014,1,1,0,1,10.3322930335999,10.3637189865112,1
296,"xgboost",41.3751223068237,-8.62487769317627,6.52482662313238,1.68969848360712,39.6854238232166,28.5866971201162,54.1635474935313,26.896998636509,52.4738490099242,1,1,0,1,10.4187109470367,10.4724700450897,1
297,"xgboost",38.0922163734436,-11.9077836265564,6.29885570934674,-1.67672170566512,39.7689380791087,25.7466860393095,50.4377467075777,27.4234077449746,52.1144684132428,1,1,0,1,10.3134300708771,10.3808579444885,1
298,"xgboost",42.5847785263061,-7.41522147369385,6.59612221123301,-4.04732101701557,46.6320995433217,29.6566165546648,55.5129404979475,33.7039375716803,59.5602615149631,1,1,0,1,10.0410630702972,10.0856900215149,1
299,"xgboost",46.171936709404,-3.82806329059602,6.41081708010492,-0.431267831591356,46.6032045409953,33.6069661209241,58.7369072978839,34.0382339525155,59.1681751294752,1,1,0,1,10.5979030132294,10.639111995697,1
300,"xgboost",41.566857460022,-8.43314253997804,6.31307666566722,1.91793213725186,39.6489253227701,29.193454563674,53.9402603563699,27.2755224264221,52.0223282191181,1,1,0,1,10.6329169273376,10.670019865036,1
301,"xgboost",44.741523651123,-5.25847634887697,6.24497787103607,0.727080434203579,44.0144432169195,32.5015919396427,56.9814553626033,31.7745115054391,56.2543749283998,1,1,0,1,10.6410300731659,10.6824181079865,1
302,"xgboost",39.2239250793457,-10.7760749206543,5.85544240978413,-0.10566684525562,39.3295919246013,27.7474688426204,50.700381316071,27.853135687876,50.8060481613267,1,1,0,1,10.1880669593811,10.2408220767975,1
303,"xgboost",36.2648443603515,-13.7351556396485,6.22512778116154,-1.55424406124725,37.8190884215988,24.0638181101152,48.4658706105879,25.6180621713624,50.0201146718351,0,1,1,1,10.6399350166321,10.6896450519562,1
304,"xgboost",41.5167469329834,-8.4832530670166,7.02793565946258,-1.6104595096283,43.1272064426117,27.742246154772,55.2912477111948,29.3527056644003,56.9017072208231,1,1,0,1,10.3769519329071,10.4161820411682,1
305,"xgboost",44.0369996185303,-5.9630003814697,6.01559088829503,-2.53047133920941,46.5674709577397,32.2466581317447,55.8273411053159,34.7771294709541,58.3578124445253,1,1,0,1,10.6409940719604,10.6836321353912,1
306,"xgboost",46.8043844823837,-3.19561551761628,6.78937227434186,0.95897932238514,45.8454051599986,33.4974593470389,60.1113096177286,32.5384800246537,59.1523302953434,1,1,0,1,10.4427630901337,10.4919559955597,1
307,"xgboost",48.9390924224853,-1.06090757751466,6.31570081272762,-2.23105655066257,51.1701489731479,36.5605462924089,61.3176385525618,38.7916028430714,63.5486951032244,1,1,0,1,10.1697130203247,10.2112338542938,1
308,"xgboost",40.0545687255859,-9.94543127441406,5.47432568379099,-1.18758427450229,41.2421530000882,29.325087545713,50.7840499054589,30.5126718202153,51.9716341799612,1,1,0,1,10.6013031005859,10.6425089836121,1
309,"xgboost",43.2394219932556,-6.76057800674438,6.16900532776134,3.93448063979053,39.3049413534651,31.1483937304077,55.3304502561036,27.2139130906171,51.395969616313,1,1,0,1,9.70596504211426,9.7494261264801,1
310,"xgboost",53.0419806900024,3.04198069000243,7.26401111357921,-4.65856210600065,57.7005427960031,38.8047805240885,67.2791808559164,43.4633426300892,71.937742961917,1,1,0,1,9.7664520740509,9.80710506439209,1
311,"xgboost",41.6618997612,-8.33810023880005,6.21979627250922,-3.37846719931638,45.0403669605163,29.4713230759054,53.8524764464945,32.8497902752218,57.2309436458109,1,1,0,1,9.68794798851013,9.73359799385071,1
312,"xgboost",39.0083403930664,-10.9916596069336,5.61417032882051,0.358987857822427,38.649352535244,28.0047687455048,50.011912040628,27.6457808876824,49.6529241828056,1,0,0,1,9.81498408317566,9.85251498222351,1
313,"xgboost",39.1753239498138,-10.8246760501862,6.83938858832378,2.51979112458039,36.6555328252334,25.770368640425,52.5802792592027,23.2505775158446,50.0604881346223,1,1,0,1,9.82105493545532,9.86068797111511,1
314,"xgboost",35.4126163206101,-14.5873836793899,5.68492895064454,2.71742006956433,32.6951962510457,24.2703603226777,46.5548723185424,21.5529402531133,43.8374522489781,0,0,1,1,9.92126893997192,9.96020483970642,1
315,"xgboost",38.7278083686829,-11.2721916313171,6.61340087445116,-3.7647182566738,42.4925266253567,25.7657808394329,51.6898358979328,29.5304990961067,55.4545541546066,1,1,0,1,9.65349912643433,9.68692493438721,1
316,"xgboost",47.7135928192139,-2.28640718078614,5.96487950339316,-4.19524344477843,51.9088362639923,36.0226438204421,59.4045418179856,40.2178872652205,63.599785262764,1,1,0,1,9.95270299911499,9.99729800224304,1
317,"xgboost",42.7882191314697,-7.21178086853027,6.34917733018043,1.12869719931089,41.6595219321588,30.3440602328579,55.2323780300815,29.215363033547,54.1036808307707,1,1,0,1,9.6134729385376,9.65113806724548,1
318,"xgboost",36.1016623420715,-13.8983376579285,5.78045380219257,-1.01413281513213,37.1157951572036,24.7721810754765,47.4311436086666,25.7863138906086,48.4452764237987,0,0,1,1,9.72575688362122,9.75650501251221,1
319,"xgboost",32.2015330543518,-17.7984669456482,5.87877677857547,-0.680669256049399,32.8822023104012,20.6793422951935,43.7237238135101,21.3600115512429,44.4043930695595,0,0,1,1,9.67533302307129,9.71659588813782,1
320,"xgboost",42.1000401058197,-7.89995989418032,6.57561218588768,-2.71388125668133,44.813921362501,29.2120770451771,54.9880031664622,31.9259583018585,57.7018844231436,1,1,0,1,9.92068409919739,9.95497703552246,1
321,"xgboost",41.9187292041779,-8.08127079582214,6.64198080696086,-1.39295729529095,43.3116864994688,28.9006860365283,54.9367723718274,30.2936433318192,56.3297296671184,1,1,0,1,9.90633606910706,9.95659613609314,1
322,"xgboost",36.6982302513123,-13.3017697486877,6.84861732599713,2.86840346761129,33.829826783701,23.2751869484609,50.1212735541637,20.4067834808496,47.2528700865523,1,0,0,1,9.91848802566528,9.95061087608337,1
323,"xgboost",34.4550295372009,-15.5449704627991,6.71988852788829,2.07034574875248,32.3846837884484,21.284290042416,47.6257690319858,19.2139442936635,45.5554232832334,0,0,1,1,9.84373688697815,9.89440178871155,1
324,"xgboost",38.9209020156861,-11.0790979843139,5.48201673712279,-1.44012552825894,40.361027543945,28.1763466482796,49.6654573830925,29.6164721765386,51.1055829113514,0,1,1,1,9.96633005142212,10.0106439590454,1
325,"xgboost",40.808803182602,-9.19119681739805,5.83087174277988,-7.40963845307388,48.2184416356758,29.3805045682811,52.2371017969228,36.790143021355,59.6467402499967,1,1,0,1,9.807373046875,9.86625909805298,1
326,"xgboost",42.6239538993836,-7.37604610061645,5.96234844193077,-3.47621012955666,46.1001640289402,30.9379656899207,54.3099421088464,34.4141758194774,57.786152238403,1,1,0,1,9.69244909286499,9.73165988922119,1
327,"xgboost",39.1682652282715,-10.8317347717285,5.71998291999177,-0.00415500556591297,39.1724202338374,27.9573047129033,50.3792257436396,27.9614597184692,50.3833807492055,1,1,0,1,9.88648200035095,9.93714284896851,1
328,"xgboost",46.7394461860657,-3.26055381393434,5.84607402478268,2.79935533345652,43.9400908526091,35.2813516465365,58.1975407255948,32.48199631308,55.3981853921383,1,1,0,1,9.97135186195374,10.0089571475983,1
329,"xgboost",29.5237937316894,-20.4762062683106,5.18072186708226,-3.08831864698671,32.6121123786762,19.3697654582891,39.6778220050898,22.4580841052758,42.7661406520765,0,0,1,1,9.93204402923584,9.98651909828186,0
330,"xgboost",46.1893467559815,-3.81065324401855,6.0548189923108,0.372001001428906,45.8173457545525,34.3221195981432,58.0565739138197,33.9501185967143,57.6845729123908,1,1,0,1,9.91006302833557,9.94769382476807,1
331,"xgboost",48.197748752594,-1.80225124740601,6.79645928251318,-0.164481673185342,48.3622304257793,34.8769333364752,61.5185641687128,35.0414150096606,61.6830458418981,1,1,0,1,10.2361760139465,10.2824690341949,1
332,"xgboost",33.95553104496,-16.04446895504,5.76393054980166,-1.3560245917766,35.3115556367366,22.6584347579586,45.2526273319614,24.0144593497352,46.608651923738,0,0,1,1,10.193078994751,10.2710728645325,1
333,"xgboost",31.3433548774719,-18.6566451225281,5.18418113143933,5.06078795432282,26.2825669231491,21.1825465705187,41.5041631844251,16.1217586161959,36.4433752301023,0,0,1,1,10.1207880973816,10.1544361114502,0
334,"xgboost",45.438715429306,-4.56128457069399,5.85305335368197,1.48928373008068,43.9494316992253,33.966941656498,56.910489202114,32.4776579264173,55.4212054720334,1,1,0,1,10.2693967819214,10.30695104599,1
335,"xgboost",57.3284533081055,7.32845330810547,6.32512349013401,-5.46267724124325,62.7911305493487,44.9314390696745,69.7254675465364,50.3941163109178,75.1881447877797,1,0,0,1,10.1702451705933,10.2085678577423,0
336,"xgboost",38.4300976028442,-11.5699023971558,6.16464425497949,-0.370246067442174,38.8003436702864,26.3476168855827,50.5125783201058,26.7178629530249,50.882824387548,1,1,0,1,10.1216049194336,10.1541020870209,1
337,"xgboost",46.6459534492493,-3.35404655075074,5.94061370112794,1.07123659802836,45.5747168512209,35.0025645489733,58.2893423495252,33.931327950945,57.2181057514969,1,1,0,1,10.3031480312347,10.3415229320526,1
338,"xgboost",47.1243586921692,-2.8756413078308,6.27581368662097,-1.27988212055326,48.4042408127225,34.8239898927085,59.4247274916298,36.1038720132618,60.7046096121831,1,1,0,1,10.3214869499207,10.390781879425,1
339,"xgboost",45.2159623031616,-4.78403769683839,6.40691111680623,-1.51493500586735,46.730897309029,32.6586472620721,57.7732773442511,34.1735822679395,59.2882123501185,1,1,0,1,10.2483968734741,10.3222949504852,1
340,"xgboost",39.9799665117264,-10.0200334882736,6.46955678676553,-0.304348883231455,40.2843153949578,27.2998682137293,52.6600648097235,27.6042170969607,52.9644136929549,1,1,0,1,10.1019659042358,10.1485211849213,1
341,"xgboost",50.3791892700195,0.379189270019538,5.85660729199211,1.25774737102508,49.1214418989945,38.9004499061203,61.8579286339187,37.6427025350953,60.6001812628936,1,1,0,1,10.2627859115601,10.327134847641,1
342,"xgboost",45.2480867424011,-4.75191325759888,5.99823803702144,-2.10638287332135,47.3544696157225,33.4917562191409,57.0044172656614,35.5981390924622,59.1108001389827,1,1,0,1,10.0636460781097,10.0968668460846,1
343,"xgboost",50.0436722640991,0.0436722640991292,6.70805134137256,-2.7352958501463,52.7789681142454,36.8961332285633,63.1912112996349,39.6314290787096,65.9265071497812,1,1,0,1,10.0288889408112,10.0838470458984,1
344,"xgboost",43.2218188438416,-6.77818115615845,6.41330316346061,-0.1717850385592,43.3936038824008,30.651975621522,55.7916620661611,30.8237606600812,55.9634471047203,1,1,0,1,10.103798866272,10.1437499523163,1
345,"xgboost",40.2948280105591,-9.70517198944091,6.52385766491176,-2.53165590266229,42.8264839132214,27.5083019470665,53.0813540740517,30.0399578497288,55.613009976714,1,1,0,1,9.90786099433899,9.94871401786804,1
346,"xgboost",34.733823009491,-15.266176990509,6.10203074919716,0.723464149875632,34.0103588596153,22.7740625085086,46.6935835104734,22.0505983586329,45.9701193605977,0,0,1,1,10.0881788730621,10.1296770572662,1
347,"xgboost",39.701854675293,-10.298145324707,5.32338141149052,2.92580685694123,36.7760478183517,29.2682188328015,50.1354905177844,26.3424119758603,47.2096836608432,1,0,0,1,10.0434329509735,10.0962359905243,1
348,"xgboost",54.3322924394608,4.33229243946076,5.95605044390597,-3.41444952847845,57.7467419679392,42.6586480793013,66.0059367996203,46.0730976077797,69.4203863280987,1,1,0,1,10.0147268772125,10.046483039856,1
349,"xgboost",34.2088484115601,-15.7911515884399,6.25376103027447,-1.12309169286848,35.3319401044286,21.951702024302,46.4659947988181,23.0747937171705,47.5890864916866,0,0,1,1,9.85439801216125,9.89390015602112,1
350,"xgboost",42.8161284179688,-7.18387158203124,6.380063779846,1.74960513160801,41.0665232863607,30.3114331904021,55.3208236455354,28.5618280587941,53.5712185139274,1,1,0,1,9.96668100357056,10.0061259269714,1
351,"xgboost",48.5237843799591,-1.4762156200409,6.07076046299374,-1.282812761343,49.8065971413021,36.6253125137217,60.4222562461965,37.9081252750647,61.7050690075395,1,1,0,1,10.1147198677063,10.1566250324249,1
352,"xgboost",59.4661802692413,9.46618026924133,8.05351502781327,-2.78881798365438,62.2549982528957,43.6815808657752,75.2507796727074,46.4703988494296,78.0395976563618,1,1,0,1,10.108414888382,10.1478002071381,0
353,"xgboost",45.1427583827973,-4.85724161720275,6.64394901055417,0.254945436213717,44.8878129465835,32.1208576069906,58.1646591586039,31.8659121707768,57.9097137223902,1,1,0,1,10.0808620452881,10.1258780956268,1
354,"xgboost",46.7077793655396,-3.29222063446044,6.10868515607703,1.19178338912391,45.5159959764156,34.7349764667341,58.680582264345,33.5431930776102,57.4887988752211,1,1,0,1,10.1089899539948,10.1561198234558,1
355,"xgboost",45.2986641039848,-4.70133589601516,5.73442969466645,-3.17883394602293,48.4774980500078,34.0593884305616,56.5379397774081,37.2382223765845,59.716773723431,1,1,0,1,10.1639850139618,10.2073931694031,1
356,"xgboost",40.2715869483948,-9.72841305160522,6.30737139830727,-2.32570279443765,42.5972897428324,27.9093661705945,52.6338077261951,30.2350689650321,54.9595105206327,1,1,0,1,10.0473020076752,10.0969059467316,1
357,"xgboost",36.3797545471192,-13.6202454528808,6.68546207246774,1.72738994968257,34.6523645974366,23.2764896650739,49.4830194291644,21.5490997153913,47.7556294794819,0,0,1,1,9.94069600105286,9.97871708869934,1
358,"xgboost",49.4806659584045,-0.519334041595464,6.54201217168637,-6.08097557856846,55.561641536973,36.6585577154766,62.3027742013325,42.739533294045,68.3837497799009,1,1,0,1,10.0476160049438,10.0878410339355,1
359,"xgboost",41.9327339553833,-8.06726604461672,5.45030503685324,-2.978543612545,44.9112775679283,31.2503323783937,52.6151355323729,34.2288759909387,55.5936791449179,1,1,0,1,10.1633920669556,10.2015750408173,1
360,"xgboost",43.8706148995161,-6.1293851004839,6.71866331883782,-0.842938390254666,44.7135532897708,30.7022767703436,57.0389530286886,31.5452151605983,57.8818914189432,1,1,0,1,10.2238440513611,10.2691211700439,1
361,"xgboost",39.9500623893738,-10.0499376106262,5.89887820145879,-3.65943195364189,43.6094943430157,28.3884735653261,51.5116512134214,32.047905518968,55.1710831670633,1,1,0,1,10.1707191467285,10.2098410129547,1
362,"xgboost",44.9063865814209,-5.0936134185791,6.08540794698626,1.31573863552951,43.5906479458914,32.979206174094,56.8335669887478,31.6634675385645,55.5178283532183,1,1,0,1,10.0094020366669,10.0533800125122,1
363,"xgboost",38.2511792449951,-11.7488207550049,5.4576716617035,2.74841293234611,35.502766312649,27.5543393486114,48.9480191413788,24.8059264162653,46.1996062090327,0,0,1,1,10.0955080986023,10.139105796814,1
364,"xgboost",45.3060993461609,-4.69390065383909,7.08643838990969,0.225067932677014,45.0810314134839,31.4169353232759,59.1952633690459,31.1918673905989,58.9701954363689,1,1,0,1,10.1707711219788,10.2080819606781,1
365,"xgboost",48.4174234104156,-1.58257658958436,6.51098825644026,0.172601687350159,48.2448217230655,35.6561209240295,61.1787258968018,35.4835192366793,61.0061242094516,1,1,0,1,9.95364308357239,9.99358201026917,1
366,"xgboost",37.1639196395874,-12.8360803604126,6.50124344268312,1.13837909903563,36.0255405405518,24.4217166372013,49.9061226419735,23.2833375381657,48.7677435429379,0,0,1,1,9.94249582290649,9.97756195068359,1
367,"xgboost",47.5438454399109,-2.45615456008912,6.65850364073995,-2.43813658274447,49.9819820226554,34.4934181131318,60.59427276669,36.9315546958762,63.0324093494345,1,1,0,1,10.2171769142151,10.2596819400787,1
368,"xgboost",39.6710498962402,-10.3289501037598,6.14430292390639,-2.15406548996528,41.8251153862055,27.6284374552796,51.7136623372009,29.7825029452449,53.8677278271662,1,1,0,1,10.3041760921478,10.3493781089783,1
369,"xgboost",40.3672767524719,-9.63272324752809,6.05980979667485,-0.835057481357914,41.2023342338298,28.4902677978262,52.2442857071176,29.3253252791841,53.0793431884755,1,1,0,1,9.92754411697388,9.96854591369629,1
370,"xgboost",35.874898150444,-14.125101849556,6.66499834223363,1.20621867549688,34.6686794749471,22.8117414426469,48.9380548582411,21.6055227671501,47.7318361827442,0,0,1,1,10.104649066925,10.1459159851074,1
371,"xgboost",51.6948672676086,1.69486726760863,5.71233450382401,-1.78758390805768,53.4824511756663,40.4988973724681,62.8908371627492,42.2864812805258,64.6784210708068,1,1,0,1,10.1382431983948,10.1716339588165,1
372,"xgboost",48.3549152126312,-1.64508478736877,6.25932155808124,-4.21153826110065,52.5664534737319,36.0868703911369,60.6229600341256,40.2984086522375,64.8344982952262,1,1,0,1,10.013974905014,10.0587770938873,1
373,"xgboost",49.4345323524475,-0.565467647552488,7.39374367623777,-0.635068181354377,50.0696005338019,34.9430610361007,63.9260036687943,35.5781292174551,64.5610718501487,1,1,0,1,10.1133260726929,10.1599562168121,1
374,"xgboost",35.1761531562805,-14.8238468437195,6.31706480162644,-1.7420693075393,36.9182224638198,22.794933657087,47.557372655474,24.5370029646263,49.2994419630133,0,0,1,1,10.1101269721985,10.1525111198425,1
375,"xgboost",43.3742505779266,-6.62574942207338,6.2588400255633,-3.31236891722606,46.6866194951527,31.1071495428248,55.6413516130284,34.4195184600509,58.9537205302545,1,1,0,1,10.0337989330292,10.0724539756775,1
376,"xgboost",50.7679960472584,0.767996047258379,7.69526514204339,-1.79567546567846,52.5636715129368,35.6855535173668,65.8504385771499,37.4812289830453,67.6461140428284,1,1,0,1,10.0485382080078,10.0859410762787,1
377,"xgboost",37.7747667045593,-12.2252332954407,5.53807155495353,-0.506761170157183,38.2815278747165,26.9203459130447,48.629187496074,27.4271070832018,49.1359486662312,0,0,1,1,10.1557228565216,10.2024810314178,1
378,"xgboost",38.2955580062866,-11.7044419937134,6.15850638539276,2.09341327260524,36.2021447336814,26.2251072923569,50.3660087202164,24.1316940197516,48.2725954476111,1,0,0,1,10.1790881156921,10.2199618816376,1
379,"xgboost",44.131678237915,-5.868321762085,7.02060213949834,-1.45719977559563,45.5888780135106,30.3715508947134,57.8918055811166,31.828750670309,59.3490053567122,1,1,0,1,10.0598959922791,10.107871055603,1
380,"xgboost",40.2596588821411,-9.7403411178589,6.49538575332398,3.45008704993607,36.809571832205,27.5289367399315,52.9903810243507,24.0788496899955,49.5402939744146,1,0,0,1,10.1027069091797,10.1402530670166,1
381,"xgboost",38.615727273941,-11.384272726059,6.40460904919133,1.43214268718959,37.1835845867514,26.0629242024667,51.1685303454154,24.6307815152771,49.7363876582258,1,0,0,1,10.2676138877869,10.3101649284363,1
382,"xgboost",37.4628768234253,-12.5371231765747,5.49242144611401,-0.832276470391271,38.2951532938166,26.6979286011264,48.2278250457241,27.5302050715177,49.0601015161154,0,0,1,1,10.1251978874207,10.1710488796234,1
383,"xgboost",47.3391636061668,-2.66083639383316,6.31291900853173,0.808585901930087,46.5305777042368,34.9660697121263,59.7122575002073,34.1574838101963,58.9036715982773,1,1,0,1,10.282860994339,10.3403789997101,1
384,"xgboost",45.4735987815857,-4.52640121841429,5.60269045931917,-2.62157931206132,48.095178093647,34.492527264794,56.4546702983775,37.1141065768553,59.0762496104388,1,1,0,1,10.1791768074036,10.2411799430847,1
385,"xgboost",44.1049941902161,-5.89500580978395,6.61530853221989,-2.40336288491486,46.5083570751309,31.1392277204446,57.0707606599876,33.5425906053594,59.4741235449024,1,1,0,1,10.057168006897,10.0937559604645,1
386,"xgboost",43.6376062412262,-6.3623937587738,6.49984499803993,2.88361105927896,40.7539951819472,30.8981441399751,56.3770683424773,28.0145330806962,53.4934572831983,1,1,0,1,9.89007997512817,9.93733406066895,1
387,"xgboost",44.2877465515137,-5.71225344848634,6.36700003665169,-2.00926898630281,46.2970155378165,31.8086557901112,56.7668373129162,33.817924776414,58.776106299219,1,1,0,1,9.83539700508118,9.8890278339386,1
388,"xgboost",47.2141564598084,-2.78584354019165,5.97083418535498,-3.90278998936677,51.1169464491751,35.511536498852,58.9167764207647,39.4143264882188,62.8195664101314,1,1,0,1,9.89804100990295,9.93563318252563,1
389,"xgboost",45.0708594741821,-4.92914052581789,6.49434806791457,-5.74473039759378,50.8155898717759,32.3421711580023,57.799547790362,38.0869015555961,63.5442781879557,1,1,0,1,9.89367604255676,9.92613887786865,1
390,"xgboost",40.7391568145752,-9.26084318542481,6.48481473273311,-0.826329480885974,41.5654862954612,28.0291534920036,53.4491601371468,28.8554829728895,54.2754896180328,1,1,0,1,9.90821313858032,9.9560911655426,1
391,"xgboost",43.6865294036865,-6.31347059631347,6.97663955143914,-3.27350074728364,46.9600301509702,30.0125671497481,57.3604916576249,33.2860678970318,60.6339924049086,1,1,0,1,9.86262702941895,9.90064716339111,1
392,"xgboost",43.8919306564331,-6.1080693435669,6.32116381952794,-5.23582975216937,49.1277604086025,31.5026772297807,56.2811840830855,36.7385069819501,61.5170138352549,1,1,0,1,10.0018739700317,10.0434958934784,1
393,"xgboost",48.576052980423,-1.42394701957704,6.74757926397239,-0.685043902717226,49.2610968831402,35.3510406402078,61.8010653206381,36.036084542925,62.4861092233554,1,1,0,1,10.0711579322815,10.1118259429932,1
394,"xgboost",37.8796070935279,-12.1203929064721,5.74295400860313,2.11362259536362,35.7659844981643,26.6236240717959,49.13559011526,24.5100014764322,47.0219675198964,0,0,1,1,9.72960805892944,9.76718688011169,1
395,"xgboost",37.7781139907837,-12.2218860092163,5.98053136807803,-2.85380535209607,40.6319193428797,26.0564879009387,49.4997400806287,28.9102932530347,52.3535454327247,0,1,1,1,9.78420901298523,9.8226420879364,1
396,"xgboost",38.7283719596863,-11.2716280403137,5.87679777378188,0.186272763582217,38.5420991961041,27.2100599786486,50.2466839407239,27.0237872150664,50.0604111771417,1,1,0,1,9.90615797042847,9.95741295814514,1
397,"xgboost",36.9664481124878,-13.0335518875122,5.52907113062702,1.48712700751854,35.4793211049693,26.1296678284987,47.8032283964769,24.6425408209801,46.3161013889584,0,0,1,1,10.1380040645599,10.1699910163879,1
398,"xgboost",37.8214352416992,-12.1785647583008,6.09476684490171,3.35501470867049,34.4664205330287,25.8759117315231,49.7669587518754,22.5208970228526,46.4119440432049,0,0,1,1,9.94326496124268,9.98097896575928,1
399,"xgboost",45.0446391143799,-4.9553608856201,5.55379619405187,0.199200338828312,44.8454387755516,34.1593985965626,55.9298796321972,33.9601982577343,55.7306792933689,1,1,0,1,9.86765885353088,9.9046950340271,1
400,"xgboost",39.8593863582611,-10.1406136417389,5.93775060897848,2.12121976295708,37.738166595304,28.2216090154825,51.4971637010397,26.1003892525254,49.3759439380826,1,0,0,1,10.0895509719849,10.1339390277863,1
401,"xgboost",57.4028064060211,7.40280640602109,7.37412835105551,-0.368927338141177,57.7717337441623,42.9497804205766,71.8558323914656,43.3187077587177,72.2247597296068,1,1,0,1,10.229229927063,10.2764120101929,1
402,"xgboost",38.7490360336304,-11.2509639663696,5.98456550921873,0.148082290631272,38.6009537429991,27.0195031724411,50.4785688948197,26.8714208818098,50.3304866041884,1,1,0,1,10.1367909908295,10.1770408153534,1
403,"xgboost",48.7139783821106,-1.28602161788941,6.16406501876699,-4.21044343668985,52.9244218188004,36.6326329469641,60.7953238172571,40.8430763836539,65.005767253947,1,1,0,1,10.1260249614716,10.1644759178162,1
404,"xgboost",43.0625783615112,-6.93742163848876,6.09420661283571,-2.19992550092794,45.2625038624392,31.1181528860074,55.0070038370151,33.3180783869354,57.206929337943,1,1,0,1,10.0096490383148,10.0515668392181,1
405,"xgboost",39.5383228149414,-10.4616771850586,5.60105922819912,-1.25934128457069,40.7976640995121,28.5604484523954,50.5161971774874,29.8197897369661,51.7755384620581,1,1,0,1,9.88548707962036,9.92404103279114,1
406,"xgboost",39.5931739287376,-10.4068260712624,5.44698651706835,-4.09526340511536,43.688437333853,28.9172765310084,50.2690713264669,33.0125399361238,54.3643347315822,1,1,0,1,10.0597219467163,10.0981819629669,1
407,"xgboost",42.168208442688,-7.83179155731201,6.5219330380115,2.03866370499336,40.1295447376946,29.3854545786036,54.9509623067724,27.3467908736102,52.9122986017791,1,1,0,1,10.0302119255066,10.0711889266968,1
408,"xgboost",40.5841133766174,-9.41588662338257,6.22015965344771,3.06604144934631,37.5180719272711,28.3928244777708,52.7754022754641,25.3267830284245,49.7093608261178,1,0,0,1,10.5582239627838,10.5963668823242,1
409,"xgboost",38.436726650238,-11.563273349762,5.3880587879241,-0.610132372641154,39.0468590228792,27.8763254793223,48.9971278211538,28.4864578519634,49.607260193795,0,0,1,1,10.2528569698334,10.3013100624084,1
410,"xgboost",43.1845023155212,-6.81549768447876,6.36248886780536,-4.07166218869937,47.2561645042206,30.7142532825857,55.6547513484568,34.7859154712851,59.7264135371561,1,1,0,1,10.3393230438232,10.3905839920044,1
411,"xgboost",42.3352922859192,-7.66470771408082,6.2672829809624,1.07971674830211,41.2555755376171,30.0516433623121,54.6189412095263,28.97192661401,53.5392244612242,1,1,0,1,10.4511799812317,10.4935309886932,1
412,"xgboost",42.1327285461426,-7.86727145385742,5.83910491097158,-0.425433554150821,42.5581621002934,30.6882932186873,53.5771638735978,31.1137267728382,54.0025974277487,1,1,0,1,10.4899380207062,10.5453569889069,1
413,"xgboost",48.2163242893219,-1.78367571067809,6.40933869615352,-3.18107645802905,51.397400747351,35.6542512801421,60.7783972985017,38.8353277381712,63.9594737565308,1,1,0,1,10.2715480327606,10.319137096405,1
414,"xgboost",37.3401268157959,-12.6598731842041,5.83841200763838,1.87057624609339,35.4695505697025,25.8970495539185,48.7832040776733,24.0264733078251,46.9126278315799,0,0,1,1,10.3935480117798,10.4316258430481,1
415,"xgboost",45.587791229248,-4.41220877075197,6.42856491872812,-2.20177110607182,47.7895623353199,32.9880355162633,58.1875469422328,35.1898066223351,60.3893180483046,1,1,0,1,10.1815149784088,10.2211511135101,1
416,"xgboost",38.5881844024658,-11.4118155975342,6.21956362397987,4.57305871095632,34.0151256915095,26.3980636999099,50.7783051050218,21.8250049889536,46.2052463940655,1,0,0,1,10.3560559749603,10.4076130390167,1
417,"xgboost",42.6281911010742,-7.37180889892578,5.22903471219194,-1.63825508477605,44.2664461858503,32.3794713912682,52.8769108108802,34.0177264760443,54.5151658956562,1,1,0,1,10.6151580810547,10.6626238822937,1
418,"xgboost",44.9828839683533,-5.01711603164672,7.04527640424754,-1.2743372293811,46.2572211977344,31.1743959548983,58.7913719818083,32.4487331842793,60.0657092111894,1,1,0,1,10.3431689739227,10.3919308185577,1
419,"xgboost",30.0072331237793,-19.9927668762207,5.79985337210861,0.0951713476324159,29.9120617761469,18.6397293988332,41.3747368487253,18.5445580512008,41.2795655010929,0,0,1,1,9.82476496696472,9.86538481712341,0
420,"xgboost",40.2602942035198,-9.7397057964802,6.07313545957718,-0.324164834259491,40.5844590377793,28.3571674295154,52.1634209775242,28.6813322637749,52.4875858117837,1,1,0,1,10.237930059433,10.27570104599,1
421,"xgboost",30.8640563812256,-19.1359436187744,5.25376117372199,0.58592180089569,30.2781345803299,20.5668736973556,41.1612390650956,19.9809518964599,40.5753172641999,0,0,1,1,10.1845571994781,10.2407820224762,0
422,"xgboost",42.7769104652405,-7.22308953475951,6.57327533489643,-1.01727144949795,43.7941819147384,29.893527548378,55.6602933821029,30.910798997876,56.6775648316009,1,1,0,1,10.2067320346832,10.2427380084991,1
423,"xgboost",46.7055508975983,-3.29444910240174,6.89377101526244,1.80879103778667,44.8967598598116,33.1940079900178,60.2170938051788,31.3852169522311,58.4083027673921,1,1,0,1,9.92920207977295,9.96650195121765,1
424,"xgboost",41.7931544361115,-8.20684556388855,6.64566670901978,-3.31729813730747,45.1104525734189,28.7678870331759,54.818421839047,32.0851851704833,58.1357199763545,1,1,0,1,10.1645059585571,10.2159011363983,1
425,"xgboost",42.568973033905,-7.43102696609498,6.93168713105131,0.398907007289424,42.1700660266156,28.9831159049447,56.1548301628654,28.5842088976553,55.7559231555759,1,1,0,1,10.23273396492,10.2765510082245,1
426,"xgboost",43.138584728241,-6.86141527175904,6.89326329886949,-3.07218996427459,46.2107746925155,29.628036926505,56.6491325299769,32.7002268907796,59.7213224942515,1,1,0,1,10.1164650917053,10.1549549102783,1
427,"xgboost",46.3972177886963,-3.6027822113037,6.63102262184012,-0.168248127399096,46.5654659160954,33.4006522692193,59.3937833081733,33.5689003966184,59.5620314355724,1,1,0,1,10.2111010551453,10.2439930438995,1
428,"xgboost",44.1969206542969,-5.80307934570313,6.18899656771445,1.39738039874268,42.7995402555542,32.0667102811346,56.3271310274592,30.6693298823919,54.9297506287165,1,1,0,1,9.94297790527344,9.97633194923401,1
429,"xgboost",41.4714411077499,-8.52855889225005,6.95489100776375,-1.57603112881661,43.0474722365666,27.8401052161315,55.1027769993684,29.4161363449481,56.678808128185,1,1,0,1,10.1540670394897,10.2034640312195,1
430,"xgboost",34.3952240524292,-15.6047759475708,5.4013104684053,2.61234805021285,31.7828760022164,23.8088500650357,44.9815980398228,21.1965020148228,42.3692499896099,0,0,1,1,10.2104690074921,10.2532820701599,1
431,"xgboost",51.1214006118774,1.12140061187743,6.39802435447237,-2.64956924387341,53.7709698557508,38.5815033049015,63.6612979188534,41.2310725487749,66.3108671627268,1,1,0,1,10.1238949298859,10.1582219600677,1
432,"xgboost",40.5759186668396,-9.4240813331604,6.1122038605206,2.6590066571194,37.9169120097202,28.5962192340526,52.5556180996266,25.9372125769332,49.8966114425072,1,0,0,1,10.1597108840942,10.2092709541321,1
433,"xgboost",47.0666208877563,-2.93337911224366,6.71163254285631,2.89479730769116,44.1718235800652,33.912062826291,60.2211789492217,31.0172655185998,57.3263816415305,1,1,0,1,9.9973840713501,10.0304038524628,1
434,"xgboost",53.5830445671082,3.58304456710815,6.88378609991271,-1.82662791562426,55.4096724827324,40.0910717340018,67.0750174002145,41.9176996496261,68.9016453158388,1,1,0,1,10.2659108638763,10.3135130405426,1
435,"xgboost",43.2258779640198,-6.77412203598023,6.33390900162942,1.99231684624601,41.2335611177738,30.811644439472,55.6401114885675,28.819327593226,53.6477946423215,1,1,0,1,10.0449969768524,10.1004979610443,1
436,"xgboost",42.7734813308716,-7.22651866912842,6.91058232391562,0.00583233496707436,42.7676489959045,29.2289888637979,56.3179737979453,29.2231565288308,56.3121414629782,1,1,0,1,10.0379278659821,10.0813810825348,1
437,"xgboost",37.8884586677551,-12.1115413322449,6.34265832302822,1.77846751751709,36.109991150238,25.4570767883766,50.3198405471337,23.6786092708595,48.5413730296166,1,0,0,1,10.1260879039764,10.1643800735474,1
438,"xgboost",34.998553779602,-15.001446220398,5.22436308391386,0.563851959722044,34.43470181988,24.7589902929703,45.2381172662338,24.1951383332482,44.6742653065118,0,0,1,1,10.0419111251831,10.0881171226501,1
439,"xgboost",48.9545419845581,-1.04545801544188,6.64424816308359,-3.45024901411395,52.4047909986721,35.9320548805679,61.9770290885484,39.3823038946818,65.4272781026623,1,1,0,1,10.1089498996735,10.1511459350586,1
440,"xgboost",50.6483946266174,0.648394626617417,6.49638212904999,-4.67744141175734,55.3258360383748,37.9157196238698,63.381069629365,42.5931610356271,68.0585110411224,1,1,0,1,10.0850949287415,10.1245307922363,1
441,"xgboost",45.259484451294,-4.74051554870604,6.03840844159111,0.0169256758918621,45.2425587754021,33.4244213818328,57.0945475207552,33.4074957059409,57.0776218448633,1,1,0,1,10.5116770267487,10.5734281539917,1
442,"xgboost",32.6865790557861,-17.3134209442139,6.12176750667163,3.42154118349457,29.2650378722916,20.6881352209822,44.6850228905901,17.2665940374876,41.2634817070955,0,0,1,1,10.2269949913025,10.2703750133514,1
443,"xgboost",36.6428521175384,-13.3571478824616,5.942839270268,3.94771148592014,32.6951406316183,24.9951011819029,48.290603053174,21.0473896959827,44.3428915672539,0,0,1,1,10.4801080226898,10.5192449092865,1
444,"xgboost",55.6095969619751,5.60959696197512,6.2426885682726,-4.60564613162138,60.2152430935965,43.3741522014609,67.8450417224893,47.9797983330823,72.4506878541107,1,1,0,1,10.37517786026,10.4234309196472,0
445,"xgboost",50.8264386558533,0.826438655853288,6.99840557956654,-0.132327898289461,50.9587665541427,37.1098157706987,64.5430615410079,37.2421436689882,64.6753894392973,1,1,0,1,10.5193121433258,10.5509440898895,1
446,"xgboost",34.4031557884216,-15.5968442115784,6.42971963477111,3.38341738696561,31.019738401456,21.8011368735803,47.005174703263,18.4177194866146,43.6217573162974,0,0,1,1,10.3733949661255,10.4191329479218,1
447,"xgboost",50.8072069244385,0.807206924438468,6.35739188634983,-3.07427046006821,53.8814773845067,38.3469477915856,63.2674660572913,41.4212182516539,66.3417365173595,1,1,0,1,10.3995559215546,10.4387848377228,1
448,"xgboost",45.586793762207,-4.41320623779297,5.97141312597927,-0.284237592415806,45.8710313546228,33.8830390984779,57.2905484259361,34.1672766908937,57.5747860183519,1,1,0,1,10.3308660984039,10.3795709609985,1
449,"xgboost",41.7032185649872,-8.29678143501283,7.0536185101707,1.21757366459466,40.4856449003925,27.8783803243675,55.5280568056068,26.6608066597729,54.3104831410122,1,1,0,1,10.3842749595642,10.439640045166,1
450,"xgboost",44.2410235023498,-5.75897649765016,5.89576105641178,3.42730063858058,40.8137228637693,32.6855441703289,55.7965028343707,29.2582435317484,52.3692021957902,1,1,0,1,10.30233502388,10.3488368988037,1
451,"xgboost",53.6779526977539,3.67795269775392,6.45997830148648,4.6096301192504,49.0683225785035,41.0166278859302,66.3392775095776,36.4069977666798,61.7296473903273,1,1,0,1,10.4213190078735,10.4688789844513,1
452,"xgboost",43.8353029327392,-6.16469706726075,5.88244093937706,-2.92278748187255,46.7580904146118,32.3059305503762,55.3646753151022,35.2287180322488,58.2874627969748,1,1,0,1,9.95428586006165,9.99701905250549,1
453,"xgboost",39.7944995956421,-10.2055004043579,5.98768448154507,-2.95592407763672,42.7504236732788,28.0588536610244,51.5301455302598,31.0147777386611,54.4860696078965,1,1,0,1,9.92884802818298,9.99244904518127,1
454,"xgboost",53.0268224792481,3.02682247924805,6.09044420220739,-1.78083697055913,54.8076594498072,41.0897711930708,64.9638737654253,42.8706081636299,66.7447107359844,1,1,0,1,9.92800688743591,9.96701002120972,1
455,"xgboost",44.1487517051697,-5.85124829483033,6.67590399494723,-4.90808745246458,49.0568391576343,31.064220310826,57.2332830995133,35.9723077632906,62.1413705519779,1,1,0,1,9.86477303504944,9.89708781242371,1
456,"xgboost",36.9759855422974,-13.0240144577026,5.7734881872963,-0.974262353769298,37.9502478960667,25.6601566300292,48.2918144545655,26.6344189837985,49.2660768083348,0,0,1,1,9.87972497940063,9.94155812263489,1
457,"xgboost",50.2218851776123,0.221885177612293,7.15175313726248,3.23294543668569,46.9889397409266,36.2047066022565,64.2390637529681,32.9717611655708,61.0061183162824,1,1,0,1,10.0116429328918,10.0565659999847,1
458,"xgboost",45.1587809767723,-4.84121902322768,7.00537786212508,-2.75181970476211,47.9106006815344,31.428492668913,58.8890692846317,34.1803123736751,61.6408889893938,1,1,0,1,9.79119086265564,9.82920408248901,1
459,"xgboost",34.1592531585693,-15.8407468414307,5.23899513738003,0.305890410976886,33.8533627475924,23.891011374124,44.4274949430147,23.5851209631471,44.1216045320378,0,0,1,1,9.90930914878845,9.95720791816711,1
460,"xgboost",55.1031954078674,5.10319540786743,6.03304600059125,-3.38108605649161,58.484281464359,43.2786425296352,66.9277482860997,46.6597285861268,70.3088343425913,1,1,0,1,9.96969103813171,10.0105500221252,0
461,"xgboost",38.1768527069092,-11.8231472930908,5.06249842138726,-2.72367140328885,40.900524110198,28.2545381291993,48.0991672846191,30.9782095324881,50.8228386879079,0,1,1,1,9.82615399360657,9.86885213851929,1
462,"xgboost",44.1290319981575,-5.87096800184251,6.81598196971118,-1.26638400854193,45.3954160066994,30.7699528182492,57.4881111780658,32.0363368267911,58.7544951866077,1,1,0,1,9.87250590324402,9.91960096359253,1
463,"xgboost",58.5698863430023,8.56988634300232,7.26127948821499,-2.0474693242187,60.617355667221,44.3380400644215,72.8017326215831,46.3855093886402,74.8492019458018,1,1,0,1,10.1726469993591,10.2066810131073,0
464,"xgboost",43.01052734375,-6.98947265625001,5.90957498416399,-0.956255968825509,43.9667833125755,31.4279732108497,54.5930814766503,32.3842291796752,55.5493374454758,1,1,0,1,9.93084979057312,9.97940182685852,1
465,"xgboost",41.64251658988,-8.35748341012,7.1885566241917,-1.45012406535242,43.0926406552324,27.5532045056374,55.7318286741226,29.0033285709899,57.181952739475,1,1,0,1,10.1139390468597,10.1535749435425,1
466,"xgboost",48.2839824523926,-1.71601754760743,6.31372235568018,-1.5872398004198,49.8712222528124,35.909314026874,60.6586508779111,37.4965538272938,62.2458906783309,1,1,0,1,10.0871169567108,10.1285498142242,1
467,"xgboost",48.182980102539,-1.81701989746095,6.5368243957328,5.50437350335909,42.67860659918,35.37103971364,60.9949204914381,29.8666662102809,55.490546988079,1,1,0,1,10.1162860393524,10.1620190143585,1
468,"xgboost",44.9421967096329,-5.05780329036713,6.77573993290587,-1.46267283048832,46.4048695401212,31.6619904725275,58.2224029467382,33.1246633030159,59.6850757772265,1,1,0,1,9.93849182128906,9.98066997528076,1
469,"xgboost",32.7421629943848,-17.2578370056152,5.49340267877274,2.89465365496827,29.8475093394165,21.9752915914143,43.5090343973552,19.0806379364461,40.6143807423869,0,0,1,1,9.93324708938599,9.9730749130249,1
470,"xgboost",44.0897486495972,-5.91025135040282,7.19574251529421,-1.415634012823,45.5053826624202,29.9863524775969,58.1931448215975,31.4019864904199,59.6087788344205,1,1,0,1,9.8925359249115,9.93455386161804,1
471,"xgboost",46.4681725997925,-3.53182740020752,6.89940699540399,-7.37793095932639,53.8461035591189,32.945583374117,59.990761825468,40.3235143334433,67.3686927847944,1,1,0,1,10.0200800895691,10.0602819919586,1
472,"xgboost",37.4132883911133,-12.5867116088867,7.0104946213715,0.281762447293097,37.1315259438202,23.6729714194134,51.1536053628132,23.3912089721203,50.8718429155201,1,1,0,1,9.95963001251221,9.99351096153259,1
473,"xgboost",37.0258622741699,-12.9741377258301,6.37075064179705,2.5406569123951,34.4852053617748,24.5394204617623,49.5123040865776,21.9987635493672,46.9716471741825,0,0,1,1,10.1668047904968,10.2148571014404,1
474,"xgboost",32.7431739425659,-17.2568260574341,5.63634088185999,-0.927526205730551,33.6707001482965,21.6961488095296,43.7901990756022,22.6236750152602,44.7177252813328,0,0,1,1,10.2099630832672,10.2579221725464,1
475,"xgboost",42.0458561668396,-7.9541438331604,5.3171078505935,-0.750868984370349,42.79672515121,31.6245162777612,52.467196055918,32.3753852621315,53.2180650402884,1,1,0,1,10.3219149112701,10.373664855957,1
476,"xgboost",41.8342306118012,-8.16576938819884,7.22934070124049,1.51401537683414,40.320215234967,27.6649832054003,56.003478018202,26.1509678285661,54.4894626413679,1,1,0,1,10.2327129840851,10.2822909355164,1
477,"xgboost",31.204348493576,-18.795651506424,6.28518641709109,0.256063549273133,30.9482849443029,18.8856094799572,43.5230875071949,18.629545930684,43.2670239579218,0,0,1,1,10.1286008358002,10.1638090610504,1
478,"xgboost",39.7281163711548,-10.2718836288452,6.00703196712874,-1.65632206519675,41.3844384363515,27.9545500616017,51.5016826807079,29.6108721267984,53.1580047459047,1,1,0,1,10.375109910965,10.4230301380157,1
479,"xgboost",44.0773193054199,-5.92268069458007,6.1794125614258,-3.26641763231523,47.3437369377352,31.965893239411,56.1887453714289,35.2323108717262,59.4551630037441,1,1,0,1,10.1616759300232,10.1998779773712,1
480,"xgboost",36.7467894897461,-13.2532105102539,6.21685919550196,-0.358357287724417,37.1051467774705,24.5619693696056,48.9316096098866,24.92032665733,49.289966897611,0,0,1,1,10.1633791923523,10.2071228027344,1
481,"xgboost",43.1095484848023,-6.89045151519772,5.67717759217023,-4.2637297663689,47.3732782511712,31.9824848703108,54.2366120992938,36.2462146366797,58.5003418656627,1,1,0,1,10.1389410495758,10.1806590557098,1
482,"xgboost",52.8108117694855,2.81081176948548,6.88373190864233,-2.45743096499002,55.2682427344755,39.3189451493173,66.3026783896536,41.7763761143074,68.7601093546436,1,1,0,1,10.1534531116486,10.203155040741,1
483,"xgboost",33.2769413719177,-16.7230586280823,6.0587860929302,-0.281015790342821,33.5579571622606,21.4019388397424,45.1519439040931,21.6829546300852,45.4329596944359,0,0,1,1,10.3801081180573,10.4228308200836,1
484,"xgboost",43.0330725708008,-6.9669274291992,6.42054982959899,-2.7035957125207,45.7366682833215,30.449026143842,55.6171189977596,33.1526218563627,58.3207147102803,1,1,0,1,10.26349401474,10.3022749423981,1
485,"xgboost",54.8466097941399,4.84660979413986,6.04682644281512,-6.62248030819663,61.4690901023365,42.9950477454578,66.6981718428219,49.6175280536544,73.3206521510186,1,1,0,1,7.45625805854797,7.48883891105652,1
486,"xgboost",37.5075182952881,-12.4924817047119,6.10181520304709,4.08941846163624,33.4180998336519,25.5481802569968,49.4668563335793,21.4587617953606,45.3774378719431,0,0,1,1,10.1566967964172,10.1964600086212,1
487,"xgboost",42.8620904312134,-7.1379095687866,5.73432917819876,-2.05211968649031,44.9142101177037,31.6230117664467,54.1011690959801,33.675131452937,56.1532887824704,1,1,0,1,10.1260049343109,10.1621398925781,1
488,"xgboost",38.0193706626892,-11.9806293373108,6.15824168769161,0.664313847050657,37.3550568156386,25.9494387467205,50.0893025786579,25.2851248996699,49.4249887316073,1,0,0,1,10.3800749778748,10.4206058979034,1
489,"xgboost",37.5081681060791,-12.4918318939209,6.2229985226131,1.83065120893863,35.6775168971404,25.3113151259114,49.7050210862467,23.4806639169728,47.8743698773081,0,0,1,1,7.438560962677,7.47090005874634,1
490,"xgboost",41.8087866725921,-8.19121332740786,6.52118240387003,-1.06029417878161,42.8690808513738,29.0275040243905,54.5900693207937,30.0877982031722,55.6503634995753,1,1,0,1,10.2132771015167,10.2646691799164,1
491,"xgboost",40.5806650428772,-9.41933495712279,5.71525542065445,-2.52812664914239,43.1087916920196,29.3789702559472,51.7823598298072,31.9070969050896,54.3104864789496,1,1,0,1,10.2265560626984,10.2705309391022,1
492,"xgboost",42.6061145629883,-7.39388543701173,6.69425923683689,-2.5096029043356,45.1157174673239,29.4856075556134,55.7266215703632,31.995210459949,58.2362244746988,1,1,0,1,10.2303638458252,10.2731511592865,1
493,"xgboost",38.5861866111755,-11.4138133888245,6.61430026058401,5.53188177779723,33.0543048333783,25.622396317497,51.5499769048541,20.0905145396997,46.0180951270568,1,0,0,1,10.1593778133392,10.2134509086609,1
494,"xgboost",44.258351650238,-5.74164834976197,6.65431376448054,0.0183579401749512,44.2399937100631,31.216136330027,57.300566970449,31.1977783898521,57.2822090302741,1,1,0,1,7.69078278541565,7.73084998130798,1
495,"xgboost",48.7289905014038,-1.2710094985962,5.99714700599273,-7.91185680831265,56.6408473097164,36.9747983596658,60.4831826431418,44.8866551679785,68.3950394514544,1,1,0,1,10.2565841674805,10.2917630672455,1
496,"xgboost",42.8464510917664,-7.15354890823365,6.64872751894055,1.59208295667696,41.2543681350894,29.8151846116225,55.8777175719102,28.2231016549456,54.2856346152332,1,1,0,1,6.64748811721802,6.6750819683075,1
497,"xgboost",52.3893776321411,2.38937763214111,7.06591141236671,-6.79788235295129,59.1872599850924,38.5404457459518,66.2383095183304,45.3383280989031,73.0361918712817,1,1,0,1,7.67856788635254,7.71741199493408,1
498,"xgboost",41.5307964096069,-8.46920359039306,6.63198228551855,-0.865871928495892,42.3966683381028,28.532349983883,54.5292428353309,29.3982219123788,55.3951147638268,1,1,0,1,7.54255700111389,7.58350896835327,1
499,"xgboost",31.0000565032959,-18.9999434967041,6.00204934879058,1.50090385478032,29.4991526485156,19.2362559462343,42.7638570603575,17.7353520914539,41.2629532055772,0,0,1,1,7.3208110332489,7.35606408119202,0
500,"xgboost",33.5272029418945,-16.4727970581055,5.85081642060015,1.0249774833479,32.5022254585466,22.0598134773627,44.9945924064264,21.0348359940148,43.9696149230785,0,0,1,1,6.55956983566284,6.58784818649292,1
