"Estimator","mean_estimate","mean_bias","sd_estimate","var_estimate","n","target_r2","achieved_r2_raw","ss","relative_efficiency"
"unadj",50.2331200322821,0.233120032282132,6.56192646731485,43.0588789624472,200,0.6,0.599999999999999,30.008771668175,0.547332372171873
"lm",50.2164352206362,0.216435220636224,4.85463885016978,23.5675183655778,200,0.6,0.599999999999999,30.008771668175,1
"lm_interact",50.2227372793384,0.222737279338408,4.8790545262989,23.8051730705978,200,0.6,0.599999999999999,30.008771668175,0.990016678126422
"rf",42.2052636674719,-7.79473633252807,5.32794389583648,28.3869861571812,200,0.6,0.599999999999999,30.008771668175,0.830222632127355
"bart",49.5888112512995,-0.411188748700511,4.69378273124843,22.031596328166,200,0.6,0.599999999999999,30.008771668175,1.06971451430636
"super",48.6231948675731,-1.37680513242693,4.87405983213467,23.7564592472287,200,0.6,0.599999999999999,30.008771668175,0.992046757486684
"xgboost",47.4560544514751,-2.54394554852486,5.27814066702778,27.8587689009325,200,0.6,0.599999999999999,30.008771668175,0.845964100186385
"correct_model",50.1029578151212,0.102957815121215,4.25957960010472,18.1440183696283,200,0.6,0.599999999999999,30.008771668175,1.29891393876827
