"Estimator","mean_estimate","mean_bias","sd_estimate","var_estimate","n","target_r2","achieved_r2_raw","ss","relative_efficiency"
"unadj",49.9929391998288,-0.00706080017118904,2.40332058242022,5.77594982188467,1000,0.8,0.800000000000001,11.8770717188204,0.284866573494266
"lm",50.0543884935806,0.0543884935805725,1.2827217291506,1.6453750344351,1000,0.8,0.800000000000001,11.8770717188204,1
"lm_interact",50.0552395486795,0.0552395486795343,1.28633263896034,1.65465165805468,1000,0.8,0.800000000000001,11.8770717188204,0.994393609328938
"rf",48.3518908427295,-1.64810915727048,1.00603000259803,1.0120963661274,1000,0.8,0.800000000000001,11.8770717188204,1.62570985283825
"bart",50.0135780166784,0.013578016678436,0.874695013363493,0.765091366402961,1000,0.8,0.800000000000001,11.8770717188204,2.150560190178
"super",49.8804006398899,-0.119599360110074,0.875953467767087,0.767294477693185,1000,0.8,0.800000000000001,11.8770717188204,2.14438534652537
"xgboost",49.742436692543,-0.25756330745697,0.916331652781075,0.839663697888497,1000,0.8,0.800000000000001,11.8770717188204,1.95956433340244
"correct_model",50.0259164242516,0.0259164242516386,0.760163985368789,0.57784928465176,1000,0.8,0.800000000000001,11.8770717188204,2.84741208155459
