"Estimator","mean_estimate","mean_bias","sd_estimate","var_estimate","n","target_r2","achieved_r2_raw","ss","relative_efficiency"
"unadj",51.2126678848738,1.21266788487383,13.953196939648,194.691704836603,200,0.2,0.2,87.265358238047,0.890419233650007
"lm",51.4033250140171,1.40332501401706,13.1665196091686,173.357238618621,200,0.2,0.2,87.265358238047,1
"lm_interact",51.3800158994878,1.38001589948777,13.1776083817007,173.649362661468,200,0.2,0.2,87.265358238047,0.998317736164596
"rf",36.023904040289,-13.976095959711,13.2296862448177,175.024598136319,200,0.2,0.2,87.265358238047,0.990473570369811
"bart",50.2041108336754,0.204110833675371,13.0689352938098,170.797069713788,200,0.2,0.2,87.265358238047,1.01498953646642
"super",49.2610927618243,-0.738907238175742,13.4984062354398,182.206970896959,200,0.2,0.2,87.265358238047,0.951430330932057
"xgboost",45.0539721820441,-4.94602781795591,14.4020383843977,207.418709625664,200,0.2,0.2,87.265358238047,0.835783999097697
"correct_model",51.4411430712041,1.44114307120414,13.036375928492,169.947097348965,200,0.2,0.2,87.265358238047,1.0200658988759
