"Estimator","mean_estimate","mean_bias","sd_estimate","var_estimate","n","target_r2","achieved_r2_raw","ss","relative_efficiency"
"unadj",50.0855389014985,0.0855389014984592,3.02525217701596,9.15215073453978,1000,0.6,0.600000000000008,29.0587736588985,0.510139297501663
"lm",50.0813843568128,0.0813843568128151,2.16075721596561,4.66887174634746,1000,0.6,0.600000000000008,29.0587736588985,1
"lm_interact",50.0815168378511,0.0815168378511197,2.16319667470134,4.67941985343893,1000,0.6,0.600000000000008,29.0587736588985,0.997745851532488
"rf",48.0457361689698,-1.95426383103023,2.0615851672347,4.25013340176213,1000,0.6,0.600000000000008,29.0587736588985,1.09852357679213
"bart",49.9598786550256,-0.0401213449744281,1.98585167161137,3.94360686164165,1000,0.6,0.600000000000008,29.0587736588985,1.18390902292017
"super",49.7492844297796,-0.2507155702204,2.01051018209194,4.04215119229535,1000,0.6,0.600000000000008,29.0587736588985,1.15504629199588
"xgboost",49.5080809407444,-0.4919190592556,2.1124525829471,4.46245591519989,1000,0.6,0.600000000000008,29.0587736588985,1.04625610539803
"correct_model",50.0353271784582,0.0353271784582268,1.8603962304915,3.46107413442699,1000,0.6,0.600000000000008,29.0587736588985,1.34896612005695
