"Estimator","mean_estimate","mean_bias","sd_estimate","var_estimate","n","target_r2","achieved_r2_raw","ss","relative_efficiency"
"unadj",50.058919916567,0.0589199165670032,2.02671871773391,4.107588760813,2000,0.6,0.600000000000008,28.9729226647621,0.536463267223364
"lm",50.0067000220074,0.00670002200738149,1.48444282039953,2.20357048703571,2000,0.6,0.600000000000008,28.9729226647621,1
"lm_interact",50.0065725890504,0.0065725890504051,1.48528710062264,2.20607777127601,2000,0.6,0.600000000000008,28.9729226647621,0.998863465162948
"rf",48.9110860597765,-1.08891394022348,1.37829490929004,1.89969685697483,2000,0.6,0.600000000000008,28.9729226647621,1.15995901079964
"bart",50.0286254600894,0.0286254600893932,1.36457201579978,1.86205678630388,2000,0.6,0.600000000000008,28.9729226647621,1.18340670555473
"super",49.8621994984403,-0.137800501559718,1.37327574028859,1.88588625886516,2000,0.6,0.600000000000008,28.9729226647621,1.16845354627151
"xgboost",49.7065530105782,-0.293446989421844,1.41434683973193,2.0003769830597,2000,0.6,0.600000000000008,28.9729226647621,1.10157760546975
"correct_model",50.0558045376193,0.0558045376192588,1.29058608092544,1.66561243227847,2000,0.6,0.600000000000008,28.9729226647621,1.32297913027783
