"Estimator","mean_estimate","mean_bias","sd_estimate","var_estimate","n","target_r2","achieved_r2_raw","ss","relative_efficiency"
"unadj",50.0530852991722,0.0530852991721691,3.98847876817745,15.9079628842023,2000,0.2,0.2,80.3346816814468,0.872649015203418
"lm",50.0885360415057,0.0885360415057479,3.72586475127475,13.8820681447916,2000,0.2,0.2,80.3346816814468,1
"lm_interact",50.0895499375097,0.0895499375097014,3.72658360840434,13.8874253904279,2000,0.2,0.2,80.3346816814468,0.999614237665684
"rf",47.8747111730484,-2.12528882695157,3.87031151017333,14.9793111857801,2000,0.2,0.2,80.3346816814468,0.926749432775646
"bart",49.9834937849863,-0.0165062150137036,3.70317637172026,13.7135152400672,2000,0.2,0.2,80.3346816814468,1.01229100648329
"super",49.8341686114691,-0.165831388530883,3.71379485345569,13.7922722135539,2000,0.2,0.2,80.3346816814468,1.00651059737274
"xgboost",49.0827354552253,-0.917264544774694,3.96462286605771,15.7182344700676,2000,0.2,0.2,80.3346816814468,0.883182406473664
"correct_model",50.072733132538,0.0727331325379775,3.66873467694743,13.4596141298366,2000,0.2,0.2,80.3346816814468,1.03138678500586
