"Estimator","mean_estimate","mean_bias","sd_estimate","var_estimate","n","target_r2","achieved_r2_raw","ss","relative_efficiency"
"unadj",49.9920449160003,-0.00795508399972997,1.75895626112965,3.09392712856721,10000,0.2,0.199999999999997,79.9620246715776,0.842058001926815
"lm",49.999420508907,-0.000579491092972537,1.61408367069011,2.60526609598847,10000,0.2,0.199999999999997,79.9620246715776,1
"lm_interact",49.9994074473847,-0.000592552615252694,1.61410518815599,2.60533555843209,10000,0.2,0.199999999999997,79.9620246715776,0.999973338388833
"rf",49.4632821354447,-0.536717864555267,1.62147131676304,2.62916923108526,10000,0.2,0.199999999999997,79.9620246715776,0.99090848363271
"bart",49.9924416516634,-0.00755834833663873,1.5977797337785,2.55290007767331,10000,0.2,0.199999999999997,79.9620246715776,1.02051236504442
"super",49.9488400666192,-0.0511599333808292,1.60106987331387,2.56342473923329,10000,0.2,0.199999999999997,79.9620246715776,1.01632244400032
"xgboost",49.6145169540813,-0.385483045918736,1.65724283002007,2.74645379765294,10000,0.2,0.199999999999997,79.9620246715776,0.948592726451425
"correct_model",49.9969781772105,-0.00302182278950347,1.5822018959006,2.50336283939144,10000,0.2,0.199999999999997,79.9620246715776,1.04070654680718
