"Estimator","mean_estimate","mean_bias","sd_estimate","var_estimate","n","target_r2","achieved_r2_raw","ss","relative_efficiency"
"unadj",50.1313834180909,0.131383418090877,5.45048117879193,29.7077450803651,500,0.4,0.400000000000003,47.8578236664634,0.696671459209022
"lm",50.1081759510286,0.108175951028576,4.54934480062213,20.6965381149476,500,0.4,0.400000000000003,47.8578236664634,1
"lm_interact",50.1043105731954,0.104310573195416,4.54875947606862,20.691212771124,500,0.4,0.400000000000003,47.8578236664634,1.00025737224214
"rf",45.3121858676897,-4.68781413231027,4.83354970776192,23.3632027774053,500,0.4,0.400000000000003,47.8578236664634,0.885860483775936
"bart",49.8101180156144,-0.189881984385605,4.51343706537856,20.371114143133,500,0.4,0.400000000000003,47.8578236664634,1.01597477533767
"super",49.1157126222078,-0.884287377792176,4.60654482427158,21.2202552180233,500,0.4,0.400000000000003,47.8578236664634,0.97531994324786
"xgboost",48.4431412732749,-1.5568587267251,4.86432925234023,23.6616990751728,500,0.4,0.400000000000003,47.8578236664634,0.874685205369024
"correct_model",50.1326785842966,0.132678584296566,4.28839343114219,18.3903182202635,500,0.4,0.400000000000003,47.8578236664634,1.12540402330521
