"Estimator","mean_estimate","mean_bias","sd_estimate","var_estimate","n","target_r2","achieved_r2_raw","ss","relative_efficiency"
"unadj",50.0319757443751,0.0319757443751397,4.26487739872598,18.1891792261637,500,0.6,0.600000000000007,29.1674322845581,0.534895799896559
"lm",50.0841762810353,0.0841762810353214,3.11918508133786,9.72931557164067,500,0.6,0.600000000000007,29.1674322845581,1
"lm_interact",50.0815862079361,0.0815862079361264,3.12586004942132,9.77100104856825,500,0.6,0.600000000000007,29.1674322845581,0.995733755761526
"rf",46.4707398208839,-3.52926017911614,3.05533510297051,9.33507259144383,500,0.6,0.600000000000007,29.1674322845581,1.04223244932859
"bart",49.8987099452466,-0.101290054753445,2.86425761090639,8.2039716616352,500,0.6,0.600000000000007,29.1674322845581,1.18592749620754
"super",49.5586349969606,-0.44136500303943,2.90307985487182,8.42787264376257,500,0.6,0.600000000000007,29.1674322845581,1.15442128552349
"xgboost",49.0092947886181,-0.990705211381912,3.06368577316461,9.38617051669121,500,0.6,0.600000000000007,29.1674322845581,1.03655857885165
"correct_model",50.076202548564,0.0762025485640508,2.69864621851108,7.28269141268415,500,0.6,0.600000000000007,29.1674322845581,1.33595054634545
