"Estimator","mean_estimate","mean_bias","sd_estimate","var_estimate","n","target_r2","achieved_r2_raw","ss","relative_efficiency"
"unadj",50.0313599243947,0.0313599243947217,0.75801017517245,0.574579425664968,10000,0.8,0.8,11.7369867540522,0.282623351678208
"lm",50.0130928777335,0.01309287773346,0.402975884001479,0.162389563086773,10000,0.8,0.8,11.7369867540522,1
"lm_interact",50.013083186636,0.0130831866359694,0.403122549820475,0.162507790173761,10000,0.8,0.8,11.7369867540522,0.999272483572253
"rf",49.7343151562615,-0.265684843738498,0.261244419382469,0.0682486466584833,10000,0.8,0.8,11.7369867540522,2.37938143886386
"bart",50.0059234340954,0.00592343409542933,0.252011603215582,0.0635098481552879,10000,0.8,0.8,11.7369867540522,2.55691940389645
"super",49.9550734425127,-0.0449265574873331,0.24651410013034,0.0607692015630713,10000,0.8,0.8,11.7369867540522,2.67223460091427
"xgboost",49.9431709078465,-0.0568290921535497,0.250444194260351,0.0627222944387165,10000,0.8,0.8,11.7369867540522,2.58902459707429
"correct_model",50.0034310874868,0.00343108748684764,0.236269282428879,0.0558231738194574,10000,0.8,0.8,11.7369867540522,2.90899911230364
