"Estimator","mean_estimate","mean_bias","sd_estimate","var_estimate","n","target_r2","achieved_r2_raw","ss","relative_efficiency"
"unadj",50.224104807487,0.224104807487031,5.11866752682056,26.2007572501273,200,0.8,0.800000000000007,12.723571281659,0.316754045331258
"lm",50.0746500355502,0.074650035550168,2.88083249247854,8.29919584972011,200,0.8,0.800000000000007,12.723571281659,1
"lm_interact",50.0762985871516,0.0762985871516431,2.91609690288774,8.50362114703147,200,0.8,0.800000000000007,12.723571281659,0.975960206390106
"rf",43.679503576447,-6.320496423553,3.02119218238009,9.12760220287455,200,0.8,0.800000000000007,12.723571281659,0.90924162395097
"bart",49.8250917566907,-0.174908243309314,2.31523702557901,5.36032248461196,200,0.8,0.800000000000007,12.723571281659,1.54826428326744
"super",49.6632307737602,-0.336769226239779,2.33899709998115,5.47090743372025,200,0.8,0.800000000000007,12.723571281659,1.51696879361686
"xgboost",48.2571841835403,-1.74281581645966,2.81400546485497,7.91862675623362,200,0.8,0.800000000000007,12.723571281659,1.04805998630847
"correct_model",50.0209414049524,0.0209414049523722,1.82252196672379,3.32158631919075,200,0.8,0.800000000000007,12.723571281659,2.49856395474981
