"Estimator","mean_estimate","mean_bias","sd_estimate","var_estimate","n","target_r2","achieved_r2_raw","ss","relative_efficiency"
"unadj",50.0282080849132,0.0282080849131909,1.70876013480923,2.91986119831325,2000,0.8,0.8,11.8140479563888,0.282434675477056
"lm",50.0216035859558,0.0216035859557544,0.908113456559063,0.824670049983649,2000,0.8,0.8,11.8140479563888,1
"lm_interact",50.0215582532727,0.0215582532727054,0.909501099655576,0.827192250274702,2000,0.8,0.8,11.8140479563888,0.99695088984427
"rf",49.0684676157109,-0.93153238428914,0.642172424144576,0.412385422331721,2000,0.8,0.8,11.8140479563888,1.9997555813704
"bart",50.010288337472,0.0102883374720479,0.592796645353821,0.351407862742744,2000,0.8,0.8,11.8140479563888,2.34676038136166
"super",49.9130444857969,-0.08695551420315,0.574272781129744,0.329789227146491,2000,0.8,0.8,11.8140479563888,2.50059729700429
"xgboost",49.8633124975834,-0.13668750241661,0.595161184628896,0.354216835688871,2000,0.8,0.8,11.8140479563888,2.32815034999636
"correct_model",50.0139096194785,0.0139096194784937,0.512014862818734,0.262159219747287,2000,0.8,0.8,11.8140479563888,3.14568395030548
