"Estimator","mean_estimate","mean_bias","sd_estimate","var_estimate","n","target_r2","achieved_r2_raw","ss","relative_efficiency"
"unadj",49.9830611962812,-0.0169388037188173,3.30457671897106,10.9202272915656,500,0.8,0.800000000000003,11.995593976497,0.305047369530861
"lm",49.9487319273409,-0.0512680726591341,1.82515385925987,3.33118660997119,500,0.8,0.800000000000003,11.995593976497,1
"lm_interact",49.9469191049565,-0.0530808950435401,1.8366669380775,3.37334544142697,500,0.8,0.800000000000003,11.995593976497,0.987502367549425
"rf",47.042440217289,-2.95755978271099,1.54519407628183,2.38762473337645,500,0.8,0.800000000000003,11.995593976497,1.39518851660596
"bart",49.9514863960726,-0.0485136039273884,1.26949059554033,1.61160637216534,500,0.8,0.800000000000003,11.995593976497,2.06699766612081
"super",49.8127067000199,-0.187293299980121,1.27167161636332,1.61714869986409,500,0.8,0.800000000000003,11.995593976497,2.05991360612116
"xgboost",49.4331859809113,-0.566814019088745,1.41509964999215,2.00250701940792,500,0.8,0.800000000000003,11.995593976497,1.66350808146287
"correct_model",50.0282532546294,0.0282532546294109,1.04116350022534,1.08402143420148,500,0.8,0.800000000000003,11.995593976497,3.07298961521462
