"Estimator","mean_estimate","mean_bias","sd_estimate","var_estimate","n","target_r2","achieved_r2_raw","ss","relative_efficiency"
"unadj",50.0455473776539,0.0455473776538858,2.57425669348671,6.62679752396115,2000,0.4,0.399999999999999,47.2971889375013,0.726634352968004
"lm",50.1155801256881,0.115580125688069,2.19436977993078,4.81525873107348,2000,0.4,0.399999999999999,47.2971889375013,1
"lm_interact",50.1155285473008,0.115528547300836,2.19448231215381,4.81575261835594,2000,0.4,0.399999999999999,47.2971889375013,0.999897443385988
"rf",48.6599595083264,-1.34004049167364,2.21868425240126,4.92255981185333,2000,0.4,0.399999999999999,47.2971889375013,0.978202178362267
"bart",50.0682580423736,0.0682580423735818,2.15836584899553,4.6585431381102,2000,0.4,0.399999999999999,47.2971889375013,1.03364047263644
"super",49.9005804285162,-0.0994195714838133,2.14768663492791,4.61255788184798,2000,0.4,0.399999999999999,47.2971889375013,1.04394543210465
"xgboost",49.5675758962538,-0.432424103746246,2.28647453974218,5.22796582088922,2000,0.4,0.399999999999999,47.2971889375013,0.921057806428899
"correct_model",50.0962237025318,0.0962237025317686,2.10325246417052,4.42367092803938,2000,0.4,0.399999999999999,47.2971889375013,1.0885210065134
