"Estimator","mean_estimate","mean_bias","sd_estimate","var_estimate","n","target_r2","achieved_r2_raw","ss","relative_efficiency"
"unadj",50.4558995540968,0.455899554096838,3.95781262673051,15.6642807883075,1000,0.4,0.400000000000003,47.6772522158372,0.7160715133448
"lm",50.4198469716462,0.419846971646196,3.34914097188237,11.2167452495412,1000,0.4,0.400000000000003,47.6772522158372,1
"lm_interact",50.419385169909,0.41938516990898,3.35025113077138,11.2241826392349,1000,0.4,0.400000000000003,47.6772522158372,0.999337378058362
"rf",47.8084455403854,-2.19155445961458,3.38958196518991,11.4892658987407,1000,0.4,0.400000000000003,47.6772522158372,0.976280412377839
"bart",50.323417594361,0.323417594360972,3.24094963386597,10.5037545292559,1000,0.4,0.400000000000003,47.6772522158372,1.06787960612554
"super",50.0402134597922,0.0402134597922062,3.2649905925072,10.6601635691605,1000,0.4,0.400000000000003,47.6772522158372,1.05221136399735
"xgboost",49.5727851701395,-0.427214829860508,3.4572706819856,11.9527205685172,1000,0.4,0.400000000000003,47.6772522158372,0.938426125269381
"correct_model",50.3968198571916,0.396819857191609,3.13902008919269,9.85344712035526,1000,0.4,0.400000000000003,47.6772522158372,1.13835748165428
