"Estimator","mean_estimate","mean_bias","sd_estimate","var_estimate","n","target_r2","achieved_r2_raw","ss","relative_efficiency"
"unadj",50.0114178162936,0.0114178162936155,8.05918825048899,64.9505152568199,500,0.2,0.200000000000001,82.2909199108999,0.849151391538522
"lm",50.1320174549994,0.132017454999443,7.42649449009912,55.1528204114726,500,0.2,0.200000000000001,82.2909199108999,1
"lm_interact",50.1324303152799,0.13243031527986,7.43115566828463,55.2220745662788,500,0.2,0.200000000000001,82.2909199108999,0.998745897263908
"rf",42.5566771660298,-7.44332283397018,8.09983214258354,65.6072807380294,500,0.2,0.200000000000001,82.2909199108999,0.840650912384228
"bart",49.7339726892719,-0.266027310728066,7.37589528683203,54.4038312823109,500,0.2,0.200000000000001,82.2909199108999,1.01376721292431
"super",49.0900566512773,-0.909943348722744,7.57947336164606,57.4484164399022,500,0.2,0.200000000000001,82.2909199108999,0.960040743145094
"xgboost",47.0401901093172,-2.95980989068277,8.07059089873557,65.1344374547534,500,0.2,0.200000000000001,82.2909199108999,0.846753615547617
"correct_model",50.1328432777706,0.132843277770648,7.31082776385082,53.448202592692,500,0.2,0.200000000000001,82.2909199108999,1.03189289323293
