"Estimator","mean_estimate","mean_bias","sd_estimate","var_estimate","n","target_r2","achieved_r2_raw","ss","relative_efficiency"
"unadj",50.0080288209883,0.00802882098829633,0.895827607610712,0.802507102557532,10000,0.6,0.599999999999996,28.8267951585152,0.536213683752935
"lm",50.016118304417,0.0161183044170336,0.655984214520646,0.430315289700269,10000,0.6,0.599999999999996,28.8267951585152,1
"lm_interact",50.016128520892,0.0161285208920186,0.656074363961602,0.43043357104762,10000,0.6,0.599999999999996,28.8267951585152,0.999725204177119
"rf",49.6797550447935,-0.32024495520646,0.571163937152388,0.326228243103417,10000,0.6,0.599999999999996,28.8267951585152,1.31906203339928
"bart",50.0019886520768,0.00198865207677769,0.569496372007884,0.324326117730142,10000,0.6,0.599999999999996,28.8267951585152,1.32679813982269
"super",49.9491469547995,-0.0508530452005023,0.56862638488766,0.323335965590409,10000,0.6,0.599999999999996,28.8267951585152,1.33086119545816
"xgboost",49.8564270076051,-0.143572992394924,0.581749357901279,0.33843231541855,10000,0.6,0.599999999999996,28.8267951585152,1.27149586518676
"correct_model",50.0025843906893,0.00258439068929923,0.559781187448051,0.31335497782075,10000,0.6,0.599999999999996,28.8267951585152,1.37325180756
