"replicate","Estimator","Procedure","ModelSpec","n_obs","estimate","bias","eif_var","eif_se","bootstrap_se","bootstrap_bias","bc_estimate","ci_lower","ci_upper","bc_ci_lower","bc_ci_upper","covered_true_95","covered_true_95_bc","reject_h0_effect","reject_h0_null","bootstrap_time_sec","replicate_time_sec","covered_mc_mean_95"
1,"bart","single_stage","m1",619,50.5608985397663,0.560898539766278,NA,NA,6.5224589955704,-0.115312506500999,50.6762110462673,37.777113817809,63.3446832617235,37.89242632431,63.4599957682245,1,1,0,1,2842.62650966644,2854.17493343353,NA
2,"bart","single_stage","m1",612,49.7265304532539,-0.273469546746114,NA,NA,7.22653473903534,-0.125527908779247,49.8520583620331,35.5627826317171,63.8902782747907,35.6883105404963,64.01580618357,1,1,0,1,5303.16829061508,5319.27329277992,NA
3,"bart","single_stage","m1",603,47.7039036703976,-2.29609632960237,NA,NA,6.53377789806297,1.72543517063697,45.9784684997607,34.8979343072104,60.5098730335849,33.1724991365734,58.7844378629479,1,1,0,1,4087.41988396645,4101.19841551781,NA
4,"bart","single_stage","m1",617,47.2135422382958,-2.78645776170421,NA,NA,6.43776893556027,-0.231393173512302,47.4449354118081,34.5957469838069,59.8313374927847,34.8271401573192,60.062730666297,1,1,0,1,5318.81999492645,5328.45865225792,NA
5,"bart","single_stage","m1",611,43.5245835224062,-6.47541647759377,NA,NA,6.06215023212094,-0.220393197608288,43.7449767200145,31.6429873985781,55.4061796462344,31.8633805961864,55.6265728438427,1,1,0,1,5728.69207549095,5744.87974572182,NA
6,"bart","single_stage","m1",611,45.7579063938533,-4.24209360614672,NA,NA,7.1256593675172,-1.48332549900552,47.2412318928588,31.7918706674191,59.7239421202874,33.2751961664246,61.207267619293,1,1,0,1,4876.99879574776,4886.10993003845,NA
7,"bart","single_stage","m1",611,47.1795046475108,-2.82049535248922,NA,NA,7.00153273606627,-1.82556019584282,49.0050648433536,33.4567526482427,60.9022566467788,35.2823128440855,62.7278168426217,1,1,0,1,5459.05349063873,5469.89640188217,NA
8,"bart","single_stage","m1",613,66.9344855368422,16.9344855368422,NA,NA,7.54515657243368,-3.6945164329224,70.6290019697646,52.1462503971565,81.7227206765279,55.8407668300789,85.4172371094503,0,0,1,1,5137.71957063675,5152.5823237896,NA
9,"bart","single_stage","m1",603,59.2151041968713,9.2151041968713,NA,NA,7.12492434215663,-0.682204213686006,59.8973084105573,45.2505090936716,73.179699300071,45.9327133073576,73.861903513757,1,1,0,1,5387.33872365952,5401.8077878952,NA
10,"bart","single_stage","m1",621,53.0582187319816,3.0582187319816,NA,NA,5.93001159469715,-0.043472200632074,53.1016909326137,41.4356095784703,64.6808278854929,41.4790817791023,64.724300086125,1,1,0,1,5454.21167516708,5461.79639840126,NA
11,"bart","single_stage","m1",610,45.5630186639263,-4.43698133607371,NA,NA,6.42496320308362,2.06789086162173,43.4951278023046,32.9703221838873,58.1557151439653,30.9024313222656,56.0878242823435,1,1,0,1,4887.59986877441,4902.82486414909,NA
12,"bart","single_stage","m1",603,50.80782307338,0.807823073379971,NA,NA,7.57972699747466,-1.09521731799618,51.9030403913762,35.9518311456837,65.6638150010762,37.0470484636799,66.7590323190724,1,1,0,1,4839.59492325783,4862.99576187134,NA
13,"bart","single_stage","m1",598,57.1130638981733,7.11306389817325,NA,NA,6.7916692460876,0.170287735553877,56.9427761626194,43.8016367809333,70.4244910154133,43.6313490453794,70.2542032798594,1,1,0,1,5535.74963355064,5549.04108381271,NA
14,"bart","single_stage","m1",578,49.8086444553416,-0.191355544658407,NA,NA,7.15000328628032,-0.668687314692626,50.4773317700342,35.7948955248891,63.8223933857941,36.4635828395818,64.4910807004867,1,1,0,1,5153.05634379387,5163.60644626617,NA
15,"bart","single_stage","m1",601,47.7399078173018,-2.26009218269822,NA,NA,6.49817008872485,-0.136216123910017,47.8761239412118,35.0037284779856,60.4760871566179,35.1399446018957,60.6123032805279,1,1,0,1,5485.37858986855,5506.82730555534,NA
16,"bart","single_stage","m1",611,59.0979268437612,9.09792684376117,NA,NA,6.63714126663747,0.333644702432395,58.7642821413288,46.0893690008472,72.1064846866751,45.7557242984148,71.7728399842428,1,1,0,1,1544.77297925949,1552.62452983856,NA
17,"bart","single_stage","m1",618,56.2800721296749,6.28007212967491,NA,NA,6.63876528821741,1.28639991838797,54.9936722112869,43.2683312629541,69.2918129963957,41.9819313445661,68.0054130780077,1,1,0,1,4954.81304693222,4968.91350197792,NA
18,"bart","single_stage","m1",615,61.9937277833494,11.9937277833494,NA,NA,7.17296777937981,1.43817085379647,60.5555569295529,47.9349692734987,76.0524862932,46.4967984197022,74.6143154394036,1,1,0,1,5442.97844362259,5455.51251506805,NA
19,"bart","single_stage","m1",611,45.8519449720106,-4.14805502798942,NA,NA,6.64822629467236,-0.0489362226818884,45.9008811946925,32.8216608733806,58.8822290706406,32.8705970960625,58.9311652933225,1,1,0,1,5834.88904547691,5853.20438814163,NA
20,"bart","single_stage","m1",613,51.1288192116208,1.1288192116208,NA,NA,5.94323694190605,2.11560345487392,49.0132157567469,39.480288853897,62.7773495693446,37.3646853990231,60.6617461144707,1,1,0,1,5131.23104143143,5161.28214812279,NA
21,"bart","single_stage","m1",631,48.9288761129903,-1.07112388700968,NA,NA,6.96665189798083,-0.976321858292771,49.9051979712831,35.2744893001203,62.5832629258604,36.2508111584131,63.5595847841531,1,1,0,1,3220.54748463631,3237.77237439156,NA
22,"bart","single_stage","m1",574,46.1147975724386,-3.88520242756139,NA,NA,6.92884128191147,0.798224136881672,45.3165734355569,32.5345182052978,59.6950769395794,31.7362940684161,58.8968528026978,1,1,0,1,5246.03235435486,5262.91707015038,NA
23,"bart","single_stage","m1",593,50.2268151802688,0.226815180268794,NA,NA,6.91820661975906,2.49384201963307,47.7329731606357,36.6673793679345,63.7862509926031,34.1735373483014,61.2924089729701,1,1,0,1,5284.0888543129,5314.56916260719,NA
24,"bart","single_stage","m1",595,43.4718190553166,-6.52818094468342,NA,NA,6.7104158679821,-2.31368054078652,45.7854995961031,30.3196456327856,56.6239924778476,32.6333261735721,58.9376730186341,1,1,0,1,5221.58140826225,5240.36815094948,NA
25,"bart","single_stage","m1",617,38.3190724850305,-11.6809275149695,NA,NA,6.54804437825025,0.308388169668866,38.0106843153617,25.4851413344901,51.153003635571,25.1767531648212,50.8446154659021,1,1,0,1,2508.62959623337,2532.13270139694,NA
26,"bart","single_stage","m1",616,50.3283170581929,0.328317058192852,NA,NA,7.45437532932214,0.965231345025536,49.3630857131673,35.7180098854775,64.9386242309081,34.752778540452,63.9733928858826,1,1,0,1,1596.36305522919,1620.81707882881,NA
27,"bart","single_stage","m1",613,41.5858464906237,-8.41415350937629,NA,NA,5.77766931744071,1.28123618951669,40.304610301107,30.2618227138578,52.9098702673896,28.9805865243411,51.6286340778729,1,1,0,1,6104.14866709709,6127.41273474693,NA
28,"bart","single_stage","m1",607,55.716009178317,5.71600917831704,NA,NA,6.3575525953865,-1.87309973660315,57.5891089149202,43.2554350615404,68.1765832950937,45.1285347981435,70.0496830316969,1,1,0,1,5393.94271993637,5419.94352507591,NA
29,"bart","single_stage","m1",630,47.7812949468586,-2.21870505314141,NA,NA,6.55574070455695,1.0322916725499,46.7490032743087,34.9322792739437,60.6303106197735,33.8999876013938,59.5980189472236,1,1,0,1,5191.76403546333,5213.31516933441,NA
30,"bart","single_stage","m1",608,53.2817629077415,3.28176290774146,NA,NA,6.59757614255298,0.264241438411794,53.0175214693297,40.3507512830769,66.212774532406,40.0865098446651,65.9485330939942,1,1,0,1,5273.9005215168,5301.83443188667,NA
31,"bart","single_stage","m1",594,42.4044240527766,-7.59557594722344,NA,NA,6.38833573335513,0.377107454798406,42.0273165979781,29.8835160942502,54.9253320113029,29.5064086394518,54.5482245565045,1,1,0,1,5384.64349770546,5400.87466263771,NA
32,"bart","single_stage","m1",623,49.4908363246834,-0.509163675316557,NA,NA,6.39063897164483,0.689238852284426,48.801597472399,36.9654141020615,62.0162585473054,36.2761752497771,61.327019695021,1,1,0,1,1039.46065664291,1054.66731095314,NA
33,"bart","single_stage","m1",609,55.9227276745674,5.92272767456735,NA,NA,6.51348794221228,0.26463609586834,55.658091578699,43.1565258940954,68.6889294550393,42.891889798227,68.424293359171,1,1,0,1,4616.56614756584,4625.91256117821,NA
34,"bart","single_stage","m1",585,43.5322514625877,-6.4677485374123,NA,NA,5.97430376286149,0.165634363289421,43.3666170992983,31.8228312546771,55.2416716704983,31.6571968913876,55.0760373072089,1,1,0,1,5354.32408022881,5372.38880157471,NA
35,"bart","single_stage","m1",628,55.3942649433207,5.39426494332069,NA,NA,7.92777702502378,-0.415763523450828,55.8100284667715,39.85610749681,70.9324223898314,40.2718710202608,71.3481859132822,1,1,0,1,5761.49589943886,5779.37449502945,NA
36,"bart","single_stage","m1",602,55.6858702240838,5.68587022408376,NA,NA,6.41147231380729,-1.29036795588279,56.9762381799665,43.1196154011458,68.2521250470217,44.4099833570286,69.5424930029045,1,1,0,1,5321.41357684135,5340.91764140129,NA
37,"bart","single_stage","m1",611,67.4665519105524,17.4665519105524,NA,NA,7.6480854790899,1.41950104940528,66.0470508611471,52.4765798208524,82.4565240002524,51.0570787714472,81.0370229508471,0,0,1,1,5530.68300747871,5542.53479003906,NA
38,"bart","single_stage","m1",568,52.833167212577,2.83316721257698,NA,NA,6.82473280521543,-0.625161503241529,53.4583287158185,39.4569367102457,66.2093977149082,40.0820982134873,66.8345592181498,1,1,0,1,5320.35077548027,5351.21187949181,NA
39,"bart","single_stage","m1",620,41.4583201721348,-8.54167982786522,NA,NA,5.83662237927337,1.04118294505258,40.4171372270822,30.0187505173985,52.8978898268711,28.9775675723459,51.8567068818185,1,1,0,1,5600.88130545616,5619.17240643501,NA
40,"bart","single_stage","m1",581,58.293614731998,8.29361473199803,NA,NA,6.82809670431838,-0.86902375560534,59.1626384876034,44.9107911085774,71.6764383554187,45.7798148641827,72.545462111024,1,1,0,1,5179.89484834671,5207.94038510323,NA
41,"bart","single_stage","m1",599,64.6985170467286,14.6985170467286,NA,NA,8.10844131070513,1.98902256072454,62.709494486004,48.8062641069898,80.5907699864674,46.8172415462652,78.6017474257428,1,1,0,1,5294.4055762291,5312.59233212471,NA
42,"bart","single_stage","m1",612,55.6170806011527,5.61708060115268,NA,NA,7.18067767060551,-0.497509244482096,56.1145898456348,41.5432109821749,69.6909502201304,42.040720226657,70.1884594646125,1,1,0,1,5569.06099867821,5582.56759023666,NA
43,"bart","single_stage","m1",594,62.2678793053503,12.2678793053503,NA,NA,8.04330590256675,-0.942015771955354,63.2098950773057,46.5032894196811,78.0324691910196,47.4453051916364,78.9744849629749,1,1,0,1,5183.17452073097,5207.88920450211,NA
44,"bart","single_stage","m1",591,49.5527383956289,-0.447261604371143,NA,NA,5.8896749277316,-1.06179359471965,50.6145319903485,38.0091876566264,61.0962891346313,39.070981251346,62.158082729351,1,1,0,1,5388.02407717705,5399.96523785591,NA
45,"bart","single_stage","m1",611,54.2274821430251,4.22748214302513,NA,NA,8.0078957508836,0.432326241063258,53.7951559019619,38.5322948793419,69.9226694067083,38.0999686382787,69.4903431656451,1,1,0,1,5384.71883559227,5420.00429272652,NA
46,"bart","single_stage","m1",599,57.6232349314925,7.62323493149248,NA,NA,6.36737974212653,0.425906594039724,57.1973283374528,45.1433999610345,70.1030699019504,44.7174933669948,69.6771633079107,1,1,0,1,5365.97993350029,5393.76142168045,NA
47,"bart","single_stage","m1",614,62.3200785545729,12.3200785545729,NA,NA,6.46837635511368,2.24815315179293,60.0719254027799,49.6422938600996,74.9978632490461,47.3941407083067,72.7497100972532,1,1,0,1,5571.7380259037,5595.15327692032,NA
48,"bart","single_stage","m1",618,45.3300903491532,-4.66990965084683,NA,NA,7.38937211998914,-1.425870708113,46.7559610572662,30.8471871256101,59.8129935726963,32.2730578337231,61.2388642808093,1,1,0,1,3717.00499272346,3720.40925979614,NA
49,"bart","single_stage","m1",601,55.1204307704996,5.12043077049964,NA,NA,6.92680420053452,1.8379147778765,53.2825159926231,41.5441440094912,68.6967175315081,39.7062292316147,66.8588027536316,1,1,0,1,6131.83158111572,6140.98091626167,NA
50,"bart","single_stage","m1",623,50.7628305992429,0.762830599242925,NA,NA,6.66520389033942,1.53741378464495,49.225416814598,37.6992710245614,63.8263901739244,36.1618572399165,62.2889763892795,1,1,0,1,4965.25820660591,4968.67388892174,NA
51,"bart","single_stage","m1",595,34.8413979757015,-15.1586020242985,NA,NA,6.46663393532337,-0.240340180615455,35.0817381563169,22.1670283612632,47.5157675901398,22.4073685418786,47.7561077707552,0,0,1,1,6087.98958539963,6112.32864427567,NA
52,"bart","single_stage","m1",593,44.5354450733906,-5.46455492660937,NA,NA,7.11008014383215,-1.30942740945817,45.8448724828488,30.5999440642862,58.470946082495,31.9093714737444,59.7803734919532,1,1,0,1,5286.1523630619,5297.7026450634,NA
53,"bart","single_stage","m1",603,52.4128422906693,2.41284229066925,NA,NA,6.06718357823295,1.66257198297972,50.7502703076895,40.5213809897398,64.3043035915987,38.8588090067601,62.641731608619,1,1,0,1,4973.14608716965,4976.50168347359,NA
54,"bart","single_stage","m1",611,47.9916379404775,-2.00836205952253,NA,NA,6.75095980556721,-2.25932675928743,50.2509646997649,34.7599998604882,61.2232760204667,37.0193266197757,63.4826027797541,1,1,0,1,4754.86897206306,4767.91722202301,NA
55,"bart","single_stage","m1",630,57.9552180523721,7.95521805237209,NA,NA,6.97777229886764,0.185409719416732,57.7698083329554,44.2790356542703,71.6314004504739,44.0936259348535,71.4459907310572,1,1,0,1,6293.1831741333,6296.71604156494,NA
56,"bart","single_stage","m1",624,47.3482282748577,-2.65177172514225,NA,NA,7.1709667572107,-0.803104488393942,48.1513327632517,33.2933916963908,61.4030648533247,34.0964961847847,62.2061693417186,1,1,0,1,3760.5476064682,3800.02625989914,NA
57,"bart","single_stage","m1",611,47.4036596305638,-2.59634036943621,NA,NA,5.78161335059961,-1.21175227140543,48.6154119019692,36.0719056908526,58.735413570275,37.283657962258,59.9471658416804,1,1,0,1,6225.43349146843,6243.4944357872,NA
58,"bart","single_stage","m1",633,51.0468163566656,1.04681635666564,NA,NA,6.76411615255577,1.15149164982,49.8953247068456,37.7893923104107,64.3042404029206,36.6379006605907,63.1527487531006,1,1,0,1,4085.1003305912,4107.47784781456,NA
59,"bart","single_stage","m1",623,58.3632024513343,8.36320245133429,NA,NA,6.89004462489281,0.288858021098413,58.0743444302359,44.8589631346706,71.867441767998,44.5701051135722,71.5785837468996,1,1,0,1,1577.35465121269,1610.09856796265,NA
60,"bart","single_stage","m1",616,55.8090744635598,5.80907446355975,NA,NA,6.25994728653784,-0.781041317706062,56.5901157812658,43.5398032368263,68.0783456902932,44.3208445545324,68.8593870079992,1,1,0,1,4655.33198738098,4683.67744278908,NA
61,"bart","single_stage","m1",625,41.4773615377206,-8.52263846227942,NA,NA,6.694130846164,-0.468463692801322,41.9458252305219,28.3571061714405,54.5976169040007,28.8255698642418,55.066080596802,1,1,0,1,5346.89409065247,5369.47316861153,NA
62,"bart","single_stage","m1",603,53.4866080138628,3.48660801386281,NA,NA,7.8064191090577,-1.85108567167075,55.3376936855336,38.1863077118845,68.7869083158411,40.0373933835552,70.6379939875119,1,1,0,1,5909.42771935463,5927.12886381149,NA
63,"bart","single_stage","m1",601,47.7850102154047,-2.21498978459526,NA,NA,6.80995108868334,-0.955211877692506,48.7402220930972,34.4377513451061,61.1322690857034,35.3929632227986,62.0874809633959,1,1,0,1,4087.18733382225,4090.48432326317,NA
64,"bart","single_stage","m1",594,53.7969812690438,3.79698126904383,NA,NA,6.969007163999,1.28128771728016,52.5156935517637,40.1379782196042,67.4559843184835,38.856690502324,66.1746966012033,1,1,0,1,1049.50607299805,1076.0421192646,NA
65,"bart","single_stage","m1",614,55.7758089605531,5.77580896055311,NA,NA,7.29857790156829,-1.77719578264738,57.5530047432005,41.4708591351193,70.0807587859869,43.2480549177667,71.8579545686343,1,1,0,1,5835.33752202988,5857.37512278557,NA
66,"bart","single_stage","m1",600,46.762606391412,-3.23739360858801,NA,NA,6.30924653194786,0.235517798206423,46.5270885932056,34.39671041921,59.128502363614,34.1611926210035,58.8929845654076,1,1,0,1,3320.66403889656,3339.83470845222,NA
67,"bart","single_stage","m1",611,45.439368072836,-4.56063192716404,NA,NA,6.63168090131516,-0.024849645451674,45.4642177182876,32.4415123492961,58.4372237963758,32.4663619947478,58.4620734418275,1,1,0,1,5861.16910672188,5876.27576780319,NA
68,"bart","single_stage","m1",630,46.0337141836264,-3.96628581637357,NA,NA,6.52182012047763,1.23286441046142,44.800849773165,33.2511816338416,58.8162467334113,32.0183172233802,57.5833823229498,1,1,0,1,934.606140375137,938.102780103683,NA
69,"bart","single_stage","m1",613,60.8738480575121,10.8738480575121,NA,NA,8.04916137298241,-1.47980393195832,62.3536519894704,45.0977816607156,76.6499144543086,46.5775855926739,78.1297183862669,1,1,0,1,3168.06574749947,3188.31702613831,NA
70,"bart","single_stage","m1",611,61.5124479316214,11.5124479316214,NA,NA,7.18364492122197,0.340528203071436,61.17191972855,47.4327626083023,75.5921332549405,47.0922344052308,75.2516050518691,1,1,0,1,5805.0191321373,5842.23996186256,NA
71,"bart","single_stage","m1",599,51.5103839426616,1.51038394266158,NA,NA,6.90563899117219,-1.49077119297262,53.0011551356342,37.9755802297286,65.0451876555946,39.4663514227012,66.5359588485672,1,1,0,1,4750.80318427086,4763.5096924305,NA
72,"bart","single_stage","m1",623,42.995657320141,-7.00434267985901,NA,NA,6.24038589444319,-0.928099843532635,43.9237571636736,30.7647257174006,55.2265889228814,31.6928255609332,56.1546887664141,1,1,0,1,5234.26285600662,5237.56864738464,NA
73,"bart","single_stage","m1",601,54.5137219771718,4.51372197717178,NA,NA,7.69368578851358,0.100728507578786,54.412993469593,39.4343749233175,69.593069031026,39.3336464157387,69.4923405234473,1,1,0,1,5124.14631485939,5127.57849788666,NA
74,"bart","single_stage","m1",628,49.5224692909684,-0.477530709031562,NA,NA,6.55733361482162,-0.283004721039482,49.8054740120079,36.6703315713042,62.3746070106327,36.9533362923437,62.6576117316721,1,1,0,1,2942.22455453873,2965.06972098351,NA
75,"bart","single_stage","m1",591,44.501979481592,-5.49802051840801,NA,NA,7.59994590375991,1.44203423023455,43.0599452513574,29.6063592257699,59.3975997374141,28.1643249955353,57.9555655071796,1,1,0,1,4493.30756902695,4506.56234359741,NA
76,"bart","single_stage","m1",585,41.710880806104,-8.28911919389604,NA,NA,6.20355059369772,-2.68330835407373,44.3941891601777,29.5521450661844,53.8696165460236,32.2354534202581,56.5529249000973,1,1,0,1,5210.86388492584,5218.74284982681,NA
77,"bart","single_stage","m1",605,51.2708879196408,1.27088791964083,NA,NA,7.01217397791193,-1.60558280286903,52.8764707225099,37.5272794696045,65.0144963696772,39.1328622724735,66.6200791725462,1,1,0,1,5529.55048465729,5535.97012376785,NA
78,"bart","single_stage","m1",613,56.7585181509286,6.75851815092861,NA,NA,7.25384066915119,-0.281338028575945,57.0398561795046,42.5412516898004,70.9757846120569,42.8225897183763,71.2571226406328,1,1,0,1,3507.45504355431,3534.295814991,NA
79,"bart","single_stage","m1",597,49.8599719681906,-0.140028031809429,NA,NA,7.19855496594878,1.12958658593447,48.7303853822561,35.751063494199,63.9688804421821,34.6214769082645,62.8392938562477,1,1,0,1,5199.80342245102,5235.33272337914,NA
80,"bart","single_stage","m1",602,43.9160534595844,-6.08394654041562,NA,NA,6.74176041725064,2.22399073325985,41.6920627263245,30.7024458493754,57.1296610697934,28.4784551161156,54.9056703365335,1,1,0,1,6020.49505281448,6047.22268223763,NA
81,"bart","single_stage","m1",619,54.9299618115122,4.92996181151224,NA,NA,7.28660215121297,-2.61540604484033,57.5453678563526,40.6484840254627,69.2114395975617,43.2638900703031,71.8268456424021,1,1,0,1,5977.07161474228,6002.34999299049,NA
82,"bart","single_stage","m1",616,63.8537855640375,13.8537855640375,NA,NA,7.6175995555689,0.170809291251587,63.6829762727859,48.9235647864741,78.7840063416008,48.7527554952225,78.6131970503492,1,1,0,1,5133.5433113575,5167.16927146912,NA
83,"bart","single_stage","m1",620,44.70041316182,-5.29958683818,NA,NA,6.71056886817228,-0.636903065257734,45.3373162270777,31.5479398644266,57.8528864592134,32.1848429296844,58.4897895244711,1,1,0,1,5946.67728114128,5983.27960276604,NA
84,"bart","single_stage","m1",614,42.4623094491969,-7.53769055080313,NA,NA,5.43087510924263,1.68486080871179,40.7774486404851,31.8179898305463,53.1066290678474,30.1331290218345,51.4217682591357,1,1,0,1,6595.62812590599,6618.87154340744,NA
85,"bart","single_stage","m1",622,54.6227036457715,4.62270364577149,NA,NA,6.67246528564456,-0.240249308090732,54.8629529538622,41.5449119978144,67.7004952937286,41.7851613059051,67.9407446018193,1,1,0,1,3675.14061045647,3708.41095924377,NA
86,"bart","single_stage","m1",594,54.8168810272,4.81688102719998,NA,NA,7.16292903927424,-0.35145385707969,55.1683348842797,40.7777980864064,68.8559639679936,41.1292519434861,69.2074178250733,1,1,0,1,5015.85466265678,5023.49354553223,NA
87,"bart","single_stage","m1",600,53.0859818441104,3.08598184411039,NA,NA,6.69460172202235,-1.95532956596841,55.0413114100788,39.9648035781068,66.207160110114,41.9201331440752,68.1624896760824,1,1,0,1,5919.61747908592,5954.95579504967,NA
88,"bart","single_stage","m1",591,39.3997580971449,-10.6002419028551,NA,NA,6.72427981886186,-2.70545208775185,42.1052101848967,26.2204118302061,52.5791043640837,28.925863917958,55.2845564518355,1,1,0,1,6078.59925961494,6103.78685712814,NA
89,"bart","single_stage","m1",629,53.6680477148202,3.66804771482017,NA,NA,7.18653172883111,0.0124717610638854,53.6555759537563,39.5827043525568,67.7533910770835,39.5702325914929,67.7409193160196,1,1,0,1,6197.81401801109,6221.86792516708,NA
90,"bart","single_stage","m1",618,47.5534110493862,-2.44658895061382,NA,NA,7.58360691050195,1.16004732382918,46.393363725557,32.6898146318933,62.4170074668791,31.5297673080641,61.2569601430499,1,1,0,1,5824.10255503654,5835.13421463966,NA
91,"bart","single_stage","m1",568,46.114548858108,-3.88545114189199,NA,NA,6.95281867553112,0.445594681204774,45.6689541769032,32.4872746630295,59.7418230531865,32.0416799818248,59.2962283719817,1,1,0,1,5376.34819674492,5400.77513670921,NA
92,"bart","single_stage","m1",603,55.6541286464143,5.65412864641432,NA,NA,6.13988893832014,0.129941401220869,55.5241872451935,43.620167458231,67.6880898345976,43.4902260570101,67.5581484333768,1,1,0,1,4604.15946149826,4626.59263682365,NA
93,"bart","single_stage","m1",624,51.0611396926296,1.06113969262961,NA,NA,6.57722199412739,-0.327371414405398,51.388511107035,38.1700214658152,63.952257919444,38.4973928802206,64.2796293338494,1,1,0,1,5599.60109400749,5625.51030254364,NA
94,"bart","single_stage","m1",602,47.6964100698447,-2.30358993015528,NA,NA,6.02945102403892,1.67525010551173,46.021159964333,35.8789032161803,59.5139169235091,34.2036531106686,57.8386668179974,1,1,0,1,5854.04201698303,5883.00372195244,NA
95,"bart","single_stage","m1",588,42.1689205598767,-7.83107944012334,NA,NA,6.94250840312791,-0.14511413460172,42.3140346944784,28.5618541273793,55.775986992374,28.706968261981,55.9211011269758,1,1,0,1,1029.38571834564,1036.25806093216,NA
96,"bart","single_stage","m1",599,54.0334317429617,4.03343174296167,NA,NA,6.84156042937321,-1.55287260776111,55.5863043507228,40.6242197033358,67.4426437825875,42.1770923110969,68.9955163903487,1,1,0,1,5202.3294377327,5222.59646010399,NA
97,"bart","single_stage","m1",607,55.4712604250384,5.47126042503835,NA,NA,7.43499141154696,-1.82984594194497,57.3011063669833,40.8989450330417,70.043575817035,42.7287909749867,71.87342175898,1,1,0,1,5569.30484366417,5601.95195198059,NA
98,"bart","single_stage","m1",604,50.8243483544411,0.824348354441149,NA,NA,7.03679229702513,1.85125954292674,48.9730888115144,37.032488885583,64.6162078232993,35.1812293426563,62.7649482803725,1,1,0,1,5130.72137761116,5158.22936844826,NA
99,"bart","single_stage","m1",609,46.7602163601798,-3.23978363982015,NA,NA,6.52035557738073,0.37023635773253,46.3899800024473,33.9805542621188,59.5398784582409,33.6103179043862,59.1696421005084,1,1,0,1,5426.86059975624,5454.88404464722,NA
100,"bart","single_stage","m1",601,59.4200972201264,9.42009722012637,NA,NA,6.47330213959091,-0.469512859760826,59.8896100798872,46.7326581654821,72.1075362747706,47.2021710252429,72.5770491345314,1,1,0,1,5561.78080630302,5604.40132069588,NA
101,"bart","single_stage","m1",615,58.678297772891,8.67829777289096,NA,NA,6.95591960924401,1.14238568895205,57.5359120839389,45.0449458594168,72.3116496863651,43.9025601704647,71.1692639974131,1,1,0,1,5402.14390826225,5431.47785973549,NA
102,"bart","single_stage","m1",594,53.6184782942386,3.61847829423865,NA,NA,6.65189994101645,0.905875155455377,52.7126031387833,40.5809939810823,66.655962607395,39.6751188256269,65.7500874519396,1,1,0,1,1623.78212881088,1649.44228458405,NA
103,"bart","single_stage","m1",621,51.6060676087516,1.60606760875159,NA,NA,5.97029143022831,-1.05320167384033,52.6592692825919,39.904511428296,63.3076237892072,40.9577131021363,64.3608254630475,1,1,0,1,2886.9836730957,2890.43605184555,NA
104,"bart","single_stage","m1",613,44.9759633439304,-5.02403665606959,NA,NA,6.3730384127455,-1.17008930054665,46.1460526444771,32.4850375828589,57.4668891050019,33.6551268834056,58.6369784055485,1,1,0,1,5418.85376477242,5430.09112143517,NA
105,"bart","single_stage","m1",610,50.943691811549,0.94369181154898,NA,NA,6.45048327555758,-0.487747441327954,51.4314392528769,38.3009769085782,63.5864067145198,38.7887243499061,64.0741541558478,1,1,0,1,1559.34727311134,1562.65073490143,NA
106,"bart","single_stage","m1",628,50.5305348081807,0.530534808180668,NA,NA,8.44675236697412,1.4331752004071,49.0973596077736,33.975204382583,67.0858652337784,32.5420291821759,65.6526900333713,1,1,0,1,5149.59372496605,5153.09359836578,NA
107,"bart","single_stage","m1",613,49.0102402251321,-0.989759774867892,NA,NA,6.59149398717329,-1.78721617421391,50.797456399346,36.0911494059601,61.9293310443041,37.8783655801741,63.716547218518,1,1,0,1,5273.0089430809,5280.67593050003,NA
108,"bart","single_stage","m1",617,39.1234378775713,-10.8765621224287,NA,NA,5.96965617854206,-0.480248398186255,39.6036862757576,27.4231267675419,50.8237489876008,27.9033751657281,51.303997385787,1,1,0,1,5550.94279932976,5579.91971635818,NA
109,"bart","single_stage","m1",616,55.393219494961,5.39321949496103,NA,NA,7.41432232067058,1.0634233094418,54.3297961855192,40.8614147766753,69.9250242132468,39.7979914672335,68.861600903805,1,1,0,1,6153.92025160789,6170.03730273247,NA
110,"bart","single_stage","m1",591,54.0773305340042,4.07733053400422,NA,NA,6.93819255767675,-1.7153628747726,55.7926934087768,40.4787230031539,67.6759380648545,42.1940858779266,69.3913009396271,1,1,0,1,5076.9794523716,5080.31866049767,NA
111,"bart","single_stage","m1",601,48.9260404966123,-1.07395950338769,NA,NA,7.26862221224921,-0.394268719220968,49.3203092158333,34.679802743376,63.1722782498486,35.074071462597,63.5665469690696,1,1,0,1,882.607158899307,885.959330797195,NA
112,"bart","single_stage","m1",592,62.5988601956405,12.5988601956405,NA,NA,6.19102756885761,0.625539182013448,61.9733210136271,50.464669133385,74.733051257896,49.8391299513716,74.1075120758825,0,1,1,1,4995.43189907074,5013.41928768158,NA
113,"bart","single_stage","m1",602,37.174059178935,-12.825940821065,NA,NA,5.52392107133513,0.309705413774395,36.8643537651606,26.3473728256763,48.0007455321938,26.0376674119019,47.6910401184194,0,0,1,1,2702.30091929436,2705.67175936699,NA
114,"bart","single_stage","m1",589,63.6223146230348,13.6223146230348,NA,NA,7.29034159520637,-0.908858803232029,64.5311734262668,49.333507661436,77.9111215846336,50.2423664646681,78.8199803878656,1,0,0,1,5397.74316859245,5413.15408754349,NA
115,"bart","single_stage","m1",606,49.3770957056549,-0.622904294345119,NA,NA,7.46650802080092,-0.956888049186865,50.3339837548417,34.7430088946056,64.0111825167041,35.6998969437925,64.968070565891,1,1,0,1,849.873959302902,853.180239915848,NA
116,"bart","single_stage","m1",614,39.0978559422032,-10.9021440577968,NA,NA,6.74810805898765,1.44985211115691,37.6480038310463,25.8718071828029,52.3239047016034,24.421955071646,50.8740525904465,1,1,0,1,2453.20479297638,2456.72633433342,NA
117,"bart","single_stage","m1",614,43.9621700307455,-6.03782996925454,NA,NA,6.50621602324431,0.568858632520509,43.393311398225,31.2102209495492,56.7141191119417,30.6413623170287,56.1452604794212,1,1,0,1,5244.14341640472,5257.8694961071,NA
118,"bart","single_stage","m1",598,64.4897977931856,14.4897977931856,NA,NA,8.25605019900057,1.20817969436821,63.2816180988173,48.3082367485897,80.6713588377814,47.1000570542215,79.4631791434132,1,1,0,1,1938.09317612648,1967.36020231247,NA
119,"bart","single_stage","m1",599,35.16725132912,-14.83274867088,NA,NA,6.58109375085921,-0.265859212142445,35.4331105412624,22.2685445985543,48.0659580596856,22.5344038106968,48.3318172718281,0,0,1,1,4868.37833023071,4877.34931969643,NA
120,"bart","single_stage","m1",613,41.9396614057345,-8.06033859426546,NA,NA,6.84487457108559,-0.627067105618885,42.5667285113534,28.5239537677127,55.3553690437564,29.1510208733316,55.9824361493752,1,1,0,1,5245.83837556839,5267.37264060974,NA
121,"bart","single_stage","m1",621,69.2653963213705,19.2653963213705,NA,NA,7.32502560349762,-0.893016307467036,70.1584126288376,54.9086099526814,83.6221826900596,55.8016262601485,84.5151989975267,0,0,1,1,2734.25945425034,2737.56317210197,NA
122,"bart","single_stage","m1",596,46.9327901766417,-3.0672098233583,NA,NA,6.33604458052624,-1.00471738880182,47.9375075654435,34.5143709943701,59.3512093589133,35.5190883831719,60.3559267477151,1,1,0,1,4541.28255939484,4544.80397987366,NA
123,"bart","single_stage","m1",617,59.1751939187435,9.17519391874347,NA,NA,7.73802194787427,0.345609978032833,58.8295839407106,44.0089495893294,74.3414382481575,43.6633396112966,73.9958282701247,1,1,0,1,5136.29467391968,5176.40591406822,NA
124,"bart","single_stage","m1",610,49.3941003973051,-0.605899602694862,NA,NA,7.19314765501914,-2.47080213821977,51.8649025355249,35.2957900579889,63.4924107366214,37.7665921962086,65.9632128748412,1,1,0,1,5207.11168670654,5238.68561697006,NA
125,"bart","single_stage","m1",590,51.1765255298189,1.17652552981892,NA,NA,6.5205183473434,0.16366699056384,51.0128585392551,38.3965444084932,63.9565066511446,38.2328774179294,63.7928396605808,1,1,0,1,1410.72358059883,1414.07041883469,NA
126,"bart","single_stage","m1",595,43.006007469613,-6.99399253038704,NA,NA,6.31831869344853,-0.714620651406484,43.7206281210194,30.6223303876077,55.3896845516182,31.3369510390142,56.1043052030247,1,1,0,1,4075.88528251648,4096.71903634071,NA
127,"bart","single_stage","m1",607,46.6269727890214,-3.37302721097858,NA,NA,6.34661188920055,1.2161437379798,45.4108290510416,34.1878420623346,59.0661035157082,32.9716983243548,57.8499597777284,1,1,0,1,2026.82277131081,2054.32868480682,NA
128,"bart","single_stage","m1",591,56.1498546953819,6.14985469538188,NA,NA,6.52800893196247,-0.863844220902777,57.0136989162847,43.3551922979797,68.9445170927841,44.2190365188824,69.8083613136869,1,1,0,1,5482.06518340111,5514.05513882637,NA
129,"bart","single_stage","m1",605,45.8390323920928,-4.16096760790716,NA,NA,7.75454736532799,1.39332452100808,44.4457078710848,30.64039883964,61.0376659445457,29.2470743186319,59.6443414235376,1,1,0,1,5486.73446035385,5514.15946006775,NA
130,"bart","single_stage","m1",590,46.6679405604506,-3.33205943954936,NA,NA,7.04677957193163,0.11411146649985,46.5538290939508,32.8565063924721,60.4793747284292,32.7423949259722,60.3652632619294,1,1,0,1,5522.29752612114,5552.43866753578,NA
131,"bart","single_stage","m1",609,49.4634740123139,-0.536525987686126,NA,NA,6.41266938920342,0.334287559764491,49.1291864525494,36.8948729647127,62.032075059915,36.5605854049482,61.6977875001506,1,1,0,1,5362.40239691734,5386.39096093178,NA
132,"bart","single_stage","m1",612,39.5526983169425,-10.4473016830575,NA,NA,7.00383838366074,-1.05230423836923,40.6050025553117,25.8254273314282,53.2799693024568,26.8777315697975,54.332273540826,1,1,0,1,2153.82842564583,2157.21922659874,NA
133,"bart","single_stage","m1",591,57.4653306791333,7.46533067913326,NA,NA,7.17520255029198,-0.319313148626883,57.7846438277601,43.402192098781,71.5284692594855,43.7215052474079,71.8477824081124,1,1,0,1,5246.33403015137,5277.7018904686,NA
134,"bart","single_stage","m1",636,58.6519415323096,8.65194153230958,NA,NA,7.09383421970851,1.28456633003463,57.3673752022749,44.7482819493831,72.555601115236,43.4637156193485,71.2710347852014,1,1,0,1,5082.83260512352,5117.87358689308,NA
135,"bart","single_stage","m1",608,42.2552208928314,-7.7447791071686,NA,NA,6.3234583006489,0.290077293178328,41.9651435996531,29.8614703658187,54.6489714198441,29.5713930726404,54.3588941266658,1,1,0,1,5478.94477462769,5503.54552412033,NA
136,"bart","single_stage","m1",607,54.0461255977462,4.04612559774616,NA,NA,6.27455791235409,-1.87770022677621,55.9238258245224,41.7482180706213,66.344033124871,43.6259182973975,68.2217333516472,1,1,0,1,5386.54487133026,5406.06689596176,NA
137,"bart","single_stage","m1",589,40.4910751604132,-9.5089248395868,NA,NA,5.97255981898695,-1.89638384190324,42.3874590023164,28.7850730196877,52.1970773011387,30.681456861591,54.0934611430419,1,1,0,1,4470.39651608467,4488.70795035362,NA
138,"bart","single_stage","m1",627,58.1002785015045,8.10027850150455,NA,NA,6.84947989151079,-0.205564353180762,58.3058428546853,44.6755446013121,71.525012401697,44.8811089544929,71.7305767548778,1,1,0,1,5158.05759453773,5173.49721837044,NA
139,"bart","single_stage","m1",623,54.9657695350239,4.96576953502387,NA,NA,6.622282461209,0.139212929680426,54.8265566053434,41.986334415603,67.9452046544448,41.8471214859225,67.8059917247644,1,1,0,1,5323.31548833847,5333.76157951355,NA
140,"bart","single_stage","m1",609,54.4669073389912,4.46690733899116,NA,NA,7.71297525190498,0.616640235562755,53.8502671034284,39.3497536316086,69.5840610463737,38.7331133960459,68.9674208108109,1,1,0,1,5911.65450000763,5932.35475587845,NA
141,"bart","single_stage","m1",588,50.8168528559751,0.816852855975092,NA,NA,7.10117775506842,2.29861980243728,48.5182330535378,36.898800208224,64.7349055037262,34.6001804057867,62.4362857012889,1,1,0,1,4743.85225987434,4762.43486166,NA
142,"bart","single_stage","m1",634,56.3919333792489,6.39193337924885,NA,NA,6.83035283564527,0.259077269433234,56.1328561098156,43.0046878196831,69.7791789388146,42.7456105502499,69.5201016693814,1,1,0,1,4432.42135214806,4436.34573554993,NA
143,"bart","single_stage","m1",601,50.1556368935352,0.155636893535217,NA,NA,6.98703288899608,2.0898231378883,48.0658137556469,36.4613040723061,63.8499697147644,34.3714809344178,61.7601465768761,1,1,0,1,6098.65262889862,6102.00179982185,NA
144,"bart","single_stage","m1",606,64.6458994406613,14.6458994406613,NA,NA,7.4022231507611,-0.800829240787181,65.4467286814485,50.137808659641,79.1539902216817,50.9386379004281,79.9548194624689,0,0,1,1,6193.06241059303,6206.68912506104,NA
145,"bart","single_stage","m1",600,59.2794558355255,9.2794558355255,NA,NA,7.35794581910295,-0.705831464105991,59.9852872996315,44.8581470298867,73.7007646411643,45.5639784939926,74.4065961052703,1,1,0,1,1195.45732617378,1209.39061355591,NA
146,"bart","single_stage","m1",583,44.5947814117864,-5.40521858821364,NA,NA,7.80213913971944,1.63557723493062,42.9592041768557,29.302869695566,59.8866931280068,27.6672924606353,58.2511158930762,1,1,0,1,6624.52304506302,6660.40387749672,NA
147,"bart","single_stage","m1",596,62.8508922241923,12.8508922241923,NA,NA,7.24824934110914,-2.34621604158578,65.197108265778,48.6445845646522,77.0571998837323,50.990800606238,79.4034159253181,1,0,0,1,7239.5182557106,7259.58372974396,NA
148,"bart","single_stage","m1",619,59.4222132818384,9.42221328183835,NA,NA,7.06149900506821,-0.286875549788547,59.7090888316269,45.5819295550392,73.2624970086375,45.8688051048278,73.549372558426,1,1,0,1,3012.50134539604,3035.14850306511,NA
149,"bart","single_stage","m1",595,51.6722859908728,1.67228599087277,NA,NA,6.75376079400342,-1.47472743994753,53.1470134308203,38.4351580744274,64.9094139073181,39.909885514375,66.3841413472656,1,1,0,1,3790.10439610481,3793.34194278717,NA
150,"bart","single_stage","m1",587,50.5208263735154,0.520826373515419,NA,NA,6.51173953849966,0.345571763722489,50.1752546097929,37.7580514013506,63.2836013456802,37.4124796376281,62.9380295819577,1,1,0,1,5377.58099889755,5395.85998463631,NA
151,"bart","single_stage","m1",593,47.6808420802557,-2.31915791974435,NA,NA,6.70043850160175,-0.447647530869467,48.1284896111251,34.5482239364907,60.8134602240206,34.9958714673602,61.2611077548901,1,1,0,1,7073.44363212585,7113.74747300148,NA
152,"bart","single_stage","m1",592,61.2739841703045,11.2739841703045,NA,NA,7.56433581334977,-0.354043183262469,61.6280273535669,46.4481584091724,76.0998099314365,46.8022015924349,76.453853114699,1,1,0,1,5488.5679101944,5520.71519231796,NA
153,"bart","single_stage","m1",591,51.3504526931458,1.35045269314584,NA,NA,6.63258279454724,-2.9759859183536,54.3264386114994,38.3508292913532,64.3500760949384,41.3268152097068,67.326062013292,1,1,0,1,5464.08365869522,5492.45737910271,NA
154,"bart","single_stage","m1",631,58.3337647639186,8.33376476391864,NA,NA,7.24936143877691,-1.81270857548652,60.1464733394052,44.1252774330024,72.5422520948349,45.9379860084889,74.3549606703214,1,1,0,1,3469.49789953232,3486.66627407074,NA
155,"bart","single_stage","m1",612,45.3337496645857,-4.6662503354143,NA,NA,6.03977832492398,0.943194215732717,44.390555448853,33.496001673129,57.1714976560423,32.5528074573963,56.2283034403096,1,1,0,1,2232.37019467354,2249.78688955307,NA
156,"bart","single_stage","m1",615,47.2549593153685,-2.7450406846315,NA,NA,6.38352630000548,-1.82089720244816,49.0758565178167,34.7434776729935,59.7664409577435,36.5643748754417,61.5873381601916,1,1,0,1,4768.11050486565,4808.13112926483,NA
157,"bart","single_stage","m1",622,59.0540082542671,9.05400825426706,NA,NA,6.64504951470014,-2.79137699471197,61.845385248979,46.0299505299694,72.0780659785647,48.8213275246814,74.8694429732767,1,1,0,1,4746.69722723961,4753.79863238335,NA
158,"bart","single_stage","m1",588,49.7589443142926,-0.241055685707359,NA,NA,7.28523736112786,0.105940032163872,49.6530042821288,35.4801414676564,64.0377471609289,35.3742014354925,63.931807128765,1,1,0,1,1106.49318981171,1109.77765727043,NA
159,"bart","single_stage","m1",616,54.3214330814966,4.32143308149656,NA,NA,6.06066996251386,-0.599605338886896,54.9210384203835,42.4427382327857,66.2001279302074,43.0423435716726,66.7997332690943,1,1,0,1,2705.46865391731,2712.07702922821,NA
160,"bart","single_stage","m1",601,49.484003422328,-0.515996577671984,NA,NA,7.06115086220324,-0.0719898020004877,49.5559932243285,35.6444020430057,63.3236048016503,35.7163918450062,63.3955946036508,1,1,0,1,5434.27248835564,5457.60366678238,NA
161,"bart","single_stage","m1",579,57.6646708652099,7.66467086520986,NA,NA,7.16434933887451,-0.307853584413941,57.9725244496238,43.6228041883525,71.7065375420673,43.9306577727664,72.0143911264812,1,1,0,1,6916.74131679535,6937.02891921997,NA
162,"bart","single_stage","m1",559,41.3949736659547,-8.60502633404533,NA,NA,7.05508592515376,3.31081163583728,38.0841620301174,27.5672593448178,55.2226879870915,24.2564477089806,51.9118763512542,1,1,0,1,5008.0822250843,5011.53841733932,NA
163,"bart","single_stage","m1",617,59.7794656562969,9.77946565629695,NA,NA,9.4500595170362,-0.191905357715811,59.9713710140128,41.257689351146,78.3012419614479,41.4495947088618,78.4931473191637,1,1,0,1,4473.20183396339,4476.79020190239,NA
164,"bart","single_stage","m1",604,46.190360963984,-3.80963903601602,NA,NA,6.7388594150027,-0.0823085687723406,46.2726695327563,32.9824392137,59.3982827142679,33.0647477824724,59.4805912830403,1,1,0,1,2617.14249277115,2641.62548136711,NA
165,"bart","single_stage","m1",587,37.2632749728464,-12.7367250271536,NA,NA,7.80588486603188,1.75771808251385,35.5055568903325,21.9640217679576,52.5625281777351,20.2063036854438,50.8048100952213,1,1,0,1,1196.28158473969,1204.53823971748,NA
166,"bart","single_stage","m1",627,46.8940749418663,-3.10592505813371,NA,NA,6.71446035386184,-0.743258890782016,47.6373338326483,33.733974472675,60.0541754110576,34.477233363457,60.7974343018396,1,1,0,1,4557.22854304314,4584.3130402565,NA
167,"bart","single_stage","m1",605,57.3982773978809,7.39827739788089,NA,NA,6.82619470735172,0.162834286974331,57.2354431109066,44.0191816200136,70.7773731757482,43.8563473330393,70.6145388887739,1,1,0,1,5407.18554377556,5427.84928703308,NA
168,"bart","single_stage","m1",607,49.9666861790421,-0.0333138209578792,NA,NA,6.46481977170736,0.684589402081841,49.2820967769603,37.2958722599532,62.637500098131,36.6112828578714,61.9529106960492,1,1,0,1,5008.21279811859,5030.89909029007,NA
169,"bart","single_stage","m1",635,45.9864151055029,-4.01358489449711,NA,NA,6.8195095669497,1.15976313469822,44.8266519708047,32.6204219620551,59.3524082489506,31.4606588273569,58.1926451142524,1,1,0,1,7321.72124743462,7343.08768177032,NA
170,"bart","single_stage","m1",631,53.1860383497823,3.18603834978232,NA,NA,7.00359593431502,-0.502834501433583,53.6888728512159,39.4592425562537,66.9128341433109,39.9620770576873,67.4156686447445,1,1,0,1,6386.81362199783,6404.77663612366,NA
171,"bart","single_stage","m1",616,51.0076839113067,1.00768391130673,NA,NA,6.79434806626576,-0.165145899086525,51.1728298103933,37.6910064029965,64.324361419617,37.856152302083,64.4895073187035,1,1,0,1,3610.46865463257,3630.85105443001,NA
172,"bart","single_stage","m1",608,55.3233231282173,5.32332312821728,NA,NA,6.68984544623655,0.0737168702458604,55.2496062579714,42.2114669914543,68.4351792649802,42.1377501212085,68.3614623947343,1,1,0,1,5744.78355884552,5777.18629384041,NA
173,"bart","single_stage","m1",610,57.2686661527027,7.26866615270275,NA,NA,6.94596915434056,0.49914676204326,56.7695193906595,43.6548167724691,70.8825155329364,43.1556700104259,70.3833687708931,1,1,0,1,883.901168107986,887.33197927475,NA
174,"bart","single_stage","m1",601,48.0660091274737,-1.93399087252634,NA,NA,6.11191141525798,-0.256650212012111,48.3226593394858,36.0868828768688,60.0451353780785,36.3435330888809,60.3017855900906,1,1,0,1,1329.57971739769,1333.29071140289,NA
175,"bart","single_stage","m1",604,41.7753597991101,-8.22464020088992,NA,NA,6.15087171117154,0.636568413618008,41.1387913854921,29.7198727716876,53.8308468265326,29.0833043580696,53.1942784129145,1,1,0,1,5817.55369091034,5830.408867836,NA
176,"bart","single_stage","m1",597,57.9527944865109,7.9527944865109,NA,NA,7.30919628771402,0.198649800329491,57.7541446861814,43.6270330066576,72.2785559663642,43.4283832063281,72.0799061660347,1,1,0,1,6645.90280914307,6662.24339866638,NA
177,"bart","single_stage","m1",609,42.5691698495807,-7.43083015041926,NA,NA,7.39921223230245,-0.68024093386898,43.2494107834497,28.0669803602997,57.0713593388618,28.7472212941687,57.7516002727307,1,1,0,1,2926.08578372002,2947.15269899368,NA
178,"bart","single_stage","m1",594,46.7132163761509,-3.28678362384905,NA,NA,6.9558331597236,2.38021439946017,44.3330019766908,33.0800339006233,60.3463988516786,30.6998195011631,57.9661844522185,1,1,0,1,909.708009243011,913.176637411118,NA
179,"bart","single_stage","m1",603,49.0966733566165,-0.90332664338348,NA,NA,6.73216428883913,0.251567076184045,48.8451062804325,35.9018738124851,62.2914729007479,35.6503067363011,62.0399058245639,1,1,0,1,5125.07231235504,5143.8638355732,NA
180,"bart","single_stage","m1",606,44.4618321060427,-5.53816789395729,NA,NA,6.25233155854103,2.52072964836849,41.9411024576742,32.2074874318991,56.7161767801863,29.6867577835306,54.1954471318178,1,1,0,1,7026.40282702446,7038.82310914993,NA
181,"bart","single_stage","m1",612,46.7484060718932,-3.25159392810675,NA,NA,5.85154935951616,-0.590360811361109,47.3387668832544,35.2795800734832,58.2172320703033,35.8699408848443,58.8075928816644,1,1,0,1,6626.36793136597,6647.50326657295,NA
182,"bart","single_stage","m1",635,62.0131834178997,12.0131834178997,NA,NA,7.03489004864982,-0.240845960238055,62.2540293781378,48.2250522873469,75.8013145484526,48.4658982475849,76.0421605086907,1,1,0,1,6397.17703390121,6404.20513892174,NA
183,"bart","single_stage","m1",571,39.9474536939241,-10.0525463060759,NA,NA,7.68037700283076,-1.2675425127729,41.214996206697,24.8941913806861,55.000716007162,26.161733893459,56.2682585199349,1,1,0,1,1429.53967308998,1469.64009690285,NA
184,"bart","single_stage","m1",586,47.4309048983775,-2.56909510162245,NA,NA,7.06567809427121,-0.04019320719744,47.471098105575,33.5824303072524,61.2793794895027,33.6226235144498,61.3195726967002,1,1,0,1,6276.16300296783,6293.90307641029,NA
185,"bart","single_stage","m1",585,51.4663893856196,1.46638938561959,NA,NA,7.25288857337226,-0.341249954362603,51.8076393399822,37.2509889979279,65.6817897733113,37.5922389522905,66.0230397276739,1,1,0,1,4548.37514615059,4565.87146067619,NA
186,"bart","single_stage","m1",634,53.7061148592798,3.70611485927979,NA,NA,6.61119007295732,0.0921254582665583,53.6139894010132,40.7484204213347,66.6638092972249,40.6562949630681,66.5716838389583,1,1,0,1,6690.765376091,6709.37588429451,NA
187,"bart","single_stage","m1",634,51.7375635144469,1.73756351444689,NA,NA,7.1783618280561,-0.067296146787605,51.8048596612345,37.6682328634598,65.8068941654339,37.7355290102474,65.8741903122216,1,1,0,1,7649.90885806084,7687.38844418526,NA
188,"bart","single_stage","m1",624,47.0604172619303,-2.93958273806973,NA,NA,7.8769478764207,-1.49219890337769,48.552616165308,31.6218831160464,62.4989514078141,33.1140820194241,63.9911503111918,1,1,0,1,5235.28891730309,5256.82357335091,NA
189,"bart","single_stage","m1",624,55.410922083448,5.41092208344803,NA,NA,7.94232737563239,-0.121642668748869,55.5325647521969,39.844246473782,70.977597693114,39.9658891425309,71.0992403618629,1,1,0,1,5053.43797397614,5077.82468485832,NA
190,"bart","single_stage","m1",619,55.6033424676861,5.6033424676861,NA,NA,6.71214576966842,0.201199807145493,55.4021426605406,42.4477785001531,68.7589064352191,42.2465786930076,68.5577066280736,1,1,0,1,4964.31842827797,4987.61372041702,NA
191,"bart","single_stage","m1",611,56.8290757675142,6.82907576751417,NA,NA,6.73583385773993,-2.6189811151865,59.4480568827007,43.6270840004984,70.0310675345299,46.2460651156849,72.6500486497164,1,1,0,1,3112.45183110237,3115.78295278549,NA
192,"bart","single_stage","m1",601,42.652123015982,-7.34787698401804,NA,NA,6.60824974067032,1.0910781418632,41.5610448741188,29.700191523422,55.6040545085419,28.6091133815588,54.5129763666787,1,1,0,1,846.260969638824,849.566310167313,NA
193,"bart","single_stage","m1",597,53.3501324506883,3.35013245068831,NA,NA,7.24097665811618,-0.498616035592768,53.8487484862811,39.1580789878854,67.5421859134912,39.6566950234782,68.040801949084,1,1,0,1,5013.14388823509,5033.50263834,NA
194,"bart","single_stage","m1",604,62.6784001271824,12.6784001271824,NA,NA,7.06148846117454,1.09840565796524,61.5799944692172,48.8381370660352,76.5186631883297,47.7397314080699,75.4202575303645,1,1,0,1,4799.41751194,4815.70151257515,NA
195,"bart","single_stage","m1",623,54.0268867104592,4.02688671045916,NA,NA,6.47498702343768,1.13424013564545,52.8926465748137,41.3361453441571,66.7176280767612,40.2019052085116,65.5833879411158,1,1,0,1,860.522151947021,864.13469171524,NA
196,"bart","single_stage","m1",591,58.0292530163035,8.02925301630352,NA,NA,7.59049515314489,0.269254316625172,57.7599986996783,43.1521558913137,72.9063501412933,42.8829015746885,72.6370958246682,1,1,0,1,7331.27290606499,7346.3000087738,NA
197,"bart","single_stage","m1",618,59.7417015085209,9.74170150852093,NA,NA,7.81460337273769,-0.187265400379061,59.9289669089,44.4253603444898,75.058042672552,44.6126257448689,75.2453080729311,1,1,0,1,7100.46202015877,7103.83642816544,NA
198,"bart","single_stage","m1",597,51.622785314179,1.62278531417898,NA,NA,5.9691898418358,-0.221125790863923,51.8439111050429,39.9233882072985,63.3221824210595,40.1445139981624,63.5433082119234,1,1,0,1,4605.88421058655,4626.23152828217,NA
199,"bart","single_stage","m1",627,53.8057740956225,3.80577409562248,NA,NA,6.40847801561063,-2.09407719741833,55.8998512930408,41.2453879893089,66.366160201936,43.3394651867273,68.4602373993544,1,1,0,1,4577.78646874428,4595.18325471878,NA
200,"bart","single_stage","m1",610,46.28325674496,-3.71674325503995,NA,NA,6.72742629520205,0.0165964396176932,46.2666603053424,33.0977434977163,59.4687699922038,33.0811470580986,59.4521735525861,1,1,0,1,3811.69326305389,3851.06269288063,NA
201,"bart","single_stage","m1",603,52.3746288580301,2.37462885803009,NA,NA,5.67995688533344,-0.694884503023211,53.0695133610533,41.2421179290363,63.5071397870239,41.9370024320595,64.2020242900471,1,1,0,1,895.79277920723,932.570009469986,NA
202,"bart","single_stage","m1",621,57.2129599284608,7.21295992846079,NA,NA,7.77447144583516,-0.536447593163757,57.7494075216245,41.9752758957888,72.4506439611327,42.5117234889526,72.9870915542965,1,1,0,1,2757.48250174522,2760.85433411598,NA
203,"bart","single_stage","m1",607,58.588049470656,8.58804947065604,NA,NA,6.44753106570604,0.791476718363995,57.796572752292,45.9511207926691,71.224978148643,45.1596440743051,70.433501430279,1,1,0,1,5178.43763375282,5203.65693068504,NA
204,"bart","single_stage","m1",602,55.5471323459956,5.54713234599565,NA,NA,6.56727527546427,0.0199084547627209,55.5272238912329,42.6755093295253,68.418755362466,42.6556008747626,68.3988469077033,1,1,0,1,6705.19068217278,6726.78242969513,NA
205,"bart","single_stage","m1",620,47.9380213704803,-2.06197862951971,NA,NA,6.98494179293029,0.3214335114818,47.6165878589985,34.2477870222283,61.6282557187323,33.9263535107465,61.3068222072505,1,1,0,1,5076.228505373,5079.65327262878,NA
206,"bart","single_stage","m1",602,45.0898963439513,-4.91010365604871,NA,NA,6.60527496456468,1.22290474115063,43.8669916028007,32.1437953054204,58.0359973824822,30.9208905642698,56.8130926413315,1,1,0,1,856.23973274231,859.603449106216,NA
207,"bart","single_stage","m1",620,51.1828606046156,1.18286060461562,NA,NA,6.3216152024347,-1.1689245376539,52.3517851422695,38.7927224837227,63.5729987255085,39.9616470213766,64.7419232631624,1,1,0,1,6965.92708396912,7003.11246728897,NA
208,"bart","single_stage","m1",615,49.2279744623303,-0.772025537669705,NA,NA,7.81791133957575,0.686349592216722,48.5416248701136,33.9051498024345,64.5507991222261,33.2188002102178,63.8644495300093,1,1,0,1,4802.67681670189,4824.39384698868,NA
209,"bart","single_stage","m1",598,52.4789722460868,2.47897224608684,NA,NA,6.66438778080204,-0.636584473076269,53.1155567191631,39.417012216706,65.5409322754677,40.0535966897823,66.1775167485439,1,1,0,1,5471.1650454998,5492.81099939346,NA
210,"bart","single_stage","m1",606,50.4071921342759,0.407192134275924,NA,NA,7.03081046285684,0.565586841046411,49.8416052932295,36.6270568449491,64.1873274236027,36.0614700039027,63.6217405825563,1,1,0,1,5560.85660052299,5581.78018975258,NA
211,"bart","single_stage","m1",604,47.0974087736597,-2.90259122634029,NA,NA,7.15618197473332,1.05708618896586,46.0403225846938,33.0715498363677,61.1232677109517,32.0144636474018,60.0661815219859,1,1,0,1,4952.68651223183,4998.4293422699,NA
212,"bart","single_stage","m1",627,51.1967107813764,1.1967107813764,NA,NA,6.89250564085896,1.71449217966266,49.4822186017137,37.6876479620537,64.7057736006991,35.973155782391,62.9912814210365,1,1,0,1,1242.32533740997,1245.65326237679,NA
213,"bart","single_stage","m1",622,49.3654710072405,-0.63452899275952,NA,NA,7.31728134867721,0.440691773493526,48.924779233747,35.0238630990865,63.7070789153945,34.583171325593,63.266387141901,1,1,0,1,3413.67526435852,3417.56287956238,NA
214,"bart","single_stage","m1",597,49.3926634060996,-0.607336593900449,NA,NA,5.8036106770312,-1.44321869892006,50.8358821050196,38.0177954988263,60.7675313133728,39.4610141977464,62.2107500122929,1,1,0,1,6858.24870038033,6894.10365700722,NA
215,"bart","single_stage","m1",615,49.0638683786667,-0.936131621333296,NA,NA,6.86159696947887,0.379468456958776,48.6843999217079,35.615385442059,62.5123513152745,35.2359169851002,62.1328828583157,1,1,0,1,6728.94624376297,6744.4467124939,NA
216,"bart","single_stage","m1",612,64.6951228069506,14.6951228069506,NA,NA,7.27722803113058,0.0108938448956621,64.6842289620549,50.4320179586493,78.9582276552518,50.4211241137537,78.9473338103562,0,0,1,1,5470.90619039536,5492.0593893528,NA
217,"bart","single_stage","m1",613,46.6807183531655,-3.3192816468345,NA,NA,6.90644322706126,-1.22685350719541,47.9075718603609,33.1443383668549,60.2170983394761,34.3711918740503,61.4439518466716,1,1,0,1,5368.50739502907,5392.53145980835,NA
218,"bart","single_stage","m1",611,66.3697138034471,16.3697138034471,NA,NA,6.89416945411395,-2.02032958950578,68.3900433929528,52.8573899700676,79.8820376368266,54.8777195595733,81.9023672263323,0,0,1,1,2920.56363320351,2924.60025525093,NA
219,"bart","single_stage","m1",626,54.3303423259388,4.33034232593879,NA,NA,7.00180810551179,0.799833547045345,53.5305087788934,40.6070506124751,68.0536340394025,39.8072170654297,67.2538004923572,1,1,0,1,3077.42066979408,3100.2603187561,NA
220,"bart","single_stage","m1",617,48.939330965767,-1.060669034233,NA,NA,6.50479320700409,-0.857250729351478,49.7965816951185,36.1901705531582,61.6884913783758,37.0474212825097,62.5457421077273,1,1,0,1,1351.0510597229,1354.47847342491,NA
221,"bart","single_stage","m1",619,38.9865440950945,-11.0134559049055,NA,NA,6.88782197092336,-0.584461144925875,39.5710052400204,25.486661100161,52.486427090028,26.0711222450869,53.0708882349538,1,1,0,1,1079.72367167473,1082.97371506691,NA
222,"bart","single_stage","m1",617,53.4451284080495,3.44512840804946,NA,NA,6.85647690761848,0.0893104101946349,53.3558179978548,40.0066806082867,66.8835762078122,39.9173701980921,66.7942657976176,1,1,0,1,4895.35631942749,4919.08046650887,NA
223,"bart","single_stage","m1",596,50.426556371752,0.426556371751985,NA,NA,6.81383890883699,0.208694131934919,50.2178622398171,37.0716775139738,63.7814352295302,36.8629833820389,63.5727410975953,1,1,0,1,4761.83311653137,4774.21989583969,NA
224,"bart","single_stage","m1",656,55.075021166158,5.07502116615799,NA,NA,6.73083815239177,1.44717182477918,53.6278493413788,41.882820801702,68.267221530614,40.4356489769228,66.8200497058348,1,1,0,1,883.672930717468,887.132754087448,NA
225,"bart","single_stage","m1",627,42.6363593240563,-7.36364067594371,NA,NA,6.98250961224036,0.466695092017083,42.1696642320392,28.9508919623605,56.3218266857521,28.4841968703434,55.855131593735,1,1,0,1,5520.30869841576,5523.65103292465,NA
226,"bart","single_stage","m1",626,54.3659541741346,4.36595417413462,NA,NA,7.45954940861026,0.321704211147257,54.0442499629874,39.7455059923614,68.9864023559078,39.4238017812142,68.6646981447605,1,1,0,1,5614.49667334557,5629.56190133095,NA
227,"bart","single_stage","m1",609,54.0982462583209,4.09824625832091,NA,NA,7.08955632581565,-0.223486775597181,54.3217330339181,40.2029711933541,67.9935213232877,40.4264579689513,68.2170080988849,1,1,0,1,4895.80618858337,4911.46104025841,NA
228,"bart","single_stage","m1",607,53.5163451843779,3.51634518437793,NA,NA,6.17072670515658,-0.867667359945372,54.3840125443233,41.4219430838315,65.6107472849243,42.2896104437769,66.4784146448697,1,1,0,1,3829.17284798622,3845.92240786552,NA
229,"bart","single_stage","m1",589,55.828773601655,5.82877360165497,NA,NA,7.08046736541669,-0.685245361470855,56.5140189631258,41.9513125717271,69.7062346315829,42.6365579331979,70.3914799930537,1,1,0,1,4626.71044707298,4640.53816056252,NA
230,"bart","single_stage","m1",634,49.8059108634606,-0.194089136539432,NA,NA,7.5206771755699,0.373575677923633,49.4323351855369,35.0656544599912,64.54616726693,34.6920787820675,64.1725915890064,1,1,0,1,6404.65612792969,6465.07594847679,NA
231,"bart","single_stage","m1",628,54.6010919556289,4.60109195562895,NA,NA,7.97614339927948,-0.141681089035565,54.7427730446645,38.9681381575143,70.2340457537436,39.1098192465499,70.3757268427792,1,1,0,1,5277.72376203537,5300.41030931473,NA
232,"bart","single_stage","m1",625,61.948957075411,11.948957075411,NA,NA,7.65047073886811,1.66308511999456,60.2858719554164,46.954309962452,76.94360418837,45.2912248424574,75.2805190683755,1,1,0,1,5647.30202794075,5697.18681526184,NA
233,"bart","single_stage","m1",630,47.8568129228222,-2.14318707717779,NA,NA,6.33491579472975,1.11822450878285,46.7385884140394,35.440606120058,60.2730197255865,34.3223816112751,59.1547952168036,1,1,0,1,5336.06782746315,5357.07298803329,NA
234,"bart","single_stage","m1",610,47.7860022207071,-2.21399777929291,NA,NA,6.47517505467815,-1.40896107523219,49.1949632959393,35.0948923199457,60.4771121214684,36.5038533951779,61.8860731967006,1,1,0,1,4816.70514249802,4842.4633743763,NA
235,"bart","single_stage","m1",602,46.950997407888,-3.04900259211195,NA,NA,6.93051216676901,-0.679828230348811,47.6308256382369,33.3674431666041,60.534551649172,34.047271396953,61.2143798795208,1,1,0,1,5220.07123589516,5237.53827881813,NA
236,"bart","single_stage","m1",603,38.7323239817933,-11.2676760182067,NA,NA,6.66432370494963,0.875612241295876,37.8567117404974,25.6704895387755,51.7941584248111,24.7948772974796,50.9185461835153,1,1,0,1,1036.95227909088,1040.75286412239,NA
237,"bart","single_stage","m1",605,49.9409520812709,-0.0590479187291493,NA,NA,6.56997373769746,1.4730869643008,48.46786511697,37.0640401760098,62.8178639865319,35.590953211709,61.3447770222311,1,1,0,1,4682.41993045807,4710.85912871361,NA
238,"bart","single_stage","m1",613,73.0177809633437,23.0177809633437,NA,NA,7.12753465994327,-0.567586913854669,73.5853678771983,59.0480697312939,86.9874921953934,59.6156566451486,87.5550791092481,0,0,1,1,4680.65293049812,4701.45503234863,NA
239,"bart","single_stage","m1",610,45.7154499708629,-4.28455002913707,NA,NA,6.57427021897141,-0.593452021174336,46.3089019920373,32.8301171170447,58.6007828246811,33.4235691382191,59.1942348458555,1,1,0,1,4114.13211846352,4117.52223539352,NA
240,"bart","single_stage","m1",632,42.5188436391779,-7.48115636082212,NA,NA,6.97824316030337,0.0339053319883078,42.4849383071896,28.8417383696203,56.1959489087355,28.807833037632,56.1620435767472,1,1,0,1,3989.38863110542,4006.92387986183,NA
241,"bart","single_stage","m1",603,58.1882963822607,8.18829638226065,NA,NA,7.57002037621011,-1.1699735880498,59.3582699703105,43.3513290826545,73.0252636818668,44.5213026707043,74.1952372699166,1,1,0,1,3925.56045675278,3933.12345409393,NA
242,"bart","single_stage","m1",623,49.4859442849378,-0.514055715062227,NA,NA,6.75021548233992,-1.72711241100509,51.2130566959429,36.2557650516669,62.7161235182087,37.9828774626719,64.4432359292138,1,1,0,1,849.590822935104,852.87961935997,NA
243,"bart","single_stage","m1",597,43.1560110044931,-6.84398899550693,NA,NA,6.40175425123124,1.8216318729172,41.3343791315759,30.6088032342037,55.7032187747825,28.7871713612865,53.8815869018653,1,1,0,1,4365.26607918739,4376.27758932114,NA
244,"bart","single_stage","m1",622,50.8599836052084,0.859983605208406,NA,NA,7.56103952414432,1.00723541154501,49.8527481936634,36.0406184522017,65.6793487582151,35.0333830406567,64.6721133466701,1,1,0,1,4566.73903822899,4582.78148436546,NA
245,"bart","single_stage","m1",625,52.1503751316247,2.1503751316247,NA,NA,6.73162421205632,-2.3325695344789,54.4829446661036,38.9566341185365,65.3441161447129,41.2892036530154,67.6766856791918,1,1,0,1,3289.79804325104,3300.18108534813,NA
246,"bart","single_stage","m1",631,50.6316281226016,0.631628122601605,NA,NA,6.48864668853178,2.07748541572402,48.5541427068776,37.9141143046742,63.349141940529,35.8366288889502,61.271656524805,1,1,0,1,5152.61248350143,5185.08806037903,NA
247,"bart","single_stage","m1",593,49.7315154890005,-0.268484510999464,NA,NA,7.51283702050482,-1.07016691984561,50.8016824088461,35.0066255070919,64.4564054709092,36.0767924269375,65.5265723907548,1,1,0,1,3082.58244776726,3085.8711078167,NA
248,"bart","single_stage","m1",593,47.8595196718642,-2.14048032813578,NA,NA,7.30949313628191,0.193614905226262,47.665904766638,33.533176379509,62.1858629642195,33.3395614742827,61.9922480589932,1,1,0,1,840.172103643417,843.52618265152,NA
249,"bart","single_stage","m1",581,49.2013818629569,-0.7986181370431,NA,NA,7.07425042974395,-1.01473967756973,50.2161215405266,35.3361058030418,63.066657922872,36.3508454806115,64.0813976004418,1,1,0,1,4669.600720644,4709.02547764778,NA
250,"bart","single_stage","m1",600,46.6752723134832,-3.32472768651675,NA,NA,6.26190326178488,0.530176037831197,46.1450962756521,34.402167445711,58.9483771812555,33.8719914078798,58.4182011434243,1,1,0,1,3636.03051328659,3666.66345691681,NA
251,"bart","single_stage","m1",606,52.1942894969611,2.19428949696114,NA,NA,7.02393863308995,-0.826856985436777,53.0211464823979,38.4276227464853,65.9609562474369,39.2544797319221,66.7878132328737,1,1,0,1,5143.41138076782,5165.03027224541,NA
252,"bart","single_stage","m1",602,48.7487544378825,-1.25124556211752,NA,NA,7.40906359704371,-0.732320949644105,49.4810753875266,34.22725662851,63.2702522472549,34.9595775781541,64.002573196899,1,1,0,1,1487.33380484581,1509.46892499924,NA
253,"bart","single_stage","m1",608,57.5291279338807,7.52912793388071,NA,NA,6.98616691670197,1.23109871002885,56.2980292238519,43.8364923871596,71.2217634806018,42.6053936771308,69.9906647705729,1,1,0,1,1407.27923536301,1410.94425010681,NA
254,"bart","single_stage","m1",612,47.161663896909,-2.83833610309099,NA,NA,6.53393704696412,0.850860822320605,46.3108030745884,34.3553826076074,59.9679451862107,33.5045217852867,59.1170843638901,1,1,0,1,4813.89418578148,4833.58290028572,NA
255,"bart","single_stage","m1",586,56.8499178324019,6.84991783240186,NA,NA,7.21201613516517,-2.23927239104025,59.0891902234421,42.7146259515564,70.9852097132473,44.9538983425966,73.2244821042876,1,1,0,1,3836.57799530029,3852.35222101212,NA
256,"bart","single_stage","m1",607,40.9333721143237,-9.06662788567628,NA,NA,6.56350774583609,-0.386634029277758,41.3200061436015,28.0691333202353,53.7976109084121,28.4557673495131,54.1842449376899,1,1,0,1,2169.05880093575,2187.29502820969,NA
257,"bart","single_stage","m1",586,37.7518746264196,-12.2481253735804,NA,NA,5.9215104062389,-1.23291680304384,38.9847914294634,26.1459274961122,49.357821756727,27.3788442991561,50.5907385597708,0,1,1,1,3540.59219622612,3543.85450983047,NA
258,"bart","single_stage","m1",587,41.3844692569096,-8.61553074309045,NA,NA,5.96806107621931,2.42044244956451,38.964026807345,29.6872844899843,53.0816540238348,27.2668420404198,50.6612115742702,1,1,0,1,4492.37502074242,4505.56666445732,NA
259,"bart","single_stage","m1",626,56.7625168415834,6.76251684158342,NA,NA,6.61078246111959,-0.495163025560537,57.257679867144,43.80562130816,69.7194123750069,44.3007843337205,70.2145754005674,1,1,0,1,1057.45535588264,1060.74776506424,NA
260,"bart","single_stage","m1",611,52.1964132134265,2.19641321342654,NA,NA,6.68530349546365,0.649782671860095,51.5466305415664,39.093459136598,65.299367290255,38.443676464738,64.6495846183949,1,1,0,1,4855.82615947723,4908.47535324097,NA
261,"bart","single_stage","m1",595,46.8541615603147,-3.14583843968531,NA,NA,6.62934404167538,-0.249253453492102,47.1034150138068,33.8608859975057,59.8474371231236,34.1101394509978,60.0966905766157,1,1,0,1,4313.68982100487,4326.22696590424,NA
262,"bart","single_stage","m1",632,57.1563523795609,7.15635237956094,NA,NA,6.37841302846403,-1.1684835120335,58.3248358915944,44.6548925652504,69.6578121938715,45.8233760772839,70.826295705905,1,1,0,1,4644.85684466362,4665.01776766777,NA
263,"bart","single_stage","m1",631,44.4946692835552,-5.50533071644475,NA,NA,7.15896551592683,-0.543202058168355,45.0378713417236,30.4633547057744,58.525983861336,31.0065567639428,59.0691859195044,1,1,0,1,3611.20122861862,3621.39199614525,NA
264,"bart","single_stage","m1",616,52.3578409001121,2.35784090011205,NA,NA,6.77351326400241,0.0548126165810956,52.303028283531,39.081998853863,65.6336829463611,39.0271862372819,65.57887032978,1,1,0,1,3830.80341339111,3839.36962151527,NA
265,"bart","single_stage","m1",615,51.140307726163,1.14030772616299,NA,NA,5.56976027927514,0.170056883671471,50.9702508424915,40.223778176262,62.056837276064,40.0537212925905,61.8867803923925,1,1,0,1,5062.42333865166,5086.51005005836,NA
266,"bart","single_stage","m1",599,53.5541744114353,3.55417441143533,NA,NA,7.86679640272531,0.964713811121491,52.5894606003138,38.1355367883845,68.9728120344862,37.170822977263,68.0080982233647,1,1,0,1,850.915963411331,854.195832490921,NA
267,"bart","single_stage","m1",607,49.96568356112,-0.034316438880019,NA,NA,5.96318608022414,-1.43103293663822,51.3967164977582,38.2780536107701,61.6533135114699,39.7090865474083,63.0843464481081,1,1,0,1,4911.92367720604,4915.21460366249,NA
268,"bart","single_stage","m1",575,55.9416440295025,5.94164402950248,NA,NA,7.52790019036079,-1.69121830223825,57.6328623317407,41.1872307771831,70.6960572818218,42.8784490794214,72.3872755840601,1,1,0,1,1105.87385821342,1109.67663669586,NA
269,"bart","single_stage","m1",584,57.6501877645758,7.65018776457581,NA,NA,8.08880470185098,-1.99080787194617,59.640995636522,41.7964218709697,73.503953658182,43.7872297429158,75.4947615301281,1,1,0,1,3934.38790988922,3951.59035229683,NA
270,"bart","single_stage","m1",630,41.4986886431638,-8.50131135683623,NA,NA,6.32702399981844,0.369262345777784,41.129426297386,29.0979494741991,53.8994278121285,28.7286871284213,53.5301654663507,1,1,0,1,4039.90876030922,4052.15787863731,NA
271,"bart","single_stage","m1",622,50.187006442724,0.187006442723963,NA,NA,5.98594264338105,-0.119018940835574,50.3060253835595,38.4547744481746,61.9192384372733,38.5737933890102,62.0382573781089,1,1,0,1,4818.04435610771,4870.47190356255,NA
272,"bart","single_stage","m1",608,49.0232072466313,-0.976792753368677,NA,NA,6.26626639678733,-0.18743269335058,49.2106399399819,36.7415507913946,61.3048637018681,36.9289834847452,61.4922963952186,1,1,0,1,4385.23707509041,4403.11693096161,NA
273,"bart","single_stage","m1",603,47.3627398190173,-2.63726018098274,NA,NA,6.98738341213822,-1.82798778174087,49.1907276007581,33.6677199850538,61.0577596529807,35.4957077667946,62.8857474347216,1,1,0,1,5155.88377642632,5181.11208581924,NA
274,"bart","single_stage","m1",618,50.6487276743171,0.648727674317051,NA,NA,7.17272985370748,-0.298489118565115,50.9472167928822,36.5904354902151,64.707019858419,36.8889246087803,65.0055089769841,1,1,0,1,4312.31291270256,4333.03078579903,NA
275,"bart","single_stage","m1",612,54.5605444795614,4.56054447956141,NA,NA,6.7495693465907,0.248719677691561,54.3118248018698,41.3316316490881,67.7894573100347,41.0829119713965,67.5407376323432,1,1,0,1,4546.16090679169,4579.62182688713,NA
276,"bart","single_stage","m1",605,71.859612784073,21.859612784073,NA,NA,6.65093800305285,0.423279240779294,71.4363335432937,58.8240138346807,84.8952117334653,58.4007345939014,84.471932492686,0,0,1,1,3844.86703109741,3874.57716679573,NA
277,"bart","single_stage","m1",613,52.6273870263649,2.62738702636489,NA,NA,6.47945742722166,-0.849135971355366,53.4765229977203,39.9278838296499,65.3268902230799,40.7770198010052,66.1760261944353,1,1,0,1,4516.71942210197,4540.90235090256,NA
278,"bart","single_stage","m1",593,44.4711655140402,-5.52883448595978,NA,NA,6.25121952189573,1.0986330755675,43.3725324384727,32.2190003916709,56.7233306364095,31.1203673161034,55.624697560842,1,1,0,1,3391.236287117,3407.37807917595,NA
279,"bart","single_stage","m1",635,39.3206187176584,-10.6793812823416,NA,NA,5.45085368696668,-1.13639897394143,40.4570176915998,28.6371418062063,50.0040956291104,29.7735407801477,51.1404946030519,1,1,0,1,4129.58564901352,4154.36694908142,NA
280,"bart","single_stage","m1",601,42.8560089929002,-7.14399100709981,NA,NA,7.7184855080595,0.468408744252912,42.3876002486473,27.7280553819092,57.9839626038911,27.2596466376563,57.5155538596382,1,1,0,1,4029.6338224411,4037.0015232563,NA
281,"bart","single_stage","m1",601,58.7224288858071,8.72242888580707,NA,NA,6.38639373486994,1.49057270886423,57.2318561769428,46.2053271743697,71.2395305972444,44.7147544655055,69.7489578883802,1,1,0,1,3933.48793911934,3954.03620767593,NA
282,"bart","single_stage","m1",621,55.0939595395256,5.09395953952561,NA,NA,6.8082554723374,1.98859378350683,53.1053657560188,41.7500240161966,68.4378950628546,39.7614302326898,66.4493012793478,1,1,0,1,4158.74051904678,4182.24092650414,NA
283,"bart","single_stage","m1",603,44.227082071699,-5.77291792830104,NA,NA,6.47763474902897,-1.48617612397201,45.713258195671,31.531151258597,56.9230128848009,33.017327382569,58.4091890087729,1,1,0,1,6419.6546998024,6465.16786313057,NA
284,"bart","single_stage","m1",599,49.484742291357,-0.515257708642984,NA,NA,6.89511621985394,-0.0909401411342472,49.5756824324913,35.9705628312253,62.9989217514887,36.0615029723596,63.0898618926229,1,1,0,1,4181.36593842506,4192.29181337357,NA
285,"bart","single_stage","m1",633,52.6275242036419,2.62752420364191,NA,NA,6.59779318595379,-0.894626212439576,53.5221504160815,39.6960871817287,65.5589612255551,40.5907133941683,66.4535874379947,1,1,0,1,4422.06527352333,4450.35498285294,NA
286,"bart","single_stage","m1",601,42.6906087589212,-7.30939124107884,NA,NA,7.75647817307142,0.160888842694,42.5297199162272,27.4881908928301,57.8930266250122,27.3273020501361,57.7321377823182,1,1,0,1,4853.09618520737,4869.30234384537,NA
287,"bart","single_stage","m1",620,53.3481792942466,3.34817929424663,NA,NA,8.40565162169421,-0.853230085239531,54.2014093794862,36.8734048491353,69.822953739358,37.7266349343748,70.6761838245975,1,1,0,1,3804.87339091301,3819.3771777153,NA
288,"bart","single_stage","m1",593,60.3022056729904,10.3022056729904,NA,NA,6.92104759214619,-2.64272506349756,62.944930736488,46.7372016570962,73.8672096888846,49.3799267205938,76.5099347523822,1,1,0,1,3966.08979225159,3979.14263749123,NA
289,"bart","single_stage","m1",594,43.9558345858127,-6.04416541418732,NA,NA,7.02084629861515,-1.29090138947549,45.2467359752882,30.1952286995356,57.7164404720897,31.4861300890111,59.0073418615652,1,1,0,1,845.256341934204,848.551623106003,NA
290,"bart","single_stage","m1",591,63.3851209932777,13.3851209932777,NA,NA,7.10485561154385,-0.403904794050561,63.7890257873282,49.4598598792944,77.3103821072609,49.863764673345,77.7142869013115,1,1,0,1,3312.11667084694,3331.78047609329,NA
291,"bart","single_stage","m1",623,59.5953354604116,9.59533546041157,NA,NA,6.63691202812468,-1.3635695520338,60.9589050124454,46.5872269167265,72.6034440040966,47.9507964687603,73.9670135561304,1,1,0,1,4180.501973629,4194.18835306168,NA
292,"bart","single_stage","m1",605,51.6646679994901,1.66466799949013,NA,NA,7.38773013198611,-0.127757500949315,51.7924255004394,37.184983013296,66.1443529856842,37.3127405142453,66.2721104866336,1,1,0,1,3591.55279517174,3614.20347523689,NA
293,"bart","single_stage","m1",632,56.4604310884563,6.46043108845626,NA,NA,6.63927422294386,-2.66523623347889,59.1256673219352,43.4476927280012,69.4731694489114,46.11292896148,72.1384056823903,1,1,0,1,4342.11360955238,4359.57572197914,NA
294,"bart","single_stage","m1",589,38.5185477498663,-11.4814522501337,NA,NA,7.0924725831531,0.772177177771319,37.7463705720949,24.6175569255484,52.4195385741841,23.8453797477771,51.6473613964128,1,1,0,1,4385.43593025208,4404.48121929169,NA
295,"bart","single_stage","m1",615,50.7832269913684,0.78322699136843,NA,NA,6.28285533308417,-0.189471322542772,50.9726983139112,38.4690568184481,63.0973971642888,38.6585281409908,63.2868684868316,1,1,0,1,4242.63993930817,4246.00353145599,NA
296,"bart","single_stage","m1",600,64.2062442727114,14.2062442727114,NA,NA,9.15701256081666,-0.0570780369433237,64.2633223096548,46.2588294475299,82.153659097893,46.3159074844732,82.2107371348363,1,1,0,1,1618.5259706974,1621.76906371117,NA
297,"bart","single_stage","m1",593,52.7805086465713,2.78050864657135,NA,NA,7.95972120191964,-1.88062013564115,54.6611287822125,37.179741763829,68.3812755293137,39.0603618994701,70.2618956649549,1,1,0,1,3587.51623463631,3595.58964896202,NA
298,"bart","single_stage","m1",614,43.9419780944417,-6.05802190555826,NA,NA,6.88193284917342,-1.42715181145323,45.369129905895,30.4536375660387,57.4303186228448,31.880789377492,58.857470434298,1,1,0,1,3196.41773962975,3210.28961515427,NA
299,"bart","single_stage","m1",588,48.100010934512,-1.899989065488,NA,NA,7.46356585687132,-1.00391735250248,49.1039282870145,33.4716906588014,62.7283312102226,34.4756080113039,63.7322485627251,1,1,0,1,1172.09156823158,1176.59655499458,NA
300,"bart","single_stage","m1",610,62.7953985174835,12.7953985174835,NA,NA,7.71639632655324,-0.663324805704477,63.4587233231879,47.6715396270019,77.919257407965,48.3348644327064,78.5825822136695,1,1,0,1,4928.6453306675,4932.0384542942,NA
301,"bart","single_stage","m1",617,55.4058303544879,5.40583035448785,NA,NA,6.38413535997444,1.29094197614767,54.1148883783402,42.8931549765093,67.9185057324664,41.6022130003616,66.6275637563187,1,1,0,1,3948.40193629265,3957.95175290108,NA
302,"bart","single_stage","m1",630,58.3577050605815,8.35770506058151,NA,NA,6.92494215220979,-0.775075861731771,59.1327809223133,44.785067847227,71.930342273936,45.5601437089588,72.7054181356678,1,1,0,1,4094.10381746292,4104.04067254066,NA
303,"bart","single_stage","m1",625,54.7611353657806,4.76113536578059,NA,NA,6.81741746270597,-0.477259108055087,55.2383944738357,41.3992426713024,68.1230280602587,41.8765017793575,68.6002871683138,1,1,0,1,1853.75082302094,1857.0845117569,NA
304,"bart","single_stage","m1",603,63.2973622590479,13.2973622590479,NA,NA,8.0386399250725,-1.33624162386536,64.6336038829133,47.54191752122,79.0528069968758,48.8781591450854,80.3890486207411,1,1,0,1,3917.98760986328,3941.79446959496,NA
305,"bart","single_stage","m1",599,45.7301846818412,-4.26981531815877,NA,NA,7.24358392093181,-1.15404693087527,46.8842316127165,31.5330210778214,59.927348285861,32.6870680086967,61.0813952167363,1,1,0,1,4203.84027051926,4212.84218287468,NA
306,"bart","single_stage","m1",601,42.9994870724759,-7.00051292752407,NA,NA,7.02183736234385,0.970185511740667,42.0293015607353,29.2369387369843,56.7620354079676,28.2667532252436,55.7918498962269,1,1,0,1,2013.20466423035,2017.16134524345,NA
307,"bart","single_stage","m1",579,49.2335664620537,-0.766433537946348,NA,NA,6.25294768563,-0.214250802478801,49.4478172645325,36.9780142010058,61.4891187231015,37.1922650034846,61.7033695255803,1,1,0,1,4535.03355097771,4557.63133811951,NA
308,"bart","single_stage","m1",596,62.7036873454135,12.7036873454135,NA,NA,6.55722231043791,-0.721174478473969,63.4248618238874,49.8517677783326,75.5556069124943,50.5729422568066,76.2767813909683,1,0,0,1,3761.85292577744,3769.76270604134,NA
309,"bart","single_stage","m1",614,43.053729157633,-6.94627084236697,NA,NA,6.18709600574633,1.34791803970622,41.7058111179268,30.9272438174786,55.1802144977875,29.5793257777724,53.8322964580812,1,1,0,1,4277.70406246185,4288.18264341354,NA
310,"bart","single_stage","m1",627,49.8558930019477,-0.144106998052322,NA,NA,6.79414415024708,-0.272230331364518,50.1281233333122,36.5396151616899,63.1721708422054,36.8118454930544,63.44440117357,1,1,0,1,3745.12277126312,3769.50908637047,NA
311,"bart","single_stage","m1",603,51.0789333789962,1.07893337899625,NA,NA,6.69758241477798,-1.12711806707504,52.2060514460713,37.9519130625426,64.2059536954499,39.0790311296176,65.3330717625249,1,1,0,1,3888.57105469704,3897.21854496002,NA
312,"bart","single_stage","m1",629,51.1184767254761,1.11847672547613,NA,NA,7.32585669107809,-1.47792759787968,52.5964043233558,36.7600614550613,65.476891995891,38.237989052941,66.9548195937706,1,1,0,1,3976.22538781166,3998.544465065,NA
313,"bart","single_stage","m1",605,54.122342410533,4.12234241053298,NA,NA,6.62408033880942,1.68050789997348,52.4418345105595,41.1393835157667,67.1053013052993,39.4588756157932,65.4247934053258,1,1,0,1,2631.15322160721,2634.52759981155,NA
314,"bart","single_stage","m1",609,45.7087934124936,-4.29120658750642,NA,NA,5.84403333087936,-1.99949552692615,47.7082889394197,34.2546985595184,57.1628882654688,36.2541940864445,59.1623837923949,1,1,0,1,4703.98342442513,4739.22065758705,NA
315,"bart","single_stage","m1",627,63.2592942847687,13.2592942847687,NA,NA,6.58765649033803,0.356313176822937,62.9029811079457,50.3477248211846,76.1708637483527,49.9914116443617,75.8145505715298,0,1,1,1,5648.38503217697,5655.33161592484,NA
316,"bart","single_stage","m1",608,43.0029819873227,-6.99701801267725,NA,NA,6.60694040095635,0.698024019386551,42.3049579679362,30.0536167534457,55.9523472211998,29.3555927340591,55.2543232018132,1,1,0,1,3784.73759436607,3809.74201464653,NA
317,"bart","single_stage","m1",611,54.2878594575537,4.28785945755367,NA,NA,7.48367604416601,2.05527910974953,52.2325803478041,39.6201239390231,68.9555949760842,37.5648448292736,66.9003158663347,1,1,0,1,4020.47284078598,4036.18431162834,NA
318,"bart","single_stage","m1",605,45.3812914171751,-4.61870858282488,NA,NA,6.89150606830632,-0.0572312139128215,45.4385226310879,31.8741877240555,58.8883951102947,31.9314189379683,58.9456263242076,1,1,0,1,4184.00972604752,4205.0547106266,NA
319,"bart","single_stage","m1",602,53.0839901244913,3.0839901244913,NA,NA,6.81253954883833,0.0253119102251063,53.0586782142662,39.7316579655134,66.4363222834692,39.7063460552883,66.4110103732441,1,1,0,1,4464.63867354393,4473.63799262047,NA
320,"bart","single_stage","m1",617,49.8379907143832,-0.16200928561679,NA,NA,6.33446700720912,-0.323858210316246,50.1618489246995,37.4226635189961,62.2533179097703,37.7465217293124,62.5771761200865,1,1,0,1,4099.71712779999,4110.95265626907,NA
321,"bart","single_stage","m1",595,63.7230696181693,13.7230696181693,NA,NA,7.59850778087832,0.718053826474168,63.0050157916951,48.8302680314004,78.6158712049382,48.1122142049262,77.897817378464,1,1,0,1,3904.64127111435,3916.4098045826,NA
322,"bart","single_stage","m1",607,58.0680241298333,8.06802412983335,NA,NA,7.05441529857455,-0.170299053569913,58.2383231834033,44.2416242126389,71.8944240470278,44.4119232662088,72.0647231005977,1,1,0,1,4014.06949925423,4025.39782691002,NA
323,"bart","single_stage","m1",608,64.0124800118744,14.0124800118744,NA,NA,6.47604984505456,0.669857562559969,63.3426224493144,51.3196555534813,76.7053044702675,50.6497979909213,76.0354469077076,0,0,1,1,3508.64879059792,3519.1567428112,NA
324,"bart","single_stage","m1",618,51.9371628851688,1.93716288516877,NA,NA,6.38359218380471,-2.47094051621267,54.4081034013814,39.4255521129202,64.4487736574174,41.8964926291328,66.9197141736301,1,1,0,1,3817.83378696442,3837.54043745995,NA
325,"bart","single_stage","m1",615,55.4027865777002,5.40278657770019,NA,NA,6.67328892898552,-0.875012339842648,56.2777989175428,42.3233806184587,68.4821925369417,43.1983929583014,69.3572048767843,1,1,0,1,3991.52700924873,4009.51831150055,NA
326,"bart","single_stage","m1",588,64.8651592521646,14.8651592521646,NA,NA,7.16059262259348,-2.41687613175542,67.28203538392,50.8306556039181,78.899662900411,53.2475317356736,81.3165390321664,0,0,1,1,4000.48258948326,4014.8204627037,NA
327,"bart","single_stage","m1",624,60.9227398770182,10.9227398770182,NA,NA,7.92348838444394,0.961799327130784,59.9609405498874,45.3929880115866,76.4524917424498,44.4311886844559,75.490692415319,1,1,0,1,4340.11442947388,4358.94413852692,NA
328,"bart","single_stage","m1",626,44.221991598803,-5.77800840119703,NA,NA,6.36205629825593,-0.539342617912354,44.7613342167153,31.7525903866051,56.6913928110008,32.2919330045175,57.2307354289132,1,1,0,1,3897.24130892754,3909.92738246918,NA
329,"bart","single_stage","m1",608,36.1733389219236,-13.8266610780764,NA,NA,6.03774892537531,1.37525714225976,34.7980817796638,24.3395684804926,48.0071093633546,22.9643113382328,46.6318522210948,0,0,1,1,3928.5675637722,3939.85746765137,NA
330,"bart","single_stage","m1",586,40.1902141735143,-9.8097858264857,NA,NA,7.12782053886878,2.05737016401752,38.1328440094968,26.2199426290666,54.160485717962,24.1625724650491,52.1031155539445,1,1,0,1,4233.42808675766,4249.64921402931,NA
331,"bart","single_stage","m1",605,42.1775757807358,-7.82242421926422,NA,NA,5.48314460632837,-0.668682120186084,42.8462579009219,31.4308098303071,52.9243417311644,32.0994919504932,53.5930238513505,1,1,0,1,3921.11997914314,3927.9942510128,NA
332,"bart","single_stage","m1",629,51.6418757132956,1.64187571329555,NA,NA,7.02154599701602,-1.21169002709672,52.8535657403923,37.8798984433528,65.4038529832383,39.0915884704495,66.6155430103351,1,1,0,1,3848.96856951714,3855.30164790154,NA
333,"bart","single_stage","m1",620,48.6135819392719,-1.38641806072805,NA,NA,5.93298563199442,-1.8351812946334,50.4487632339053,36.9851437797693,60.2420200987746,38.8203250744027,62.077201393408,1,1,0,1,3944.06701087952,3962.56430602074,NA
334,"bart","single_stage","m1",587,61.6693653568863,11.6693653568863,NA,NA,6.76781059204257,-1.21281915068075,62.8821845075671,48.4047003422942,74.9340303714785,49.6175194929749,76.1468495221592,1,1,0,1,3785.91221356392,3806.17589235306,NA
335,"bart","single_stage","m1",617,52.0710549052277,2.07105490522765,NA,NA,7.25758382465018,-2.2872584708275,54.3583133760552,37.8464519941328,66.2956578163225,40.1337104649603,68.58291628715,1,1,0,1,3970.35700106621,3980.4125430584,NA
336,"bart","single_stage","m1",632,55.1897782900796,5.18977829007956,NA,NA,6.35594093974098,0.254468691903085,54.9353095981765,42.7323629603236,67.6471936198355,42.4778942684205,67.3927249279324,1,1,0,1,4243.20546770096,4246.63893938065,NA
337,"bart","single_stage","m1",603,49.4301570272746,-0.569842972725361,NA,NA,7.09105356570851,-1.16530484384973,50.5954618711244,35.5319474260416,63.3283666285076,36.6972522698914,64.4936714723574,1,1,0,1,3162.49034309387,3175.51947283745,NA
338,"bart","single_stage","m1",609,49.2633876672948,-0.736612332705242,NA,NA,6.00169217571007,-1.75725042669183,51.0206380939866,37.5002871566072,61.0264881779823,39.257537583299,62.7837386046742,1,1,0,1,3519.56341147423,3537.50739955902,NA
339,"bart","single_stage","m1",624,48.7855804955717,-1.21441950442831,NA,NA,6.34714741610098,0.808376504935602,47.9772039906361,36.3454001554473,61.2257608356961,35.5370236505117,60.4173843307605,1,1,0,1,3024.74669551849,3028.5331401825,NA
340,"bart","single_stage","m1",643,55.1333921169515,5.13339211695155,NA,NA,7.68580348015516,1.66999666378903,53.4633954531625,40.0694941035948,70.1972901303083,38.3994974398058,68.5272934665192,1,1,0,1,4053.38753461838,4070.32051062584,NA
341,"bart","single_stage","m1",620,48.4661488700092,-1.53385112999077,NA,NA,6.86782219590459,1.80694301243224,46.659205857577,35.0054647138114,61.926833026207,33.1985217013792,60.1198900137748,1,1,0,1,2911.25406527519,2918.25352406502,NA
342,"bart","single_stage","m1",599,42.885871787216,-7.11412821278398,NA,NA,7.14180623243225,-1.06072429862452,43.9465960858405,28.8881887870851,56.8835547873469,29.9489130857096,57.9442790859714,1,1,0,1,4151.7643134594,4163.48134946823,NA
343,"bart","single_stage","m1",601,54.6934325193028,4.69343251930284,NA,NA,6.70725637453045,0.788986765680086,53.9044457536228,41.5474515901465,67.8394134484592,40.7584648244664,67.0504266827791,1,1,0,1,2915.58679485321,2931.02080893517,NA
344,"bart","single_stage","m1",599,50.634761218948,0.634761218948043,NA,NA,7.35160544660851,0.549827053590711,50.0849341653573,36.2258793150469,65.0436431228492,35.6760522614562,64.4938160692585,1,1,0,1,3703.56446003914,3711.98954439163,NA
345,"bart","single_stage","m1",600,53.8206817063657,3.82068170636573,NA,NA,7.2086526003516,0.174613204574605,53.6460685017911,39.6919822326156,67.9493811801159,39.517369028041,67.7747679755413,1,1,0,1,3276.80205202103,3294.58965921402,NA
346,"bart","single_stage","m1",602,49.4341048002043,-0.565895199795676,NA,NA,6.99743763780909,0.458045106866528,48.9760596933378,35.7193790460335,63.1488305543752,35.261333939167,62.6907854475086,1,1,0,1,4398.6351723671,4403.15170288086,NA
347,"bart","single_stage","m1",606,58.6690158049611,8.66901580496115,NA,NA,7.1449978648374,0.234239518679701,58.4347762862814,44.6650773202643,72.672954289658,44.4308378015846,72.4387147709783,1,1,0,1,3974.12504482269,3996.55656313896,NA
348,"bart","single_stage","m1",609,44.2656677844631,-5.73433221553692,NA,NA,6.31027286259472,1.67668634535826,42.5889814391048,31.897760241157,56.6335753277692,30.2210738957987,54.9568889824109,1,1,0,1,3549.35665130615,3570.28500342369,NA
349,"bart","single_stage","m1",612,50.7897569581992,0.789756958199249,NA,NA,6.78848422994919,-0.654987604082464,51.4447445622817,37.4845723578807,64.0949415585178,38.1395599619632,64.7499291626002,1,1,0,1,3838.0477514267,3851.81521391869,NA
350,"bart","single_stage","m1",620,44.0522420098344,-5.9477579901656,NA,NA,5.79693691071233,-1.5117863716121,45.5640283814465,32.6904544441874,55.4140295754814,34.2022408157995,56.9258159470935,1,1,0,1,3952.84700393677,4000.90580296516,NA
351,"bart","single_stage","m1",595,45.0774768703048,-4.92252312969523,NA,NA,6.02281122124552,0.824594286547892,44.2528825837569,33.2729837909799,56.8819699496297,32.448389504432,56.0573756630818,1,1,0,1,3684.88049149513,3708.114579916,NA
352,"bart","single_stage","m1",605,58.9899476607842,8.98994766078415,NA,NA,6.63818726499403,0.618316667694444,58.3716309930897,45.9793396987634,72.0005556228049,45.361023031069,71.3822389551105,1,1,0,1,3906.53102326393,3926.09836363792,NA
353,"bart","single_stage","m1",629,50.9282254290345,0.928225429034462,NA,NA,6.41843346696336,-1.21182756322571,52.1400529922602,38.3483269966197,63.5081238614492,39.5601545598454,64.7199514246749,1,1,0,1,4708.82352876663,4744.49797534943,NA
354,"bart","single_stage","m1",611,42.0145489446723,-7.98545105532767,NA,NA,6.44915985855208,-0.173477114461761,42.1880260591341,29.3744278913688,54.6546699979758,29.5479050058306,54.8281471124376,1,1,0,1,4325.42096948624,4337.63282871246,NA
355,"bart","single_stage","m1",622,51.2278701671896,1.22787016718955,NA,NA,5.31779229105827,0.960688222825901,50.2671819443636,40.8051887994506,61.6505515349285,39.8445005766247,60.6898633121026,1,1,0,1,3399.30636358261,3408.2304391861,NA
356,"bart","single_stage","m1",596,52.8249825762289,2.82498257622887,NA,NA,5.980002956494,-0.680142293018214,53.5051248692471,41.1043921540576,64.5455729984002,41.7845344470758,65.2257152914184,1,1,0,1,3832.18409466743,3847.58542966843,NA
357,"bart","single_stage","m1",611,70.6402629317096,20.6402629317096,NA,NA,6.93600717962307,-1.36577767478452,72.0060406064942,57.0459386631372,84.2345872002821,58.4117163379217,85.6003648750666,0,0,1,1,3796.85517382622,3807.66309547424,NA
358,"bart","single_stage","m1",611,60.3067860021653,10.3067860021653,NA,NA,6.97439561644047,0.246238151579391,60.0605478505859,46.637221780008,73.9763502243226,46.3909836284286,73.7301120727433,1,1,0,1,3801.6921172142,3809.48075413704,NA
359,"bart","single_stage","m1",610,49.0004432811392,-0.999556718860838,NA,NA,6.35394385612859,0.8046096858046,48.1958335953346,36.5469421633376,61.4539443989407,35.742332477533,60.6493347131361,1,1,0,1,4035.96552538872,4042.89244484901,NA
360,"bart","single_stage","m1",630,61.5267830958961,11.5267830958961,NA,NA,7.50233012246225,0.344960071920731,61.1818230239754,46.8224862557402,76.2310799360521,46.4775261838194,75.8861198641314,1,1,0,1,5161.08330750465,5184.35564661026,NA
361,"bart","single_stage","m1",616,44.8803490799629,-5.11965092003712,NA,NA,6.70044641979059,-0.618936213981229,45.4992852939441,31.747715416833,58.0129827430928,32.3666516308142,58.631918957074,1,1,0,1,2007.37532877922,2010.72823405266,NA
362,"bart","single_stage","m1",629,51.5404269192666,1.54042691926656,NA,NA,6.15459582837388,-1.02110299989821,52.5615299191648,39.4776407562533,63.6032130822798,40.4987437561515,64.624316082178,1,1,0,1,1166.86124372482,1170.24363446236,NA
363,"bart","single_stage","m1",617,37.7605684120485,-12.2394315879515,NA,NA,5.8882328768823,0.99214153142843,36.7684268806201,26.2198440407745,49.3012927833225,25.2277025093461,48.309151251894,0,0,1,1,3843.58618187904,3868.41863393784,NA
364,"bart","single_stage","m1",586,59.4877206420593,9.48772064205932,NA,NA,7.20222141889661,-1.48551068691896,60.9732313289783,45.371626052339,73.6038152317796,46.857136739258,75.0893259186986,1,1,0,1,3423.44101548195,3449.30205464363,NA
365,"bart","single_stage","m1",574,50.3435950905577,0.343595090557677,NA,NA,7.47859319069999,0.0597118953239928,50.2838831952337,35.6858217817592,65.0013683993561,35.6261098864352,64.9416565040322,1,1,0,1,3797.40640211105,3808.90488100052,NA
366,"bart","single_stage","m1",622,55.5198771438,5.5198771438,NA,NA,6.39061356341911,-3.14480485527096,58.664681999071,42.9945047203854,68.0452495672146,46.1393095756563,71.1900544224856,1,1,0,1,4107.16501832008,4125.78999471664,NA
367,"bart","single_stage","m1",621,55.6339542934423,5.63395429344234,NA,NA,6.83235991867053,0.201721150720381,55.432233142722,42.2427749234331,69.0251336634516,42.0410537727127,68.8234125127312,1,1,0,1,3972.88826775551,3979.80183529854,NA
368,"bart","single_stage","m1",590,46.0058103129898,-3.99418968701016,NA,NA,6.93238188800301,-0.102902852764224,46.1087131657541,32.4185914854262,59.5930291405535,32.5214943381904,59.6959319933177,1,1,0,1,3617.43103098869,3644.53467559814,NA
369,"bart","single_stage","m1",605,47.401747920282,-2.598252079718,NA,NA,6.81100047382196,-0.653763425818291,48.0555113461003,34.0524322929057,60.7510635476583,34.706195718724,61.4048269734766,1,1,0,1,3676.21369171143,3690.52349328995,NA
370,"bart","single_stage","m1",578,58.8249891251757,8.8249891251757,NA,NA,6.95003202972605,0.990396191684944,57.8345929334908,45.2031766555128,72.4468015948386,44.2127804638279,71.4564054031536,1,1,0,1,3568.38588190079,3579.85132026672,NA
371,"bart","single_stage","m1",572,51.8693846409271,1.86938464092708,NA,NA,7.85626813706636,1.18106436394675,50.6883202769803,36.4713820393874,67.2673872424667,35.2903176754407,66.08632287852,1,1,0,1,4251.67603397369,4281.28186273575,NA
372,"bart","single_stage","m1",592,56.924782718715,6.92478271871504,NA,NA,8.40448424065296,-0.466167523247286,57.3909502419623,40.4522962984008,73.3972691390293,40.9184638216481,73.8634366622766,1,1,0,1,3704.18256235123,3716.5003323555,NA
373,"bart","single_stage","m1",610,40.9941044060216,-9.00589559397839,NA,NA,6.43471410143678,0.874569459135849,40.1195349468858,28.3822965163935,53.6059122956497,27.5077270572577,52.7313428365139,1,1,0,1,4196.74065923691,4221.17518544197,NA
374,"bart","single_stage","m1",605,49.6017383736191,-0.398261626380915,NA,NA,7.04981060242787,1.77765980287522,47.8240785707439,35.7843634950318,63.4191132522063,34.0067036921566,61.6414534493311,1,1,0,1,3645.82913780212,3656.07619190216,NA
375,"bart","single_stage","m1",603,52.9478438265865,2.94784382658647,NA,NA,6.68329066875958,-1.45811564937289,54.4059594759594,39.8488348176051,66.0468528355679,41.306950466978,67.5049684849407,1,1,0,1,3676.5170238018,3686.94044399261,NA
376,"bart","single_stage","m1",618,55.9533713394082,5.95337133940823,NA,NA,6.76751816466257,-0.879703419659066,56.8330747590673,42.689279471949,69.2174632068675,43.5689828916081,70.0971666265265,1,1,0,1,3490.57279729843,3501.90496969223,NA
377,"bart","single_stage","m1",595,49.5146847427956,-0.48531525720437,NA,NA,5.91282826146649,1.35166838017738,48.1630163626183,37.9257543035507,61.1036151820405,36.5740859233734,59.7519468018631,1,1,0,1,3768.18759202957,3784.58705449104,NA
378,"bart","single_stage","m1",599,50.5861964145548,0.586196414554756,NA,NA,8.72862058664407,0.704681425329937,49.8815149892248,33.4784144300175,67.693978399092,32.7737330046876,66.9892969737621,1,1,0,1,2994.79615163803,3002.20803666115,NA
379,"bart","single_stage","m1",593,54.3620796604097,4.36207966040968,NA,NA,6.86262075134264,0.131315679714447,54.2307639806952,40.9115901482209,67.8125691725985,40.7802744685065,67.681253492884,1,1,0,1,2910.94669914246,2921.12357831001,NA
380,"bart","single_stage","m1",616,47.5315250483241,-2.46847495167588,NA,NA,7.09055286426575,0.968543190434524,46.5629818578896,33.6342968038859,61.4287532927623,32.6657536134514,60.4602101023278,1,1,0,1,3626.45931529999,3641.73751878738,NA
381,"bart","single_stage","m1",640,51.182838073177,1.18283807317702,NA,NA,5.97228786043882,1.091287570402,50.091550502775,39.4773689614112,62.8883071849429,38.3860813910092,61.7970196145409,1,1,0,1,3475.60408377647,3491.21944570541,NA
382,"bart","single_stage","m1",643,45.9998670265741,-4.0001329734259,NA,NA,5.71808582093762,-0.445945144922177,46.4458121714963,34.7926247570272,57.207109296121,35.2385699019494,57.6530544410432,1,1,0,1,3221.07134366035,3231.58518695831,NA
383,"bart","single_stage","m1",626,47.7535873808155,-2.24641261918448,NA,NA,4.67950978851549,-0.332219813743833,48.0858071945594,38.5819167300225,56.9252580316085,38.9141365437663,57.2574778453524,1,1,0,1,4274.58520174026,4280.94628405571,NA
384,"bart","single_stage","m1",605,54.1203013777511,4.12030137775107,NA,NA,6.4376044953496,0.317531544747055,53.802769833004,41.5028284201527,66.7377743353494,41.1852968754056,66.4202427906024,1,1,0,1,3403.95822548866,3411.00357508659,NA
385,"bart","single_stage","m1",601,50.0922242132834,0.0922242132834157,NA,NA,6.51113465699774,0.355904345372146,49.7363198679113,37.3306347870773,62.8538136394895,36.9747304417051,62.4979092941174,1,1,0,1,3843.18392491341,3849.88721656799,NA
386,"bart","single_stage","m1",606,40.2853312440015,-9.7146687559985,NA,NA,6.28548110068142,-0.104750791610293,40.3900820356118,27.9660146611588,52.6046478268443,28.070765452769,52.7093986184545,1,1,0,1,3165.25136137009,3183.15895342827,NA
387,"bart","single_stage","m1",589,59.5349805676914,9.53498056769145,NA,NA,6.76598054004691,0.549347367215717,58.9856332004757,46.2739023891006,72.7960587462823,45.7245550218849,72.2467113790665,1,1,0,1,3909.41284680367,3930.82318043709,NA
388,"bart","single_stage","m1",623,57.7390055038642,7.73900550386418,NA,NA,6.54348926867879,0.727102676570951,57.0119028272932,44.9140022040294,70.5640088036989,44.1868995274585,69.836906127128,1,1,0,1,3312.11892032623,3324.66644358635,NA
389,"bart","single_stage","m1",594,44.3105811921278,-5.68941880787223,NA,NA,6.07695215643092,-0.182358744966692,44.4929399370945,32.3999738297502,56.2211885545054,32.5823325747169,56.4035472994721,1,1,0,1,4299.5554831028,4312.55355620384,NA
390,"bart","single_stage","m1",613,43.9213786890839,-6.07862131091611,NA,NA,6.67349855299796,0.372085627307534,43.5492930617764,30.8415618743277,57.0011955038401,30.4694762470202,56.6291098765325,1,1,0,1,2535.65804386139,2544.79097414017,NA
391,"bart","single_stage","m1",587,48.9477773044704,-1.05222269552962,NA,NA,7.37964382495429,1.9998982468847,46.9478790575857,34.4839411888266,63.4116134201142,32.4840429419419,61.4117151732295,1,1,0,1,3337.62589001656,3360.79265856743,NA
392,"bart","single_stage","m1",600,55.4731455728073,5.47314557280733,NA,NA,7.31447815447782,-1.38851622417392,56.8616617969813,41.1370318243258,69.8092593212889,42.5255480484997,71.1977755454628,1,1,0,1,3294.84697556496,3328.40416502953,NA
393,"bart","single_stage","m1",605,48.6306376070258,-1.36936239297422,NA,NA,6.69752508424661,-0.00420880855119776,48.634846415577,35.5037296563488,61.7575455577027,35.5079384649,61.7617543662539,1,1,0,1,3338.53084635735,3389.07644486427,NA
394,"bart","single_stage","m1",611,67.44436550516,17.44436550516,NA,NA,7.80413619049778,-1.8109760880473,69.2553415932073,52.1485396413387,82.7401913689812,53.959515729386,84.5511674570285,0,0,1,1,4174.03891205788,4187.41846561432,NA
395,"bart","single_stage","m1",631,35.3988324079857,-14.6011675920143,NA,NA,6.35904341180771,0.103315018171109,35.2955173898146,22.9353363447159,47.8623284712556,22.8320213265448,47.7590134530844,0,0,1,1,3370.48907542229,3379.34505200386,NA
396,"bart","single_stage","m1",592,45.9665461065467,-4.03345389345333,NA,NA,5.7059947408439,-0.762856105799976,46.7294022123466,34.7830019185177,57.1500902945757,35.5458580243177,57.9129464003756,1,1,0,1,3110.51033997536,3124.5236928463,NA
397,"bart","single_stage","m1",585,49.5132183236891,-0.486781676310883,NA,NA,5.90478154281058,0.520292750331791,48.9929255733573,37.9400591632035,61.0863774841747,37.4197664128717,60.5660847338429,1,1,0,1,3221.69248509407,3240.71372246742,NA
398,"bart","single_stage","m1",590,53.7479099348246,3.74790993482461,NA,NA,8.01719214749638,0.879511835023287,52.8683980998013,38.0345020685944,69.4613178010548,37.1549902335711,68.5818059660316,1,1,0,1,4187.65049791336,4203.56284403801,NA
399,"bart","single_stage","m1",597,50.9660499611824,0.966049961182406,NA,NA,6.44605372088391,0.693301904173715,50.2727480570087,38.3320168258395,63.6000830965253,37.6387149216658,62.9067811923516,1,1,0,1,3617.95420384407,3628.2765276432,NA
400,"bart","single_stage","m1",613,51.3890972154283,1.38909721542834,NA,NA,7.52580949244291,0.119709985781562,51.2693872296468,36.6387816557306,66.1394127751261,36.519071669949,66.0197027893445,1,1,0,1,1206.70551204681,1210.15918827057,NA
401,"bart","single_stage","m1",631,58.8565775006047,8.85657750060473,NA,NA,6.35735841620471,0.929204850512818,57.9273726500919,46.3963839680309,71.3167710331786,45.4671791175181,70.3875661826657,1,1,0,1,3980.23394012451,3989.14387583733,NA
402,"bart","single_stage","m1",628,61.2472677836913,11.2472677836913,NA,NA,8.06044936918031,-0.00870159290880679,61.2559693766001,45.4490773208893,77.0454582464933,45.4577789137981,77.0541598394021,1,1,0,1,3151.42208528519,3161.64384031296,NA
403,"bart","single_stage","m1",624,45.5925686683959,-4.4074313316041,NA,NA,6.42032844908014,0.988733154186917,44.603835514209,33.0089561392809,58.1761811975109,32.020222985094,57.187448043324,1,1,0,1,3492.99079990387,3504.57137608528,NA
404,"bart","single_stage","m1",621,47.8527529320495,-2.14724706795049,NA,NA,7.47382897812522,1.06619890023934,46.7865540318102,33.2043173083123,62.5011885557867,32.138118408073,61.4349896555474,1,1,0,1,3373.80140185356,3395.41935253143,NA
405,"bart","single_stage","m1",589,48.6304265515065,-1.36957344849355,NA,NA,6.34108449927039,-1.35054347196586,49.9809700234723,36.2021293100113,61.0587237930016,37.5526727819772,62.4092672649675,1,1,0,1,3291.92910051346,3303.4612660408,NA
406,"bart","single_stage","m1",609,47.2242018363743,-2.7757981636257,NA,NA,5.91643489684082,-1.37139207577395,48.5955939121482,35.6282025216904,58.8202011510582,36.9995945974643,60.1915932268322,1,1,0,1,3655.68613147736,3664.60580182076,NA
407,"bart","single_stage","m1",582,53.5128751510055,3.51287515100545,NA,NA,6.61447464919977,-1.27050304637589,54.7833781973813,40.5487430619207,66.4770072400902,41.8192461082966,67.7475102864661,1,1,0,1,3765.90493059158,3788.79497385025,NA
408,"bart","single_stage","m1",610,46.8154940336796,-3.18450596632039,NA,NA,7.59095363556138,0.754349850258912,46.0611441834207,31.9374982996659,61.6934897676933,31.183148449407,60.9391399174344,1,1,0,1,1424.38320302963,1440.37235498428,NA
409,"bart","single_stage","m1",612,58.1868965245872,8.18689652458719,NA,NA,7.00783488705692,0.0169220908781682,58.169974433709,44.4517925363523,71.9220005128221,44.4348704454742,71.9050784219439,1,1,0,1,1295.50494074821,1303.58108067513,NA
410,"bart","single_stage","m1",622,51.214828902576,1.214828902576,NA,NA,6.54418357847403,-1.09141394797194,52.3062428505479,38.3884647805485,64.0411930246035,39.4798787285204,65.1326069725755,1,1,0,1,3256.38719010353,3270.48648452759,NA
411,"bart","single_stage","m1",580,42.5888966462037,-7.41110335379634,NA,NA,7.36073485366529,-1.18441764744584,43.7733142936495,28.162121433271,57.0156718591363,29.3465390807168,58.2000895065822,1,1,0,1,3315.74030685425,3326.27647519112,NA
412,"bart","single_stage","m1",605,46.6821466040385,-3.31785339596146,NA,NA,6.34857572284957,0.726319224270263,45.9558273797683,34.239166834128,59.125126373949,33.5128476098578,58.3988071496788,1,1,0,1,4173.56641960144,4182.09579253197,NA
413,"bart","single_stage","m1",597,59.17488387837,9.17488387836998,NA,NA,7.06362335436414,-0.0487552173095693,59.2236390956796,45.3304365034603,73.0193312532797,45.3791917207698,73.0680864705893,1,1,0,1,3270.46150279045,3302.38727331161,NA
414,"bart","single_stage","m1",603,52.0158839444327,2.01588394443265,NA,NA,7.10966682980185,0.153145882278359,51.8627380621543,38.081193015942,65.9505748729233,37.9280471336636,65.797428990645,1,1,0,1,3684.16908955574,3691.79932785034,NA
415,"bart","single_stage","m1",607,49.1766628936248,-0.823337106375249,NA,NA,6.19863662551769,-0.819312981772015,49.9959758753968,37.0275583543592,61.3257674328903,37.8468713361312,62.1450804146623,1,1,0,1,3233.82615590096,3256.49322366714,NA
416,"bart","single_stage","m1",627,54.4977065991296,4.49770659912956,NA,NA,6.87216642294617,1.25185220741285,53.2458543917167,41.0285079143896,67.9669052838695,39.7766557069768,66.7150530764567,1,1,0,1,3349.18179631233,3367.63462257385,NA
417,"bart","single_stage","m1",605,56.7034399064961,6.70343990649611,NA,NA,7.07462580433697,0.80752874100196,55.8959111654942,42.8374281258979,70.5694516870943,42.029899384896,69.7619229460923,1,1,0,1,3472.8017745018,3483.470962286,NA
418,"bart","single_stage","m1",611,49.7815046859354,-0.21849531406464,NA,NA,6.18549272430756,-0.278629064034426,50.0601337499698,37.658161719658,61.9048476522127,37.9367907836924,62.1834767162471,1,1,0,1,3489.57203936577,3499.13616061211,NA
419,"bart","single_stage","m1",608,54.9695161529235,4.96951615292355,NA,NA,5.68172360858733,-0.474212618897631,55.4437287718212,43.8335425099814,66.1054897958657,44.3077551288791,66.5797024147633,1,1,0,1,3411.26025772095,3423.7435362339,NA
420,"bart","single_stage","m1",584,49.5391493011353,-0.460850698864739,NA,NA,7.06210173145908,0.94117680183296,48.5979724993023,35.6976842523175,63.380614349953,34.7565074504846,62.43943754812,1,1,0,1,3468.03141736984,3478.36165928841,NA
421,"bart","single_stage","m1",605,56.6250567552649,6.62505675526489,NA,NA,6.14108244984215,-1.03785608992635,57.6629128451912,44.5887563274833,68.6613571830465,45.6266124174096,69.6992132729729,1,1,0,1,3261.0569729805,3278.80178523064,NA
422,"bart","single_stage","m1",608,49.7520009179803,-0.247999082019703,NA,NA,6.69091482306137,0.232656675603536,49.5193442423768,36.6380488411548,62.8659529948058,36.4053921655513,62.6332963192022,1,1,0,1,2709.57667946815,2730.6861140728,NA
423,"bart","single_stage","m1",617,56.4214235871809,6.42142358718092,NA,NA,7.24564091310921,-1.96809927619223,58.3895228633731,42.220228352577,70.6226188217849,44.1883276287692,72.5907180979771,1,1,0,1,3489.36216902733,3500.0576505661,NA
424,"bart","single_stage","m1",629,56.9845257518698,6.9845257518698,NA,NA,7.66243479524539,-0.361362411919572,57.3458881637894,41.9664295193023,72.0026219844373,42.3277919312219,72.3639843963569,1,1,0,1,3668.00669598579,3684.64657497406,NA
425,"bart","single_stage","m1",609,53.2885090621842,3.28850906218415,NA,NA,7.43227194810745,0.411344675321168,52.877164386863,38.7215237205862,67.8554944037821,38.3101790452651,67.4441497284609,1,1,0,1,1577.10113716125,1587.59124135971,NA
426,"bart","single_stage","m1",599,55.4218480348678,5.42184803486779,NA,NA,7.21599805193262,-3.48327353191537,58.9051215667832,41.2787517405687,69.5649443291669,44.762025272484,73.0482178610823,1,1,0,1,2490.23067975044,2502.69261813164,NA
427,"bart","single_stage","m1",606,51.9597240875727,1.95972408757271,NA,NA,6.24917358162807,-1.76671707545811,53.7264411630308,39.7115689344425,64.2078792407029,41.4782860099006,65.974596316161,1,1,0,1,3679.81664252281,3686.57832312584,NA
428,"bart","single_stage","m1",617,50.8207691876443,0.820769187644309,NA,NA,7.13502721510903,0.612787399274133,50.2079817883702,36.8363728173175,64.8051655579711,36.2235854180434,64.192378158697,1,1,0,1,1815.9108774662,1829.01733994484,NA
429,"bart","single_stage","m1",602,48.9226768359675,-1.07732316403253,NA,NA,6.94605482888677,0.068145093014877,48.8545317429526,35.3086595367089,62.5366941352261,35.240514443694,62.4685490422112,1,1,0,1,2539.20339012146,2546.05256080627,NA
430,"bart","single_stage","m1",610,56.2178525824866,6.21785258248656,NA,NA,7.04175807154394,-0.112417707275618,56.3302702897622,42.4162603744162,70.0194447905569,42.5286780816918,70.1318624978325,1,1,0,1,4005.56560373306,4027.49286580086,NA
431,"bart","single_stage","m1",600,43.8470488508025,-6.15295114919747,NA,NA,6.91759978432507,1.21931593366392,42.6277329171386,30.2888024140633,57.4052952875417,29.0694864803994,56.1859793538778,1,1,0,1,3191.08385944366,3214.08830118179,NA
432,"bart","single_stage","m1",643,51.0499660226142,1.04996602261423,NA,NA,7.61926595202223,0.252435801274991,50.7975302213392,36.1164791680184,65.9834528772101,35.8640433667434,65.7310170759351,1,1,0,1,2952.29093790054,2962.94613981247,NA
433,"bart","single_stage","m1",602,56.1096214765114,6.10962147651145,NA,NA,7.62912020507076,0.107876528390257,56.0017449481212,41.1568206408459,71.062422312177,41.0489441124557,70.9545457837867,1,1,0,1,2440.00049567223,2467.47879648209,NA
434,"bart","single_stage","m1",626,41.0653171096121,-8.93468289038794,NA,NA,6.18845385132367,0.817744046125753,40.2475730634863,28.9361704410295,53.1944637781946,28.1184263949037,52.3767197320689,1,1,0,1,3636.85549783707,3654.18088436127,NA
435,"bart","single_stage","m1",615,56.7637045519604,6.76370455196037,NA,NA,6.58838415308845,-0.0735918093208738,56.8372963612812,43.8507088955926,69.6767002083282,43.9243007049135,69.750292017649,1,1,0,1,3341.75397491455,3349.63309717178,NA
436,"bart","single_stage","m1",621,53.4386590502413,3.43865905024131,NA,NA,6.53133381606644,-0.558166832100859,53.9968258823422,40.6374799997425,66.2398381007401,41.1956468318434,66.7980049328409,1,1,0,1,3703.83310437202,3711.97290706635,NA
437,"bart","single_stage","m1",623,47.2362029453934,-2.76379705460665,NA,NA,6.45269535513538,0.62543434199798,46.6107686033954,34.5891524461191,59.8832534446676,33.9637181041211,59.2578191026696,1,1,0,1,2801.72359442711,2811.01279520988,NA
438,"bart","single_stage","m1",578,59.2872264661522,9.28722646615216,NA,NA,6.47759419066998,-0.430762041838264,59.7179885079904,46.5913751459731,71.9830777863312,47.0221371878114,72.4138398281695,1,1,0,1,2564.71528100967,2574.65144324303,NA
439,"bart","single_stage","m1",615,40.2271517123186,-9.77284828768141,NA,NA,5.77819842699729,0.144164152886852,40.0829875594317,28.9020908998779,51.5522125247593,28.7579267469911,51.4080483718724,1,1,0,1,2579.60414505005,2598.63579368591,NA
440,"bart","single_stage","m1",598,58.2118895387033,8.21188953870329,NA,NA,6.74927745464253,-2.55974202860296,60.7716315673063,44.9835488059358,71.4402302714708,47.5432908345387,73.9999723000738,1,1,0,1,1625.2736723423,1628.54990458488,NA
441,"bart","single_stage","m1",613,39.0130383543741,-10.9869616456259,NA,NA,6.50826943555493,-0.2137260822727,39.2267644366468,26.2570646590036,51.7690120497445,26.4707907412763,51.9827381320172,1,1,0,1,3413.28858327866,3425.83162617683,NA
442,"bart","single_stage","m1",579,56.4378435065092,6.43784350650916,NA,NA,7.86133089512062,-0.608065208890359,57.0459087153995,41.0299180815207,71.8457689314976,41.6379832904111,72.453834140388,1,1,0,1,3163.24168586731,3180.96827507019,NA
443,"bart","single_stage","m1",624,52.7038875113565,2.70388751135646,NA,NA,6.05143117783,-1.31516372679174,54.0190512381482,40.8433003478869,64.5644746748261,42.1584640746786,65.8796384016178,1,1,0,1,2141.88298797607,2150.87080168724,NA
444,"bart","single_stage","m1",609,47.3482346960546,-2.65176530394543,NA,NA,6.91783353744597,-0.31690609008907,47.6651407861436,33.7895301116172,60.906939280492,34.1064362017062,61.2238453705811,1,1,0,1,3462.48766565323,3489.82339406013,NA
445,"bart","single_stage","m1",571,49.8688122202434,-0.131187779756594,NA,NA,6.00816086897697,-0.197599876083601,50.066412096327,38.0930333037257,61.6445911367611,38.2906331798093,61.8421910128447,1,1,0,1,3354.58153653145,3366.96225166321,NA
446,"bart","single_stage","m1",618,58.1266936263614,8.12669362636141,NA,NA,6.7198670359218,-0.608635055739889,58.7353286821013,44.9559962550568,71.2973909976661,45.5646313107966,71.906026053406,1,1,0,1,3249.1314136982,3256.34555888176,NA
447,"bart","single_stage","m1",598,37.9915343260989,-12.0084656739011,NA,NA,6.76512136395454,0.628935627638789,37.3625986984601,24.7321401017055,51.2509285504922,24.1032044740667,50.6219929228534,1,1,0,1,1210.55633115768,1217.16487789154,NA
448,"bart","single_stage","m1",593,48.1194070910834,-1.88059290891657,NA,NA,7.1084996968818,-2.37835570021461,50.497762791298,34.1870037010812,62.0518104810856,36.5653594012958,64.4301661813002,1,1,0,1,3418.38221335411,3428.3948802948,NA
449,"bart","single_stage","m1",631,39.9873579204595,-10.0126420795405,NA,NA,6.43228132762307,0.251649587857003,39.7357083326025,27.3803181798888,52.5943976610302,27.1286685920318,52.3427480731732,1,1,0,1,3098.25268363953,3110.28341197968,NA
450,"bart","single_stage","m1",581,38.360686051957,-11.639313948043,NA,NA,6.25411108267611,1.75743271434251,36.6032533376145,26.102853574599,50.618518529315,24.3454208602565,48.8610858149725,1,0,0,1,3196.43721294403,3207.46599507332,NA
451,"bart","single_stage","m1",605,48.158794635815,-1.84120536418497,NA,NA,6.48879255569717,-0.156165832465575,48.3149604682806,35.440994923497,60.8765943481331,35.5971607559625,61.0327601805987,1,1,0,1,2381.33091974258,2391.07789754868,NA
452,"bart","single_stage","m1",598,42.2760536680356,-7.72394633196443,NA,NA,6.90863701082783,-1.04652672913997,43.3225803971755,28.7353739445526,55.8167333915186,29.7819006736925,56.8632601206585,1,1,0,1,2562.34881639481,2573.50007414818,NA
453,"bart","single_stage","m1",604,54.1759618368054,4.17596183680536,NA,NA,6.14447713158762,0.762980296813829,53.4129815399915,42.1330079550637,66.2189157185471,41.3700276582498,65.4559354217332,1,1,0,1,3354.39910244942,3371.65535974503,NA
454,"bart","single_stage","m1",633,50.2756029803195,0.275602980319483,NA,NA,7.44297991302099,0.487253598352893,49.7883493819666,35.6876304131433,64.8635755474957,35.2003768147904,64.3763219491428,1,1,0,1,3720.12036681175,3732.10304903984,NA
455,"bart","single_stage","m1",600,56.9853722577248,6.98537225772476,NA,NA,6.0827992873438,0.574837567830286,56.4105346898945,45.063304729345,68.9074397861045,44.4884671615147,68.3326022182742,1,1,0,1,1687.50433301926,1691.13702487946,NA
456,"bart","single_stage","m1",617,59.9716461075985,9.97164610759847,NA,NA,7.37011042582014,1.30017658196788,58.6714695256306,45.5264951109078,74.4167971042891,44.22631852894,73.1166205223212,1,1,0,1,1066.85602927208,1071.24444937706,NA
457,"bart","single_stage","m1",607,54.5698440619514,4.56984406195142,NA,NA,7.47713309362237,0.984341468683269,53.5855025932682,39.914932490839,69.2247556330638,38.9305910221558,68.2404141643806,1,1,0,1,2430.68834877014,2440.28140211105,NA
458,"bart","single_stage","m1",596,42.3419362848403,-7.65806371515971,NA,NA,6.52633793177002,0.579546022902392,41.7623902619379,29.5505489876334,55.1333235820472,28.971002964731,54.5537775591448,1,1,0,1,2109.56182837486,2116.12828826904,NA
459,"bart","single_stage","m1",617,46.8712556715878,-3.1287443284122,NA,NA,6.43852409039607,-0.0146437141510489,46.8858993857388,34.251980340818,59.4905310023576,34.266624054969,59.5051747165086,1,1,0,1,3564.14424586296,3574.42545795441,NA
460,"bart","single_stage","m1",609,60.7521120881115,10.7521120881115,NA,NA,6.66448820356936,-0.209211544877469,60.961323632989,47.6899552337235,73.8142689424995,47.899166778601,74.023480487377,1,1,0,1,3095.65075993538,3105.44783496857,NA
461,"bart","single_stage","m1",618,48.6778208950656,-1.32217910493436,NA,NA,6.25106865973168,-0.969360664067842,49.6471815591335,36.4259514571045,60.9296903330268,37.3953121211723,61.8990509970946,1,1,0,1,3739.36806988716,3747.90888524055,NA
462,"bart","single_stage","m1",575,45.8272651733981,-4.17273482660192,NA,NA,7.60095641675016,-0.1703334619285,45.9975986353266,30.9296643485092,60.724865998287,31.0999978104377,60.8951994602155,1,1,0,1,2464.03999900818,2470.7428586483,NA
463,"bart","single_stage","m1",573,49.5141520149183,-0.485847985081683,NA,NA,6.92887932181835,0.143603583277141,49.3705484316412,35.93379809093,63.0945059389066,35.7901945076529,62.9509023556295,1,1,0,1,2470.16484022141,2481.64680337906,NA
464,"bart","single_stage","m1",642,50.5933892884321,0.593389288432085,NA,NA,6.53707527161331,2.43593741461194,48.1574518738202,37.7809571918426,63.4058213850216,35.3450197772307,60.9698839704096,1,1,0,1,2619.62789058685,2628.51050448418,NA
465,"bart","single_stage","m1",596,54.9350173499634,4.93501734996344,NA,NA,7.88210767316026,2.02029875563401,52.9147185943294,39.4863701883025,70.3836645116243,37.4660714326685,68.3633657559903,1,1,0,1,2867.70308828354,2896.94313836098,NA
466,"bart","single_stage","m1",583,48.1045475903365,-1.89545240966351,NA,NA,6.96369799825946,0.980250115589513,47.124297474747,34.4559503145343,61.7531448661387,33.4757001989448,60.7728947505492,1,1,0,1,2964.33546662331,2968.26424765587,NA
467,"bart","single_stage","m1",597,49.0084535954174,-0.991546404582579,NA,NA,6.947888042723,-1.12402881762305,50.1324824130405,35.3908432630639,62.626063927771,36.5148720806869,63.750092745394,1,1,0,1,2571.12304759026,2581.60831475258,NA
468,"bart","single_stage","m1",627,42.1800986203973,-7.81990137960274,NA,NA,7.11478259675664,-1.83819053948083,44.0182891598781,28.2353809729219,56.1248162678726,30.0735715124027,57.9630068073535,1,1,0,1,2449.38582801819,2456.19450068474,NA
469,"bart","single_stage","m1",608,54.8489781902854,4.84897819028539,NA,NA,6.32358812564446,1.02035812695014,53.8286200633352,42.4549732109571,67.2429831696137,41.434615084007,66.2226250426635,1,1,0,1,1463.05618262291,1472.1539170742,NA
470,"bart","single_stage","m1",621,57.5610896032697,7.56108960326975,NA,NA,7.48455002958086,-0.00349719943461224,57.5645868027044,42.8916411048031,72.2305381017364,42.8951383042377,72.234035301171,1,1,0,1,2737.97852444649,2744.92123484612,NA
471,"bart","single_stage","m1",607,50.1329045836864,0.13290458368639,NA,NA,6.18312880412143,-0.72138455501571,50.8542891387021,38.0141948158362,62.2516143515366,38.7355793708519,62.9729989065523,1,1,0,1,3753.28398132324,3763.67612409592,NA
472,"bart","single_stage","m1",585,51.4510255625457,1.45102556254574,NA,NA,6.24488377910078,-0.0294367301415832,51.4804622926873,39.2112782678698,63.6907728572217,39.2407149980114,63.7202095873633,1,1,0,1,836.313650608063,839.592386722565,NA
473,"bart","single_stage","m1",637,51.1964244252861,1.19642442528609,NA,NA,6.36359464444406,0.81260437663974,50.3838200486463,38.7240081099638,63.6688407406084,37.911403733324,62.8562363639687,1,1,0,1,2365.03311991692,2374.22945046425,NA
474,"bart","single_stage","m1",621,51.1860198696185,1.18601986961846,NA,NA,6.58331006262696,0.707380873903134,50.4786389957153,38.2829692478095,64.0890704914274,37.5755883739064,63.3816896175243,1,1,0,1,3489.5554292202,3514.34564375877,NA
475,"bart","single_stage","m1",617,50.0019152868712,0.00191528687121689,NA,NA,5.62630303642493,0.0948802036862872,49.9070350831849,38.97456396937,61.0292666043724,38.8796837656837,60.9343864006861,1,1,0,1,863.467513799667,866.962443113327,NA
476,"bart","single_stage","m1",593,49.7472497234886,-0.252750276511399,NA,NA,6.5013476586634,0.666269242921139,49.0809804805675,37.0048424615345,62.4896569854427,36.3385732186134,61.8233877425215,1,1,0,1,865.863262414932,873.66765332222,NA
477,"bart","single_stage","m1",632,53.1805695052202,3.18056950522017,NA,NA,6.7912656350673,-0.728581940325682,53.9091514455459,39.8699334510437,66.4912055593966,40.5985153913694,67.2197874997223,1,1,0,1,3772.94044876099,3784.37309837341,NA
478,"bart","single_stage","m1",601,55.6800479609003,5.68004796090027,NA,NA,7.60951337571212,-0.704121272394516,56.3841692332948,40.7656758046287,70.5944201171718,41.4697970770232,71.2985413895663,1,1,0,1,2640.01229953766,2663.18179941177,NA
479,"bart","single_stage","m1",607,65.4973760481259,15.4973760481259,NA,NA,6.33623390669556,1.38226164563694,64.1151144024889,53.0785857933811,77.9161663028707,51.6963241477441,76.5339046572338,0,0,1,1,1966.00779342651,1976.35701465607,NA
480,"bart","single_stage","m1",607,53.2437094901566,3.24370949015658,NA,NA,7.60503663610159,-0.395145341425327,53.6388548315819,38.3381115822898,68.1493073980233,38.7332569237152,68.5444527394487,1,1,0,1,1490.06144547462,1498.84481024742,NA
481,"bart","single_stage","m1",620,57.1588685826598,7.15886858265981,NA,NA,6.67085040662759,2.22047780100734,54.9383907816525,44.0842420394154,70.2334951259043,41.863764238408,68.0130173248969,1,1,0,1,2757.61046671867,2780.72459244728,NA
482,"bart","single_stage","m1",611,46.5196304046077,-3.48036959539234,NA,NA,6.72319165777854,-0.858881693194682,47.3785120978023,33.3424168942016,59.6968439150137,34.2012985873963,60.5557256082084,1,1,0,1,2920.45516490936,2931.68813753128,NA
483,"bart","single_stage","m1",625,52.2639729406336,2.26397294063356,NA,NA,6.81609215876583,-1.6362605031891,53.9002334438227,38.9046777941467,65.6232680871205,40.5409382973358,67.2595285903095,1,1,0,1,3911.37742495537,3925.46620368958,NA
484,"bart","single_stage","m1",600,44.5747934947192,-5.42520650528082,NA,NA,7.54860882197652,0.321193844490757,44.2535996502284,29.7797920702639,59.3697949191745,29.4585982257731,59.0486010746837,1,1,0,1,2694.7028002739,2701.27588796616,NA
485,"bart","single_stage","m1",617,44.4457261509466,-5.55427384905344,NA,NA,6.06684070932105,0.386683556692617,44.0590425942539,32.5549368607359,56.3365154411573,32.1682533040432,55.9498318844646,1,1,0,1,1407.07346463203,1420.03599715233,NA
486,"bart","single_stage","m1",583,63.6167392334191,13.6167392334191,NA,NA,7.35985445249638,-0.22046757865985,63.837206812079,49.1916895750694,78.0417888917688,49.4121571537293,78.2622564704286,1,1,0,1,2636.5114736557,2646.32424926758,NA
487,"bart","single_stage","m1",613,37.5751379081904,-12.4248620918096,NA,NA,7.82592010863859,1.07619076920056,36.4989471389899,22.236616349371,52.9136594670098,21.1604255801704,51.8374686978093,1,1,0,1,1787.09838843346,1805.21505641937,NA
488,"bart","single_stage","m1",606,45.0169450194815,-4.98305498051854,NA,NA,5.63666010039869,-0.377607959942907,45.3945529794244,33.9692942296061,56.0645958093568,34.346902189549,56.4422037692997,1,1,0,1,3724.52945232391,3734.73492670059,NA
489,"bart","single_stage","m1",609,43.6210113092986,-6.37898869070141,NA,NA,6.48293397686687,1.10741170211831,42.5135996071803,30.9146942004885,56.3273284181087,29.8072824983702,55.2199167159904,1,1,0,1,2259.06019020081,2265.88464045525,NA
490,"bart","single_stage","m1",607,50.7633760565572,0.763376056557213,NA,NA,7.17308603784117,-0.450499162816655,51.2138752193739,36.7043857643814,64.822366348733,37.1548849271981,65.2728655115497,1,1,0,1,905.082005023956,908.679327249527,NA
491,"bart","single_stage","m1",646,36.134703012779,-13.865296987221,NA,NA,6.37977548097235,1.18239677335426,34.9523062394247,23.6305728406215,48.6388331849365,22.4481760672672,47.4564364115822,0,0,1,1,2681.23317909241,2691.6990981102,NA
492,"bart","single_stage","m1",599,55.8609437444425,5.86094374444246,NA,NA,8.07359640867908,0.820270108403712,55.0406736360387,40.0369855577195,71.6849019311654,39.2167154493158,70.8646318227617,1,1,0,1,3028.80619645119,3043.18483185768,NA
493,"bart","single_stage","m1",603,47.1778794136368,-2.82212058636321,NA,NA,6.75350808921627,1.1393255561041,46.0385538575327,33.941246789473,60.4145120378006,32.8019212333689,59.2751864816965,1,1,0,1,1571.28725171089,1579.43341255188,NA
494,"bart","single_stage","m1",597,59.1950746229588,9.19507462295877,NA,NA,7.12897748490483,-1.75706172042912,60.9521363433879,45.2225355059484,73.1676137399692,46.9795972263775,74.9246754603983,1,1,0,1,1095.35776543617,1098.71292352676,NA
495,"bart","single_stage","m1",616,55.0173368339003,5.01733683390034,NA,NA,7.08713344179593,0.00893838648750744,55.0083984474128,41.1268105343509,68.9078631334498,41.1178721478634,68.8989247469623,1,1,0,1,2675.18178081512,2692.56827974319,NA
496,"bart","single_stage","m1",606,52.3925923713451,2.39259237134511,NA,NA,6.24465858101323,-0.524896031228621,52.9174884025737,40.1532864568102,64.63189828588,40.6781824880388,65.1567943171086,1,1,0,1,2475.50920891762,2482.7366297245,NA
497,"bart","single_stage","m1",610,55.2098410838411,5.20984108384109,NA,NA,7.05411658787604,-2.03336044979736,57.2432015336384,41.3840266288575,69.0356555388247,43.4173870786548,71.0690159886221,1,1,0,1,2174.18670368195,2189.52436566353,NA
498,"bart","single_stage","m1",620,47.4817092723439,-2.51829072765613,NA,NA,6.21610289308966,0.906656635555748,46.5750526367881,35.2983714776929,59.6650470669948,34.3917148421372,58.7583904314391,1,1,0,1,1444.91401815414,1452.72187447548,NA
499,"bart","single_stage","m1",600,48.7410463545423,-1.25895364545767,NA,NA,7.69898804836839,-0.704772474815151,49.4458188293575,33.651307062336,63.8307856467487,34.3560795371511,64.5355581215638,1,1,0,1,867.110357999802,870.579793930054,NA
500,"bart","single_stage","m1",610,35.1744707773924,-14.8255292226076,NA,NA,6.50373758454475,-0.0535263777772741,35.2279971551697,22.4273793467852,47.9215622079996,22.4809057245624,47.9750885857769,0,0,1,1,2474.44778013229,2477.86103630066,NA
