"replicate","Estimator","Procedure","ModelSpec","n_obs","estimate","bias","eif_var","eif_se","bootstrap_se","bootstrap_bias","bc_estimate","ci_lower","ci_upper","bc_ci_lower","bc_ci_upper","covered_true_95","covered_true_95_bc","reject_h0_effect","reject_h0_null","bootstrap_time_sec","replicate_time_sec","covered_mc_mean_95"
1,"xgboost","single_stage","m1",619,38.4419227142334,-11.5580772857666,NA,NA,8.86709684102807,2.86277413027191,35.5791485839615,21.0627322583895,55.8211131700773,18.1999581281176,52.9583390398054,1,1,0,1,1499.35967612267,1502.6162955761,NA
10,"xgboost","single_stage","m1",621,49.8810358543396,-0.118964145660399,NA,NA,8.1398004579083,-1.41758631147814,51.2986221658177,33.9273201154967,65.8347515931825,35.3449064269748,67.2523379046606,1,1,0,1,1391.41679048538,1393.92216253281,NA
100,"xgboost","single_stage","m1",601,59.1234589221477,9.12345892214775,NA,NA,8.54142020135587,-6.76727267928815,65.8907316014359,42.3825829506674,75.8643348936281,49.1498556299556,82.6316075729163,1,1,0,1,1297.11401724815,1303.90974473953,NA
101,"xgboost","single_stage","m1",615,56.3731942138672,6.37319421386719,NA,NA,9.26564285820511,-6.00999186859858,62.3831860824658,38.2128679181744,74.53352050956,44.222859786773,80.5435123781585,1,1,0,1,2354.76689147949,2363.37167215347,NA
102,"xgboost","single_stage","m1",594,44.2410052261353,-5.75899477386475,NA,NA,8.62240046825748,-2.12984181576859,46.3708470419038,27.3414108480693,61.1405996042012,29.4712526638379,63.2704414199698,1,1,0,1,1352.09116625786,1356.5229074955,NA
103,"xgboost","single_stage","m1",621,47.7177683792114,-2.28223162078857,NA,NA,8.53922380533525,-4.44052703287077,52.1582954120822,30.9811972648273,64.4543394935956,35.421724297698,68.8948665264663,1,1,0,1,2358.16785502434,2367.52189040184,NA
104,"xgboost","single_stage","m1",613,34.4387697601318,-15.5612302398682,NA,NA,7.02850624824892,-0.3467032651658,34.7854730252976,20.6631506484492,48.2143888718145,21.009853913615,48.5610921369803,0,0,1,1,1327.99697446823,1331.93885016441,NA
105,"xgboost","single_stage","m1",610,42.9942874565125,-7.00571254348755,NA,NA,8.05691185204587,-0.704556340573816,43.6988437970863,27.2030303998886,58.7855445131363,27.9075867404625,59.4901008537101,1,1,0,1,2354.21213102341,2362.78077244759,NA
106,"xgboost","single_stage","m1",628,34.4428761634827,-15.5571238365173,NA,NA,8.86065601122312,2.09031611962462,32.352560043858,17.076309502087,51.8094428248783,14.9859933824624,49.7191267052537,1,0,0,1,1276.08399629593,1280.57380723953,NA
107,"xgboost","single_stage","m1",613,39.5966300964355,-10.4033699035645,NA,NA,9.10231970797496,-1.42401120742369,41.0206413038592,21.7564112930355,57.4368488998356,23.1804225004592,58.8608601072593,1,1,0,1,2359.89982056618,2368.77163076401,NA
108,"xgboost","single_stage","m1",617,28.7808366775513,-21.2191633224487,NA,NA,7.13805911022205,-0.0600471218756446,28.8408837994269,14.790497901998,42.7711754531045,14.8505450238737,42.8312225749802,0,0,1,1,2379.72660136223,2385.45140028,NA
109,"xgboost","single_stage","m1",616,45.7844739017487,-4.21552609825135,NA,NA,9.5001421191992,-1.75899120850378,47.5434651102524,27.1645375001062,64.4044103033911,28.92352870861,66.1634015118949,1,1,0,1,2377.44569587708,2389.98859858513,NA
11,"xgboost","single_stage","m1",610,42.9178878173828,-7.08211218261719,NA,NA,8.65744956393683,-4.45787899700302,47.3757668143858,25.9495984740946,59.886177160671,30.4074774710977,64.344056157674,1,1,0,1,2385.1807205677,2390.70804572105,NA
110,"xgboost","single_stage","m1",591,47.2251431427002,-2.7748568572998,NA,NA,8.88399502253335,-4.12646797277415,51.3516111154743,29.8128328597017,64.6374534256987,33.9393008324759,68.7639213984728,1,1,0,1,1243.02888464928,1249.06564211845,NA
111,"xgboost","single_stage","m1",601,34.6701055788994,-15.3298944211006,NA,NA,8.9860295949865,3.05616219724578,31.6139433816536,17.0578112087148,52.282399949084,14.001649011469,49.2262377518382,1,0,0,1,1247.99090385437,1252.23209476471,NA
112,"xgboost","single_stage","m1",592,52.8479582328796,2.84795823287964,NA,NA,8.83085554897936,5.84061535618019,47.0073428766995,35.5397994042044,70.1561170615549,29.6991840480242,64.3155017053747,1,1,0,1,2325.88321900368,2334.39472198486,NA
113,"xgboost","single_stage","m1",602,29.790037399292,-20.209962600708,NA,NA,6.52170524392621,-2.10897854428029,31.8990159435723,17.0077300034106,42.5723447951734,19.1167085476909,44.6813233394537,0,0,1,1,2340.27016282082,2349.23503088951,NA
114,"xgboost","single_stage","m1",589,53.4690801296234,3.46908012962341,NA,NA,8.73289284368337,-0.771510133225085,54.2405902628485,36.3529246751564,70.5852355840904,37.1244348083815,71.3567457173155,1,1,0,1,2316.47309684753,2325.85706233978,NA
115,"xgboost","single_stage","m1",606,38.7177533340454,-11.2822466659546,NA,NA,8.80742111298169,-1.58851354860044,40.3062668826459,21.4555251559236,55.9799815121672,23.0440387045241,57.5684950607676,1,1,0,1,1271.50113105774,1276.03990459442,NA
116,"xgboost","single_stage","m1",614,30.4525675315857,-19.5474324684143,NA,NA,7.76336860439687,2.29485886341858,28.1577086681671,15.2366446682588,45.6684903949125,12.9417858048403,43.373631531494,0,0,1,1,1269.95598912239,1273.9949631691,NA
117,"xgboost","single_stage","m1",614,33.2578020133972,-16.7421979866028,NA,NA,7.79168592187993,-0.632526787391903,33.8903288007891,17.9863782276648,48.5292257991296,18.6189050150567,49.1617525865215,0,0,1,1,2353.37184882164,2362.67242407799,NA
118,"xgboost","single_stage","m1",598,60.343712901175,10.343712901175,NA,NA,9.30307501093456,-3.47967631563557,63.8233892168106,42.1100209342687,78.5774048680813,45.5896972499043,82.0570811837169,1,1,0,1,2304.69003462791,2314.01660823822,NA
119,"xgboost","single_stage","m1",599,26.0081984481812,-23.9918015518188,NA,NA,7.58485695019227,-0.0860581236485238,26.0942565718297,11.142151997916,40.8742448984463,11.2282101215645,40.9603030220948,0,0,1,1,2320.58432745934,2330.71278738976,NA
12,"xgboost","single_stage","m1",603,41.1374962944984,-8.86250370550156,NA,NA,10.1849416371062,-2.01143814825505,43.1489344427535,21.175377501128,61.0996150878689,23.186815649383,63.111053236124,1,1,0,1,1463.82443714142,1466.55131745338,NA
120,"xgboost","single_stage","m1",613,25.9108885231018,-24.0891114768982,NA,NA,7.40218954508277,5.40164723179865,20.5092412913032,11.4028636080007,40.4189134382029,6.00121637620202,35.0172662064043,0,0,1,1,2332.80208730698,2342.5208837986,NA
121,"xgboost","single_stage","m1",621,59.651854347229,9.651854347229,NA,NA,9.16758103366101,-2.78899715248942,62.4408514997184,41.6837256959009,77.6199829985571,44.4727228483904,80.4089801510465,1,1,0,1,2322.29002213478,2331.33073496819,NA
122,"xgboost","single_stage","m1",596,39.3527620582581,-10.6472379417419,NA,NA,8.13478587295773,-0.564389171740537,39.9171512299986,23.4088747253157,55.2966493912004,23.9732638970562,55.861038562941,1,1,0,1,2343.7308743,2353.34881663322,NA
123,"xgboost","single_stage","m1",617,50.2300411663055,0.23004116630554,NA,NA,10.2759007134575,-3.16194769016212,53.3919888564677,30.0896458592194,70.3704364733917,33.2515935493815,73.5323841635538,1,1,0,1,2338.80288696289,2347.32794141769,NA
124,"xgboost","single_stage","m1",610,37.096462369442,-12.903537630558,NA,NA,9.09057693632256,0.279079354817867,36.8173830146241,19.2792589755593,54.9136657633247,19.0001796207415,54.6345864085068,1,1,0,1,2316.49288344383,2326.46264767647,NA
125,"xgboost","single_stage","m1",590,49.7021087112427,-0.297891288757327,NA,NA,9.40477950539927,-7.6292060275743,57.331314738817,31.2690795981197,68.1351378243657,38.898285625694,75.76434385194,1,1,0,1,2336.60293221474,2346.05236673355,NA
126,"xgboost","single_stage","m1",595,35.2183272476196,-14.7816727523804,NA,NA,7.66121131140084,-2.87929624862539,38.097623496245,20.2026289993231,50.2340254959161,23.0819252479485,53.1133217445415,1,1,0,1,2335.97598719597,2343.9046766758,NA
127,"xgboost","single_stage","m1",607,44.7703005638123,-5.22969943618774,NA,NA,8.32078269930698,-6.14513080838775,50.9154313722,28.4618661499866,61.0787349776379,34.6069969583744,67.2238657860257,1,1,0,1,2320.45034003258,2329.10969591141,NA
128,"xgboost","single_stage","m1",591,48.4900425453186,-1.5099574546814,NA,NA,9.24545058400711,-0.757752132818908,49.2477946781375,30.3692923798199,66.6107927108173,31.1270445126388,67.3685448436363,1,1,0,1,2352.10401511192,2361.24878454208,NA
129,"xgboost","single_stage","m1",605,30.6309118490219,-19.3690881509781,NA,NA,9.25523568524384,4.23228701735485,26.3986248316671,12.4909832375141,48.7708404605297,8.25869622015926,44.5385534431749,0,0,1,1,2327.80986356735,2337.00468754768,NA
13,"xgboost","single_stage","m1",598,54.1017242355347,4.10172423553467,NA,NA,9.03451134825956,-2.51682327929926,56.6185475148339,36.3944073750275,71.8090410960418,38.9112306543268,74.3258643753411,1,1,0,1,2346.76720929146,2352.70386242867,NA
130,"xgboost","single_stage","m1",590,39.2120065765381,-10.7879934234619,NA,NA,9.6064881473776,-1.00129531005859,40.2133018865967,20.3836357897671,58.0403773633091,21.3849310998257,59.0416726733677,1,1,0,1,2343.27581167221,2354.35658407211,NA
131,"xgboost","single_stage","m1",609,36.193134803772,-13.806865196228,NA,NA,9.4855535131727,2.93022394798135,33.2629108557906,17.6017915445261,54.7844780630178,14.6715675965448,51.8542541150365,1,1,0,1,1250.23001503944,1256.85074210167,NA
132,"xgboost","single_stage","m1",612,24.1327186164856,-25.8672813835144,NA,NA,8.16257666089222,2.13002203852784,22.0026965779578,8.13436234008964,40.1310748928816,6.00434030156179,38.0010528543537,0,0,1,1,1288.39150428772,1293.05132126808,NA
133,"xgboost","single_stage","m1",591,54.399670920372,4.39967092037201,NA,NA,9.44737362980662,-9.55065415889841,63.9503250792704,35.8831588574576,72.9161829832864,45.433813016356,82.4668371421848,1,1,0,1,1333.71088719368,1336.38684535027,NA
134,"xgboost","single_stage","m1",636,52.6904009990692,2.69040099906921,NA,NA,8.86741171589727,1.03006625348568,51.6603347455835,35.310593399822,70.0702085983164,34.2805271463364,69.0401423448307,1,1,0,1,1262.81909990311,1268.00482916832,NA
135,"xgboost","single_stage","m1",608,32.945910282135,-17.054089717865,NA,NA,7.72184248439546,1.08237857811832,31.8635317040167,17.8113771184286,48.0804434458414,16.7289985403103,46.9980648677231,0,0,1,1,1256.38209199905,1260.53683423996,NA
136,"xgboost","single_stage","m1",607,44.9792873535156,-5.02071264648438,NA,NA,8.66323504700549,-2.91254967971043,47.8918370332261,27.9996586717797,61.9589160352515,30.9122083514901,64.871465714962,1,1,0,1,1329.32009959221,1333.09492373466,NA
137,"xgboost","single_stage","m1",589,35.7041676483154,-14.2958323516846,NA,NA,7.3245388040064,-4.51668170618802,40.2208493545034,21.3483353890968,50.059999907534,25.8650170952848,54.5766816137221,1,1,0,1,1279.40427780151,1284.082208395,NA
138,"xgboost","single_stage","m1",627,49.5318462715149,-0.468153728485106,NA,NA,10.2206638006715,1.55678952100223,47.9750567505127,29.4997133241065,69.5639792189233,27.9429238031042,68.0071896979211,1,1,0,1,1287.61884260178,1293.83164572716,NA
139,"xgboost","single_stage","m1",623,46.1174577255249,-3.8825422744751,NA,NA,9.27675024273757,2.19649829094791,43.920959434577,27.9353613561861,64.2995540948637,25.7388630652381,62.1030558039158,1,1,0,1,1226.75501132011,1229.87382531166,NA
14,"xgboost","single_stage","m1",578,33.9526078796387,-16.0473921203613,NA,NA,9.33138013124738,3.80024100195027,30.1523668776884,15.6634388963412,52.2417768629362,11.8631978943909,48.4415358609859,1,0,0,1,2382.75822305679,2388.0233309269,NA
140,"xgboost","single_stage","m1",609,43.5250308566093,-6.47496914339065,NA,NA,10.3970846735783,1.65617005128502,41.8688608053243,23.1471193521825,63.9029423610362,21.4909493008975,62.2467723097512,1,1,0,1,1324.77380824089,1328.92644643784,NA
141,"xgboost","single_stage","m1",588,51.8270010070801,1.82700100708008,NA,NA,9.41005211858465,-9.26569942923051,61.0927004363106,33.3836377620093,70.2703642521508,42.6493371912399,79.5360636813813,1,1,0,1,2314.04603266716,2322.9937582016,NA
142,"xgboost","single_stage","m1",634,50.3365730361938,0.336573036193847,NA,NA,8.76742118552672,-2.23315018570042,52.5697232218943,33.152743275268,67.5204027971197,35.3858934609684,69.7535529828201,1,1,0,1,1255.62597942352,1260.16173648834,NA
143,"xgboost","single_stage","m1",601,41.1419405822754,-8.85805941772461,NA,NA,8.23462682631706,-0.709268730873347,41.8512093131487,25.0023685765666,57.2815125879842,25.7116373074399,57.9907813188575,1,1,0,1,1299.01988363266,1303.71463251114,NA
144,"xgboost","single_stage","m1",606,59.1121557502747,9.11215575027466,NA,NA,9.7944725689314,-2.36063523031282,61.4727909805875,39.9153422676036,78.3089692329457,42.2759774979165,80.6696044632585,1,1,0,1,1351.64196109772,1355.20571112633,NA
145,"xgboost","single_stage","m1",600,48.8078564300537,-1.19214356994629,NA,NA,8.87438365490149,3.01802986309582,45.7898265669579,31.4143840814559,66.2013287786516,28.39635421836,63.1832989155557,1,1,0,1,2161.32327246666,2168.79598879814,NA
146,"xgboost","single_stage","m1",583,32.3202811946869,-17.6797188053131,NA,NA,9.09458874269129,-0.44738520656896,32.7676664012559,14.4952148048086,50.1453475845652,14.9426000113775,50.5927327911342,1,1,0,1,1209.7868680954,1214.25461149216,NA
147,"xgboost","single_stage","m1",596,52.2938054046631,2.29380540466308,NA,NA,9.59060365629148,1.09689875306606,51.196906651597,33.4965676483336,71.0910431609925,32.3996688952676,69.9941444079265,1,1,0,1,1298.18303394318,1302.30521059036,NA
148,"xgboost","single_stage","m1",619,55.2243185081482,5.22431850814819,NA,NA,9.53233007040471,-3.02930323653996,58.2536217446882,36.5412948814068,73.9073421348896,39.5705981179468,76.9366453714295,1,1,0,1,2225.41596102715,2232.96616196632,NA
149,"xgboost","single_stage","m1",595,36.3305008974075,-13.6694991025925,NA,NA,7.96199180870433,2.62245623804331,33.7080446593642,20.7252837071441,51.9357180876709,18.1028274691008,49.3132618496276,1,0,0,1,1209.47276425362,1214.31198453903,NA
15,"xgboost","single_stage","m1",601,34.4393655853271,-15.5606344146729,NA,NA,7.20997334771754,1.99252603918076,32.4468395461464,20.3080774943071,48.5706536763472,18.3155514551263,46.5781276371664,0,0,1,1,2364.60424590111,2369.69591903687,NA
150,"xgboost","single_stage","m1",587,40.9743436737061,-9.02565632629395,NA,NA,9.40003931976604,1.39385765955448,39.5804860141516,22.5506051537042,59.3980821937079,21.1567474941497,58.0042245341534,1,1,0,1,2202.3220808506,2208.98254799843,NA
151,"xgboost","single_stage","m1",593,36.2695225486755,-13.7304774513245,NA,NA,9.38589532603458,-0.641202867621182,36.9107254162967,17.8735057469849,54.6655393503661,18.5147086146061,55.3067422179873,1,1,0,1,1174.54280281067,1177.27971553802,NA
152,"xgboost","single_stage","m1",592,62.0571036643982,12.0571036643982,NA,NA,9.86539113208651,-9.44487880608511,71.5019824704833,42.7212923521078,81.3929149766886,52.1661711581929,90.8377937827737,1,0,0,1,2227.72105073929,2236.19397759438,NA
153,"xgboost","single_stage","m1",591,44.8666800689697,-5.13331993103027,NA,NA,7.81127980091286,-6.34597694342947,51.2126570123992,29.5568529860153,60.1765071519241,35.9028299294448,66.5224840953536,1,1,0,1,1369.52989673615,1376.02074790001,NA
154,"xgboost","single_stage","m1",631,47.436645740509,-2.56335425949096,NA,NA,9.27634451134305,-2.16788389410627,49.6045296346153,29.2553445900909,65.6179468909272,31.4232284841971,67.7858307850335,1,1,0,1,2230.87181138992,2239.23756241798,NA
155,"xgboost","single_stage","m1",612,34.2682154769897,-15.7317845230103,NA,NA,8.24922880659024,-0.400087023819651,34.6683025008094,18.1000241158426,50.4364068381369,18.5001111396622,50.8364938619566,1,1,0,1,2188.64798545837,2198.49193572998,NA
156,"xgboost","single_stage","m1",615,35.2997521514893,-14.7002478485107,NA,NA,8.27730472499002,2.39156240732193,32.9081897441673,19.0765330014456,51.5229713015329,16.6849705941237,49.131408894211,1,0,0,1,2204.17708611488,2213.52086925507,NA
157,"xgboost","single_stage","m1",622,52.3734520215988,2.37345202159882,NA,NA,10.057380937148,-3.39003897410357,55.7634909957024,32.6613476059891,72.0855564372085,36.0513865800927,75.4755954113121,1,1,0,1,1269.62694001198,1275.42972612381,NA
158,"xgboost","single_stage","m1",588,38.8863255271912,-11.1136744728088,NA,NA,10.0887487743605,0.140869599442482,38.7454559277487,19.112741280372,58.6599097740103,18.9718716809295,58.5190401745678,1,1,0,1,1283.32097125053,1288.68182778358,NA
159,"xgboost","single_stage","m1",616,52.7447321929932,2.74473219299316,NA,NA,9.61868940598631,-8.6171222624351,61.3618544554283,33.892447378783,71.5970170072033,42.5095696412181,80.2141392696384,1,1,0,1,2226.47413253784,2235.02192020416,NA
16,"xgboost","single_stage","m1",611,49.7536364212036,-0.246363578796384,NA,NA,8.11918914210338,2.57521330752325,47.1784231136804,33.8403181190123,65.6669547233949,31.2651048114891,63.0917414158716,1,1,0,1,1508.20188140869,1511.89594244957,NA
160,"xgboost","single_stage","m1",601,37.8314125976562,-12.1685874023438,NA,NA,10.1562137607731,2.2757114215495,35.5557011761067,17.9255994072508,57.7372257880617,15.6498879857013,55.4615143665122,1,1,0,1,2234.63948440552,2242.57826828957,NA
161,"xgboost","single_stage","m1",579,57.7057324938774,7.70573249387741,NA,NA,10.1738612428685,-7.93333781774974,65.6390703116272,37.7653308741472,77.6461341136077,45.6986686918969,85.5794719313574,1,1,0,1,2149.71488547325,2157.83012866974,NA
162,"xgboost","single_stage","m1",559,28.6272441062927,-21.3727558937073,NA,NA,8.31378932459915,1.92126973128509,26.7059743750076,12.3325164550248,44.9219717575606,10.4112467237397,43.0007020262755,0,0,1,1,1293.67354941368,1299.15043187141,NA
163,"xgboost","single_stage","m1",617,51.9897602939606,1.98976029396057,NA,NA,10.796112410893,-2.09948703872058,54.0892473326811,30.8297687955645,73.1497517923567,32.929255834285,75.2492388310772,1,1,0,1,1496.89142632484,1503.01034426689,NA
164,"xgboost","single_stage","m1",604,36.4139945030212,-13.5860054969788,NA,NA,9.41713796559354,-3.39716328713024,39.8111577901515,17.9567432530131,54.8712457530294,21.3539065401434,58.2684090401596,1,1,0,1,2225.18836736679,2233.44604301453,NA
165,"xgboost","single_stage","m1",587,24.5485236964226,-25.4514763035774,NA,NA,7.77435296962882,1.70858827467191,22.8399354217507,9.31107187284807,39.7859755199971,7.60248359817616,38.0773872453252,0,0,1,1,2167.68900156021,2177.87078976631,NA
166,"xgboost","single_stage","m1",627,42.6246615219116,-7.37533847808838,NA,NA,8.63207410112244,-4.78998263595009,47.4146441578617,25.7061071718307,59.5432158719926,30.4960898077808,64.3331985079426,1,1,0,1,2215.7936668396,2223.68954443932,NA
167,"xgboost","single_stage","m1",605,45.5585285110474,-4.44147148895264,NA,NA,9.37786882692421,-0.639552519861219,46.1980810309086,27.178243358535,63.9388136635597,27.8177958783963,64.5783661834209,1,1,0,1,2218.70345711708,2227.97204899788,NA
168,"xgboost","single_stage","m1",607,40.360205165863,-9.63979483413696,NA,NA,8.91598604236171,0.990645543721918,39.3695596221411,22.8851936361723,57.8352166955538,21.8945480924504,56.8445711518319,1,1,0,1,2191.91022229195,2200.41596794128,NA
169,"xgboost","single_stage","m1",635,35.2386696166992,-14.7613303833008,NA,NA,7.95658807699899,-1.24654876712626,36.4852183838255,19.6440435459604,50.833295687438,20.8905923130867,52.0798444545643,1,1,0,1,2198.22127246857,2206.98098039627,NA
17,"xgboost","single_stage","m1",618,57.87273802948,7.87273802947998,NA,NA,8.50520238892951,-8.54766402081013,66.4204020502901,41.2028476659541,74.5426283930059,49.7505116867642,83.090292413816,1,1,0,1,1454.4698779583,1457.9999537468,NA
170,"xgboost","single_stage","m1",631,42.8591875267029,-7.14081247329712,NA,NA,8.45591562653691,0.810108153435955,42.0490793732669,26.2858974423811,59.4324776110247,25.4757892889452,58.6223694575887,1,1,0,1,2196.86874079704,2204.46251034737,NA
171,"xgboost","single_stage","m1",616,44.7805389003754,-5.21946109962463,NA,NA,7.98928961360692,-2.86970871903038,47.6502476194058,29.1218189956459,60.4392588051049,31.9915277146763,63.3089675241352,1,1,0,1,2193.772742033,2202.4474978447,NA
172,"xgboost","single_stage","m1",608,45.4282047595978,-4.57179524040222,NA,NA,8.93002476205498,-0.44342571243876,45.8716304720365,27.9256778449192,62.9307316742764,28.3691035573579,63.3741573867152,1,1,0,1,2221.99996781349,2229.61266899109,NA
173,"xgboost","single_stage","m1",610,47.3499824104309,-2.65001758956909,NA,NA,8.39493340351945,0.329929842539663,47.0200525678912,30.8962152869205,63.8037495339413,30.5662854443809,63.4738196914016,1,1,0,1,2190.166888237,2198.18784856796,NA
174,"xgboost","single_stage","m1",601,31.9601539459229,-18.0398460540771,NA,NA,8.11854939447841,5.588264682765,26.3718892631578,16.0480895260357,47.87221836581,10.4598248432707,42.283953683045,0,0,1,1,2212.99005460739,2221.93585371971,NA
175,"xgboost","single_stage","m1",604,31.6835939178467,-18.3164060821533,NA,NA,8.28646946202407,0.202490895537615,31.4811030223091,15.4424122132885,47.9247756224048,15.2399213177509,47.7222847268672,0,0,1,1,2208.01703453064,2215.78884983063,NA
176,"xgboost","single_stage","m1",597,51.7422749042511,1.7422749042511,NA,NA,9.20093464882681,-4.40531440979981,56.1475893140509,33.7087743684439,69.7757754400583,38.1140887782437,74.1810898498581,1,1,0,1,2192.28314566612,2201.00887441635,NA
177,"xgboost","single_stage","m1",609,32.6914548721313,-17.3085451278687,NA,NA,7.7259181244431,-5.68748158474099,38.3789364568723,17.5489336007176,47.8339761435451,23.2364151854586,53.521457728286,0,1,1,1,2198.92694711685,2206.3456633091,NA
178,"xgboost","single_stage","m1",594,32.4415753097534,-17.5584246902466,NA,NA,9.29237299294435,1.85723037137604,30.5843449383774,14.2288589126698,50.654291706837,12.3716285412938,48.797061335461,1,0,0,1,1262.44209384918,1268.12579751015,NA
179,"xgboost","single_stage","m1",603,41.8307373390198,-8.16926266098022,NA,NA,9.35363275453792,-2.73023614213848,44.5609734811583,23.4979540155113,60.1635206625283,26.2281901576498,62.8937568046668,1,1,0,1,1185.89182877541,1191.06966638565,NA
18,"xgboost","single_stage","m1",615,54.2226241950989,4.22262419509887,NA,NA,9.29638766857588,-0.380139486480111,54.602763681579,36.0020391783679,72.4432092118299,36.382178664848,72.82334869831,1,1,0,1,2366.07109808922,2371.29109454155,NA
180,"xgboost","single_stage","m1",606,36.0627228927612,-13.9372771072388,NA,NA,7.73716798274411,-0.887607498190881,36.9503303909521,20.8981523042464,51.2272934812761,21.7857598024372,52.114900979467,1,1,0,1,1208.42528223991,1213.29075288773,NA
181,"xgboost","single_stage","m1",612,38.757301902771,-11.242698097229,NA,NA,7.61341670994687,-2.36635946391571,41.1236613666867,23.8352793519797,53.6793244535623,26.2016388158954,56.045683917478,1,1,0,1,1329.4823179245,1333.44365239143,NA
182,"xgboost","single_stage","m1",635,56.1389274787903,6.13892747879029,NA,NA,8.93872040910997,-0.18508743509436,56.3240149138846,38.6193574090616,73.658497548519,38.804444844156,73.8435849836133,1,1,0,1,1231.1529211998,1236.62474179268,NA
183,"xgboost","single_stage","m1",571,23.388833650589,-26.611166349411,NA,NA,7.29324165558941,1.76153985954517,21.6272937910438,9.09434267508647,37.6833246260915,7.3328028155413,35.9217847665463,0,0,1,1,1212.31116819382,1216.59698653221,NA
184,"xgboost","single_stage","m1",586,38.2208598251343,-11.7791401748657,NA,NA,7.42326319296028,-1.06337773001874,39.284237555153,23.6715313191703,52.7701883310982,24.7349090491891,53.833566061117,1,1,0,1,1198.65000915527,1204.04933643341,NA
185,"xgboost","single_stage","m1",585,40.3688358955383,-9.63116410446167,NA,NA,9.62131911291563,1.0969478634454,39.2718880320929,21.5113969504568,59.2262748406198,20.4144490870114,58.1293269771744,1,1,0,1,1307.90927648544,1313.23377084732,NA
186,"xgboost","single_stage","m1",634,44.0575904388428,-5.94240956115723,NA,NA,9.03940777356118,-0.971422477975189,45.029012916818,26.3406767610915,61.7745041165941,27.3120992390667,62.7459265945693,1,1,0,1,1270.88396763802,1276.20718312263,NA
187,"xgboost","single_stage","m1",634,34.4263482189178,-15.5736517810822,NA,NA,9.26860103834162,4.56312546159041,29.8632227573274,16.2602239966977,52.592472441138,11.6970985351073,48.0293469795475,1,0,0,1,1270.86682415009,1277.14664101601,NA
188,"xgboost","single_stage","m1",624,38.2668914375305,-11.7331085624695,NA,NA,8.0191802612646,-6.35088065744281,44.6177720949733,22.5495869399174,53.9841959351436,28.9004675973602,60.3350765925864,1,1,0,1,2257.07590198517,2265.66738414764,NA
189,"xgboost","single_stage","m1",624,53.2943973922729,3.29439739227295,NA,NA,10.2631294604183,-7.02415359181452,60.3185509840875,33.1790332811811,73.4097615033647,40.2031868729957,80.4339150951793,1,1,0,1,1242.0400519371,1247.64576172829,NA
19,"xgboost","single_stage","m1",611,40.6439990825653,-9.35600091743469,NA,NA,7.27781585684316,-5.5638765231018,46.2078756056671,26.3797421170382,54.9082560480924,31.94361864014,60.4721325711942,1,1,0,1,2347.72008895874,2353.77475142479,NA
190,"xgboost","single_stage","m1",619,49.5441252593994,-0.455874740600585,NA,NA,8.91436371526622,-1.26717501413989,50.8113002735393,32.072293432387,67.0159570864119,33.3394684465269,68.2831321005518,1,1,0,1,1213.20193719864,1218.22464680672,NA
191,"xgboost","single_stage","m1",611,48.9037413139343,-1.09625868606567,NA,NA,9.08889295520796,-2.48574657440186,51.3894878883362,31.0898384623869,66.7176441654817,33.5755850367888,69.2033907398836,1,1,0,1,1191.58004641533,1193.89043021202,NA
192,"xgboost","single_stage","m1",601,32.435524559021,-17.564475440979,NA,NA,7.55017901529701,-0.658903052115978,33.094427611137,17.6374456122088,47.2336035058332,18.2963486643248,47.8925065579492,0,0,1,1,1537.0267059803,1543.83753228188,NA
193,"xgboost","single_stage","m1",597,45.0892162475586,-4.9107837524414,NA,NA,8.94880092606722,-3.27588247142602,48.3650987189846,27.5498887276482,62.628543767469,30.8257711990742,65.904426238895,1,1,0,1,1142.04821395874,1148.23492884636,NA
194,"xgboost","single_stage","m1",604,51.261070268631,1.26107026863098,NA,NA,9.45919094845582,4.49681024947071,46.7642600191603,32.7213966867703,69.8007438504917,28.2245864372996,65.303933601021,1,1,0,1,1312.04140043259,1315.30746817589,NA
195,"xgboost","single_stage","m1",623,49.13000756073,-0.869992439270021,NA,NA,8.91390250953536,-2.73316439133167,51.8631719520616,31.6590796803395,66.6009354411205,34.3922440716711,69.3340998324522,1,1,0,1,1399.35344529152,1405.69625544548,NA
196,"xgboost","single_stage","m1",591,45.9495903816223,-4.05040961837769,NA,NA,9.63698312412701,1.89031706707561,44.0592733145467,27.0614505387131,64.8377302245315,25.1711334716375,62.9474131574559,1,1,0,1,1160.01368951797,1163.73559761047,NA
197,"xgboost","single_stage","m1",618,49.3320140724182,-0.667985927581789,NA,NA,9.41222979208862,-1.15419540746879,50.486209479887,30.8843826657096,67.7796454791268,32.0385780731784,68.9338408865956,1,1,0,1,1586.86512470245,1594.56390547752,NA
198,"xgboost","single_stage","m1",597,36.4582803573608,-13.5417196426392,NA,NA,8.39873541612441,3.09839485772705,33.3598854996338,19.997061426076,52.9194992886457,16.8986665683489,49.8211044309187,1,0,0,1,1205.04181742668,1209.3571498394,NA
199,"xgboost","single_stage","m1",627,43.3411955509186,-6.65880444908142,NA,NA,8.51892493410033,-0.627113747256274,43.9683092981749,26.6444094930817,60.0379816087555,27.271523240338,60.6650953560117,1,1,0,1,1853.68564796448,1858.83764982224,NA
2,"xgboost","single_stage","m1",612,43.0134799919128,-6.98652000808716,NA,NA,9.02046919556925,-3.26116001267599,46.2746400045888,25.3336852449441,60.6932747388816,28.5948452576201,63.9544347515576,1,1,0,1,1409.2100250721,1412.36612701416,NA
20,"xgboost","single_stage","m1",613,53.4627045326233,3.46270453262329,NA,NA,8.36858551675519,-6.23569780711603,59.6984023397393,37.0605783182396,69.864830747007,43.2962761253556,76.100528554123,1,1,0,1,2387.59278678894,2392.61168456078,NA
200,"xgboost","single_stage","m1",610,31.4177658424377,-18.5822341575623,NA,NA,8.66593726860964,2.39753343353033,29.0202324089074,14.4328409036795,48.402690781196,12.0353074701491,46.0051573476657,0,0,1,1,1305.63663172722,1309.61747121811,NA
201,"xgboost","single_stage","m1",603,44.4629651837349,-5.53703481626511,NA,NA,8.21997753212011,-0.107920408756492,44.5708855924914,28.352105267051,60.5738251004187,28.4600256758075,60.6817455091752,1,1,0,1,1849.92279958725,1858.40799880028,NA
202,"xgboost","single_stage","m1",621,44.3595917272568,-5.64040827274322,NA,NA,10.0356344640266,1.59877823418599,42.7608134930708,24.6901096157557,64.0290738387579,23.0913313815697,62.4302956045719,1,1,0,1,1589.8696668148,1596.49386787415,NA
203,"xgboost","single_stage","m1",607,52.5593688430786,2.55936884307862,NA,NA,7.90347523249898,-0.16708391954041,52.726452762619,37.0688420346763,68.0498956514809,37.2359259542167,68.2169795710213,1,1,0,1,1497.00996375084,1504.27664852142,NA
204,"xgboost","single_stage","m1",602,52.5001722888947,2.50017228889465,NA,NA,9.2321085628357,-4.43823689534807,56.9384091842427,34.4055720043728,70.5947725734165,38.8438088997209,75.0330094687645,1,1,0,1,1293.15825128555,1298.11696624756,NA
205,"xgboost","single_stage","m1",620,35.2332918624878,-14.7667081375122,NA,NA,8.61135856262601,1.48389621840131,33.7493956440865,18.3553392217802,52.1112445031954,16.8714430033789,50.6273482847941,1,1,0,1,1198.66999149323,1202.48684430122,NA
206,"xgboost","single_stage","m1",602,36.1040763931274,-13.8959236068726,NA,NA,8.56280906128657,1.91935067305827,34.1847257200692,19.3212790265125,52.8868737597424,17.4019283534543,50.9675230866841,1,1,0,1,1656.74101686478,1663.91382360458,NA
207,"xgboost","single_stage","m1",620,45.3265246963501,-4.6734753036499,NA,NA,9.18174284578744,-4.77555277759695,50.102077473947,27.3306394032984,63.3224099894018,32.1061921808954,68.0979627669987,1,1,0,1,1572.34561300278,1578.06827068329,NA
208,"xgboost","single_stage","m1",615,38.8787882080078,-11.1212117919922,NA,NA,8.85822257602902,-0.556886548037646,39.4356747560455,21.5169909919513,56.2405854240643,22.073877539989,56.797471972102,1,1,0,1,1343.22152376175,1351.90922737122,NA
209,"xgboost","single_stage","m1",598,44.6604581375122,-5.33954186248779,NA,NA,9.24213813065855,2.10410558767223,42.55635254984,26.5462002612771,62.7747160137473,24.4420946736049,60.6706104260751,1,1,0,1,1181.18756127357,1184.30663514137,NA
21,"xgboost","single_stage","m1",631,29.5956553764343,-20.4043446235657,NA,NA,8.6337936717699,8.56361600918448,21.0320393672498,12.6737307298155,46.5175800230531,4.11011472063102,37.9539640138687,0,0,1,1,1498.9477763176,1501.87151312828,NA
210,"xgboost","single_stage","m1",606,48.2892851409912,-1.71071485900879,NA,NA,9.48795453532016,-4.75983340331888,53.0491185443101,29.6932359648102,66.8853343171722,34.4530693681291,71.6451677204911,1,1,0,1,1431.73860764503,1441.26935338974,NA
211,"xgboost","single_stage","m1",604,38.3227940635681,-11.6772059364319,NA,NA,9.82471330081307,-0.790361144330028,39.1131552078981,19.0667098355429,57.5788782915934,19.8570709798729,58.3692394359234,1,1,0,1,1485.40667128563,1493.06784558296,NA
212,"xgboost","single_stage","m1",627,50.4324365882874,0.432436588287352,NA,NA,8.40143469330336,-4.26163048214149,54.6940670704288,33.9659271709475,66.8989460056272,38.227557653089,71.1605764877687,1,1,0,1,1475.88046455383,1484.17822289467,NA
213,"xgboost","single_stage","m1",622,42.3414949378967,-7.65850506210327,NA,NA,8.13840969719837,-5.72651379057562,48.0680087284723,26.3905050399564,58.2924848358371,32.117018830532,64.0189986264127,1,1,0,1,1398.69553518295,1402.76481533051,NA
214,"xgboost","single_stage","m1",597,43.3443879051208,-6.65561209487915,NA,NA,8.44553237792181,1.89703877052307,41.4473491345978,26.7914486141272,59.8973271961145,24.8944098436041,58.0002884255914,1,1,0,1,1485.80290436745,1492.19220495224,NA
215,"xgboost","single_stage","m1",615,35.4342839355469,-14.5657160644531,NA,NA,8.10175360146055,1.60375818258822,33.8305257529586,19.5551386650665,51.3134292060272,17.9513804824783,49.709671023439,1,0,0,1,1504.62433791161,1511.11386299133,NA
216,"xgboost","single_stage","m1",612,56.8220877876282,6.82208778762817,NA,NA,9.19185413872714,-2.20100559509039,59.0230933827186,38.8063847245775,74.8377908506788,41.0073903196679,77.0387964457692,1,1,0,1,1728.2015709877,1736.21968841553,NA
217,"xgboost","single_stage","m1",613,37.2368294334412,-12.7631705665588,NA,NA,8.03060572518443,-4.32698769846809,41.5638171319092,21.4971314380385,52.9765274288438,25.8241191365066,57.3035151273119,1,1,0,1,1474.73799729347,1479.79157185555,NA
218,"xgboost","single_stage","m1",611,58.9405743246079,8.94057432460785,NA,NA,9.07122381545904,-2.32141345279074,61.2619877773986,41.1613023506061,76.7198462986096,43.4827158033969,79.0412597514003,1,1,0,1,1557.16220378876,1564.86155247688,NA
219,"xgboost","single_stage","m1",626,45.5462372970581,-4.45376270294189,NA,NA,8.09814686438014,-1.86475885093689,47.410996147995,29.6741611013571,61.4183134927591,31.538919952294,63.283072343696,1,1,0,1,1308.75794434547,1315.72974681854,NA
22,"xgboost","single_stage","m1",574,41.6572200217247,-8.3427799782753,NA,NA,8.55609778646126,-5.83225528662444,47.4894753083491,24.8875765120578,58.4268635313916,30.7198317986822,64.2591188180161,1,1,0,1,1431.33246302605,1434.92890191078,NA
220,"xgboost","single_stage","m1",617,43.306354095459,-6.69364590454101,NA,NA,9.0899113489182,-4.03658695734406,47.342941052803,25.4904552289174,61.1222529620005,29.5270421862615,65.1588399193446,1,1,0,1,1442.32889723778,1448.1997256279,NA
221,"xgboost","single_stage","m1",619,22.4176350021362,-27.5823649978638,NA,NA,7.41773558905148,2.76708315390015,19.6505518482361,7.87914040075434,36.9561296035181,5.11205724685419,34.189046449618,0,0,1,1,1880.55782365799,1887.68980526924,NA
222,"xgboost","single_stage","m1",617,41.2865126409531,-8.71348735904694,NA,NA,8.58079326843094,0.71161399430585,40.5748986466472,24.4684668760447,58.1045584058614,23.7568528817388,57.3929444115556,1,1,0,1,1471.66222643852,1476.95130848885,NA
223,"xgboost","single_stage","m1",596,47.7009927902222,-2.29900720977783,NA,NA,8.69087126941407,-6.46119109548664,54.1621838857088,30.6671981078967,64.7347874725477,37.1283892033833,71.1959785680343,1,1,0,1,1926.94051766396,1933.56877183914,NA
224,"xgboost","single_stage","m1",656,43.6402708129883,-6.35972918701172,NA,NA,8.78379897099858,2.07743357957041,41.5628372334179,26.4243411823911,60.8562004435855,24.3469076028207,58.7787668640151,1,1,0,1,1806.25118136406,1812.91385388374,NA
225,"xgboost","single_stage","m1",627,30.600745891571,-19.399254108429,NA,NA,7.73811956306732,0.842953797693252,29.7577920938778,15.4343102398943,45.7671815432478,14.591356442201,44.9242277455546,0,0,1,1,1289.80929660797,1295.49816465378,NA
226,"xgboost","single_stage","m1",626,48.8920584716797,-1.10794152832031,NA,NA,8.52171201219836,-4.59552346933484,53.4875819410145,32.1898098411486,65.5943071022108,36.7853333104834,70.1898305715457,1,1,0,1,1281.0572810173,1284.37307858467,NA
227,"xgboost","single_stage","m1",609,42.7303736305237,-7.26962636947632,NA,NA,8.63345765583038,3.09902901695418,39.6313446135695,25.8091075630445,59.6516396980028,22.7100785460904,56.5526106810486,1,1,0,1,1291.00776028633,1297.04332566261,NA
228,"xgboost","single_stage","m1",607,48.0228394184113,-1.97716058158875,NA,NA,7.93116652877177,-2.47274123392427,50.4955806523355,32.478038666629,63.5676401701935,34.9507799005533,66.0403814041178,1,1,0,1,1327.84304261208,1331.7858235836,NA
229,"xgboost","single_stage","m1",589,44.6055936870575,-5.39440631294251,NA,NA,9.39582795163792,-1.85175927874648,46.457352965804,26.1901092969124,63.0210780772025,28.0418685756589,64.872837355949,1,1,0,1,1252.27675271034,1254.45120453835,NA
23,"xgboost","single_stage","m1",593,47.0763511428833,-2.9236488571167,NA,NA,7.88516873291134,-4.11514496845806,51.1914961113414,31.6217044143557,62.5309978714109,35.7368493828138,66.6461428398689,1,1,0,1,2341.58294272423,2346.56514596939,NA
230,"xgboost","single_stage","m1",634,37.5504332411289,-12.4495667588711,NA,NA,9.49589752159269,0.511038918704926,37.039394322424,18.9388160979241,56.1620503843337,18.4277771792192,55.6510114656288,1,1,0,1,1248.1830663681,1251.59856104851,NA
231,"xgboost","single_stage","m1",628,42.8164619522095,-7.18353804779053,NA,NA,9.33423421767463,-0.127086141900449,42.9435480941099,24.5216990623058,61.1112248421131,24.6487852042062,61.2383109840136,1,1,0,1,1170.75797200203,1174.81080913544,NA
232,"xgboost","single_stage","m1",625,54.5678453922272,4.56784539222717,NA,NA,9.818101410565,-0.681523134655414,55.2493685268826,35.3247202309579,73.8109705534965,36.0062433656133,74.4924936881519,1,1,0,1,1203.72718214989,1209.78982377052,NA
233,"xgboost","single_stage","m1",630,37.1651872905493,-12.8348127094507,NA,NA,7.80715432945197,1.76773394721134,35.3974533433379,21.8634459830775,52.4669285980211,20.0957120358661,50.6991946508097,1,1,0,1,1325.49588751793,1327.5096180439,NA
234,"xgboost","single_stage","m1",610,39.0846946792603,-10.9153053207397,NA,NA,9.51758715382359,-1.46718710093063,40.5518817801909,20.4305666380449,57.7388227204756,21.8977537389756,59.2060098214062,1,1,0,1,1296.69391489029,1300.83871054649,NA
235,"xgboost","single_stage","m1",602,33.6713754119873,-16.3286245880127,NA,NA,8.50831795070174,1.37479005214715,32.2965853598402,16.9953786595963,50.3473721643783,15.6205886074491,48.9725821122312,1,0,0,1,1551.11339521408,1557.46370768547,NA
236,"xgboost","single_stage","m1",603,36.6892061691284,-13.3107938308716,NA,NA,7.23009983846507,-8.5261766771162,45.2153828462446,22.518470881108,50.8599414571488,31.0446475582242,59.386118134265,1,1,0,1,1331.22380375862,1333.02575421333,NA
237,"xgboost","single_stage","m1",605,46.9686109237671,-3.03138907623291,NA,NA,8.34744361315441,-5.71820357921057,52.6868145029777,30.6079220790055,63.3292997685286,36.3261256582161,69.0475033477392,1,1,0,1,1347.21104669571,1351.29460740089,NA
238,"xgboost","single_stage","m1",613,59.3181773757935,9.31817737579345,NA,NA,8.11986019793156,5.34922562814761,53.9689517476458,43.4035438283473,75.2328109232396,38.0543182001997,69.883585295092,1,1,0,1,1282.52568697929,1288.71739792824,NA
239,"xgboost","single_stage","m1",610,36.516839641571,-13.483160358429,NA,NA,8.01578700570391,-2.54173391334534,39.0585735549164,20.8061858026472,52.2274934804949,23.3479197159926,54.7692273938402,1,1,0,1,1022.52843499184,1027.73457717896,NA
24,"xgboost","single_stage","m1",595,33.7462405815125,-16.2537594184875,NA,NA,7.96594879232117,-2.29146880825806,36.0377093897705,18.1332678458726,49.3592133171523,20.4247366541307,51.6506821254103,0,1,1,1,2269.37086057663,2275.85081982613,NA
240,"xgboost","single_stage","m1",632,37.2468685512543,-12.7531314487457,NA,NA,8.50795341757907,-3.95645191087603,41.2033204621303,20.5715862706548,53.9221508318537,24.5280381815309,57.8786027427297,1,1,0,1,1154.07820558548,1155.7498664856,NA
241,"xgboost","single_stage","m1",603,56.5551994383335,6.55519943833351,NA,NA,9.11898559581778,-11.4913215722606,68.0465210105941,38.6823160949911,74.4280827816759,50.1736376672517,85.9194043539364,1,0,0,1,1300.54130625725,1303.09916615486,NA
242,"xgboost","single_stage","m1",623,38.0039742574692,-11.9960257425308,NA,NA,8.24814054889273,0.394564296077554,37.6094099613916,21.837915842215,54.1700326727234,21.4433515461374,53.7754683766458,1,1,0,1,1035.28149914742,1037.85595345497,NA
243,"xgboost","single_stage","m1",597,26.0043101730347,-23.9956898269653,NA,NA,7.92889286966793,6.87091046279526,19.1333997102394,10.4639657112091,41.5446546348603,3.59305524841383,34.673744172065,0,0,1,1,1386.06949663162,1391.32670712471,NA
244,"xgboost","single_stage","m1",622,39.6816356852055,-10.3183643147945,NA,NA,8.83365552165322,2.64737859332264,37.0342570918828,22.3679890109318,56.9952823594791,19.7206104176091,54.3479037661565,1,1,0,1,2194.57954359055,2204.5904545784,NA
245,"xgboost","single_stage","m1",625,39.0041967544556,-10.9958032455444,NA,NA,10.4262337616796,-0.0367203754959107,39.0409171299515,18.5691540871681,59.4392394217431,18.605874462664,59.475959797239,1,1,0,1,1345.39928507805,1359.66012811661,NA
246,"xgboost","single_stage","m1",631,42.9950726280212,-7.00492737197876,NA,NA,9.04523166446736,0.753695971282959,42.2413766567383,25.2667443338439,60.7234009221986,24.513048362561,59.9697049509156,1,1,0,1,2260.94402360916,2268.70613908768,NA
247,"xgboost","single_stage","m1",593,37.4223787651062,-12.5776212348938,NA,NA,9.81556511666182,-0.197593992989901,37.6199727580961,18.1842246485413,56.6605328816711,18.3818186415313,56.858126874661,1,1,0,1,1176.28840780258,1181.48823881149,NA
248,"xgboost","single_stage","m1",593,31.930231426239,-18.069768573761,NA,NA,8.53362036985649,4.07937675483608,27.8508546714029,15.2046428435829,48.6558200088951,11.1252660887468,44.576443254059,0,0,1,1,2291.47598481178,2300.12607598305,NA
249,"xgboost","single_stage","m1",581,39.3882100105286,-10.6117899894714,NA,NA,8.46339198427286,-2.37489327129197,41.7631032818205,22.8002665343088,55.9761534867484,25.1751598056008,58.3510467580403,1,1,0,1,1924.05274748802,1926.2778801918,NA
25,"xgboost","single_stage","m1",617,22.9137011451721,-27.0862988548279,NA,NA,8.50560921319261,6.17025103648901,16.7434501086831,6.24301342074254,39.5843888696017,0.072762384253533,33.4141378331127,0,0,1,1,2344.92787408829,2356.81231021881,NA
250,"xgboost","single_stage","m1",600,41.8780904121399,-8.12190958786011,NA,NA,8.07625629425985,-3.40890205517387,45.2869924673138,26.0489189454757,57.7072618788041,29.4578210006495,61.116163933978,1,1,0,1,1202.67452788353,1208.75794911385,NA
251,"xgboost","single_stage","m1",606,36.830754720211,-13.169245279789,NA,NA,8.59243177577621,3.96717684078944,32.8635778794216,19.9898979000721,53.6716115403499,16.0227210592827,49.7044346995605,1,0,0,1,1332.02005624771,1334.8791539669,NA
252,"xgboost","single_stage","m1",602,37.6567307300568,-12.3432692699432,NA,NA,9.36015779043496,1.54129724418843,36.1154334858683,19.3111585711922,56.0023028889213,17.7698613270038,54.4610056447329,1,1,0,1,1283.19334077835,1293.39582824707,NA
253,"xgboost","single_stage","m1",608,55.1187159881592,5.11871598815918,NA,NA,9.41622845680639,-5.78304792178017,60.9017639099394,36.6632473426175,73.5741846337009,42.4462952643977,79.357232555481,1,1,0,1,1691.45908904076,1701.29302620888,NA
254,"xgboost","single_stage","m1",612,36.8621725387573,-13.1378274612427,NA,NA,7.49436965961851,0.360811647887708,36.5013608908696,22.1734779190753,51.5508671584393,21.8126662711876,51.1900555105516,1,1,0,1,820.140479803085,823.724365234375,NA
255,"xgboost","single_stage","m1",586,46.5319716453552,-3.46802835464477,NA,NA,10.0888354322183,1.18260232599496,45.3493693193603,26.7582175522558,66.3057257384547,25.5756152262608,65.1231234124597,1,1,0,1,1486.03767037392,1490.19036078453,NA
256,"xgboost","single_stage","m1",607,36.2078470077515,-13.7921529922485,NA,NA,9.09146818882497,-3.25193175902177,39.4597787667732,18.3888967910629,54.02679722444,21.6408285500847,57.2787289834618,1,1,0,1,1278.51151037216,1288.3253428936,NA
257,"xgboost","single_stage","m1",586,25.457511100769,-24.542488899231,NA,NA,6.72237515140747,-0.594793962408541,26.0523050631776,12.2818979134434,38.6331242880947,12.876691875852,39.2279182505032,0,0,1,1,1417.04041433334,1422.57879924774,NA
258,"xgboost","single_stage","m1",587,34.2912879180908,-15.7087120819092,NA,NA,7.49911728710713,0.0712880397237541,34.2199998783671,19.5932881195191,48.9892877166625,19.5220000797954,48.9179996769387,0,0,1,1,2182.52486014366,2186.54580688477,NA
259,"xgboost","single_stage","m1",626,48.5242827682495,-1.47571723175049,NA,NA,7.88212279057341,-2.27696718189359,50.8012499501431,33.0756059770033,63.9729595594957,35.3525731588969,66.2499267413893,1,1,0,1,1814.50074863434,1823.33775210381,NA
26,"xgboost","single_stage","m1",616,44.018662279129,-5.98133772087097,NA,NA,9.62610693593327,-1.52767185547901,45.546334134608,25.1518393733686,62.8854851848895,26.6795112288476,64.4131570403685,1,1,0,1,2346.00363659859,2353.26798987389,NA
260,"xgboost","single_stage","m1",611,44.6231038742065,-5.37689612579346,NA,NA,8.54445019847103,-2.00978692095947,46.632890795166,27.8762892175072,61.3699185309059,29.8860761384667,63.3797054518653,1,1,0,1,691.700201034546,697.073646306992,NA
261,"xgboost","single_stage","m1",595,37.4236632881165,-12.5763367118835,NA,NA,8.54370598867293,0.101207389109135,37.3224558990073,20.6783072558184,54.1690193204146,20.5770998667092,54.0678119313054,1,1,0,1,2097.8188560009,2106.08931016922,NA
262,"xgboost","single_stage","m1",632,44.9894173049927,-5.01058269500732,NA,NA,7.8030296588635,0.306210199656249,44.6832071053364,29.6957602033224,60.283074406663,29.3895500036661,59.9768642070067,1,1,0,1,2221.46955561638,2231.81369400024,NA
263,"xgboost","single_stage","m1",631,38.4364003753662,-11.5635996246338,NA,NA,8.06229955743886,-4.68268221262694,43.1190825879931,22.6345836102128,54.2382171405196,27.3172658228398,58.9208993531465,1,1,0,1,1250.57434606552,1254.07734036446,NA
264,"xgboost","single_stage","m1",616,47.3585971641541,-2.64140283584594,NA,NA,8.95585110307086,-2.97658474812699,50.335181912281,29.8054515512319,64.9117427770763,32.7820362993589,67.8883275252032,1,1,0,1,1841.29504108429,1846.8558781147,NA
265,"xgboost","single_stage","m1",615,45.9974823951721,-4.00251760482788,NA,NA,7.97392371408162,-5.21462049238587,51.212102887558,30.3688791001023,61.626085690242,35.5834995924882,66.8407061826278,1,1,0,1,892.74920630455,898.105357885361,NA
266,"xgboost","single_stage","m1",599,38.7996239051819,-11.2003760948181,NA,NA,8.7316121252951,5.70493717143607,33.0946867337458,21.6859786126303,55.9132691977335,15.9810414411942,50.2083320262974,1,1,0,1,1285.79513931274,1291.51413202286,NA
267,"xgboost","single_stage","m1",607,43.2590045967102,-6.74099540328979,NA,NA,9.51058003231632,-1.06499122950309,44.3239958262133,24.6186102612844,61.899398932136,25.6836014907875,62.9643901616391,1,1,0,1,812.598047971725,817.655518293381,NA
268,"xgboost","single_stage","m1",575,46.191275390625,-3.808724609375,NA,NA,10.1297191769526,0.119450886660452,46.0718245039645,26.3373906302932,66.0451601509568,26.2179397436327,65.9257092642964,1,1,0,1,2322.64687776566,2330.92774200439,NA
269,"xgboost","single_stage","m1",584,40.267337266922,-9.732662733078,NA,NA,10.3420613476523,1.63437961545569,38.6329576514663,19.9972694996197,60.5374050342243,18.362889884164,58.9030254187686,1,1,0,1,1271.40702033043,1276.47027540207,NA
27,"xgboost","single_stage","m1",613,35.8992909164429,-14.1007090835571,NA,NA,7.77643867785612,-4.4692377388401,40.368528655283,20.6577511798606,51.1408306530251,25.1269889187007,55.6100683918652,1,1,0,1,2385.39623904228,2397.85393619537,NA
270,"xgboost","single_stage","m1",630,31.249606048584,-18.750393951416,NA,NA,7.74154856938897,1.26478838657594,29.984817662008,16.076449668014,46.4227624291539,14.8116612814381,45.157974042578,0,0,1,1,2316.59128856659,2325.3141002655,NA
271,"xgboost","single_stage","m1",622,38.2097804985046,-11.7902195014954,NA,NA,8.86938621684218,3.20178453639603,35.0079959621086,20.826102948518,55.5934580484913,17.624318412122,52.3916735120952,1,1,0,1,2396.14775967598,2404.05479288101,NA
272,"xgboost","single_stage","m1",608,45.2277666549683,-4.77223334503174,NA,NA,8.82514583812015,-3.92355945510388,49.1513261100721,27.9307986539392,62.5247346559973,31.8543581090431,66.4482941111012,1,1,0,1,1315.39081811905,1321.70742368698,NA
273,"xgboost","single_stage","m1",603,36.007293129921,-13.992706870079,NA,NA,8.12842255611305,-3.46177362119059,39.4690667511116,20.0758776688164,51.9387085910255,23.537651290007,55.4004822122161,1,1,0,1,1418.57610607147,1424.03090953827,NA
274,"xgboost","single_stage","m1",618,39.0058294095993,-10.9941705904007,NA,NA,9.0951881546401,-0.0656901409142066,39.0715195505135,21.1795881938894,56.8320706253092,21.2452783348036,56.8977607662234,1,1,0,1,1353.58096528053,1357.58326911926,NA
275,"xgboost","single_stage","m1",612,51.3685134048462,1.36851340484619,NA,NA,9.04944119654359,-1.91676282798242,53.2852762328286,33.6319345794077,69.1050922302847,35.5486974073901,71.0218550582671,1,1,0,1,1302.61185789108,1307.74832248688,NA
276,"xgboost","single_stage","m1",605,66.4893709869385,16.4893709869385,NA,NA,8.47860204538346,-1.46469151205517,67.9540624989937,49.8716163387393,83.1071256351377,51.3363078507944,84.5718171471929,1,0,0,1,1314.80400037766,1321.24600291252,NA
277,"xgboost","single_stage","m1",613,46.8659159297943,-3.13408407020569,NA,NA,8.82238270474432,-5.11992821306419,51.9858441428585,29.5743635706664,64.1574682889222,34.6942917837306,69.2773965019864,1,1,0,1,1357.90105223656,1362.03978419304,NA
278,"xgboost","single_stage","m1",593,34.6085709838867,-15.3914290161133,NA,NA,7.96709227371164,-1.59119801653195,36.1997690004187,18.9933570659046,50.2237849018689,20.5845550824365,51.8149829184008,1,1,0,1,1233.38620758057,1237.84191465378,NA
279,"xgboost","single_stage","m1",635,32.5739294891357,-17.4260705108643,NA,NA,7.27399557929099,-1.67012375027847,34.2440532394142,18.3171601300218,46.8306988482497,19.9872838803003,48.5008225985281,0,0,1,1,1316.16589546204,1327.15505433083,NA
28,"xgboost","single_stage","m1",607,44.7271981267929,-5.27280187320709,NA,NA,8.60020727853719,-1.87571522691333,46.6029133537062,27.8711016012808,61.583294652305,29.7468168281941,63.4590098792184,1,1,0,1,2344.9084610939,2356.99571704865,NA
280,"xgboost","single_stage","m1",601,37.2242943286896,-12.7757056713104,NA,NA,9.83295663289717,-5.17421115123236,42.3985054799219,17.9520534666669,56.4965351907123,23.1262646178993,61.6707463419446,1,1,0,1,1283.03405857086,1288.38579130173,NA
281,"xgboost","single_stage","m1",601,48.1090946235657,-1.89090537643433,NA,NA,8.88312581948304,2.97368607773185,45.1354085458338,30.6984879472411,65.5197012998903,27.7248018695092,62.5460152221584,1,1,0,1,1293.78515028954,1298.27983307838,NA
282,"xgboost","single_stage","m1",621,46.8396559500694,-3.16034404993057,NA,NA,8.82931468793948,-0.563377007268905,47.4030329573383,29.5345171535375,64.1447947466013,30.0978941608065,64.7081717538702,1,1,0,1,877.490546941757,885.939408779144,NA
283,"xgboost","single_stage","m1",603,32.915156730935,-17.084843269065,NA,NA,8.17262652444109,-1.00158003333175,33.9167367642667,16.8971030839337,48.9332103779363,17.8986831172654,49.934790411268,0,0,1,1,1296.95163488388,1298.09079813957,NA
284,"xgboost","single_stage","m1",599,41.7824249725342,-8.21757502746582,NA,NA,9.27087294604627,-3.99827051040739,45.7806954829416,23.6118478930367,59.9530020520316,27.6101184034441,63.951272562439,1,1,0,1,1314.77187752724,1319.26460051537,NA
285,"xgboost","single_stage","m1",633,40.556695941925,-9.44330405807495,NA,NA,8.44437952718263,-1.88134144988847,42.4380373918135,24.0060161968597,57.1073756869904,25.8873576467482,58.9887171368788,1,1,0,1,1325.85814571381,1331.87899184227,NA
286,"xgboost","single_stage","m1",601,34.3364280166626,-15.6635719833374,NA,NA,8.72029892489459,-3.09099773512315,37.4274257517857,17.2449561894458,51.4278998438793,20.335953924569,54.5188975790025,1,1,0,1,848.240713357925,853.608792543411,NA
287,"xgboost","single_stage","m1",620,47.3100528450012,-2.68994715499878,NA,NA,10.4054515009461,-2.09830463922423,49.4083574842255,26.9157426602687,67.7043630297338,29.0140472994929,69.802667668958,1,1,0,1,1345.74368453026,1352.41256165504,NA
288,"xgboost","single_stage","m1",593,48.3824932823181,-1.61750671768188,NA,NA,10.5077658180185,1.1229821876837,47.2595110946344,27.7876507210208,68.9773358436154,26.6646685333371,67.8543536559317,1,1,0,1,1298.36342000961,1308.99594068527,NA
289,"xgboost","single_stage","m1",594,28.8750013179779,-21.1249986820221,NA,NA,8.05428613321269,2.10863250751948,26.7663688104584,13.0888905757007,44.6611120602551,10.9802580681812,42.5524795527357,0,0,1,1,709.075496435165,710.512215614319,NA
29,"xgboost","single_stage","m1",630,39.5953313903809,-10.4046686096191,NA,NA,8.31443114177311,-3.58156811756116,43.176899507942,23.2993458005673,55.8913169801944,26.8809139181285,59.4728850977556,1,1,0,1,2346.00479125977,2354.86425185204,NA
290,"xgboost","single_stage","m1",591,56.398603931427,6.398603931427,NA,NA,10.1591278639578,-4.63118425055575,61.0297881819828,36.4870792037324,76.3101286591216,41.1182634542882,80.9413129096773,1,1,0,1,1350.63150644302,1356.25178909302,NA
291,"xgboost","single_stage","m1",623,44.2024669017792,-5.79753309822082,NA,NA,8.64535036535768,5.03552884726668,39.1669380545125,27.2578915519479,61.1470422516104,22.2223627046812,56.1115134043438,1,1,0,1,2170.56910157204,2180.49671626091,NA
292,"xgboost","single_stage","m1",605,45.9231745456457,-4.07682545435429,NA,NA,8.32486245507267,-2.91721302767491,48.8403875733206,29.6067439574536,62.2396051338378,32.5239569851285,65.1568181615128,1,1,0,1,1400.97071552277,1408.43481564522,NA
293,"xgboost","single_stage","m1",632,44.624929397583,-5.37507060241699,NA,NA,8.76751827340818,-0.0416213415832516,44.6665507391663,27.4409093479062,61.8089494472598,27.4825306894894,61.8505707888431,1,1,0,1,2072.30525684357,2081.51808834076,NA
294,"xgboost","single_stage","m1",589,30.3028466949463,-19.6971533050537,NA,NA,7.77618828563711,-0.828842208241223,31.1316889031875,15.0617977180953,45.5438956717973,15.8906399263365,46.3727378800385,0,0,1,1,1323.36519980431,1333.8904042244,NA
295,"xgboost","single_stage","m1",615,47.8969488677979,-2.10305113220215,NA,NA,7.66400958904021,-4.08730249893785,51.9842513667357,32.8757660961094,62.9181316394863,36.9630685950473,67.0054341384241,1,1,0,1,1975.17323160172,1983.35624027252,NA
296,"xgboost","single_stage","m1",600,51.0602272114754,1.06022721147537,NA,NA,10.6486010408633,3.10986381212064,47.9503633993547,30.1893526856476,71.9311017373032,27.0794888735269,68.8212379251825,1,1,0,1,1940.58661675453,1950.15679812431,NA
297,"xgboost","single_stage","m1",593,49.5594862835407,-0.440513716459272,NA,NA,9.54142646141029,-6.95278523320532,56.512271516746,30.8586340580391,68.2603385090423,37.8114192912444,75.2131237422477,1,1,0,1,1489.62519192696,1492.15011239052,NA
298,"xgboost","single_stage","m1",614,32.8339490642548,-17.1660509357452,NA,NA,8.77006111780005,0.20401728014523,32.6299317841095,15.6449451311516,50.0229529973579,15.4409278510063,49.8189357172127,1,0,0,1,1289.57370781898,1295.70209360123,NA
299,"xgboost","single_stage","m1",588,43.598503320694,-6.40149667930603,NA,NA,8.46986896988627,-8.26458453989881,51.8630878605928,26.9978651859435,60.1991414554444,35.2624497258423,68.4637259953433,1,1,0,1,1302.71615219116,1307.24796819687,NA
3,"xgboost","single_stage","m1",603,42.8504908065796,-7.14950919342041,NA,NA,7.68370211561566,-2.78284688784343,45.633337694423,27.7907113920387,57.9102702211205,30.5735582798821,60.6931171089639,1,1,0,1,1277.70878458023,1280.98963785172,NA
30,"xgboost","single_stage","m1",608,45.1007135543823,-4.89928644561768,NA,NA,8.29103949930142,-0.3477617503736,45.4484753047559,28.8505747413525,61.3508523674121,29.1983364917261,61.6986141177857,1,1,0,1,2334.8488445282,2344.99998021126,NA
300,"xgboost","single_stage","m1",610,53.7622009665966,3.7622009665966,NA,NA,9.25440099479392,-5.60503355982369,59.3672345264203,35.6239083183089,71.9004936148843,41.2289418781326,77.505527174708,1,1,0,1,805.31628036499,818.437268733978,NA
301,"xgboost","single_stage","m1",617,61.3924972991943,11.3924972991943,NA,NA,8.47227187282194,-9.26693106638289,70.6594283655772,44.7871495612316,77.997845037157,54.0540806276145,87.2647761035399,1,0,0,1,906.515694856644,913.175615787506,NA
302,"xgboost","single_stage","m1",630,51.1778138346672,1.17781383466721,NA,NA,8.70458086663053,-4.19146332860619,55.3692771632734,34.1171488355549,68.2384788337795,38.3086121641611,72.4299421623857,1,1,0,1,2379.27996873856,2386.87701869011,NA
303,"xgboost","single_stage","m1",625,48.6338175582886,-1.36618244171142,NA,NA,8.54131867597471,-5.35031632847214,53.9841338867607,31.8931405728988,65.3744945436784,37.2434569013709,70.7248108721505,1,1,0,1,1405.5893073082,1407.61776041985,NA
304,"xgboost","single_stage","m1",603,53.6110669746399,3.61106697463989,NA,NA,9.90504718620574,-0.144130524507638,53.7551974991475,34.1975312245068,73.0246027247729,34.3416617490145,73.1687332492806,1,1,0,1,1535.63117098808,1540.91991090775,NA
305,"xgboost","single_stage","m1",599,36.469959092617,-13.530040907383,NA,NA,9.39892230714912,-2.47980153889549,38.9497606315125,18.0484098771146,54.8915083081194,20.5282114160101,57.3713098470149,1,1,0,1,2164.38474154472,2175.72161340714,NA
306,"xgboost","single_stage","m1",601,36.8616927871704,-13.1383072128296,NA,NA,8.05028343735933,-3.48631836518908,40.3480111523595,21.0834271846068,52.639958389734,24.5697455497959,56.1262767549231,1,1,0,1,2208.07694840431,2218.62978410721,NA
307,"xgboost","single_stage","m1",579,48.1323904495239,-1.86760955047608,NA,NA,8.04408902557256,-8.28924909438896,56.4216395439129,32.3662656709678,63.89851522808,40.6555147653568,72.187764322469,1,1,0,1,728.940492153168,731.949129343033,NA
308,"xgboost","single_stage","m1",596,60.7275806045532,10.7275806045532,NA,NA,9.09691884598795,-2.24593275844288,62.9735133629961,42.8979472961332,78.5572139129733,45.1438800545761,80.8031466714162,1,1,0,1,2165.35307741165,2175.07599401474,NA
309,"xgboost","single_stage","m1",614,35.949714515686,-14.050285484314,NA,NA,8.24387255576502,-1.4336587300018,37.3833732456878,19.7920212132484,52.1074078181236,21.2256799432502,53.5410665481254,1,1,0,1,2246.63895249367,2255.02468132973,NA
31,"xgboost","single_stage","m1",594,31.9050914649963,-18.0949085350037,NA,NA,9.03643697073229,-0.694364444562733,32.5994559095591,14.1940004537948,49.6161824761978,14.8883648983576,50.3105469207606,0,1,1,1,2332.48358273506,2343.60686564445,NA
310,"xgboost","single_stage","m1",627,42.5372596664429,-7.46274033355713,NA,NA,8.51790251879371,-0.918318612752316,43.4555782791952,25.8424775057842,59.2320418271016,26.7607961185365,60.1503604398539,1,1,0,1,1375.41766929626,1377.62054514885,NA
311,"xgboost","single_stage","m1",603,35.9800235824585,-14.0199764175415,NA,NA,7.7503045666042,2.86799734521866,33.1120262372398,20.789705762698,51.170341402219,17.9217084174793,48.3023440570004,1,0,0,1,2187.94634914398,2198.08396816254,NA
312,"xgboost","single_stage","m1",629,37.2639136276245,-12.7360863723755,NA,NA,8.59646898867247,-0.965274121523258,38.2291877491478,20.415144015611,54.112683239638,21.3804181371343,55.0779573611613,1,1,0,1,856.337202548981,860.313858509064,NA
313,"xgboost","single_stage","m1",605,41.2705364189148,-8.72946358108521,NA,NA,8.76078790380819,3.09160767977578,38.178928739139,24.0997076512566,58.441365186573,21.0080999714808,55.3497575067972,1,1,0,1,925.820397377014,931.565090179443,NA
314,"xgboost","single_stage","m1",609,35.4037190933228,-14.5962809066772,NA,NA,8.04671528591625,-0.175409766465307,35.5791288597881,19.632446939079,51.1749912475665,19.8078567055443,51.3504010140318,1,1,0,1,717.406928539276,720.293709278107,NA
315,"xgboost","single_stage","m1",627,61.2119827041626,11.2119827041626,NA,NA,9.00002920094357,-1.80918418378037,63.021166887943,43.5722496105044,78.8517157978208,45.3814337942848,80.6608999816012,1,1,0,1,2009.99115753174,2018.511967659,NA
316,"xgboost","single_stage","m1",608,37.4695666656494,-12.5304333343506,NA,NA,7.96513244614227,-3.79319002755046,41.2627566931999,21.8581939391192,53.0809393921797,25.6513839666696,56.8741294197301,1,1,0,1,2312.63400006294,2323.25622272491,NA
317,"xgboost","single_stage","m1",611,47.9337529296875,-2.0662470703125,NA,NA,10.516355364965,0.681624561270176,47.2521283684173,27.3220751657316,68.5454306936434,26.6404506044614,67.8638061323732,1,1,0,1,2033.73919129372,2041.21577644348,NA
318,"xgboost","single_stage","m1",605,31.8970906181335,-18.1029093818665,NA,NA,7.32657562483722,0.969855382023454,30.9272352361101,17.5372662634436,46.2569149728235,16.5674108814201,45.2870595908001,0,0,1,1,1968.18341565132,1976.75413823128,NA
319,"xgboost","single_stage","m1",602,47.9846631546021,-2.01533684539795,NA,NA,8.02850330307115,-1.54959814490509,49.5342612995071,32.2490858308217,63.7202404783824,33.7986839757268,65.2698386232875,1,1,0,1,1426.89054465294,1429.99123764038,NA
32,"xgboost","single_stage","m1",623,41.1520813293457,-8.84791867065429,NA,NA,8.03186356904352,-0.967630384320735,42.1197117136664,25.4099180052811,56.8942446534103,26.3775483896018,57.8618750377311,1,1,0,1,2395.78703427315,2408.30623626709,NA
320,"xgboost","single_stage","m1",617,45.8971372756958,-4.1028627243042,NA,NA,8.1241369352137,-2.86544465670299,48.7625819323988,29.9741214772053,61.8201530741863,32.8395661339083,64.6855977308892,1,1,0,1,1422.04992818832,1427.34476065636,NA
321,"xgboost","single_stage","m1",595,55.1915330200195,5.19153302001953,NA,NA,9.18431798475718,-0.543709128416126,55.7352421484357,37.190600547332,73.1924654927071,37.7343096757481,73.7361746211232,1,1,0,1,1284.78395485878,1289.13396525383,NA
322,"xgboost","single_stage","m1",607,52.2696471672058,2.26964716720581,NA,NA,8.73127539623889,-4.95865891091603,57.2283060781218,35.1566618514769,69.3826324829347,40.1153207623929,74.3412913938508,1,1,0,1,1416.18942260742,1420.5976793766,NA
323,"xgboost","single_stage","m1",608,60.684938325882,10.684938325882,NA,NA,8.62453898966904,-3.08328095019674,63.7682192760787,43.7811525228692,77.5887241288947,46.8644334730659,80.6720050790915,1,1,0,1,1390.49207425117,1395.31277441978,NA
324,"xgboost","single_stage","m1",618,39.6505704116821,-10.3494295883179,NA,NA,7.55855153954751,-1.10479489997196,40.7553653116541,24.8360816188792,54.465059204485,25.9408765188512,55.569854104457,1,1,0,1,1307.27690649033,1310.65398383141,NA
325,"xgboost","single_stage","m1",615,44.7257926445007,-5.27420735549926,NA,NA,7.79700241634455,-0.62416626399088,45.3499589084916,29.4439487210937,60.0076365679078,30.0681149850845,60.6318028318987,1,1,0,1,1271.54061412811,1273.01217675209,NA
326,"xgboost","single_stage","m1",588,63.2605777401924,13.2605777401924,NA,NA,9.50406251023242,-11.7030014779456,74.963579218138,44.6329575133195,81.8881979670653,56.3359589912651,93.5911994450109,1,0,0,1,1206.63411569595,1211.41646575928,NA
327,"xgboost","single_stage","m1",624,51.7444821176529,1.74448211765289,NA,NA,8.66197050905106,4.89669994830025,46.8477821693526,34.7673318847648,68.721632350541,29.8706319364645,63.8249324022408,1,1,0,1,1221.15377855301,1221.49329686165,NA
328,"xgboost","single_stage","m1",626,36.2832299113274,-13.7167700886726,NA,NA,8.46452278292057,-3.12538555804551,39.4086154693729,19.6930701104843,52.8733897121704,22.8184556685298,55.9987752702159,1,1,0,1,1283.1670486927,1287.03062009811,NA
329,"xgboost","single_stage","m1",608,28.361814453125,-21.638185546875,NA,NA,6.89050334203436,-0.826133721141815,29.1879481742668,14.8566760673848,41.8669528388652,15.6828097885266,42.693086560007,0,0,1,1,999.930352687836,1001.77428007126,NA
33,"xgboost","single_stage","m1",609,55.5480774989128,5.54807749891281,NA,NA,9.09015985536649,-6.4584089805218,62.0064864794346,37.7316915686827,73.364463429143,44.1901005492045,79.8228724096648,1,1,0,1,2379.2798101902,2391.11396360397,NA
330,"xgboost","single_stage","m1",586,31.3978452234268,-18.6021547765732,NA,NA,7.59829889631526,-0.526217720263244,31.9240629436901,16.5054530428785,46.2902374039752,17.0316707631417,46.8164551242384,0,0,1,1,1854.13343858719,1858.04018211365,NA
331,"xgboost","single_stage","m1",605,35.9089745483398,-14.0910254516602,NA,NA,6.4651244666427,-3.66483623138952,39.5738107797294,23.2375634381514,48.5803856585283,26.902399669541,52.2452218899178,0,1,1,1,1772.92173981667,1777.12681365013,NA
332,"xgboost","single_stage","m1",629,41.1951398925781,-8.80486010742187,NA,NA,9.33046105533514,-0.170846566641572,41.3659864592197,22.9077722649677,59.4825075201886,23.0786188316093,59.6533540868301,1,1,0,1,1779.16795802116,1787.4840388298,NA
333,"xgboost","single_stage","m1",620,45.2587555885315,-4.74124441146851,NA,NA,9.14495103708921,-5.83920019618225,51.0979557847137,27.3349809154544,63.1825302616086,33.1741811116367,69.0217304577908,1,1,0,1,646.709041595459,648.630956172943,NA
334,"xgboost","single_stage","m1",587,52.997132850647,2.99713285064697,NA,NA,10.1010083736145,0.306068971253637,52.6910638793933,33.1995202308251,72.7947454704689,32.8934512595714,72.4886764992152,1,1,0,1,1784.63872742653,1787.13071084023,NA
335,"xgboost","single_stage","m1",617,45.1149079284668,-4.8850920715332,NA,NA,8.45904288201083,-3.13701736547387,48.2519252939407,28.5354885360457,61.6943273208879,31.6725059015195,64.8313446863618,1,1,0,1,1819.76101970673,1824.1447634697,NA
336,"xgboost","single_stage","m1",632,47.244301864624,-2.75569813537598,NA,NA,8.29712572934516,4.70860841248322,42.5356934521408,30.9822342599069,63.5063694693412,26.2736258474237,58.7977610568579,1,1,0,1,500.983943939209,502.922174215317,NA
337,"xgboost","single_stage","m1",603,36.7166981277466,-13.2833018722534,NA,NA,8.80388256974838,-0.32216757575226,37.0388657034988,19.4614053669198,53.9719908885733,19.7835729426721,54.2941584643256,1,1,0,1,1789.22581481934,1796.25161552429,NA
338,"xgboost","single_stage","m1",609,37.7443326835632,-12.2556673164368,NA,NA,7.87647149975511,-1.37445462669563,39.1187873102589,22.306732218787,53.1819331483394,23.6811868454827,54.5563877750351,1,1,0,1,1340.03369283676,1347.21047019958,NA
339,"xgboost","single_stage","m1",624,42.7941009273529,-7.20589907264709,NA,NA,8.57723268762716,-3.87211567573196,46.6662166030849,25.983033772584,59.6051680821218,29.8551494483159,63.4772837578538,1,1,0,1,1903.81480526924,1911.93433499336,NA
34,"xgboost","single_stage","m1",585,35.8663915252686,-14.1336084747314,NA,NA,7.8594299149802,-1.4658305380249,37.3322220632935,20.4621919528907,51.2705910976464,21.9280224909156,52.7364216356713,1,1,0,1,2377.36594510078,2389.24711799622,NA
340,"xgboost","single_stage","m1",643,45.9981747131348,-4.00182528686523,NA,NA,9.83004202799051,-1.01891169616938,47.0170864093041,26.7316463717583,65.2647030545112,27.7505580679277,66.2836147506806,1,1,0,1,1268.36593103409,1274.4267270565,NA
341,"xgboost","single_stage","m1",620,38.2277643699646,-11.7722356300354,NA,NA,9.01000653708133,0.433836065174106,37.7939283047905,20.5684760568147,55.8870526831144,20.1346399916406,55.4532166179403,1,1,0,1,1859.03905749321,1866.53112816811,NA
342,"xgboost","single_stage","m1",599,28.8006767578125,-21.1993232421875,NA,NA,8.47708160377158,-0.338480562769295,29.1391573205818,12.1859021204132,45.4154513952118,12.5243826831825,45.7539319579811,0,0,1,1,1314.93745541573,1318.0651538372,NA
343,"xgboost","single_stage","m1",601,51.5944545068741,1.59445450687409,NA,NA,10.7444384129702,-3.87164670108733,55.4661012079614,30.5357421833438,72.6531668304043,34.4073888844312,76.5248135314917,1,1,0,1,1131.74023389816,1136.28486180305,NA
344,"xgboost","single_stage","m1",599,43.2478145713806,-6.75218542861938,NA,NA,9.68174286423491,-1.11069842443752,44.3585129958181,24.2719472499025,62.2236818928587,25.3826456743401,63.3343803172962,1,1,0,1,1394.12990784645,1403.88880586624,NA
345,"xgboost","single_stage","m1",600,45.7888258666992,-4.21117413330078,NA,NA,9.55255038810788,-1.50832174287558,47.2971476095748,27.0661711455037,64.5114805878948,28.5744928883792,66.0198023307704,1,1,0,1,1865.69590425491,1872.34441423416,NA
346,"xgboost","single_stage","m1",602,39.4112785442472,-10.5887214557528,NA,NA,8.7652447750291,-1.57998821643903,40.9912667606862,22.2317144695122,56.5908426189821,23.8117026859513,58.1708308354211,1,1,0,1,1837.23128223419,1839.56697964668,NA
347,"xgboost","single_stage","m1",606,46.935636844635,-3.06436315536499,NA,NA,9.64372730975244,1.44659899730706,45.489037847328,28.0342786407949,65.8369950484751,26.5876796434878,64.3903960511681,1,1,0,1,685.401469230652,687.649225473404,NA
348,"xgboost","single_stage","m1",609,32.1397308883667,-17.8602691116333,NA,NA,8.72239649495961,3.347716462955,28.7920144254117,15.0441478993675,49.2353138773659,11.6964314364125,45.8875974144109,0,0,1,1,812.225481987,814.299105644226,NA
349,"xgboost","single_stage","m1",612,43.1650364704132,-6.83496352958679,NA,NA,8.32641125343504,-1.78724313144982,44.952279601863,26.8455702932115,59.4845026476149,28.6328134246613,61.2717457790647,1,1,0,1,1671.0508043766,1679.7561917305,NA
35,"xgboost","single_stage","m1",628,42.5672811050415,-7.4327188949585,NA,NA,8.89393282652712,3.04533543316629,39.5219456718752,25.1354930841298,59.9990691259532,22.0901576509635,56.9537336927869,1,1,0,1,2346.28083539009,2357.00015807152,NA
350,"xgboost","single_stage","m1",620,37.5765026931763,-12.4234973068237,NA,NA,6.70891248366072,-4.69635009968471,42.272852792861,24.4272758497701,50.7257295365824,29.1236259494548,55.4220796362671,1,1,0,1,1984.77069211006,1990.75578331947,NA
351,"xgboost","single_stage","m1",595,36.9062393951416,-13.0937606048584,NA,NA,8.32318394821922,-0.834886270668029,37.7411256658096,20.59309861993,53.2193801703532,21.4279848905981,54.0542664410212,1,1,0,1,2102.87105798721,2111.81295347214,NA
352,"xgboost","single_stage","m1",605,43.7721779747009,-6.22782202529907,NA,NA,8.97476996417232,9.07110745588779,34.7010705188131,26.1819520753914,61.3624038740105,17.1108446195036,52.2912964181227,1,1,0,1,1374.91481971741,1381.42256188393,NA
353,"xgboost","single_stage","m1",629,35.7096030139923,-14.2903969860077,NA,NA,8.13622647616315,2.71961419400168,32.9899888199906,19.7628921506513,51.6563138773333,17.0432779566496,48.9366996833316,1,0,0,1,1565.6663403511,1572.94929671288,NA
354,"xgboost","single_stage","m1",611,35.8213962669373,-14.1786037330627,NA,NA,7.99594790340154,-4.3757251811716,40.1971214481089,20.1496263540117,51.4931661798628,24.5253515351833,55.8688913610344,1,1,0,1,1004.66165924072,1008.41923332214,NA
355,"xgboost","single_stage","m1",622,46.7384160747528,-3.26158392524719,NA,NA,7.15442816078895,-0.649385422337886,47.3878014970907,32.7159945496273,60.7608375998783,33.3653799719652,61.4102230222162,1,1,0,1,1355.42104196548,1364.37024688721,NA
356,"xgboost","single_stage","m1",596,48.4784618587494,-1.52153814125061,NA,NA,8.54610334817957,-4.37298092647898,52.8514427852284,31.7284070881603,65.2285166293385,36.1013880146392,69.6014975558175,1,1,0,1,1378.52319073677,1386.21002578735,NA
357,"xgboost","single_stage","m1",611,64.7414582071304,14.7414582071304,NA,NA,9.57539320816801,-0.593768900323212,65.3352271074536,45.9740323813117,83.5088840329492,46.5678012816349,84.1026529332724,1,1,0,1,853.277153730392,855.99178314209,NA
358,"xgboost","single_stage","m1",611,53.8625122489929,3.86251224899292,NA,NA,10.274258474348,0.161537267297746,53.7009749816952,33.7253356714154,73.9996888265704,33.5637984041176,73.8381515592727,1,1,0,1,1505.71679854393,1514.29687666893,NA
359,"xgboost","single_stage","m1",610,38.6808897094727,-11.3191102905273,NA,NA,8.58309533996097,0.284010719535232,38.3968789899374,21.8583319672756,55.5034474516697,21.5743212477404,55.2194367321345,1,1,0,1,1015.87604808807,1017.11540865898,NA
36,"xgboost","single_stage","m1",602,47.3982821779251,-2.60171782207489,NA,NA,9.87557835438439,-5.54790845196366,52.9461906298888,28.0425042768284,66.7540600790219,33.590412728792,72.3019685309855,1,1,0,1,2381.77072048187,2393.51700997353,NA
360,"xgboost","single_stage","m1",630,52.3237485275269,2.32374852752685,NA,NA,9.73026209356393,1.62829645365632,50.6954520738705,33.2527852640062,71.3947117910475,31.6244888103499,69.7664153373911,1,1,0,1,773.88968539238,775.410283565521,NA
361,"xgboost","single_stage","m1",616,37.7562472686768,-12.2437527313232,NA,NA,8.61495562043707,-1.41457214474607,39.1708194134228,20.8712445242092,54.6412500131443,22.2858166689553,56.0558221578904,1,1,0,1,702.834802150726,707.404479980469,NA
362,"xgboost","single_stage","m1",629,44.9320271453857,-5.06797285461426,NA,NA,9.05865017794956,-4.30572678928184,49.2377539346676,27.1773990480573,62.6866552427142,31.4831258373391,66.9923820319961,1,1,0,1,1255.86920452118,1260.66668748856,NA
363,"xgboost","single_stage","m1",617,34.3290664215088,-15.6709335784912,NA,NA,7.83861542225375,-2.91023757825852,37.2393039997673,18.9656625052312,49.6924703377864,21.8759000834897,52.6027079160449,0,1,1,1,1676.17348766327,1683.27102065086,NA
364,"xgboost","single_stage","m1",586,47.2520944156647,-2.74790558433533,NA,NA,8.93929229790204,4.13391172369301,43.1181826919717,29.7314034645004,64.772785366829,25.5974917408074,60.638873643136,1,1,0,1,1228.7526910305,1232.2428650856,NA
365,"xgboost","single_stage","m1",574,38.1693538246155,-11.8306461753845,NA,NA,8.69039123944426,-0.378900363985252,38.5482541886007,21.1364999837423,55.2022076654886,21.5154003477276,55.5811080294739,1,1,0,1,1268.17796802521,1270.5664358139,NA
366,"xgboost","single_stage","m1",622,40.3833583717346,-9.61664162826538,NA,NA,8.40301777798899,1.49479978567434,38.8885585860603,23.9137461654264,56.8529705780428,22.4189463797521,55.3581707923685,1,1,0,1,1973.09591364861,1978.464802742,NA
367,"xgboost","single_stage","m1",621,46.7367601909637,-3.26323980903626,NA,NA,8.59035585401617,-0.768342552096605,47.5051027430603,29.8999721027092,63.5735482792183,30.6683146548058,64.3418908313149,1,1,0,1,1961.67714834213,1967.45535826683,NA
368,"xgboost","single_stage","m1",590,40.8078843193054,-9.19211568069458,NA,NA,8.2035500657533,-4.97429087356079,45.7821751928662,24.7292216450578,56.8865469935531,29.7035125186186,61.8608378671139,1,1,0,1,1909.08108186722,1916.12519049644,NA
369,"xgboost","single_stage","m1",605,34.1300791091919,-15.8699208908081,NA,NA,7.87224943047788,2.71885956902486,31.411219540167,18.7007537481393,49.5594044702445,15.9818941791144,46.8405449012196,0,0,1,1,1898.78795909882,1903.52637791634,NA
37,"xgboost","single_stage","m1",611,71.9732383117676,21.9732383117676,NA,NA,9.94142003685295,-8.32210953927373,80.2953478510413,52.4884130843509,91.4580635391842,60.8105226236247,99.7801730784579,0,0,1,1,1559.15799021721,1568.58829522133,NA
370,"xgboost","single_stage","m1",578,48.3389247093201,-1.66107529067993,NA,NA,9.63674964566878,0.864414020019055,47.474510689301,29.4512424757801,67.22660694286,28.5868284557611,66.3621929228409,1,1,0,1,1801.12812590599,1806.09081816673,NA
371,"xgboost","single_stage","m1",572,48.9426384658813,-1.05736153411866,NA,NA,9.81262265119477,-6.08473596950435,55.0273744353857,29.7102514756577,68.175025456105,35.794987445162,74.2597614256094,1,1,0,1,1905.13378238678,1908.61370444298,NA
372,"xgboost","single_stage","m1",592,47.2382119255066,-2.76178807449341,NA,NA,10.8058429401261,-2.93869924806165,50.1769111735682,26.0591489402631,68.4172749107501,28.9978481883248,71.3559741588117,1,1,0,1,1809.860476017,1816.75431680679,NA
373,"xgboost","single_stage","m1",610,27.6569293060303,-22.3430706939697,NA,NA,7.74757360287889,2.32025891247368,25.3366703935566,12.4719640768144,42.8418945352461,10.1517051643407,40.5216356227725,0,0,1,1,1673.22685599327,1674.70581245422,NA
374,"xgboost","single_stage","m1",605,43.3866472625732,-6.61335273742676,NA,NA,8.5939939895257,0.734946842694043,42.6517004198792,26.5427285597492,60.2305659653973,25.8077817170551,59.4956191227033,1,1,0,1,1861.32575583458,1866.46757626534,NA
375,"xgboost","single_stage","m1",603,36.9900771837235,-13.0099228162765,NA,NA,8.04710201529491,2.3787716117717,34.6113055719517,21.2180470538257,52.7621073136212,18.839275442054,50.3833357018494,1,1,0,1,1926.72016119957,1933.05701255798,NA
376,"xgboost","single_stage","m1",618,51.2642574768066,1.26425747680664,NA,NA,10.0938668734841,-2.10337332433772,53.3676308011444,31.480641940036,71.0478730135773,33.5840152643737,73.151246337915,1,1,0,1,887.844145298004,889.591046571732,NA
377,"xgboost","single_stage","m1",595,44.9283498382568,-5.07165016174316,NA,NA,7.94288173882598,-3.38135176233029,48.3097016005871,29.360587696697,60.4961119798166,32.7419394590273,63.8774637421469,1,1,0,1,2196.47587418556,2205.93171954155,NA
378,"xgboost","single_stage","m1",599,40.2093513934612,-9.79064860653877,NA,NA,9.39586440963585,-1.03801868798351,41.2473700814447,21.7937955469533,58.6249072399692,22.8318142349368,59.6629259279527,1,1,0,1,2150.54600358009,2159.17181539536,NA
379,"xgboost","single_stage","m1",593,45.5959427280426,-4.4040572719574,NA,NA,9.50082376394799,-1.10493740883615,46.7008801368788,26.9746703272423,64.2172151288429,28.0796077360784,65.3221525376791,1,1,0,1,2143.87907719612,2151.86370778084,NA
38,"xgboost","single_stage","m1",568,47.038933265686,-2.96106673431397,NA,NA,8.42713730624751,-5.30957149922514,52.3485047649112,30.522047652667,63.555818878705,35.8316191518922,68.8653903779302,1,1,0,1,1514.35983562469,1521.36943030357,NA
380,"xgboost","single_stage","m1",616,41.3964144134521,-8.60358558654785,NA,NA,8.23982775509299,-5.25600270005417,46.6524171135063,25.2466487746564,57.5461800522479,30.5026514747105,62.8021827523021,1,1,0,1,899.54075217247,902.067059278488,NA
381,"xgboost","single_stage","m1",640,40.4473890533447,-9.55261094665527,NA,NA,8.47157329247453,3.64482992707586,36.8025591262689,23.8434105077032,57.0513675989862,20.1985805806274,53.4065376719103,1,1,0,1,2161.27796649933,2166.46063184738,NA
382,"xgboost","single_stage","m1",643,39.4438453292847,-10.5561546707153,NA,NA,7.83517907156901,-0.933094723754884,40.3769400530396,24.0871765365874,54.8005141219819,25.0202712603423,55.7336088457368,1,1,0,1,2246.0679898262,2253.37123346329,NA
383,"xgboost","single_stage","m1",626,43.0704130935669,-6.92958690643311,NA,NA,7.71708380837413,-2.2006626860516,45.2710757796185,27.9452067634764,58.1956194236574,30.145869449528,60.396282109709,1,1,0,1,626.665224075317,629.133985996246,NA
384,"xgboost","single_stage","m1",605,50.4248102111816,0.424810211181644,NA,NA,8.50788343246121,-4.74424022618389,55.1690504373655,33.7496650988927,67.0999553234706,38.4939053250766,71.8441955496545,1,1,0,1,2239.3558306694,2249.79394626617,NA
385,"xgboost","single_stage","m1",601,38.158067691803,-11.841932308197,NA,NA,9.07856727247128,0.528146562407557,37.6299211293954,20.3644028065352,55.9517325770707,19.8362562441277,55.4235860146631,1,1,0,1,592.121897697449,595.575846195221,NA
386,"xgboost","single_stage","m1",606,27.737644317627,-22.262355682373,NA,NA,6.99109559975482,2.03802020132876,25.6996241162982,14.0353487296311,41.4399399056228,11.9973285283023,39.4019197042941,0,0,1,1,2287.62672829628,2299.01181817055,NA
387,"xgboost","single_stage","m1",589,54.744579659462,4.74457965946198,NA,NA,9.60419674200792,-4.33767283977687,59.0822524992388,35.9206999446895,73.5684593742344,40.2583727844664,77.9061322140113,1,1,0,1,558.959881782532,560.295415639877,NA
388,"xgboost","single_stage","m1",623,50.9487654533386,0.948765453338623,NA,NA,10.221530343387,4.35246332819379,46.5963021251448,30.9149341134168,70.9825967932605,26.562470785223,66.6301334650667,1,1,0,1,2244.13490748405,2252.9158411026,NA
389,"xgboost","single_stage","m1",594,34.7108457565308,-15.2891542434692,NA,NA,6.7973973531311,-0.739287834373471,35.4501335909042,21.3881917557859,48.0334997572756,22.1274795901594,48.7727875916491,0,0,1,1,572.81413269043,576.176926851273,NA
39,"xgboost","single_stage","m1",620,33.5994137916565,-16.4005862083435,NA,NA,6.78735743924642,-2.56269096445334,36.1621047561098,20.2964376605335,46.9023899227795,22.8591286249869,49.4650808872328,0,0,1,1,1512.05100774765,1519.97716665268,NA
390,"xgboost","single_stage","m1",613,33.0301667308807,-16.9698332691193,NA,NA,7.8577141818552,-0.471676209148647,33.5018429400294,17.6293299336349,48.4310035281265,18.1010061427836,48.9026797372752,0,0,1,1,483.354826927185,490.492059707642,NA
391,"xgboost","single_stage","m1",587,36.026583152771,-13.973416847229,NA,NA,8.37369987815438,4.63093432846308,31.3956488243079,19.614432974241,52.438733331301,14.9834986457779,47.8077990028379,1,0,0,1,1097.2380502224,1101.03852081299,NA
392,"xgboost","single_stage","m1",600,50.3605603027344,0.360560302734378,NA,NA,9.35582280436073,-2.36842541374553,52.7289857164799,32.0234845604488,68.6976360450199,34.3919099741944,71.0660614587654,1,1,0,1,2216.43582105637,2225.18371486664,NA
393,"xgboost","single_stage","m1",605,38.4990279960632,-11.5009720039368,NA,NA,8.64381147742817,-1.95932456919122,40.4583525652545,21.5574688111501,55.4405871809764,23.5167933803413,57.3999117501676,1,1,0,1,2209.77523064613,2215.28900671005,NA
394,"xgboost","single_stage","m1",611,58.5276042766571,8.5276042766571,NA,NA,9.51965171178591,-2.5767890428172,61.1043933194743,39.8694297761916,77.1857787771226,42.4462188190088,79.7625678199398,1,1,0,1,1622.46799898148,1624.51068615913,NA
395,"xgboost","single_stage","m1",631,29.4071958198547,-20.5928041801453,NA,NA,7.64490215447606,-2.01089599001217,31.4180918098669,14.423462931749,44.3909287079605,16.4343589217612,46.4018246979726,0,0,1,1,584.576587915421,586.529292583466,NA
396,"xgboost","single_stage","m1",592,41.2395363082886,-8.76046369171143,NA,NA,7.78643974496788,-4.52170568381023,45.7612419920988,25.9783948403603,56.5006777762169,30.5001005241705,61.0223834600271,1,1,0,1,921.163638830185,928.230390310287,NA
397,"xgboost","single_stage","m1",585,52.2899701957703,2.28997019577027,NA,NA,7.92908892919358,-7.78372444776345,60.0736946435337,36.7492414643356,67.8306989272049,44.532965912099,75.6144233749684,1,1,0,1,2272.75723314285,2283.06034421921,NA
398,"xgboost","single_stage","m1",590,49.1943405456543,-0.805659454345701,NA,NA,9.61457766708029,-5.31420307557321,54.5085436212275,30.3501145916138,68.0385664996948,35.664317667187,73.352769575268,1,1,0,1,2238.17951655388,2247.64373636246,NA
399,"xgboost","single_stage","m1",597,43.8344102458954,-6.16558975410462,NA,NA,8.70235445240511,-3.77785253902936,47.6122627849247,26.7781089384796,60.8907115533112,30.555961477509,64.6685640923405,1,1,0,1,702.048134326935,705.513695478439,NA
4,"xgboost","single_stage","m1",617,37.7652891769409,-12.2347108230591,NA,NA,8.93698116895891,0.6653829747777,37.0999062021632,20.2491279552688,55.281450398613,19.5837449804911,54.6160674238353,1,1,0,1,2379.14221405983,2384.48286342621,NA
40,"xgboost","single_stage","m1",581,52.9151305999756,2.91513059997558,NA,NA,8.85219072166816,-4.20815600762749,57.1232866076031,35.5651556012264,70.2651055987248,39.7733116088539,74.4732616063523,1,1,0,1,1356.0298500061,1364.03220868111,NA
400,"xgboost","single_stage","m1",613,38.8188785471916,-11.1811214528084,NA,NA,7.98988061720247,-0.712258352223159,39.5311368994148,23.1590002967001,54.4787567976831,23.8712586489233,55.1910151499063,1,1,0,1,884.326892852783,891.457635402679,NA
401,"xgboost","single_stage","m1",631,50.6071629867554,0.60716298675537,NA,NA,8.63616842134893,1.97034090643996,48.6368220803154,33.6805839164893,67.5337420570214,31.7102430100494,65.5634011505815,1,1,0,1,498.117084980011,499.646704435349,NA
402,"xgboost","single_stage","m1",628,52.8611629571915,2.86116295719147,NA,NA,9.15924159332508,-2.96345019094598,55.8246131481375,34.9093793085731,70.8129466058099,37.872829499519,73.7763967967559,1,1,0,1,789.001018762589,794.511834859848,NA
403,"xgboost","single_stage","m1",624,45.8953121643066,-4.10468783569336,NA,NA,8.1182765071162,-3.56062621235395,49.4559383766606,29.9837825938213,61.806841734792,33.5444088061752,65.367467947146,1,1,0,1,631.267056941986,635.383945465088,NA
404,"xgboost","single_stage","m1",621,37.8137840452194,-12.1862159547806,NA,NA,9.49699963675727,-0.384080085287572,38.197864130507,19.2000067959852,56.4275612944536,19.5840868812728,56.8116413797412,1,1,0,1,880.171358108521,884.422151327133,NA
405,"xgboost","single_stage","m1",589,33.7424764099121,-16.2575235900879,NA,NA,8.24407402050162,0.381821340059524,33.3606550698526,17.5843882438466,49.9005645759776,17.2025669037871,49.5187432359181,0,0,1,1,715.284888505936,721.229787826538,NA
406,"xgboost","single_stage","m1",609,38.61062550354,-11.38937449646,NA,NA,7.83890701890178,-1.83528852419853,40.4459140277386,23.2466500683343,53.9746009387458,25.0819385925329,55.8098894629443,1,1,0,1,498.598113059998,500.948669433594,NA
407,"xgboost","single_stage","m1",582,46.0799879226685,-3.92001207733154,NA,NA,9.16689808709888,-2.09774481814003,48.1777327408085,28.1131978220055,64.0467780233314,30.2109426401456,66.1445228414714,1,1,0,1,1195.40899682045,1197.23298883438,NA
408,"xgboost","single_stage","m1",610,43.9161519534588,-6.08384804654121,NA,NA,9.54455743347993,-6.0480153668862,49.964167320345,25.2091631354641,62.6231407714535,31.2571785023503,68.6711561383397,1,1,0,1,1820.4930357933,1821.7004942894,NA
409,"xgboost","single_stage","m1",612,59.6685393600464,9.66853936004639,NA,NA,9.24096135060251,-8.3918471110574,68.0603864711038,41.5565879303389,77.7804907897539,49.9484350413963,86.1723379008113,1,1,0,1,571.841163158417,574.347178220749,NA
41,"xgboost","single_stage","m1",599,52.8302979125977,2.83029791259766,NA,NA,11.6920066621649,3.43574515323019,49.3945527593675,29.914385947752,75.7462098774433,26.4786407945218,72.3104647242131,1,1,0,1,1319.09274792671,1326.3582508564,NA
410,"xgboost","single_stage","m1",622,41.5928606338501,-8.40713936614991,NA,NA,9.04207427515755,-0.167233358644722,41.7600939924948,23.8707207090052,59.315000558695,24.0379540676499,59.4822339173397,1,1,0,1,945.539925575256,950.978751897812,NA
411,"xgboost","single_stage","m1",580,39.0181051025391,-10.9818948974609,NA,NA,8.72037216201843,-7.85738698447609,46.8754920870151,21.9264897331973,56.1097204718809,29.7838767176733,63.9671074563569,1,1,0,1,583.544759511948,587.556547403336,NA
412,"xgboost","single_stage","m1",605,36.2245907821655,-13.7754092178345,NA,NA,8.58727264020298,0.637825669981481,35.586765112184,19.3938456819415,53.0553358823895,18.75602001196,52.4175102124081,1,1,0,1,515.103561639786,517.934280157089,NA
413,"xgboost","single_stage","m1",597,48.5110686187744,-1.48893138122558,NA,NA,9.06106663145761,3.09233879422569,45.4187298245487,30.7517043595998,66.270432877949,27.6593655653741,63.1780940837233,1,1,0,1,2278.09400343895,2286.55930829048,NA
414,"xgboost","single_stage","m1",603,41.3991137332916,-8.60088626670837,NA,NA,9.7176889183459,-0.560202273634793,41.9593160069264,22.3527934403697,60.4454340262136,22.9129957140045,61.0056362998484,1,1,0,1,2269.91000914574,2278.18052577972,NA
415,"xgboost","single_stage","m1",607,47.5657475738525,-2.43425242614746,NA,NA,8.14288564144913,-4.43168345034838,51.9974310242009,31.6059849863839,63.5255101613212,36.0376684367323,67.9571936116696,1,1,0,1,2263.54783177376,2272.72465825081,NA
416,"xgboost","single_stage","m1",627,46.4223528466225,-3.57764715337753,NA,NA,9.75145003578716,0.218733222599866,46.2036196240226,27.3098619794378,65.5348437138071,27.091128756838,65.3161104912072,1,1,0,1,2248.39916014671,2257.55092000961,NA
417,"xgboost","single_stage","m1",605,49.6765745429993,-0.323425457000731,NA,NA,9.23627759753936,-2.46089696585589,52.1374715088552,31.573803100608,67.7793459853906,34.0347000664639,70.2402429512464,1,1,0,1,2258.59388971329,2267.91781640053,NA
418,"xgboost","single_stage","m1",611,38.298691318512,-11.701308681488,NA,NA,8.39772437972387,1.50675992082977,36.7919313976822,21.8394539821592,54.7579286548647,20.3326940613294,53.2511687340349,1,1,0,1,2278.78186106682,2289.7517054081,NA
419,"xgboost","single_stage","m1",608,53.1932018585205,3.19320185852051,NA,NA,7.35160351732406,-8.09485410954667,61.2880559680672,38.7843237359474,67.6020799810936,46.879177845494,75.6969340906403,1,1,0,1,2204.34583592415,2211.86179471016,NA
42,"xgboost","single_stage","m1",612,45.8465793075562,-4.15342069244385,NA,NA,9.80031811694765,3.89948788508939,41.9470914224668,26.6383087613034,65.0548498538089,22.738820876214,61.1553619687195,1,1,0,1,1525.23389530182,1537.05509853363,NA
420,"xgboost","single_stage","m1",584,39.9119337005615,-10.0880662994385,NA,NA,8.57099721956121,-1.62024386439741,41.5321775649589,23.1130878386286,56.7107795624944,24.733331703026,58.3310234268918,1,1,0,1,2224.17911124229,2229.50904369354,NA
421,"xgboost","single_stage","m1",605,53.8303240871429,3.83032408714294,NA,NA,8.06983281419574,-1.45058278318893,55.2809068703319,38.0137424100598,69.6469057642261,39.4643251932487,71.097488547415,1,1,0,1,2279.80994153023,2286.6797504425,NA
422,"xgboost","single_stage","m1",608,44.5476587219238,-5.45234127807617,NA,NA,8.81585962448529,-3.32729985926343,47.8749585811873,27.2688913651719,61.8264260786758,30.5961912244353,65.1537259379392,1,1,0,1,2229.76999092102,2237.31570839882,NA
423,"xgboost","single_stage","m1",617,53.8101279239655,3.81012792396545,NA,NA,10.0357663970575,-9.62768277233028,63.4378106962957,34.1403872284754,73.4798686194555,43.7680700008057,83.1075513917858,1,1,0,1,822.759210586548,824.982452869415,NA
424,"xgboost","single_stage","m1",629,47.7606432380676,-2.23935676193237,NA,NA,10.1462353619021,-1.9010636141839,49.6617068522515,27.8743873500729,67.6468991260624,29.7754509642568,69.5479627402463,1,1,0,1,2071.72045898438,2080.7622654438,NA
425,"xgboost","single_stage","m1",609,48.2083124232292,-1.79168757677078,NA,NA,8.52572945009872,-5.59427681361026,53.8025892368395,31.4981897591032,64.9184350873552,37.0924665727135,70.5127119009654,1,1,0,1,2043.4187951088,2052.45038938522,NA
426,"xgboost","single_stage","m1",599,39.7723416633606,-10.2276583366394,NA,NA,8.69159451292722,1.86755403700889,37.9047876263517,22.7371294497973,56.8075538769239,20.8695754127884,54.939999839915,1,1,0,1,2028.91993308067,2038.13566064835,NA
427,"xgboost","single_stage","m1",606,43.5687706489563,-6.4312293510437,NA,NA,8.50784774984726,-0.524629645651459,44.0934002946078,26.8936954733055,60.2438458246071,27.418325118957,60.7684754702585,1,1,0,1,1170.06077432632,1174.18939638138,NA
428,"xgboost","single_stage","m1",617,38.1518893280029,-11.8481106719971,NA,NA,8.89871948306785,3.41826404080439,34.7336252871985,20.7107196326651,55.5930590233408,17.2924555918607,52.1747949825364,1,1,0,1,2052.88137626648,2059.3891723156,NA
429,"xgboost","single_stage","m1",602,47.9091210155487,-2.09087898445129,NA,NA,8.88533398236048,-6.51751480727363,54.4266358228223,30.4941864195123,65.3240556115851,37.0117012267859,71.8415704188587,1,1,0,1,2006.40911912918,2014.97470474243,NA
43,"xgboost","single_stage","m1",594,64.733591053009,14.733591053009,NA,NA,10.6261389764102,-8.5664433449049,73.3000343979139,43.9067413645278,85.5604407414903,52.4731847094327,94.1268840863952,1,0,0,1,1547.27791714668,1555.38652515411,NA
430,"xgboost","single_stage","m1",610,47.0615516967773,-2.93844830322266,NA,NA,9.02172078228761,-0.570550500248196,47.6321021970255,29.3793038849171,64.7437995086376,29.9498543851653,65.3143500088858,1,1,0,1,1201.8731341362,1202.46583390236,NA
431,"xgboost","single_stage","m1",600,40.0547407722473,-9.94525922775269,NA,NA,8.6708130119993,-6.65807395744172,46.712814729689,23.0602595520474,57.0492219924472,29.7183335094891,63.7072959498889,1,1,0,1,2007.3632543087,2015.15620923042,NA
432,"xgboost","single_stage","m1",643,44.7416036300659,-5.25839636993408,NA,NA,8.5810334454855,-4.08037780684239,48.8219814369083,27.9230871267807,61.5601201333511,32.0034649336231,65.6404979401935,1,1,0,1,453.568744421005,455.50760436058,NA
433,"xgboost","single_stage","m1",602,48.1580361862183,-1.84196381378174,NA,NA,9.13229652493411,-3.29073040171433,51.4487665879326,30.2590639012071,66.0570084712294,33.5497943029214,69.3477388729437,1,1,0,1,1999.33002281189,2006.08403706551,NA
434,"xgboost","single_stage","m1",626,34.6416624221802,-15.3583375778198,NA,NA,7.81171074251693,-1.52683353113079,36.168495953311,19.3309907092024,49.952334135158,20.8578242403332,51.4791676662888,0,1,1,1,260.194908380508,262.65860581398,NA
435,"xgboost","single_stage","m1",615,43.3646123580933,-6.63538764190674,NA,NA,8.9437388663416,1.978608991606,41.3860033664873,25.8352062929326,60.8940184232539,23.8565973013266,58.9154094316479,1,1,0,1,1980.78011417389,1992.81990981102,NA
436,"xgboost","single_stage","m1",621,44.7416559104919,-5.25834408950806,NA,NA,7.31869836272424,1.52032135532379,43.2213345551681,30.3972707058402,59.0860411151437,28.8769493505164,57.5657197598199,1,1,0,1,478.516711473465,478.99894785881,NA
437,"xgboost","single_stage","m1",623,33.2498532953262,-16.7501467046738,NA,NA,8.3190412839891,3.31429331926799,29.9355599760582,16.9448319928058,49.5548745978467,13.6305386735378,46.2405812785787,0,0,1,1,315.709227323532,319.453202962875,NA
438,"xgboost","single_stage","m1",578,42.8653518390656,-7.13464816093445,NA,NA,9.35918163857417,6.84538174231979,36.0199700967458,24.5216929026916,61.2090107754395,17.6763111603718,54.3636290331197,1,1,0,1,453.366832733154,456.327533721924,NA
439,"xgboost","single_stage","m1",615,33.0022795639038,-16.9977204360962,NA,NA,7.46072112619165,-3.08817821349334,36.0904577773971,18.3795348578711,47.6250242699366,21.4677130713644,50.7132024834299,0,1,1,1,2003.1519920826,2014.00709295273,NA
44,"xgboost","single_stage","m1",591,36.4292289824486,-13.5707710175514,NA,NA,7.92056885099679,2.36417925143266,34.0650497310159,20.9051992974251,51.9532586674721,18.5410200459924,49.5890794160394,1,0,0,1,1374.51279735565,1383.67454767227,NA
440,"xgboost","single_stage","m1",598,50.9181744006872,0.918174400687221,NA,NA,9.49789652718017,-3.46820765492291,54.3863820556101,32.302639278526,69.5337095228484,35.770846933449,73.0019171777713,1,1,0,1,2065.75091910362,2073.89878511429,NA
441,"xgboost","single_stage","m1",613,31.3103838500977,-18.6896161499023,NA,NA,7.08631290038157,-4.8990567225132,36.2094405726109,17.4214657821682,45.1993019180271,22.3205225046814,50.0983586405403,0,1,1,1,995.757249116898,1003.39672589302,NA
442,"xgboost","single_stage","m1",579,50.9510545349121,0.95105453491211,NA,NA,9.93479510929003,-7.48258140740061,58.4336359423127,31.479213926919,70.4228951429052,38.9617953343196,77.9054765503058,1,1,0,1,842.499914169312,844.781354188919,NA
443,"xgboost","single_stage","m1",624,41.3145781898499,-8.68542181015015,NA,NA,8.25880323940209,-0.307675233603476,41.6222534234533,25.127621285219,57.5015350944807,25.4352965188225,57.8092103280841,1,1,0,1,512.886496782303,514.940223693848,NA
444,"xgboost","single_stage","m1",609,41.9516889038086,-8.04831109619141,NA,NA,8.81831922129774,-2.75528170376325,44.7069706075718,24.6681008258877,59.2352769817295,27.423382529651,61.9905586854927,1,1,0,1,1878.21991467476,1887.99907684326,NA
445,"xgboost","single_stage","m1",571,39.5990507354736,-10.4009492645264,NA,NA,8.32306203785983,3.12587860590833,36.4731721295653,23.2861489001758,55.9119525707714,20.1602702942675,52.7860739648631,1,1,0,1,1654.60611152649,1660.1476225853,NA
446,"xgboost","single_stage","m1",618,54.1869265213013,4.18692652130127,NA,NA,9.16418016516703,-4.00477010898638,58.1916966302876,36.2254634497376,72.148389592865,40.230233558724,76.1531597018513,1,1,0,1,523.525168895721,526.011372089386,NA
447,"xgboost","single_stage","m1",598,31.7237616958618,-18.2762383041382,NA,NA,7.21712711717768,-4.92617976552865,36.6499414613905,17.5784524743462,45.8690709173774,22.5046322398748,50.7952506829061,0,1,1,1,393.630998849869,396.118798017502,NA
448,"xgboost","single_stage","m1",593,35.842900844574,-14.157099155426,NA,NA,7.85918465270606,-1.01337103675043,36.8562718813244,20.4391819774202,51.2466197117278,21.4525530141706,52.2599907484782,1,1,0,1,1110.60928750038,1112.24927735329,NA
449,"xgboost","single_stage","m1",631,28.2091842079163,-21.7908157920837,NA,NA,8.00850694261877,1.53095838496685,26.6782258229494,12.5127990304445,43.905569385388,10.9818406454777,42.3746110004212,0,0,1,1,531.850327730179,533.652956962585,NA
45,"xgboost","single_stage","m1",611,46.2354594926834,-3.76454050731659,NA,NA,9.26711314331172,-2.4269437395795,48.6624032322629,28.0722514911347,64.3986674942321,30.4991952307142,66.8256112338116,1,1,0,1,1406.78663992882,1414.62345051765,NA
450,"xgboost","single_stage","m1",581,30.8022493171692,-19.1977506828308,NA,NA,8.38061373056756,-1.12029463645649,31.9225439536257,14.3765482369149,47.2279503974235,15.4968428733714,48.3482450338799,0,0,1,1,456.137457370758,457.921830415726,NA
451,"xgboost","single_stage","m1",605,41.1409834938049,-8.85901650619507,NA,NA,8.930505568524,-0.236569174299596,41.3775526681045,23.6375142157635,58.6444527718464,23.8740833900631,58.881021946146,1,1,0,1,828.106833219528,833.092797994614,NA
452,"xgboost","single_stage","m1",598,27.5192487297058,-22.4807512702942,NA,NA,7.6020898679451,2.63328131524229,24.8859674144635,12.6194263812966,42.4190710781151,9.98614506605428,39.7857897628728,0,0,1,1,498.995447158813,500.279054164886,NA
453,"xgboost","single_stage","m1",604,47.0000632400513,-2.99993675994873,NA,NA,8.11450958987485,-1.84519767827672,48.845260918328,31.0959166916917,62.9042097884108,32.9411143699684,64.7494074666876,1,1,0,1,1016.38535404205,1018.57772994041,NA
454,"xgboost","single_stage","m1",633,44.7823269271851,-5.21767307281494,NA,NA,8.49923090817799,-5.06519513565951,49.8475220628446,28.1241404508666,61.4405134035036,33.1893355865261,66.5057085391631,1,1,0,1,1137.46708035469,1142.08441710472,NA
455,"xgboost","single_stage","m1",600,50.1675055685043,0.167505568504332,NA,NA,7.63382113534828,-2.7927255738669,52.9602311423712,35.205491078801,65.1295200582076,37.9982166526679,67.9222456320745,1,1,0,1,1117.48473143578,1122.47750043869,NA
456,"xgboost","single_stage","m1",617,41.7450087223053,-8.2549912776947,NA,NA,10.1835961144753,8.29499697921461,33.4500117430907,21.7855271048316,61.704490339779,13.490530125617,53.4094933605644,1,1,0,1,483.815071582794,486.734057664871,NA
457,"xgboost","single_stage","m1",607,44.3075462698936,-5.69245373010635,NA,NA,9.19064907579697,0.0731039544497705,44.2344423154439,26.2942050867853,62.320887453002,26.2211011323355,62.2477834985523,1,1,0,1,496.584768295288,498.495624780655,NA
458,"xgboost","single_stage","m1",596,40.7546935539246,-9.24530644607544,NA,NA,8.29878228902757,-7.72912802030575,48.4838215742303,24.4893791518917,57.0200079559575,32.2185071721974,64.7491359762632,1,1,0,1,484.468793869019,485.477190494537,NA
459,"xgboost","single_stage","m1",617,42.9239593644142,-7.07604063558578,NA,NA,8.83023885027662,-1.6621088639794,44.5860682283936,25.6170092429857,60.2309094858428,27.2791181069651,61.8930183498222,1,1,0,1,511.47438454628,513.660136699677,NA
46,"xgboost","single_stage","m1",599,47.4657368278503,-2.53426317214966,NA,NA,8.84529082268868,-0.0793602624976657,47.545097090348,30.1292853825979,64.8021882731028,30.2086456450955,64.8815485356005,1,1,0,1,1467.1562063694,1481.07908654213,NA
460,"xgboost","single_stage","m1",609,53.0654194488525,3.06541944885254,NA,NA,8.19271647906128,0.23317203407526,52.8322474147773,37.0079902143446,69.1228486833604,36.7748181802694,68.8896766492852,1,1,0,1,1910.60820555687,1919.95299267769,NA
461,"xgboost","single_stage","m1",618,41.0320678749084,-8.96793212509155,NA,NA,8.19404631194151,-1.33066899237419,42.3627368672826,24.9720322158498,57.0921035339671,26.302701208224,58.4227725263412,1,1,0,1,1826.25710964203,1835.89058876038,NA
462,"xgboost","single_stage","m1",575,36.4720885543823,-13.5279114456177,NA,NA,8.52030178753622,-0.690874986408232,37.1629635407906,19.7726039133991,53.1715731953656,20.4634788998073,53.8624481817738,1,1,0,1,1946.01385474205,1955.03381919861,NA
463,"xgboost","single_stage","m1",573,36.2339297523499,-13.7660702476501,NA,NA,9.26387575838819,3.44766238038755,32.7862673719623,18.0770669086553,54.3907925960444,14.6294045282678,50.9431302156568,1,1,0,1,2002.57736444473,2012.34317660332,NA
464,"xgboost","single_stage","m1",642,49.1739517745972,-0.826048225402829,NA,NA,8.12869273772178,-10.5777229645367,59.7516747391338,33.2420067672702,65.1058967819241,43.8197297318069,75.6836197464608,1,1,0,1,2059.64601254463,2067.62685585022,NA
465,"xgboost","single_stage","m1",596,41.5429052286148,-8.45709477138519,NA,NA,9.98001624991259,2.7877616990248,38.75514352959,21.9824328136616,61.103377643568,19.1946711146368,58.3156159445432,1,1,0,1,2032.02689957619,2042.24472355843,NA
466,"xgboost","single_stage","m1",583,31.4227467460632,-18.5772532539368,NA,NA,9.03681100461961,6.33657830379355,25.0861684422697,13.7109226419136,49.1345708502129,7.37434433812003,42.7979925464193,0,0,1,1,2070.05214333534,2077.039914608,NA
467,"xgboost","single_stage","m1",597,42.9386027069092,-7.06139729309082,NA,NA,8.85256860510353,-2.54678223773223,45.4853849446414,25.5878870702363,60.2893183435821,28.1346693079685,62.8361005813143,1,1,0,1,2133.67112755775,2168.20008921623,NA
468,"xgboost","single_stage","m1",627,32.8956863460541,-17.1043136539459,NA,NA,7.05562885073203,-4.46037198657703,37.3560583326311,19.0669079103376,46.7244647817706,23.5272798969146,51.1848367683476,0,1,1,1,2037.40925550461,2046.88698077202,NA
469,"xgboost","single_stage","m1",608,57.2270757865906,7.22707578659058,NA,NA,8.56717842457729,-9.05448495021185,66.2815607368024,40.4357146252905,74.0184369478907,49.4901995755023,83.0729218981025,1,1,0,1,1958.54498147964,1967.15775990486,NA
47,"xgboost","single_stage","m1",614,55.1243081588745,5.12430815887451,NA,NA,8.74015721672129,-1.07120606569624,56.1955142245708,37.993914794883,72.2547015228661,39.0651208605792,73.3259075885623,1,1,0,1,2369.81452512741,2385.56109762192,NA
470,"xgboost","single_stage","m1",621,44.6713276748657,-5.32867232513428,NA,NA,10.0880768176549,2.83157408215067,41.8397535927151,24.8990604389887,64.4435949107427,22.067486356838,61.6120208285921,1,1,0,1,1123.8720510006,1128.29491972923,NA
471,"xgboost","single_stage","m1",607,51.1935166808367,1.19351668083668,NA,NA,8.61023731805867,-9.78551381761861,60.9790304984553,34.317761639099,68.0692717225744,44.1032754567176,77.854785540193,1,1,0,1,1261.92606854439,1263.36164927483,NA
472,"xgboost","single_stage","m1",585,44.3018460006714,-5.69815399932861,NA,NA,8.52708791888949,-3.98774583406532,48.2895918347367,27.5890607866414,61.0146312147014,31.5768066207067,65.0023770487667,1,1,0,1,1329.87202620506,1335.64271950722,NA
473,"xgboost","single_stage","m1",637,41.5849865112305,-8.41501348876953,NA,NA,8.24111167268274,3.08044304032856,38.5045434709019,25.4327044401997,57.7372685822613,22.3522613998711,54.6568255419327,1,1,0,1,1358.91808891296,1365.94399547577,NA
474,"xgboost","single_stage","m1",621,45.349013584137,-4.65098641586304,NA,NA,8.55068992999079,-1.81118912299371,47.1602027071307,28.5899692783857,62.1080578898882,30.4011584013794,63.9192470128819,1,1,0,1,811.971685647964,815.790962219238,NA
475,"xgboost","single_stage","m1",617,44.6776463298798,-5.32235367012024,NA,NA,7.78023298075184,-3.25637539322233,47.9340217231021,29.4286698962755,59.9266227634841,32.6850452894978,63.1829981567064,1,1,0,1,1347.35599470139,1354.68863916397,NA
476,"xgboost","single_stage","m1",593,37.7901606369019,-12.2098393630981,NA,NA,8.17797399000659,3.47935992888547,34.3108007080164,21.7616261499836,53.8186951238201,18.2822662210982,50.3393351949346,1,1,0,1,1177.40414452553,1183.24801778793,NA
477,"xgboost","single_stage","m1",632,44.8533114204407,-5.14668857955932,NA,NA,9.07650199679651,-2.75906087350571,47.6123722939464,27.0636944011136,62.6429284397677,29.8227552746193,65.4019893132734,1,1,0,1,1091.21884989738,1094.99078249931,NA
478,"xgboost","single_stage","m1",601,39.5828361282349,-10.4171638717651,NA,NA,10.3522780622435,2.449507055357,37.1333290728779,19.2927439682936,59.8729282881762,16.8432369129366,57.4234212328192,1,1,0,1,1314.95592498779,1320.34067130089,NA
479,"xgboost","single_stage","m1",607,69.4235180969238,19.4235180969238,NA,NA,9.12490665516769,-9.77407418553436,79.1975922824582,51.5390296905053,87.3080065033424,61.3131038760397,97.0820806888767,0,0,1,1,311.887982368469,314.181034564972,NA
48,"xgboost","single_stage","m1",618,31.4805657615662,-18.5194342384338,NA,NA,8.52397382447723,-0.965378544945775,32.4459443065119,14.7738840604286,48.1872474627037,15.7392626053744,49.1526260076494,0,0,1,1,1328.9410161972,1334.68073177338,NA
480,"xgboost","single_stage","m1",607,49.4245309295654,-0.575469070434572,NA,NA,9.69187885751102,-8.04346120835036,57.4679921379158,30.4287974263186,68.4202644328122,38.472258634669,76.4637256411626,1,1,0,1,1219.86304593086,1226.10601711273,NA
481,"xgboost","single_stage","m1",620,52.9953540096283,2.99535400962829,NA,NA,9.37630744592264,-0.861446004113908,53.8568000137422,34.6181291076452,71.3725789116114,35.4795751117591,72.2340249157253,1,1,0,1,194.542177677155,195.84322476387,NA
482,"xgboost","single_stage","m1",611,38.0442539424896,-11.9557460575104,NA,NA,7.3651128852124,-3.5190878574872,41.5633417999768,23.6088979454014,52.4796099395778,27.1279858028886,55.998697797065,1,1,0,1,1276.65198636055,1281.93085670471,NA
483,"xgboost","single_stage","m1",625,43.845181640625,-6.154818359375,NA,NA,8.46462812839292,-1.20499011311877,45.0501717537438,27.2548153664502,60.4355479147998,28.459805479569,61.6405380279186,1,1,0,1,163.545913934708,164.944885969162,NA
484,"xgboost","single_stage","m1",600,35.9347684288025,-14.0652315711975,NA,NA,7.99133049493536,-3.70160176573491,39.6363701945374,20.2720484701725,51.5974883874324,23.9736502359075,55.2990901531674,1,1,0,1,315.022504329681,317.785406589508,NA
485,"xgboost","single_stage","m1",617,34.105052028656,-15.894947971344,NA,NA,7.81584060873516,-1.68242400096643,35.7874760296224,18.7862859266295,49.4238181306825,20.4687099275959,51.106242131649,0,1,1,1,301.103459835052,304.116191864014,NA
486,"xgboost","single_stage","m1",583,61.9395512886047,11.9395512886047,NA,NA,9.08787904245713,-2.86589390898215,64.8054451975869,44.1276356695324,79.7514669076771,46.9935295785146,82.6173608166592,1,1,0,1,1300.06809425354,1307.23868393898,NA
487,"xgboost","single_stage","m1",613,33.5668110694885,-16.4331889305115,NA,NA,8.09539206870182,-6.4975555356546,40.0643666051431,17.7001341741018,49.4334879648753,24.1976897097564,55.9310435005299,0,1,1,1,1288.0382874012,1295.04610300064,NA
488,"xgboost","single_stage","m1",606,36.8878647460937,-13.1121352539063,NA,NA,8.32350557254358,-2.70250835882199,39.5903731049157,20.5740935987899,53.2016358933976,23.2766019576119,55.9041442522196,1,1,0,1,483.605277776718,486.28927230835,NA
489,"xgboost","single_stage","m1",609,31.2481039276123,-18.7518960723877,NA,NA,6.95716255719734,-0.930169545513152,32.1782734731255,17.6123158809149,44.8838919743097,18.5424854264281,45.8140615198228,0,0,1,1,1120.94103074074,1124.08480215073,NA
49,"xgboost","single_stage","m1",601,47.7504182815552,-2.24958171844482,NA,NA,9.08343226013544,-3.89036087746048,51.6407791590157,29.9472181956805,65.5536183674299,33.8375790731409,69.4439792448904,1,1,0,1,1178.98350358009,1185.21425580978,NA
490,"xgboost","single_stage","m1",607,49.9338940126896,-0.066105987310408,NA,NA,8.4494605676905,-9.62325995994419,59.5571539726338,33.3732556112248,66.4945324141543,42.996515571169,76.1177923740985,1,1,0,1,381.025990009308,382.320685863495,NA
491,"xgboost","single_stage","m1",646,24.0831622848511,-25.9168377151489,NA,NA,7.0301490420554,2.14202192851782,21.9411403563333,10.3043233564737,37.8620012132284,8.16230142795592,35.7199792847106,0,0,1,1,1283.95203971863,1286.43241357803,NA
492,"xgboost","single_stage","m1",599,40.4278238987923,-9.57217610120773,NA,NA,10.5571084495041,2.49995269159054,37.9278712072017,19.7362715568808,61.1193762407037,17.2363188652903,58.6194235491132,1,1,0,1,998.730282306671,1004.36228346825,NA
493,"xgboost","single_stage","m1",603,34.7598516769409,-15.2401483230591,NA,NA,8.47708834259644,-0.0770268254145918,34.8368785023555,18.1450638316876,51.3746395221943,18.2220906571021,51.4516663476089,1,1,0,1,225.445457220078,227.713291168213,NA
494,"xgboost","single_stage","m1",597,42.6953892440796,-7.30461075592041,NA,NA,8.6567776430351,9.55551159009116,33.1398776539884,25.7284168415593,59.6623616465999,16.1729052514681,50.1068500565088,1,1,0,1,417.91147518158,420.244188547134,NA
495,"xgboost","single_stage","m1",616,49.9250191764832,-0.0749808235168459,NA,NA,9.13778746688215,-2.29213183617878,52.2171510126619,32.0152848430127,67.8347535099537,34.3074166791914,70.1268853461324,1,1,0,1,1043.30888986588,1045.83189105988,NA
496,"xgboost","single_stage","m1",606,45.688666847229,-4.311333152771,NA,NA,7.95402113740601,-1.5851602264061,47.2738270736351,30.0990718856429,61.2782618088151,31.684232112049,62.8634220352212,1,1,0,1,265.102993011475,266.863680124283,NA
497,"xgboost","single_stage","m1",610,41.987345123291,-8.01265487670899,NA,NA,8.09427774196988,2.30413089319027,39.6832142301007,26.1228522681659,57.8518379784162,23.8187213749756,55.5477070852259,1,1,0,1,267.673671245575,269.073763608932,NA
498,"xgboost","single_stage","m1",620,41.1185154457092,-8.88148455429077,NA,NA,7.17863752545906,-3.34430284659958,44.4628182923088,27.0486444377417,55.1883864536767,30.3929472843413,58.5326893002763,1,1,0,1,433.692524671555,435.877652406693,NA
499,"xgboost","single_stage","m1",600,40.2293338699341,-9.77066613006592,NA,NA,8.95157306691203,-4.0719272647745,44.3012611347086,22.6845730538078,57.7740946860604,26.7565003185823,61.8460219508349,1,1,0,1,373.45384979248,375.861371278763,NA
5,"xgboost","single_stage","m1",611,33.8832562007904,-16.1167437992096,NA,NA,8.15793847456649,-0.10154479549557,33.984800996286,17.8939906025465,49.8725217990344,17.995535398042,49.9740665945299,0,0,1,1,1525.54304862022,1528.19510602951,NA
50,"xgboost","single_stage","m1",623,41.6395595779419,-8.3604404220581,NA,NA,8.35773363766412,-1.21277103992558,42.8523306178675,25.2587026557413,58.0204165001425,26.4714736956669,59.2331875400681,1,1,0,1,1312.92388653755,1318.5785753727,NA
500,"xgboost","single_stage","m1",610,31.9564709854126,-18.0435290145874,NA,NA,7.31349768629091,-7.06994472356522,39.0264157089778,17.6222789192654,46.2906630515598,24.6922236428306,53.360607775125,0,1,1,1,1026.16383886337,1030.07949566841,NA
51,"xgboost","single_stage","m1",595,18.7350239601135,-31.2649760398865,NA,NA,7.38645357504238,3.29923139644816,15.4357925636654,4.25784097955334,33.2122069406737,0.958609583105176,29.9129755442255,0,0,1,1,2222.27896904945,2230.60785079002,NA
52,"xgboost","single_stage","m1",593,38.6501501332372,-11.3498498667628,NA,NA,8.72035313295659,-4.4206044283036,43.0707545615408,21.5585720601713,55.7417282063032,25.9791764884749,60.1623326346068,1,1,0,1,1328.86312055588,1333.59467291832,NA
53,"xgboost","single_stage","m1",603,50.1963206710815,0.196320671081544,NA,NA,8.87398723728963,-4.38785406153774,54.5841747326193,32.8036252867258,67.5890160554373,37.1914793482635,71.976870116975,1,1,0,1,1249.56588196754,1253.8887014389,NA
54,"xgboost","single_stage","m1",611,36.5624551620483,-13.4375448379517,NA,NA,8.63551757457826,-4.52862253124142,41.0910776932898,19.6371517280123,53.4877585960844,24.1657742592537,58.0163811273258,1,1,0,1,2246.01896262169,2255.4367389679,NA
55,"xgboost","single_stage","m1",630,53.842927585125,3.84292758512497,NA,NA,8.49011780642075,-3.47705108608067,57.3199786712056,37.2026024600381,70.4832527102118,40.6796535461188,73.9603037962925,1,1,0,1,1199.75770831108,1204.676872015,NA
56,"xgboost","single_stage","m1",624,41.1751844558716,-8.82481554412842,NA,NA,8.51138492460918,-5.74524051941347,46.9204249752851,24.4931765450804,57.8571923666627,30.2384170644939,63.6024328860762,1,1,0,1,2240.83496332169,2248.61730217934,NA
57,"xgboost","single_stage","m1",611,32.3742877998352,-17.6257122001648,NA,NA,7.55840089469832,3.07388000285577,29.3004077969794,17.5600942655112,47.1884813341592,14.4862142626554,44.1146013313035,0,0,1,1,1363.31991887093,1367.33767032623,NA
58,"xgboost","single_stage","m1",633,49.2339994773865,-0.766000522613524,NA,NA,8.13282242117208,-5.57189793539763,54.8058974127841,33.2939604392294,65.1740385155436,38.865858374627,70.7459364509412,1,1,0,1,2211.65613722801,2221.15102791786,NA
59,"xgboost","single_stage","m1",623,53.0677185230255,3.06771852302551,NA,NA,8.68984134097719,-6.70186476790703,59.7695832909325,36.035942463343,70.099494582708,42.73780723125,76.8013593506151,1,1,0,1,1286.06685376167,1291.8477768898,NA
6,"xgboost","single_stage","m1",611,33.0048257827759,-16.9951742172241,NA,NA,8.69384770794013,1.17186873967838,31.8329570430975,15.9651973881371,50.0444541774146,14.7933286484588,48.8725854377362,1,0,0,1,1348.84820961952,1351.82876300812,NA
60,"xgboost","single_stage","m1",616,57.7161724338532,7.71617243385315,NA,NA,9.04215526931656,-8.99990360348296,66.7160760373361,39.9938737633736,75.4384711043327,48.9937773668566,84.4383747078156,1,1,0,1,2226.27913403511,2238.10587477684,NA
61,"xgboost","single_stage","m1",625,33.8154437103272,-16.1845562896728,NA,NA,7.49988045542142,-4.33919038586903,38.1546340961962,19.1159481293453,48.514939291309,23.4551385152143,52.854129677178,0,1,1,1,2224.80731415749,2234.17516303062,NA
62,"xgboost","single_stage","m1",603,39.7326714324951,-10.2673285675049,NA,NA,8.93503669454889,-0.381524242299797,40.1141956747949,22.2203213106355,57.2450215543548,22.6018455529353,57.6265457966545,1,1,0,1,2183.11194324493,2194.63178682327,NA
63,"xgboost","single_stage","m1",601,41.2089297428131,-8.79107025718689,NA,NA,8.23374342311613,-3.72472801352048,44.9336577563336,25.071089175562,57.3467703100643,28.7958171890825,61.0714983235847,1,1,0,1,1186.98158526421,1192.94332098961,NA
64,"xgboost","single_stage","m1",594,42.4962665748596,-7.50373342514038,NA,NA,8.88312650651671,1.51765505995738,40.9786115149022,25.0856585519738,59.9068745977455,23.5680034920164,58.3892195377881,1,1,0,1,1220.45906734467,1225.94289064407,NA
65,"xgboost","single_stage","m1",614,40.5353738136291,-9.46462618637085,NA,NA,9.67561421960943,4.36905420480847,36.1663196088207,21.571518414891,59.4992292123673,17.2024642100826,55.1301750075588,1,1,0,1,2228.37406635284,2239.153840065,NA
66,"xgboost","single_stage","m1",600,35.3696134529114,-14.6303865470886,NA,NA,7.14370722879224,1.76839829875946,33.6012151541519,21.3682045683802,49.3710223374426,19.5998062696207,47.6026240386831,0,0,1,1,2159.93734526634,2172.62576413155,NA
67,"xgboost","single_stage","m1",611,39.3023755569458,-10.6976244430542,NA,NA,8.63917030999399,-5.36942434215069,44.6717998990965,22.3699128930498,56.2348382208418,27.7393372352005,61.6042625629924,1,1,0,1,2195.34400773048,2205.96698975563,NA
68,"xgboost","single_stage","m1",630,43.9281634521484,-6.07183654785156,NA,NA,8.91193198629697,-4.79235557730389,48.7205190294523,26.4610977263359,61.395229177961,31.2534533036398,66.1875847552649,1,1,0,1,1244.44474101067,1249.8117878437,NA
69,"xgboost","single_stage","m1",613,50.0389255905151,0.0389255905151344,NA,NA,10.4112119786716,-1.80681192201817,51.8457375125333,29.6333250769068,70.4445261041235,31.440136998925,72.2513380261417,1,1,0,1,1230.68989419937,1236.27803468704,NA
7,"xgboost","single_stage","m1",611,39.8458591575623,-10.1541408424377,NA,NA,8.20366169512966,-3.44695480642223,43.2928139639845,23.7669776937573,55.9247406213672,27.2139325001796,59.3716954277894,1,1,0,1,2421.68135118484,2426.75649237633,NA
70,"xgboost","single_stage","m1",611,51.0144408416748,1.0144408416748,NA,NA,9.00692201789797,2.42244575170398,48.5919950899708,33.361198075034,68.6676836083157,30.93875232333,66.2452378566117,1,1,0,1,2194.30222296715,2204.39726758003,NA
71,"xgboost","single_stage","m1",599,34.7419747591019,-15.2580252408981,NA,NA,8.15579149743589,0.464806143602615,34.2771686154992,18.7569171587095,50.7270323594942,18.2921110151069,50.2622262158916,1,1,0,1,2182.13386845589,2191.28881597519,NA
72,"xgboost","single_stage","m1",623,36.25042918396,-13.74957081604,NA,NA,7.50166765463319,-5.4677071770463,41.7181363610063,21.5474307568899,50.9534276110301,27.0151379339362,56.4211347880764,1,1,0,1,2199.04992413521,2210.68364953995,NA
73,"xgboost","single_stage","m1",601,47.8510347862244,-2.14896521377563,NA,NA,9.27992420456444,-5.88176980383695,53.7328045900613,29.6627175660166,66.0393520064322,35.5444873698535,71.9211218102691,1,1,0,1,2191.02044463158,2201.51184988022,NA
74,"xgboost","single_stage","m1",628,35.3345488424301,-14.6654511575699,NA,NA,8.87218307194042,3.59753514663198,31.7370136957981,17.945389557181,52.7237081276793,14.347854410549,49.1261729810473,1,0,0,1,2182.41202878952,2191.79969024658,NA
75,"xgboost","single_stage","m1",591,36.2075227470398,-13.7924772529602,NA,NA,9.29199021225763,1.19134234977877,35.016180397261,17.9955565863162,54.4194889077634,16.8042142365374,53.2281465579847,1,1,0,1,2189.08599233627,2199.17070817947,NA
76,"xgboost","single_stage","m1",585,34.5861552505493,-15.4138447494507,NA,NA,8.31782984311981,-4.56440862097418,39.1505638715235,18.2835083285021,50.8888021725966,22.8479169494762,55.4532107935708,1,1,0,1,2211.439047575,2223.59232974052,NA
77,"xgboost","single_stage","m1",605,43.3479114074707,-6.6520885925293,NA,NA,8.01731131777696,-2.91420140375066,46.2621128112214,27.6342699717825,59.0615528431589,30.5484713755332,61.9757542469096,1,1,0,1,2192.63897013664,2203.94979929924,NA
78,"xgboost","single_stage","m1",613,47.8371720809937,-2.16282791900635,NA,NA,9.70604775393048,0.698539488292631,47.138632592701,28.813668051064,66.8606761109233,28.1151285627714,66.1621366226306,1,1,0,1,2228.12276148796,2240.37872982025,NA
79,"xgboost","single_stage","m1",597,36.6814020500183,-13.3185979499817,NA,NA,9.17691564989796,4.79829813655626,31.8831039134621,18.6949778870563,54.6678262129803,13.8966797505001,49.869528076424,1,0,0,1,2200.73696923256,2209.35270690918,NA
8,"xgboost","single_stage","m1",613,55.216040599823,5.216040599823,NA,NA,10.7594169885184,1.32703700401586,53.8890035958071,34.1279708076785,76.3041103919674,32.8009338036627,74.9770733879516,1,1,0,1,1428.33303999901,1431.93192410469,NA
80,"xgboost","single_stage","m1",602,34.9134609508514,-15.0865390491486,NA,NA,7.75041942051569,-0.132686281767839,35.0461472326193,19.7229180215609,50.104003880142,19.8556043033287,50.2366901619098,1,1,0,1,2208.1249127388,2216.30924391747,NA
81,"xgboost","single_stage","m1",619,37.6240036792755,-12.3759963207245,NA,NA,9.11903978736126,3.38890457233143,34.2350991069441,19.7510141224596,55.4969932360914,16.3621095501282,52.1080886637599,1,1,0,1,2188.06856679916,2196.17188835144,NA
82,"xgboost","single_stage","m1",616,52.5895432319641,2.58954323196411,NA,NA,9.23072173948349,4.80794935123419,47.7815938807299,34.4976610712656,70.6814253926627,29.6897117200314,65.8734760414285,1,1,0,1,2207.90506505966,2218.01170158386,NA
83,"xgboost","single_stage","m1",620,30.7633085098267,-19.2366914901733,NA,NA,7.5896280652959,-0.017021067805544,30.7803295776322,15.8879108457923,45.638706173861,15.9049319135978,45.6557272416666,0,0,1,1,2187.45614910126,2197.2929828167,NA
84,"xgboost","single_stage","m1",614,32.4819749183655,-17.5180250816345,NA,NA,7.0994339406072,-0.621756446032808,33.1037313643983,18.5673400841541,46.3966097525769,19.1890965301869,47.0183661986097,0,0,1,1,1220.332072258,1225.3038713932,NA
85,"xgboost","single_stage","m1",622,49.4885748949051,-0.511425105094908,NA,NA,8.93717172305115,-6.06715565877759,55.5557305536827,31.9720401940751,67.0051095957351,38.0391958528527,73.0722652545127,1,1,0,1,1359.6741194725,1365.18185091019,NA
86,"xgboost","single_stage","m1",594,49.914316033721,-0.0856839662790279,NA,NA,9.18998334530979,-5.90482640789163,55.8191424416126,31.9022796583909,67.9263524090511,37.8071060662825,73.8311788169427,1,1,0,1,1229.43801426888,1235.04393982887,NA
87,"xgboost","single_stage","m1",600,44.9936307396889,-5.00636926031112,NA,NA,8.60885856017189,-1.46409897087777,46.4577297105666,28.1205780137526,61.8666834656251,29.5846769846304,63.3307824365029,1,1,0,1,1224.81492090225,1230.33161330223,NA
88,"xgboost","single_stage","m1",591,27.5455761871338,-22.4544238128662,NA,NA,7.85363609525644,-1.25678180206299,28.8023579891968,12.1527322927474,42.9384200815202,13.4095140948104,44.1952018835832,0,0,1,1,1261.00411868095,1265.55229234695,NA
89,"xgboost","single_stage","m1",629,44.5768696136475,-5.42313038635254,NA,NA,9.2642598014841,-2.72933821653658,47.306207830184,26.4192540593164,62.7344851679785,29.148592275853,65.4638233845151,1,1,0,1,1234.733066082,1239.39688777924,NA
9,"xgboost","single_stage","m1",603,48.4056537399292,-1.5943462600708,NA,NA,9.38779012457573,1.66294894263935,46.7427047972898,30.00592320134,66.8053842785184,28.3429742587006,65.1424353358791,1,1,0,1,2331.2394323349,2336.33808588982,NA
90,"xgboost","single_stage","m1",618,39.3364981994629,-10.6635018005371,NA,NA,8.40865371555877,-0.0303533720775846,39.3668515715405,22.8558397584988,55.817156640427,22.8861931305764,55.8475100125046,1,1,0,1,1304.45084953308,1311.60225105286,NA
91,"xgboost","single_stage","m1",568,36.3868552627563,-13.6131447372437,NA,NA,8.98196324391285,-0.760515199071406,37.1473704618278,18.7825307942246,53.9911797312881,19.543045993296,54.7516949303595,1,1,0,1,1226.40689373016,1230.38572835922,NA
92,"xgboost","single_stage","m1",603,46.3536107711792,-3.6463892288208,NA,NA,8.63977205571696,2.46848440536404,43.8851263658152,29.4199687073384,63.28725283502,26.9514843019744,60.818768429656,1,1,0,1,1328.74305438995,1333.77376127243,NA
93,"xgboost","single_stage","m1",624,45.9556508178711,-4.0443491821289,NA,NA,8.54234127730442,-2.77915330886311,48.7348041267342,29.2129695707046,62.6983320650376,31.9921228795677,65.4774853739007,1,1,0,1,1314.80314850807,1320.2689499855,NA
94,"xgboost","single_stage","m1",602,39.5550111160278,-10.4449888839722,NA,NA,8.24800096426694,0.164278613233684,39.3907325027942,23.389226281613,55.7207959504427,23.2249476683793,55.556517337209,1,1,0,1,2230.97019958496,2239.22885656357,NA
95,"xgboost","single_stage","m1",588,36.4581078681946,-13.5418921318054,NA,NA,8.78782979899717,-4.01068791098798,40.4687957791826,19.2342779598923,53.6819377764969,23.2449658708802,57.6926256874849,1,1,0,1,1224.36794686317,1228.45568346977,NA
96,"xgboost","single_stage","m1",599,45.4354719810486,-4.56452801895141,NA,NA,9.40224247140455,2.10804791483498,43.3274240662136,27.0074153631828,63.8635285989144,24.8993674483478,61.7554806840794,1,1,0,1,1287.28706789017,1292.25279021263,NA
97,"xgboost","single_stage","m1",607,45.64794506073,-4.35205493927002,NA,NA,8.98664370436026,0.575662770236967,45.072282290493,28.0344470582903,63.2614430631697,27.4587842880533,62.6857802929327,1,1,0,1,1263.35490655899,1269.15560126305,NA
98,"xgboost","single_stage","m1",604,46.8652682952881,-3.13473170471191,NA,NA,9.16702232075523,-1.30773464462829,48.1730029399164,28.8982347011331,64.8323018894431,30.2059693457614,66.1400365340714,1,1,0,1,2332.58196997643,2340.13677310944,NA
99,"xgboost","single_stage","m1",609,44.5935710411072,-5.40642895889282,NA,NA,7.39305616482485,-5.81149351894855,50.4050645600557,30.1034472223687,59.0836948598457,35.9149407413172,64.8951883787942,1,1,0,1,1238.09617185593,1242.28089857101,NA
