"replicate","Estimator","Procedure","ModelSpec","n_obs","estimate","bias","eif_var","eif_se","bootstrap_se","bootstrap_bias","bc_estimate","ci_lower","ci_upper","bc_ci_lower","bc_ci_upper","covered_true_95","covered_true_95_bc","reject_h0_effect","reject_h0_null","bootstrap_time_sec","replicate_time_sec","covered_mc_mean_95"
1,"bart","two_stage","m1",619,51.9986162574533,1.99861625745328,NA,NA,6.72425820072162,-1.26822027262799,53.2668365300813,38.8193123612908,65.1779201536158,40.0875326339188,66.4461404262438,1,1,0,1,1059.29785871506,1064.35780215263,NA
2,"bart","two_stage","m1",612,54.2470442762403,4.24704427624027,NA,NA,7.38105714395637,-3.68052910982357,57.9275733860638,39.7804381062537,68.7136504462268,43.4609672160773,72.3941795560504,1,1,0,1,1090.74766802788,1095.84325838089,NA
3,"bart","two_stage","m1",603,49.2005907798513,-0.799409220148746,NA,NA,6.41411514754389,0.130156723081299,49.07043405677,36.6291560979724,61.7720254617301,36.4989993748911,61.6418687386488,1,1,0,1,1102.82251238823,1108.01652598381,NA
4,"bart","two_stage","m1",617,47.8261440868718,-2.17385591312824,NA,NA,6.68185091266694,-0.41975128823848,48.2458953751102,34.7299569479785,60.922331225765,35.149708236217,61.3420825140035,1,1,0,1,1078.49076032639,1083.5507516861,NA
5,"bart","two_stage","m1",611,47.4305099249225,-2.56949007507747,NA,NA,6.08870113864354,-4.01246312626385,51.4429730511864,35.4968749805532,59.3641448692919,39.509338106817,63.3766079955557,1,1,0,1,1104.56399202347,1109.75429415703,NA
6,"bart","two_stage","m1",611,46.4311530847573,-3.56884691524265,NA,NA,7.14177366118907,-1.75558732257328,48.1867404073306,32.43353392309,60.4287722464247,34.1891212456633,62.184359568998,1,1,0,1,1099.17385268211,1104.30478715897,NA
7,"bart","two_stage","m1",611,49.4447349752659,-0.55526502473414,NA,NA,7.08688972452507,-3.1852445781113,52.6299795533772,35.5546863527897,63.334783597742,38.739930930901,66.5200281758533,1,1,0,1,1093.15633320808,1098.30344581604,NA
8,"bart","two_stage","m1",613,69.663094569984,19.663094569984,NA,NA,7.77993417225732,-5.04266661285689,74.7057611828409,54.4147037902672,84.9114853497008,59.4573704031241,89.9541519625577,0,0,1,1,1095.48230218887,1100.6514544487,NA
9,"bart","two_stage","m1",603,65.0939505920182,15.0939505920182,NA,NA,7.50378105984705,-4.66600774422067,69.7599583362388,50.3868099668441,79.8010912171922,55.0528177110648,84.4670989614129,0,0,1,1,1077.66410183907,1082.71738886833,NA
10,"bart","two_stage","m1",621,55.2798090197742,5.2798090197742,NA,NA,6.16599151504022,-2.09407829590334,57.3738873156775,43.1946877213158,67.3649303182326,45.2887660172191,69.4590086141359,1,1,0,1,1067.16467380524,1071.36810660362,NA
11,"bart","two_stage","m1",610,48.1997347974719,-1.80026520252809,NA,NA,6.36557717470013,0.531942838044785,47.6677919594271,35.7234327942494,60.6760368006944,35.1914899562046,60.1440939626496,1,1,0,1,1057.36315584183,1061.53604507446,NA
12,"bart","two_stage","m1",603,55.0651790623852,5.06517906238518,NA,NA,7.80500825586887,-3.7982016126402,58.8633806750254,39.7676439818444,70.3627141429259,43.5658455944846,74.1609157555661,1,1,0,1,1105.33963823318,1109.70930767059,NA
13,"bart","two_stage","m1",598,61.9658750688629,11.9658750688629,NA,NA,6.60860908827817,-2.86149351130913,64.827368580172,49.0132392679336,74.9185108697922,51.8747327792427,77.7800043811013,1,0,0,1,1073.09663128853,1077.25712227821,NA
14,"bart","two_stage","m1",578,52.0314214069847,2.03142140698471,NA,NA,7.15770194233987,-1.94377793754956,53.9751993445343,38.0025833879262,66.0602594260432,39.9463613254757,68.0040373635928,1,1,0,1,1091.4165956974,1095.71550631523,NA
15,"bart","two_stage","m1",601,50.9413237107669,0.941323710766866,NA,NA,6.64116537813076,-1.53938661838448,52.4807103291513,37.9248787542562,63.9577686672775,39.4642653726407,65.497155285662,1,1,0,1,1090.35244131088,1094.5701649189,NA
16,"bart","two_stage","m1",611,61.2511443471092,11.2511443471092,NA,NA,6.65475600540047,-1.34477243061252,62.5959167777217,48.2080622506226,74.2942264435957,49.5528346812351,75.6389988742082,1,1,0,1,1096.9098649025,1101.25131869316,NA
17,"bart","two_stage","m1",618,60.6673524457712,10.6673524457712,NA,NA,6.64899320160298,-1.41920744373343,62.0865598895046,47.6355652371777,73.6991396543647,49.0547726809111,75.1183470980982,1,1,0,1,1104.23037171364,1108.52771997452,NA
18,"bart","two_stage","m1",615,67.4082594357944,17.4082594357944,NA,NA,6.95587486935067,-1.66656122492695,69.0748206607214,53.7749952108999,81.041523660689,55.4415564358268,82.7080848856159,0,0,1,1,1082.40678501129,1086.59844589233,NA
19,"bart","two_stage","m1",611,48.249425065443,-1.75057493455696,NA,NA,6.91640863575424,-1.85743367577427,50.1068587412173,34.6935132370029,61.8053368938832,36.5509469127772,63.6627705696574,1,1,0,1,1059.5770368576,1063.68621921539,NA
20,"bart","two_stage","m1",613,54.9114104388132,4.91141043881316,NA,NA,6.13120675888673,-1.68550747321866,56.5969179120318,42.8944660096266,66.9283548679997,44.5799734828453,68.6138623412184,1,1,0,1,1066.47132873535,1070.6944437027,NA
21,"bart","two_stage","m1",631,49.4042114730716,-0.595788526928445,NA,NA,7.06150888620951,-1.57501811737338,50.9792295904449,35.5639083795914,63.2445145665517,37.1389264969648,64.8195326839251,1,1,0,1,1060.7476773262,1065.15309357643,NA
22,"bart","two_stage","m1",574,48.4322778839679,-1.56772211603207,NA,NA,6.86663187683771,0.491641914639338,47.9406359693286,34.9739267102714,61.8906290576645,34.482284795632,61.3989871430252,1,1,0,1,1092.00497817993,1096.27912592888,NA
23,"bart","two_stage","m1",593,54.4054959130378,4.40549591303784,NA,NA,7.08531667226683,-1.13857159201144,55.5440675050493,40.5185304163337,68.292461409742,41.6571020083451,69.4310330017534,1,1,0,1,1079.81870079041,1084.03446340561,NA
24,"bart","two_stage","m1",595,42.8730514339869,-7.12694856601308,NA,NA,6.84356745946051,-1.27769603433986,44.1507474683268,29.4599056876741,56.2861971802998,30.7376017220139,57.5638932146396,1,1,0,1,1080.02723193169,1084.27213549614,NA
25,"bart","two_stage","m1",617,41.8171262321788,-8.18287376782123,NA,NA,6.55462398097509,-2.44876579441092,44.2658920265897,28.9702992972651,54.6639531670925,31.419065091676,57.1127189615034,1,1,0,1,1093.43316984177,1097.75814127922,NA
26,"bart","two_stage","m1",616,52.8637081923585,2.86370819235848,NA,NA,7.55006547793827,-2.11336072382138,54.9770689161799,38.0658517746803,67.6615646100367,40.1792124985017,69.7749253338581,1,1,0,1,1108.88542962074,1113.21574282646,NA
27,"bart","two_stage","m1",613,44.0804382049504,-5.91956179504957,NA,NA,6.03473751162367,-0.899517894453012,44.9799560994034,32.2525700260152,55.9083063838857,33.1520879204682,56.8078242783387,1,1,0,1,1097.79711794853,1102.07457685471,NA
28,"bart","two_stage","m1",607,56.3746397370015,6.37463973700154,NA,NA,6.4651515253992,-1.96908138143277,58.3437211184343,43.7031755926249,69.0461038813782,45.6722569740577,71.0151852628109,1,1,0,1,1068.22288346291,1072.62539720535,NA
29,"bart","two_stage","m1",630,49.7540463176315,-0.245953682368487,NA,NA,6.40643809159821,-1.03575497572963,50.7898012933611,37.1976583889135,62.3104342463495,38.2334133646431,63.3461892220791,1,1,0,1,1050.50685667992,1054.803647995,NA
30,"bart","two_stage","m1",608,55.4329219978676,5.43292199786764,NA,NA,6.70086399453215,-0.90190735941826,56.3348293572859,42.2994699032834,68.5663740924519,43.2013772627017,69.4682814518701,1,1,0,1,1068.37814712524,1072.52859115601,NA
31,"bart","two_stage","m1",594,47.8419587932684,-2.15804120673155,NA,NA,6.47963676606233,-4.23669046430295,52.0786492575714,35.1421040988847,60.5418134876522,39.3787945631876,64.7785039519551,1,1,0,1,1040.32144427299,1044.41377520561,NA
32,"bart","two_stage","m1",623,54.5040461564797,4.50404615647965,NA,NA,6.37488600259476,-2.84803867056825,57.3520848270479,42.0094991858454,66.9985931271139,44.8575378564137,69.8466317976821,1,1,0,1,1074.20581817627,1078.5459997654,NA
33,"bart","two_stage","m1",609,58.8400785651288,8.84007856512876,NA,NA,6.85499564736487,-2.59667172076151,61.4367502858903,45.4045339821148,72.2756231481427,48.0012057028763,74.8722948689042,1,1,0,1,1088.45572113991,1092.73493814468,NA
34,"bart","two_stage","m1",585,46.5407627796308,-3.4592372203692,NA,NA,6.04278828309258,-1.25479906136925,47.7955618410001,34.6971153785687,58.3844101806929,35.951914439938,59.6392092420621,1,1,0,1,1067.99589443207,1072.1552298069,NA
35,"bart","two_stage","m1",628,55.5872992511245,5.58729925112451,NA,NA,8.13802174893214,-0.355993066571614,55.9432923176961,39.6370697178139,71.5375287844352,39.9930627843855,71.8935218510068,1,1,0,1,1104.84342312813,1109.19481706619,NA
36,"bart","two_stage","m1",602,54.8765812671679,4.8765812671679,NA,NA,6.84140728670328,-1.27983581183897,56.1564170790069,41.4676693816596,68.2854931526762,42.7475051934986,69.5653289645152,1,1,0,1,1086.66460704803,1090.93546390533,NA
37,"bart","two_stage","m1",611,72.3049404019267,22.3049404019267,NA,NA,7.81078551663358,-3.89866074988774,76.2036011518145,56.9960820983578,87.6137987054956,60.8947428482456,91.5124594553834,0,0,1,1,1064.6791870594,1068.8243227005,NA
38,"bart","two_stage","m1",568,54.8180455452591,4.81804554525906,NA,NA,6.52552178289074,-1.58827275748608,56.4063183027451,42.0282578704616,67.6078332200565,43.6165306279477,69.1961059775426,1,1,0,1,1047.45449757576,1052.08709716797,NA
39,"bart","two_stage","m1",620,44.8639781027352,-5.13602189726479,NA,NA,6.08269193306964,-1.16109554122446,46.0250736439597,32.9421209848664,56.785835220604,34.1032165260909,57.9469307618285,1,1,0,1,1081.11116671562,1085.38600039482,NA
40,"bart","two_stage","m1",581,60.690540164198,10.690540164198,NA,NA,6.76700768269911,-2.85091738299868,63.5414575471966,47.4274488230019,73.9536315053941,50.2783662060005,76.8045488883927,1,0,0,1,1067.17402410507,1071.36713719368,NA
41,"bart","two_stage","m1",599,68.4693521020097,18.4693521020097,NA,NA,7.93407508297052,-1.05398150912657,69.5233336111363,52.9188506887509,84.0198535152686,53.9728321978774,85.0738350243952,0,0,1,1,1056.11670041084,1060.2450606823,NA
42,"bart","two_stage","m1",612,55.4865027670203,5.48650276702028,NA,NA,6.97606867957189,1.01927248196798,54.4672302850523,41.8136594013815,69.1593461326591,40.7943869194135,68.1400736506911,1,1,0,1,1077.34631848335,1081.66459751129,NA
43,"bart","two_stage","m1",594,65.552310250079,15.552310250079,NA,NA,8.08672671512527,-3.2758987205972,68.8282089706762,49.7026171356156,81.4020033645424,52.9785158562128,84.6779020851396,1,0,0,1,1083.52217555046,1088.27390623093,NA
44,"bart","two_stage","m1",591,50.7360400566802,0.736040056680153,NA,NA,5.7638441167065,-1.1500707402623,51.8861107969425,39.4391131754323,62.032966937928,40.5891839156946,63.1830376781903,1,1,0,1,1065.76600980759,1069.95187926292,NA
45,"bart","two_stage","m1",611,58.1818192415769,8.18181924157692,NA,NA,8.28345563423002,-1.79633064872868,59.9781498903056,41.9465445309507,74.4170939522031,43.7428751796794,76.2134246009318,1,1,0,1,1114.8996899128,1119.33603978157,NA
46,"bart","two_stage","m1",599,58.2634584079413,8.26345840794131,NA,NA,6.46705148450513,0.326925537065989,57.9365328708753,45.588270412145,70.9386464037376,45.261344875079,70.6117208666717,1,1,0,1,1066.89275193214,1071.06917357445,NA
47,"bart","two_stage","m1",614,63.704214337191,13.704214337191,NA,NA,6.7982300168301,2.13665982480528,61.5675545123857,50.3799283455849,77.0285003287971,48.2432685207796,74.8918405039918,0,1,1,1,1058.89809441566,1063.02198839188,NA
48,"bart","two_stage","m1",618,45.339830661988,-4.66016933801197,NA,NA,7.63503451048493,-1.4995510187165,46.8393816807045,30.3754380007172,60.3042233232589,31.8749890194337,61.8037743419754,1,1,0,1,1080.3025932312,1084.46724033356,NA
49,"bart","two_stage","m1",601,59.3273265173025,9.32732651730245,NA,NA,7.13959143534602,-1.67734816634962,61.0046746836521,45.3339844396936,73.3206685949113,47.0113326060432,74.9980167612609,1,1,0,1,1075.27169132233,1079.47213387489,NA
50,"bart","two_stage","m1",623,55.3855339022514,5.38553390225142,NA,NA,6.70031235988468,-3.0969280526894,58.4824619549408,42.2531629917089,68.517904812794,45.3500910443983,71.6148328654834,1,1,0,1,1078.27045512199,1082.50484585762,NA
51,"bart","two_stage","m1",595,38.2694871626623,-11.7305128373377,NA,NA,6.72221712493071,-2.0276220849331,40.2971092475954,25.0941837015397,51.4447906237849,27.1218057864728,53.472412708718,1,1,0,1,1055.70032787323,1059.83631801605,NA
52,"bart","two_stage","m1",593,43.4347111391371,-6.56528886086287,NA,NA,7.20504296458835,-0.274487821917226,43.7091989610544,29.3130864214803,57.556335856794,29.5875742433975,57.8308236787112,1,1,0,1,1063.3372695446,1067.48079609871,NA
53,"bart","two_stage","m1",603,55.7089972542041,5.70899725420407,NA,NA,6.18173612491598,-1.13313512902159,56.8421323832257,43.5930170874386,67.8249774209696,44.7261522164601,68.9581125499912,1,1,0,1,1081.71169137955,1086.03407406807,NA
54,"bart","two_stage","m1",611,47.2627954596577,-2.73720454034233,NA,NA,6.8379301991529,-1.4161148460903,48.678910305748,33.8606985405192,60.6648923787962,35.2768133866095,62.0810072248864,1,1,0,1,1088.69754076004,1092.93964481354,NA
55,"bart","two_stage","m1",630,62.2881553586039,12.2881553586039,NA,NA,7.33790564306839,-1.97655350941163,64.2647088680155,47.9061245762366,76.6701861409711,49.8826780856482,78.6467396503828,1,1,0,1,1062.37082123756,1066.57650256157,NA
56,"bart","two_stage","m1",624,48.758214532613,-1.24178546738701,NA,NA,7.34877030880646,-1.13447908379337,49.8926936164064,34.354889396695,63.1615396685309,35.4893684804884,64.2960187523243,1,1,0,1,1065.68026089668,1069.86550068855,NA
57,"bart","two_stage","m1",611,49.9223430925403,-0.0776569074597262,NA,NA,5.76920910088666,-1.7480287500672,51.6703718426075,38.6149010355217,61.2297851495588,40.3629297855889,62.977813899626,1,1,0,1,1050.54537725449,1054.63061833382,NA
58,"bart","two_stage","m1",633,54.1163657894057,4.11636578940574,NA,NA,6.76784259270083,-1.21482982111029,55.331195610516,40.8516380546759,67.3810935241355,42.0664678757862,68.5959233452458,1,1,0,1,1066.41125059128,1070.5167555809,NA
59,"bart","two_stage","m1",623,60.4732445619445,10.4732445619445,NA,NA,7.15827074752021,-0.310074230277699,60.7833187922222,46.4432917052183,74.5031974186707,46.753365935496,74.8132716489484,1,1,0,1,1059.60405397415,1063.71897387505,NA
60,"bart","two_stage","m1",616,55.051907363457,5.05190736345699,NA,NA,6.1665431033814,-0.718807425858387,55.7707147893154,42.9657049717156,67.1381097551984,43.684512397574,67.8569171810568,1,1,0,1,1076.52568030357,1080.713971138,NA
61,"bart","two_stage","m1",625,41.3909510947618,-8.60904890523823,NA,NA,6.79021436168822,0.380191250303056,41.0107598444587,28.0823754985462,54.6995266909773,27.7021842482432,54.3193354406743,1,1,0,1,1060.95751047134,1065.20350217819,NA
62,"bart","two_stage","m1",603,54.3371557583279,4.33715575832787,NA,NA,7.87633262358424,-0.0549370797034925,54.3920928380314,38.8998274858449,69.7744840308109,38.9547645655484,69.8294211105143,1,1,0,1,1070.45526862144,1074.63949298859,NA
63,"bart","two_stage","m1",601,48.2010634455397,-1.7989365544603,NA,NA,6.82206848656452,-0.646897513113139,48.8479609586528,34.8300549118076,61.5720719792718,35.4769524249207,62.218969492385,1,1,0,1,1066.80897808075,1070.98623538017,NA
64,"bart","two_stage","m1",594,55.9679622563771,5.96796225637712,NA,NA,6.87078412069538,0.438002331943594,55.5299599244335,42.5014728342645,69.4344516784898,42.0634705023209,68.9964493465462,1,1,0,1,1070.26363968849,1074.47443056107,NA
65,"bart","two_stage","m1",614,56.1704744578439,6.17047445784389,NA,NA,7.09225315724843,-2.45327696698302,58.6237514248269,42.2699137003965,70.0710352152913,44.7231906673795,72.5243121822743,1,1,0,1,1071.6889269352,1075.87950277328,NA
66,"bart","two_stage","m1",600,52.2661095841505,2.26610958415054,NA,NA,6.17017035994108,-3.31058231371236,55.5766918978629,40.1727979001895,64.3594212681116,43.4833802139019,67.6700035818239,1,1,0,1,1073.18075680733,1077.36537027359,NA
67,"bart","two_stage","m1",611,48.6605435731813,-1.33945642681868,NA,NA,6.71363303863319,-1.80863849909275,50.4691820722741,35.5020646120421,61.8190225343206,37.3107031111348,63.6276610334133,1,1,0,1,1054.82092380524,1058.91762828827,NA
68,"bart","two_stage","m1",630,48.5605785380832,-1.43942146191683,NA,NA,6.69660584009035,-1.75360935675847,50.3141878948416,35.4354722728455,61.6856848033208,37.189081629604,63.4392941600793,1,1,0,1,1063.75281476974,1068.05249142647,NA
69,"bart","two_stage","m1",613,61.0486308275663,11.0486308275663,NA,NA,7.67757098755775,-0.630819991277548,61.6794508188438,46.0008682032035,76.0963934519291,46.631688194481,76.7272134432067,1,1,0,1,1071.55174422264,1075.96809148788,NA
70,"bart","two_stage","m1",611,66.16407478709,16.16407478709,NA,NA,7.13699935654294,-3.02444902157418,69.1885238086642,52.1758130905803,80.1523364835997,55.2002621121545,83.1767855051739,0,0,1,1,1055.33935785294,1059.47442603111,NA
71,"bart","two_stage","m1",599,50.4551885934682,0.455188593468165,NA,NA,7.01200151156289,-0.507306213671015,50.9624948071392,36.7119181712645,64.1984590156718,37.2192243849355,64.7057652293428,1,1,0,1,1052.93016815186,1057.03056144714,NA
72,"bart","two_stage","m1",623,45.4793024258174,-4.52069757418264,NA,NA,6.02816468051856,-2.15068404562052,47.6299864714379,33.6643167591246,57.2942880925101,35.8150008047451,59.4449721381307,1,1,0,1,1051.9917755127,1056.12095665932,NA
73,"bart","two_stage","m1",601,58.4665057964858,8.46650579648581,NA,NA,7.7968024866065,-2.59564912570428,61.0621549221901,43.1850537281647,73.7479578648069,45.780702853869,76.3436069905112,1,1,0,1,1075.62581086159,1079.68304824829,NA
74,"bart","two_stage","m1",628,51.7436459565758,1.74364595657575,NA,NA,6.79060744594872,-1.83505272501878,53.5786986815945,38.4342999293667,65.0529919837848,40.2693526543855,66.8880447088035,1,1,0,1,1064.79549074173,1068.90823316574,NA
75,"bart","two_stage","m1",591,44.9919311625883,-5.00806883741175,NA,NA,7.97970506681555,0.616276216617301,44.375654945971,29.351996624378,60.6318657007985,28.7357204077607,60.0155894841812,1,1,0,1,1070.94676470757,1075.14762210846,NA
76,"bart","two_stage","m1",585,41.8705655604491,-8.12943443955093,NA,NA,6.42530036403168,-1.1509316748969,43.021497235346,29.2772082570949,54.4639228638032,30.4281399319918,55.6148545387001,1,1,0,1,1061.04330420494,1065.19965219498,NA
77,"bart","two_stage","m1",605,53.0252499942819,3.02524999428194,NA,NA,6.90626815078597,-2.21165117318998,55.2369011674719,39.4892131511654,66.5612868373985,41.7008643243554,68.7729380105885,1,1,0,1,1058.70711016655,1062.87590527534,NA
78,"bart","two_stage","m1",613,56.9620197473719,6.96201974737195,NA,NA,7.02908651844171,-0.771918397814879,57.7339381451868,43.1852633270102,70.7387761677337,43.957181724825,71.5106945655486,1,1,0,1,1053.29643940926,1057.42326760292,NA
79,"bart","two_stage","m1",597,53.6278047531609,3.62780475316087,NA,NA,7.15112461842461,-2.6707061051051,56.298510858266,39.6118580520909,67.6437514542308,42.282564157196,70.3144575593359,1,1,0,1,1069.86719727516,1074.03103327751,NA
80,"bart","two_stage","m1",602,48.2021172564097,-1.79788274359032,NA,NA,6.66721288753805,-1.05068693612981,49.2528041925395,35.1346201195738,61.2696143932456,36.1853070557036,62.3203013293754,1,1,0,1,1071.99719786644,1076.38430953026,NA
81,"bart","two_stage","m1",619,54.1061291996976,4.10612919969759,NA,NA,7.42103854911336,-1.41946214836519,55.5255913480628,39.561160915552,68.6510974838431,40.9806230639172,70.0705596322083,1,1,0,1,1078.52038049698,1082.71753811836,NA
82,"bart","two_stage","m1",616,63.5879167646068,13.5879167646068,NA,NA,7.67306331412278,-0.246378055762975,63.8342948203698,48.5489890178306,78.626844511383,48.7953670735936,78.873222567146,1,1,0,1,1046.82551026344,1050.9312608242,NA
83,"bart","two_stage","m1",620,46.4254105846759,-3.57458941532413,NA,NA,6.70581679647066,-1.66231907902815,48.087729663704,33.2822511766696,59.5685699926821,34.9445702556978,61.2308890717103,1,1,0,1,1062.3587179184,1066.47323441505,NA
84,"bart","two_stage","m1",614,46.2152554766696,-3.78474452333038,NA,NA,5.52863734987309,-1.67572203817448,47.8909775148441,35.3793253873354,57.0511855660038,37.0550474255099,58.7269076041783,1,1,0,1,1080.47137498856,1084.75052833557,NA
85,"bart","two_stage","m1",622,59.6840142522481,9.68401425224808,NA,NA,6.80106330362788,-4.08004540102515,63.7640596532732,46.3541751205604,73.0138533839357,50.4342205215856,77.0938987849609,1,0,0,1,1066.73321557045,1070.88255810738,NA
86,"bart","two_stage","m1",594,57.7914459318782,7.79144593187821,NA,NA,7.23226668281856,-2.13185578438331,59.9233017162615,43.6164637069649,71.9664281567916,45.7483194913482,74.0982839411749,1,1,0,1,1049.77652192116,1053.87014603615,NA
87,"bart","two_stage","m1",600,53.3315730080776,3.33157300807758,NA,NA,6.7830542336111,-0.622218665717313,53.9537916737949,40.0370310050179,66.6261150111373,40.6592496707352,67.2483336768546,1,1,0,1,1065.66124176979,1070.00346398354,NA
88,"bart","two_stage","m1",591,41.1631319328538,-8.83686806714623,NA,NA,6.64079538251097,-4.84107382694911,46.0042057598029,28.1474121544324,54.1788517112752,32.9884859813815,59.0199255382243,1,1,0,1,1064.43267893791,1068.58338618279,NA
89,"bart","two_stage","m1",629,56.7682122163901,6.76821221639012,NA,NA,7.25283820481267,-1.0978402970883,57.8660525134784,42.5529105492612,70.9835138835191,43.6507508463495,72.0813541806074,1,1,0,1,1050.0612590313,1054.50611972809,NA
90,"bart","two_stage","m1",618,52.0006656765695,2.00066567656948,NA,NA,7.77568932223568,-4.04855010136537,56.0492157779349,36.7605946500149,67.2407367031241,40.8091447513803,71.2892868044894,1,1,0,1,1072.31096553802,1076.39030265808,NA
91,"bart","two_stage","m1",568,48.6794661491087,-1.32053385089133,NA,NA,7.19335604953325,-0.521118077832654,49.2005842269413,34.5807473640502,62.7781849341672,35.1018654418828,63.2993030119998,1,1,0,1,1049.9297709465,1054.03853845596,NA
92,"bart","two_stage","m1",603,56.9177086392205,6.91770863922047,NA,NA,6.56958507113578,-0.640028397877629,57.5577370370981,44.0415585064223,69.7938587720186,44.6815869043,70.4338871698962,1,1,0,1,1053.14648747444,1057.52803349495,NA
93,"bart","two_stage","m1",624,53.8457826907208,3.8457826907208,NA,NA,6.58332252601101,0.196341199508254,53.6494414912125,40.942707641128,66.7488577403136,40.7463664416197,66.5525165408054,1,1,0,1,1074.36402988434,1078.55394101143,NA
94,"bart","two_stage","m1",602,51.6650567484697,1.66505674846974,NA,NA,6.17020240818665,-1.57688186981194,53.2419386182817,39.5716822511016,63.7584312458379,41.1485641209135,65.3353131156498,1,1,0,1,1082.9981405735,1087.20530128479,NA
95,"bart","two_stage","m1",588,43.9886689505768,-6.01133104942317,NA,NA,6.56705273106706,-3.07753264420568,47.0662015947825,31.11748211311,56.8598557880437,34.1950147573157,59.9373884322494,1,1,0,1,1054.93902444839,1059.08007597923,NA
96,"bart","two_stage","m1",599,54.7340978828165,4.73409788281649,NA,NA,7.02000696536482,-1.4686729325721,56.2027708153886,40.9751370594811,68.4930587061519,42.4438099920532,69.9617316387239,1,1,0,1,1061.37263703346,1065.52921414375,NA
97,"bart","two_stage","m1",607,56.7677402582192,6.76774025821916,NA,NA,7.43083921180845,-1.66424012647645,58.4319803846956,42.2035630281666,71.3319174882717,43.8678031546431,72.9961576147482,1,1,0,1,1055.58109784126,1059.70755767822,NA
98,"bart","two_stage","m1",604,52.2870622896225,2.28706228962245,NA,NA,6.93992660210127,0.346256879543759,51.9408054100787,38.6850560941525,65.8890684850924,38.3387992146088,65.5428116055486,1,1,0,1,1077.48454546928,1081.70765757561,NA
99,"bart","two_stage","m1",609,49.3828682370389,-0.617131762961101,NA,NA,6.86428240060502,-1.86376968678442,51.2466379238233,35.9291219521409,62.8366145219369,37.7928916389253,64.7003842087213,1,1,0,1,1078.4084148407,1082.65717744827,NA
100,"bart","two_stage","m1",601,61.6112472279185,11.6112472279185,NA,NA,6.66072036754052,-1.50658103357267,63.1178282614912,48.5564751964467,74.6660192593903,50.0630562300194,76.172600292963,1,0,0,1,1057.51217007637,1061.65634799004,NA
101,"bart","two_stage","m1",615,60.5679877450873,10.5679877450873,NA,NA,6.91796033679912,-0.53126747238003,61.0992552174673,47.0090346384844,74.1269408516901,47.5403021108645,74.6582083240702,1,1,0,1,1078.02642941475,1082.35937476158,NA
102,"bart","two_stage","m1",594,53.8428637441008,3.84286374410082,NA,NA,6.81167645266847,-0.658548146957727,54.5014118910585,40.4922232225311,67.1935042656706,41.1507713694888,67.8520524126283,1,1,0,1,1058.92441558838,1063.26528048515,NA
103,"bart","two_stage","m1",621,51.0163768011371,1.01637680113708,NA,NA,5.91678969208622,-0.394083921918771,51.4104607230559,39.4196821005503,62.6130715017239,39.813766022469,63.0071554236427,1,1,0,1,1061.58524084091,1065.85302257538,NA
104,"bart","two_stage","m1",613,47.568305765459,-2.43169423454097,NA,NA,6.19396125460268,-1.68854017140884,49.2568459368679,35.4283647848013,59.7082467461168,37.1169049562101,61.3967869175256,1,1,0,1,1074.55314421654,1078.7625837326,NA
105,"bart","two_stage","m1",610,55.0568326817549,5.05683268175488,NA,NA,6.48129329412987,-3.02576407645476,58.0825967582096,42.3537312520194,67.7599341114904,45.3794953284741,70.7856981879452,1,1,0,1,1059.36823034286,1063.50452208519,NA
106,"bart","two_stage","m1",628,54.5260590245204,4.52605902452044,NA,NA,8.46916822239023,-0.886838504543064,55.4128975290635,37.9267943296245,71.1253237194164,38.8136328341675,72.0121622239595,1,1,0,1,1060.19605135918,1064.31328320503,NA
107,"bart","two_stage","m1",613,48.9920006937335,-1.00799930626651,NA,NA,6.46220843103317,-2.32764934750986,51.3196500412434,36.3263049083174,61.6576964791496,38.6539542558273,63.9853458266595,1,1,0,1,1063.28614354134,1067.65054512024,NA
108,"bart","two_stage","m1",617,38.8299657005419,-11.1700342994581,NA,NA,6.1773469597848,-0.0557063314521784,38.8856720319941,26.7225881393557,50.9373432617281,26.7782944708079,50.9930495931803,1,1,0,1,1056.34839105606,1060.55210113525,NA
109,"bart","two_stage","m1",616,57.5110630975394,7.51106309753937,NA,NA,7.1724899739981,-1.79375691152455,59.3048200090639,43.4532410690285,71.5688851260503,45.246997980553,73.3626420375748,1,1,0,1,1084.26492476463,1088.45419359207,NA
110,"bart","two_stage","m1",591,54.4507084452343,4.45070844523432,NA,NA,7.1170659004192,-2.5660195699779,57.0167280152122,40.5015156048146,68.3999012856541,43.0675351747925,70.965920855632,1,1,0,1,1054.78775835037,1058.88081932068,NA
111,"bart","two_stage","m1",601,49.3849001269765,-0.61509987302351,NA,NA,7.44087188988942,-1.03986856042444,50.4247686874009,34.8010592092168,63.9687410447362,35.8409277696412,65.0086096051607,1,1,0,1,1068.01618742943,1072.14472985268,NA
112,"bart","two_stage","m1",592,65.0492783151052,15.0492783151052,NA,NA,6.19680227442154,-1.21294234718351,66.2622206622887,52.9037690379231,77.1947875922873,54.1167113851066,78.4077299394708,0,0,1,1,1062.14602780342,1066.31013298035,NA
113,"bart","two_stage","m1",602,38.3368740898291,-11.6631259101709,NA,NA,5.70533731711554,-0.292074697445209,38.6289487872743,27.1546184286303,49.519129751028,27.4466931260755,49.8112044484732,0,0,1,1,1077.12563109398,1081.34303212166,NA
114,"bart","two_stage","m1",589,65.3874047763885,15.3874047763885,NA,NA,7.42215074473674,-1.47544766477439,66.8628524411629,50.8402566288773,79.9345529238996,52.3157042936517,81.410000588674,0,0,1,1,1057.65084409714,1061.81813263893,NA
115,"bart","two_stage","m1",606,52.0896514551848,2.08965145518481,NA,NA,7.61416774442649,-0.719370036259363,52.8090214914442,37.1661569038623,67.0131460065073,37.8855269401217,67.7325160427667,1,1,0,1,1050.964833498,1055.07721138,NA
116,"bart","two_stage","m1",614,39.3385623366656,-10.6614376633344,NA,NA,6.85783005327279,1.7001259175629,37.6384364191027,25.8974624201546,52.7796622531767,24.1973365025917,51.0795363356138,1,1,0,1,1067.08343744278,1071.28287267685,NA
117,"bart","two_stage","m1",614,44.6966940648276,-5.30330593517236,NA,NA,6.73031449989786,-0.802189037525508,45.4988831023531,31.5055200404001,57.8878680892551,32.3077090779257,58.6900571267806,1,1,0,1,1063.83707070351,1067.99734091759,NA
118,"bart","two_stage","m1",598,68.0444094727652,18.0444094727652,NA,NA,8.13942526493151,-2.57600955574277,70.620419028508,52.0914290986441,83.9973898468864,54.6674386543869,86.5733994026291,0,0,1,1,1070.21476173401,1074.45323705673,NA
119,"bart","two_stage","m1",599,37.3409267648747,-12.6590732351253,NA,NA,6.43363078978304,-2.31977671375932,39.660703478634,24.731242127072,49.9506114026774,27.0510188408313,52.2703881164368,0,1,1,1,1062.88315916061,1067.05686783791,NA
120,"bart","two_stage","m1",613,43.5454471892521,-6.45455281074791,NA,NA,6.75623175435689,-1.53627632521975,45.0817235144718,30.3034762795067,56.7874180989975,31.8397526047265,58.3236944242172,1,1,0,1,1065.71958017349,1069.90190219879,NA
121,"bart","two_stage","m1",621,71.7652697327994,21.7652697327994,NA,NA,7.3783601833886,-2.45616883992606,74.2214385727254,57.3039495083934,86.2265899572054,59.7601183483194,88.6827587971315,0,0,1,1,1060.67569065094,1064.726375103,NA
122,"bart","two_stage","m1",596,47.019321333201,-2.98067866679901,NA,NA,6.5059857387019,-2.09176457968731,49.1110859128883,34.2678236014141,59.7708190649879,36.3595881811014,61.8625836446752,1,1,0,1,1064.14066267014,1068.8473367691,NA
123,"bart","two_stage","m1",617,63.784163348973,13.784163348973,NA,NA,7.76339967398177,-3.32325009041019,67.1074134393832,48.5681795903787,79.0001471075672,51.8914296807889,82.3233971979774,1,0,0,1,1080.63167119026,1084.85867905617,NA
124,"bart","two_stage","m1",610,47.8686865993942,-2.13131340060578,NA,NA,7.28227263352373,0.0878751160253586,47.7808114833689,33.5956945120861,62.1416786867024,33.5078193960607,62.053803570677,1,1,0,1,1068.74026727676,1072.88526535034,NA
125,"bart","two_stage","m1",590,53.7314789688728,3.73147896887281,NA,NA,6.66512118603832,-3.00304377944698,56.7345227483198,40.6680814916428,66.7948764461028,43.6711252710898,69.7979202255498,1,1,0,1,1062.57981204987,1066.75283312798,NA
126,"bart","two_stage","m1",595,41.6614958342774,-8.33850416572257,NA,NA,6.62033565346613,-0.257536357232681,41.9190321915101,28.6858763879174,54.6371152806375,28.9434127451501,54.8946516378702,1,1,0,1,1059.10186481476,1063.24028754234,NA
127,"bart","two_stage","m1",607,50.3670770770619,0.367077077061872,NA,NA,6.32011914952636,-2.3140697885969,52.6811468656588,37.9798711659883,62.7542829881355,40.2939409545852,65.0683527767324,1,1,0,1,1058.79041266441,1062.90631890297,NA
128,"bart","two_stage","m1",591,59.3200744507533,9.32007445075327,NA,NA,6.82461594714775,-2.86536559479041,62.1854400455437,45.944072986026,72.6960759154806,48.8094385808164,75.561441510271,1,1,0,1,1057.63665485382,1061.8393061161,NA
129,"bart","two_stage","m1",605,49.7910488904821,-0.208951109517862,NA,NA,7.35371389877139,-0.334099452564175,50.1251483430463,35.3780344962786,64.2040632846857,35.7121339488428,64.5381627372499,1,1,0,1,1078.8133919239,1083.03052973747,NA
130,"bart","two_stage","m1",590,49.7121742176923,-0.287825782307721,NA,NA,7.04142615430314,-2.00898625066987,51.7211604683622,35.9112325554597,63.5131158799248,37.9202188061296,65.5221021305947,1,1,0,1,1047.69072890282,1051.81129980087,NA
131,"bart","two_stage","m1",609,50.4320082404569,0.432008240456916,NA,NA,6.50779867913445,-0.706220662213205,51.1382289026701,37.6769572107161,63.1870592701978,38.3831778729293,63.893279932411,1,1,0,1,1060.777592659,1064.94591498375,NA
132,"bart","two_stage","m1",612,43.3173008556793,-6.68269914432067,NA,NA,7.01054031513747,-3.96103465277018,47.2783355084495,29.5768943258438,57.0577073855149,33.537928978614,61.018742038285,1,1,0,1,1078.60995721817,1082.85243082047,NA
133,"bart","two_stage","m1",591,63.8037226850941,13.8037226850941,NA,NA,7.20727988565315,-3.30545787540543,67.1091805604995,49.677713682714,77.9297316874742,52.9831715581194,81.2351895628796,1,0,0,1,1066.21541976929,1070.42108345032,NA
134,"bart","two_stage","m1",636,61.0570144719403,11.0570144719403,NA,NA,7.21771318266915,-0.666859735734036,61.7238742076743,46.9105565831688,75.2034723607118,47.5774163189029,75.8703320964458,1,1,0,1,1077.91927886009,1082.1527774334,NA
135,"bart","two_stage","m1",608,45.9318519495347,-4.06814805046526,NA,NA,6.69457928091466,-1.76693602524727,47.698787974782,32.810717667294,59.0529862317755,34.5776536925412,60.8199222570228,1,1,0,1,1065.58404040337,1069.72384095192,NA
136,"bart","two_stage","m1",607,53.4572608260717,3.45726082607167,NA,NA,6.36271883148559,0.163127936727825,53.2941328893438,40.9865610726051,65.9279605795382,40.8234331358773,65.7648326428104,1,1,0,1,1059.38941049576,1063.55743098259,NA
137,"bart","two_stage","m1",589,41.617990464901,-8.38200953509903,NA,NA,6.19411494909313,-2.409669084253,44.027659549154,29.4777482485773,53.7582326812246,31.8874173328303,56.1679017654776,1,1,0,1,1063.46645545959,1067.60908699036,NA
138,"bart","two_stage","m1",627,61.0346729828829,11.0346729828829,NA,NA,6.98650149368498,-2.11477126240923,63.1494442452922,47.3413816773251,74.7279642884408,49.4561529397343,76.84273555085,1,1,0,1,1060.25373339653,1064.40348219872,NA
139,"bart","two_stage","m1",623,58.1953104036269,8.19531040362688,NA,NA,6.6093072322496,-1.30501816527316,59.5003285689,45.2413062656576,71.1493145415962,46.5463244309307,72.4543327068694,1,1,0,1,1062.12029075623,1066.22431445122,NA
140,"bart","two_stage","m1",609,62.4123779614754,12.4123779614754,NA,NA,7.6250084264461,-5.4990747355934,67.9114526970688,47.4676360638266,77.3571198591242,52.96671079942,82.8561945947176,1,0,0,1,1082.81945419312,1087.10314631462,NA
141,"bart","two_stage","m1",588,54.3784826815625,4.3784826815625,NA,NA,7.09449257120996,-0.566801947837867,54.9452846294004,40.473532753404,68.283432609721,41.0403347012419,68.8502345575589,1,1,0,1,1046.09017181396,1050.17083740234,NA
142,"bart","two_stage","m1",634,59.1161338054485,9.11613380544847,NA,NA,6.82860309163122,-2.45587170356394,61.5720055090124,45.7323176811324,72.4999499297645,48.1881893846964,74.9558216333285,1,1,0,1,1071.67042040825,1075.86591243744,NA
143,"bart","two_stage","m1",601,54.5547693542782,4.55476935427824,NA,NA,6.86964314687526,-0.315728690742318,54.8704980450206,41.0905161997603,68.0190225087961,41.4062448905027,68.3347511995385,1,1,0,1,1067.84917259216,1072.04449725151,NA
144,"bart","two_stage","m1",606,67.0347896042198,17.0347896042198,NA,NA,7.53223779850839,-2.53474757467662,69.5695371788964,52.271874796152,81.7977044122875,54.8066223708287,84.3324519869641,0,0,1,1,1068.46603155136,1072.62658953667,NA
145,"bart","two_stage","m1",600,59.1021152385178,9.1021152385178,NA,NA,7.43588287933283,-0.866625660339643,59.9687408988574,44.5280526017675,73.6761778752682,45.3946782621071,74.5428035356078,1,1,0,1,1067.80687046051,1071.9688436985,NA
146,"bart","two_stage","m1",583,48.6164984573046,-1.38350154269538,NA,NA,7.79952290325898,-1.35760941859174,49.9741078758964,33.3297144703217,63.9032824442875,34.6873238889135,65.2608918628792,1,1,0,1,1049.16235780716,1053.49367403984,NA
147,"bart","two_stage","m1",596,62.1857043725603,12.1857043725603,NA,NA,7.38686665302182,-1.24180882916782,63.4275132017281,47.7077117740376,76.663696971083,48.9495206032054,77.9055058002508,1,1,0,1,1051.95012807846,1056.04301667213,NA
148,"bart","two_stage","m1",619,62.0815159275565,12.0815159275565,NA,NA,7.05198108350217,-2.58727109416049,64.6687870217169,48.2598869842344,75.9031448708784,50.8471580783949,78.4904159650389,1,0,0,1,1058.5745511055,1062.79482555389,NA
149,"bart","two_stage","m1",595,52.4434074329387,2.44340743293874,NA,NA,6.91054648594946,-1.34918668417669,53.7925941171154,38.898985206988,65.9878296588895,40.2481718911647,67.3370163430662,1,1,0,1,1055.91616106033,1060.05583786964,NA
150,"bart","two_stage","m1",587,50.9646952670946,0.964695267094598,NA,NA,6.80732961939199,-0.426565187163057,51.3912604542577,37.6225743821935,64.3068161519957,38.0491395693566,64.7333813391587,1,1,0,1,1044.50521302223,1048.59116387367,NA
151,"bart","two_stage","m1",593,51.9908346071937,1.99083460719373,NA,NA,7.09237476608471,-3.56722464976236,55.5580592569561,38.090035500807,65.8916337135804,41.6572601505694,69.4588583633428,1,1,0,1,1063.25144934654,1067.82756948471,NA
152,"bart","two_stage","m1",592,63.6623581628568,13.6623581628568,NA,NA,7.58959990372122,-1.76349359604714,65.425851758904,48.7870156944946,78.5377006312191,50.5505092905417,80.3011942272662,1,0,0,1,1066.22380828857,1070.40941119194,NA
153,"bart","two_stage","m1",591,51.7715724198416,1.77157241984157,NA,NA,6.67514545291363,-2.55404688644896,54.3256193062905,38.6885277405645,64.8546170991186,41.2425746270135,67.4086639855675,1,1,0,1,1046.4440946579,1050.55543017387,NA
154,"bart","two_stage","m1",631,61.4027472246628,11.4027472246628,NA,NA,7.52652128674393,-3.82233073137692,65.2250779560398,46.6510365737707,76.154457875555,50.4733673051476,79.9767886069319,1,0,0,1,1063.11986756325,1067.47188425064,NA
155,"bart","two_stage","m1",612,48.7294164266896,-1.27058357331039,NA,NA,6.29840494769544,-1.45799912430864,50.1874155509983,36.3847695691577,61.0740632842216,37.8427686934663,62.5320624085302,1,1,0,1,1065.59342694283,1069.75862455368,NA
156,"bart","two_stage","m1",615,46.4630622109049,-3.53693778909513,NA,NA,6.30525350726373,-0.519740390463085,46.982802601368,34.1049924232731,58.8211319985366,34.6247328137362,59.3408723889997,1,1,0,1,1067.13962316513,1071.30238699913,NA
157,"bart","two_stage","m1",622,58.8412284226153,8.84122842261534,NA,NA,6.37611051330314,-1.82556758380007,60.6667960064154,46.344281455094,71.3381753901367,48.1698490388941,73.1637429739367,1,1,0,1,1070.23551607132,1074.45551872253,NA
158,"bart","two_stage","m1",588,52.8948182218141,2.89481822181413,NA,NA,7.38031165377021,-2.6567071706711,55.5515253924852,38.4296731857433,67.359963257885,41.0863803564144,70.0166704285561,1,1,0,1,1049.44661784172,1053.53330159187,NA
159,"bart","two_stage","m1",616,54.3449362050503,4.3449362050503,NA,NA,6.39786836327747,0.442811161794531,53.9021250432558,41.8053446351982,66.8845277749024,41.3625334734037,66.4417166131078,1,1,0,1,1060.46875667572,1064.59451746941,NA
160,"bart","two_stage","m1",601,55.8097727798497,5.80977277984967,NA,NA,7.21005622976347,-5.11671420029796,60.9264869801476,41.6783222430046,69.9412233166947,46.7950364433026,75.0579375169927,1,1,0,1,1064.06522989273,1068.30080842972,NA
161,"bart","two_stage","m1",579,61.9087945755026,11.9087945755026,NA,NA,7.21377200126232,-4.12926708626748,66.03806166177,47.770061260345,76.0475278906601,51.8993283466125,80.1767949769276,1,0,0,1,1051.03172540665,1055.10745096207,NA
162,"bart","two_stage","m1",559,46.790035278218,-3.20996472178201,NA,NA,7.04161197412922,-1.6213072499947,48.4113425282127,32.9887294158187,60.5913411406173,34.6100366658134,62.212648390612,1,1,0,1,1057.18095612526,1061.31585836411,NA
163,"bart","two_stage","m1",617,62.8835291634006,12.8835291634006,NA,NA,9.40508772862689,-3.11935662040172,66.0028857838023,44.4498959438523,81.3171623829489,47.569252564254,84.4365190033506,1,1,0,1,1060.4203183651,1064.56206512451,NA
164,"bart","two_stage","m1",604,47.2652680261755,-2.73473197382449,NA,NA,6.74033519576121,-0.157656747374482,47.42292477355,34.0544537987558,60.4760822535952,34.2121105461303,60.6337390009697,1,1,0,1,1074.35141825676,1078.56291770935,NA
165,"bart","two_stage","m1",587,39.358186491477,-10.641813508523,NA,NA,7.96122967414546,-0.175404464558873,39.5335909560358,23.7544630575003,54.9619099254536,23.9298675220592,55.1373143900125,1,1,0,1,1066.65263557434,1070.8191921711,NA
166,"bart","two_stage","m1",627,48.9838775997471,-1.01612240025289,NA,NA,6.88110283737872,-2.64927931035835,51.6331569101055,35.4971638645684,62.4705913349258,38.1464431749268,65.1198706452841,1,1,0,1,1074.44481301308,1078.63511967659,NA
167,"bart","two_stage","m1",605,60.1589465893666,10.1589465893666,NA,NA,7.22319588974567,-1.23506783208381,61.3940144214504,46.0017427921873,74.3161503865459,47.2368106242712,75.5512182186297,1,1,0,1,1058.3530459404,1062.53102517128,NA
168,"bart","two_stage","m1",607,55.7473003593577,5.74730035935767,NA,NA,6.53704782602239,-4.36103022019,60.1083305795477,42.9349220551379,68.5596786635774,47.2959522753279,72.9207088837674,1,1,0,1,1063.16656327248,1067.3266119957,NA
169,"bart","two_stage","m1",635,47.644686483782,-2.35531351621803,NA,NA,7.32984485476692,-1.43319191472548,49.0778783985075,33.2784545561726,62.0109184113914,34.7116464708981,63.4441103261168,1,1,0,1,1069.78614759445,1074.24186992645,NA
170,"bart","two_stage","m1",631,56.7103869280969,6.71038692809689,NA,NA,7.06949251479802,-1.97243383761262,58.6828207657095,42.8544362101173,70.5663376460765,44.8268700477299,72.5387714836891,1,1,0,1,1075.80296611786,1080.04898452759,NA
171,"bart","two_stage","m1",616,56.4620457726561,6.46204577265605,NA,NA,6.82332342824945,-1.72098435413772,58.1830301267938,43.0885775984188,69.8355139468933,44.8095619525565,71.5564983010311,1,1,0,1,1072.42843818665,1076.63341236115,NA
172,"bart","two_stage","m1",608,55.7001236672398,5.70012366723979,NA,NA,6.85937805265212,-0.544489468554367,56.2446131357942,42.2559897276971,69.1442576067824,42.8004791962515,69.6887470753368,1,1,0,1,1057.64268183708,1061.74531555176,NA
173,"bart","two_stage","m1",610,59.7919688502814,9.79196885028144,NA,NA,6.9567208337963,-2.47133990796184,62.2633087582433,46.1570465655412,73.4268911350216,48.6283864735031,75.8982310429835,1,1,0,1,1056.79028344154,1060.89433240891,NA
174,"bart","two_stage","m1",601,50.8927910711495,0.892791071149453,NA,NA,6.07098183164965,-0.856159590035929,51.7489506611854,38.9938853303191,62.7916968119798,39.8500449203551,63.6478564020157,1,1,0,1,1049.78644418716,1053.90145421028,NA
175,"bart","two_stage","m1",604,42.405226419997,-7.59477358000295,NA,NA,6.18725907231373,0.910737366107568,41.4944890538895,30.2784214752434,54.5320313647507,29.3676841091359,53.6212939986431,1,1,0,1,1068.30212235451,1072.49007034302,NA
176,"bart","two_stage","m1",597,60.206850555672,10.206850555672,NA,NA,7.27118691812751,-1.38023632254323,61.5870868782152,45.9555860712833,74.4581150400607,47.3358223938265,75.8383513626039,1,1,0,1,1072.99542164803,1077.48085856438,NA
177,"bart","two_stage","m1",609,41.6107397368567,-8.38926026314326,NA,NA,7.29717294833087,1.0874905616015,40.5232491752552,27.3085435691683,55.9129359045452,26.2210530075668,54.8254453429437,1,1,0,1,1076.79332780838,1081.18901324272,NA
178,"bart","two_stage","m1",594,50.6434005401482,0.643400540148228,NA,NA,6.86817026115522,-0.421335526906347,51.0647360670546,37.1820341885949,64.1047668917015,37.6033697155013,64.5261024186079,1,1,0,1,1084.52760672569,1088.72900676727,NA
179,"bart","two_stage","m1",603,52.6690309769141,2.66903097691409,NA,NA,6.85650485480587,-1.50980102521412,54.1788320021282,39.2305284016706,66.1075335521576,40.7403294268847,67.6173345773717,1,1,0,1,1059.8612537384,1064.03070235252,NA
180,"bart","two_stage","m1",606,49.1521371577354,-0.847862842264554,NA,NA,6.54485331623773,-2.0219019971066,51.174039154842,36.324460373812,61.9798139416589,38.3463623709186,64.0017159387655,1,1,0,1,1060.20530581474,1064.37607884407,NA
181,"bart","two_stage","m1",612,47.9073410998147,-2.09265890018531,NA,NA,5.84016679709602,-0.809349641956942,48.7166907417716,36.4608245137998,59.3538576858295,37.2701741557568,60.1632073277865,1,1,0,1,1071.47667837143,1075.7112736702,NA
182,"bart","two_stage","m1",635,66.1499165559129,16.1499165559129,NA,NA,7.34116830969254,-2.75735242220128,68.9072689781141,51.7614910644687,80.538342047357,54.51884348667,83.2956944695583,0,0,1,1,1056.1831009388,1060.51958394051,NA
183,"bart","two_stage","m1",571,42.3950488788784,-7.60495112112162,NA,NA,7.96206050850482,-1.34754575498707,43.7425946338655,26.7896970394803,58.0004007182765,28.1372427944673,59.3479464732636,1,1,0,1,1045.39490675926,1049.47207474709,NA
184,"bart","two_stage","m1",586,49.759622050938,-0.240377949062044,NA,NA,6.95228413266472,-1.4827907908774,51.2424128418154,36.1333955406258,63.3858485612501,37.6161863315032,64.8686393521275,1,1,0,1,1058.41089987755,1062.55820775032,NA
185,"bart","two_stage","m1",585,54.7854488237353,4.78544882373534,NA,NA,7.38998025890757,-2.52450548295687,57.3099543066922,40.3013536698145,69.2695439776562,42.8258591527714,71.794049460613,1,1,0,1,1048.47631120682,1052.5894651413,NA
186,"bart","two_stage","m1",634,56.6870705060632,6.68707050606315,NA,NA,6.64611933186259,-1.67285889333773,58.3599293994009,43.6609159786571,69.7132250334692,45.3337748719948,71.3860839268069,1,1,0,1,1049.11535429955,1053.52631282806,NA
187,"bart","two_stage","m1",634,53.8648717084051,3.8648717084051,NA,NA,7.17584433279221,-1.42529490416813,55.2901666125732,39.8004752574665,67.9292681593437,41.2257701616347,69.3545630635118,1,1,0,1,1081.64614439011,1085.87323856354,NA
188,"bart","two_stage","m1",624,46.519533471966,-3.48046652803396,NA,NA,7.92547973508462,-1.29630936475323,47.8158428367193,30.9858786309981,62.0531883129339,32.2821879957514,63.3494976776872,1,1,0,1,1050.01722502708,1054.06751227379,NA
189,"bart","two_stage","m1",624,59.6998100627261,9.69981006272612,NA,NA,7.80044675443161,-2.72217228919032,62.4219823519164,44.4112153607178,74.9884047647344,47.1333876499081,77.7105770539248,1,1,0,1,1056.00167655945,1060.11448597908,NA
190,"bart","two_stage","m1",619,60.1463425621005,10.1463425621005,NA,NA,6.89569261310445,-3.79810540160398,63.9444479637045,46.6310333919569,73.6616517322441,50.4291387935609,77.4597571338481,1,0,0,1,1077.48717546463,1081.70603942871,NA
191,"bart","two_stage","m1",611,54.9201556688804,4.92015566888045,NA,NA,7.03618049138094,-0.159285796771734,55.0794414656522,41.1294953170505,68.7108160207104,41.2887811138222,68.8701018174822,1,1,0,1,1061.95076870918,1066.11548423767,NA
192,"bart","two_stage","m1",601,45.5455457911131,-4.4544542088869,NA,NA,6.81155712693107,-1.18927698246001,46.7348227735731,32.1951391436911,58.8959524385351,33.3844161261511,60.0852294209951,1,1,0,1,1053.19441246986,1057.23932528496,NA
193,"bart","two_stage","m1",597,55.1118266529828,5.11182665298281,NA,NA,7.3526601257351,-0.118774214088205,55.230600867071,40.7008776159783,69.5227756899873,40.8196518300665,69.6415499040755,1,1,0,1,1070.06016469002,1074.31692528725,NA
194,"bart","two_stage","m1",604,67.4703303234682,17.4703303234682,NA,NA,7.08707259022454,-2.01285551501871,69.4831858384869,53.5799232908071,81.3607373561293,55.5927788058258,83.373592871148,0,0,1,1,1059.00527977943,1063.32841944695,NA
195,"bart","two_stage","m1",623,52.9932061593943,2.99320615939425,NA,NA,6.62063696493979,1.16778199036846,51.8254241690258,40.0169961533977,65.9694161653908,38.8492141630292,64.8016341750223,1,1,0,1,1069.21308803558,1073.33507943153,NA
196,"bart","two_stage","m1",591,62.8001103970124,12.8001103970124,NA,NA,7.43529297431442,-3.37412836983223,66.1742387668446,48.2272039528524,77.3730168411723,51.6013323226846,80.7471452110045,1,0,0,1,1059.48047375679,1063.61453747749,NA
197,"bart","two_stage","m1",618,63.4190655391448,13.4190655391448,NA,NA,7.82483063472187,-2.36922206621531,65.7882876053601,48.0826793099642,78.7554517683253,50.4519013761795,81.1246738345406,1,0,0,1,1058.48963713646,1062.60649132729,NA
198,"bart","two_stage","m1",597,53.8168647765618,3.81686477656181,NA,NA,6.24091101505614,-1.13678802629322,54.953652802855,41.5849039563325,66.0488255967911,42.7216919826257,67.1856136230844,1,1,0,1,1043.14705967903,1047.24541306496,NA
199,"bart","two_stage","m1",627,53.724430298206,3.72443029820602,NA,NA,6.57146465283433,-1.24798770741539,54.9724180056214,40.8445962529727,66.6042643434393,42.0925839603881,67.8522520508547,1,1,0,1,1066.53292751312,1070.67271447182,NA
200,"bart","two_stage","m1",610,47.5304112573488,-2.46958874265116,NA,NA,6.96545089674871,-0.257313624976042,47.7877248823249,33.8783783636391,61.1824441510585,34.1356919886152,61.4397577760346,1,1,0,1,1061.22196221352,1065.32081007957,NA
201,"bart","two_stage","m1",603,55.3490706597488,5.34907065974883,NA,NA,5.73156642072589,-1.3316381556935,56.6807088154423,44.1154069001269,66.5827344193707,45.4470450558204,67.9143725750642,1,1,0,1,1081.40508985519,1085.66203451157,NA
202,"bart","two_stage","m1",621,60.4710719739159,10.4710719739159,NA,NA,7.73148682193751,-2.00472846065716,62.475800434573,45.3176362559723,75.6245076918594,47.3223647166295,77.6292361525166,1,1,0,1,1072.90614104271,1077.09714388847,NA
203,"bart","two_stage","m1",607,61.3451934160838,11.3451934160838,NA,NA,6.59991648600114,-1.23336782059013,62.5785612366739,48.4095948025494,74.2807920296182,49.6429626231396,75.5141598502083,1,1,0,1,1077.35369515419,1081.52929854393,NA
204,"bart","two_stage","m1",602,56.0113468800486,6.01134688004864,NA,NA,6.63620004428841,-1.00742218333518,57.0187690633838,43.0046337990402,69.018059961057,44.0120559823754,70.0254821443922,1,1,0,1,1058.5558412075,1062.68693494797,NA
205,"bart","two_stage","m1",620,50.0774809804286,0.0774809804285965,NA,NA,7.22294407949684,-1.14057053097058,51.2180515113992,35.920770722268,64.2341912385892,37.0613412532386,65.3747617695598,1,1,0,1,1080.50977015495,1085.18393063545,NA
206,"bart","two_stage","m1",602,44.512177261971,-5.48782273802898,NA,NA,6.6155556324094,1.03750592897177,43.4746713329993,31.5459264847275,57.4784280392145,30.5084205557557,56.4409221102428,1,1,0,1,1067.0266726017,1071.20957803726,NA
207,"bart","two_stage","m1",620,51.5709495887317,1.57094958873167,NA,NA,6.68580514018874,-1.56026454105952,53.1312141297912,38.467012306309,64.6748868711544,40.0272768473685,66.2351514122139,1,1,0,1,1070.77089548111,1074.90573382378,NA
208,"bart","two_stage","m1",615,51.3317435863113,1.33174358631134,NA,NA,7.86496354157712,-1.90207753508159,53.2338211213929,35.9166983050996,66.7467888675231,37.8187758401812,68.6488664026047,1,1,0,1,1059.06032466888,1063.12725830078,NA
209,"bart","two_stage","m1",598,56.6591405083438,6.65914050834381,NA,NA,6.89763164978094,-2.71525425484173,59.3743947631855,43.1400308961496,70.178250120538,45.8552851509913,72.8935043753798,1,1,0,1,1060.65114498138,1064.8633980751,NA
210,"bart","two_stage","m1",606,56.4799219630315,6.47992196303145,NA,NA,7.17692746205341,-3.24846534424848,59.7283873072799,42.4134026177503,70.5464413083126,45.6618679619988,73.7949066525611,1,1,0,1,1049.51001167297,1053.60111641884,NA
211,"bart","two_stage","m1",604,48.2638779713325,-1.73612202866749,NA,NA,7.39150943037115,0.169125028673108,48.0947529426594,33.7767856964169,62.7509702462481,33.6076606677438,62.581845217575,1,1,0,1,1048.487637043,1052.46690583229,NA
212,"bart","two_stage","m1",627,55.8094705798647,5.80947057986474,NA,NA,6.89543295880066,-2.44110394303063,58.2505745228954,42.294670322805,69.3242708369245,44.7357742658356,71.7653747799551,1,1,0,1,1066.33328795433,1070.39327597618,NA
213,"bart","two_stage","m1",622,54.2342669039524,4.23426690395236,NA,NA,7.51938357961352,-3.99154035144757,58.2258072553999,39.496545901968,68.9719879059367,43.4880862534156,72.9635282573843,1,1,0,1,1068.98033237457,1073.14805150032,NA
214,"bart","two_stage","m1",597,50.7811559639604,0.78115596396043,NA,NA,5.84068579790951,-2.32868381130636,53.1098397752668,39.3336221550432,62.2286897728776,41.6623059663496,64.557373584184,1,1,0,1,1070.05442142487,1074.49514937401,NA
215,"bart","two_stage","m1",615,49.7940567918707,-0.20594320812927,NA,NA,6.68206528474496,0.708146985246934,49.0859098066238,36.6974494914252,62.8906640923162,35.9893025061783,62.1825171070693,1,1,0,1,1056.7777364254,1060.91718149185,NA
216,"bart","two_stage","m1",612,66.293729228497,16.293729228497,NA,NA,7.09245423962073,-0.896369278148626,67.1900985066456,52.3927743568419,80.194684100152,53.2891436349906,81.0910533783006,0,0,1,1,1067.12490200996,1071.33859562874,NA
217,"bart","two_stage","m1",613,47.3517748017699,-2.64822519823007,NA,NA,7.04103505042185,-1.32444944793144,48.6762242497014,33.5515996890589,61.1519499144809,34.8760491369904,62.4763993624124,1,1,0,1,1059.97343969345,1064.33061242104,NA
218,"bart","two_stage","m1",611,68.596110824931,18.596110824931,NA,NA,6.89062477811022,-2.53166038767236,71.1277712126034,55.0907344288557,82.1014872210064,57.6223948165281,84.6331476086787,0,0,1,1,1069.86110091209,1074.05540633202,NA
219,"bart","two_stage","m1",626,57.4144278821172,7.41442788211724,NA,NA,7.10736061354974,-2.12449557237878,59.538923454496,43.4842570544213,71.3445987098132,45.6087526268,73.469094282192,1,1,0,1,1062.51986074448,1066.68988442421,NA
220,"bart","two_stage","m1",617,52.313077073569,2.31307707356897,NA,NA,6.75054649313296,-2.62155295543771,54.9346300290067,39.0822490710652,65.5439050760727,41.7038020265029,68.1654580315104,1,1,0,1,1060.79591560364,1064.95133543015,NA
221,"bart","two_stage","m1",619,43.1484815109831,-6.85151848901691,NA,NA,7.31151865191686,-2.64316146381202,45.7916429747951,28.8181682809332,57.478794741033,31.4613297447452,60.121956204845,1,1,0,1,1074.02174043655,1078.21396708488,NA
222,"bart","two_stage","m1",617,55.2800732633879,5.28007326338793,NA,NA,7.1303516930111,-0.852083492791898,56.1321567561798,41.304840747982,69.2553057787939,42.1569242407739,70.1073892715858,1,1,0,1,1071.28478002548,1075.51177859306,NA
223,"bart","two_stage","m1",596,53.3755237034291,3.37552370342906,NA,NA,6.82134802882965,-2.49710696161925,55.8726306650483,40.0059272409097,66.7451201659484,42.5030342025289,69.2422271275677,1,1,0,1,1066.64614295959,1070.80520963669,NA
224,"bart","two_stage","m1",656,57.2370886707502,7.23708867075023,NA,NA,6.64060177668328,0.855213977568894,56.3818746931813,44.2217483527783,70.2524289887221,43.3665343752094,69.3972150111532,1,1,0,1,1099.57684350014,1103.88685798645,NA
225,"bart","two_stage","m1",627,44.2375187495431,-5.76248125045689,NA,NA,7.16853251198619,-0.0657193743466848,44.3032381238898,30.1874532040457,58.2875842950405,30.2531725783924,58.3533036693872,1,1,0,1,1062.32243394852,1066.75149703026,NA
226,"bart","two_stage","m1",626,55.1295802525011,5.12958025250115,NA,NA,7.27142370305515,-0.438541545203485,55.5681217977046,40.8778516781822,69.3813088268201,41.3163932233857,69.8198503720236,1,1,0,1,1051.99498939514,1056.12888360023,NA
227,"bart","two_stage","m1",609,55.6414541592504,5.6414541592504,NA,NA,7.42461341036251,-1.23886312509818,56.8803172843486,41.0894792758068,70.193429042694,42.328342400905,71.4322921677922,1,1,0,1,1060.8585460186,1065.03053855896,NA
228,"bart","two_stage","m1",607,54.4108198145396,4.41081981453964,NA,NA,6.16923569151728,-1.25767864651606,55.6684984610557,42.3193400470267,66.5022995820526,43.5770186935428,67.7599782285686,1,1,0,1,1069.43700742722,1073.66014242172,NA
229,"bart","two_stage","m1",589,57.6823359401205,7.68233594012051,NA,NA,7.1925756457812,-1.90127453319945,59.58361047332,43.5851467183094,71.7795251619316,45.4864212515089,73.680799695131,1,1,0,1,1063.2295589447,1067.38415122032,NA
230,"bart","two_stage","m1",634,51.865198012304,1.86519801230401,NA,NA,7.43649240162722,0.633634067926188,51.2315639443778,37.2899407338089,66.4404552907991,36.6563066658827,65.8068212228729,1,1,0,1,1059.82482981682,1063.94240069389,NA
231,"bart","two_stage","m1",628,58.9915171343489,8.99151713434895,NA,NA,7.8710833256297,-4.25044188378347,63.2419590181324,43.564477296801,74.4185569718969,47.8149191805845,78.6689988556804,1,1,0,1,1076.7701613903,1081.31990814209,NA
232,"bart","two_stage","m1",625,65.3936163475612,15.3936163475612,NA,NA,7.80110833699809,-1.25260050509534,66.6462168526566,50.1037249675498,80.6835077275726,51.3563254726452,81.9361082326679,0,0,1,1,1080.39867591858,1084.63466382027,NA
233,"bart","two_stage","m1",630,51.8145372168996,1.81453721689957,NA,NA,6.49871024581026,-2.69696454900769,54.5115017659073,39.07729918915,64.5517752446491,41.7742637381577,67.2487397936568,1,1,0,1,1063.25114655495,1067.35437321663,NA
234,"bart","two_stage","m1",610,48.4188133651259,-1.58118663487414,NA,NA,6.54103345825728,-1.27459339094936,49.6934067560752,35.5986233652701,61.2390033649816,36.8732167562195,62.513596755931,1,1,0,1,1069.83728814125,1074.01935601234,NA
235,"bart","two_stage","m1",602,50.7800266358493,0.780026635849268,NA,NA,6.88666623105659,-2.44904997986651,53.2290766157158,37.2824088494302,64.2776444222684,39.7314588292967,66.7266944021349,1,1,0,1,1059.99163866043,1064.07462763786,NA
236,"bart","two_stage","m1",603,40.8863564505259,-9.11364354947413,NA,NA,6.81801712201923,-1.40204849018586,42.2884049407117,27.5232884453908,54.249424455661,28.9253369355766,55.6514729458468,1,1,0,1,1068.90807652473,1073.11907458305,NA
237,"bart","two_stage","m1",605,53.7747468057581,3.77474680575806,NA,NA,6.38582595902785,-2.33724610650661,56.1119929122647,41.2587579145225,66.2907356969936,43.5960040210291,68.6279818035002,1,1,0,1,1081.45295548439,1085.68546795845,NA
238,"bart","two_stage","m1",613,74.1027317122368,24.1027317122368,NA,NA,6.96880490763094,0.0666856030068033,74.03604610923,60.4441250779942,87.7613383464794,60.3774394749874,87.6946527434726,0,0,1,1,1073.69804215431,1077.88365197182,NA
239,"bart","two_stage","m1",610,48.8747078970963,-1.12529210290371,NA,NA,6.84876986208571,-2.17721312201148,51.0519210191078,35.451365629005,62.2980501651876,37.6285787510164,64.4752632871991,1,1,0,1,1057.53003692627,1061.69252610207,NA
240,"bart","two_stage","m1",632,43.9592822574938,-6.04071774250622,NA,NA,6.86251740223044,-0.901669520428065,44.8609517779218,30.5089953058428,57.4095692091448,31.4106648262708,58.3112387295729,1,1,0,1,1060.82814049721,1064.97373652458,NA
241,"bart","two_stage","m1",603,59.1983188667235,9.19831886672347,NA,NA,7.53551726548491,-0.208149100821302,59.4064679675448,44.4289764214933,73.9676613119536,44.6371255223146,74.175810412775,1,1,0,1,1080.54517126083,1084.68658733368,NA
242,"bart","two_stage","m1",623,53.3429870417753,3.34298704177532,NA,NA,7.1642391569032,-3.99500614263906,57.3379931844144,39.3013363176134,67.3846377659372,43.2963424602525,71.3796439085762,1,1,0,1,1055.63914561272,1059.89033794403,NA
243,"bart","two_stage","m1",597,48.4850261551731,-1.51497384482686,NA,NA,6.61481499712355,-3.03038000475355,51.5154061599267,35.5202269964156,61.4498253139307,38.5506070011691,64.4802053186843,1,1,0,1,1070.65643548965,1074.82431030273,NA
244,"bart","two_stage","m1",622,57.2813230181111,7.28132301811109,NA,NA,7.92221643902961,-3.41228408530144,60.6936071034125,41.7540641198819,72.8085819163403,45.1663482051833,76.2208660016417,1,1,0,1,1062.19223666191,1066.36368274689,NA
245,"bart","two_stage","m1",625,51.8142399458963,1.8142399458963,NA,NA,6.89026198097158,-1.34883880474859,53.1630787506449,38.3095746191464,65.3189052726462,39.658413423895,66.6677440773948,1,1,0,1,1065.65799927711,1070.03109002113,NA
246,"bart","two_stage","m1",631,53.5890827051208,3.58908270512077,NA,NA,6.54803354715369,-1.54158663401771,55.1306693391385,40.7551727831395,66.422992627102,42.2967594171572,67.9645792611198,1,1,0,1,1066.37955069542,1070.53065752983,NA
247,"bart","two_stage","m1",593,49.0911534952584,-0.908846504741646,NA,NA,7.31669834751253,-0.365803092505303,49.4569565877637,34.7506882483901,63.4316187421266,35.1164913408954,63.7974218346319,1,1,0,1,1064.3877799511,1068.49658846855,NA
248,"bart","two_stage","m1",593,49.678485438807,-0.321514561192991,NA,NA,7.52803077423199,-0.927728561166163,50.6062139999732,34.9238162468031,64.4331546308109,35.8515448079693,65.360883191977,1,1,0,1,1046.25986504555,1050.30935549736,NA
249,"bart","two_stage","m1",581,48.5934475041164,-1.40655249588362,NA,NA,7.51517691516218,2.12693367102372,46.4665138330927,33.8639714129517,63.3229235952811,31.737037741928,61.1959899242574,1,1,0,1,1044.03527140617,1048.10429668427,NA
250,"bart","two_stage","m1",600,50.5672493153201,0.567249315320147,NA,NA,6.16171152224174,-2.59561818767238,53.1628675029925,38.4905166486009,62.6439819820394,41.0861348362732,65.2396001697118,1,1,0,1,1069.63899707794,1073.79598283768,NA
251,"bart","two_stage","m1",606,53.6234617315501,3.62346173155013,NA,NA,6.97428467560448,-0.0431690852022797,53.6666308167524,39.9541149494357,67.2928085136645,39.997284034638,67.3359775988668,1,1,0,1,1063.62751340866,1067.77946257591,NA
252,"bart","two_stage","m1",602,52.021077968028,2.02107796802802,NA,NA,7.49638462507258,-3.18538132274073,55.2064592907688,37.328434088626,66.7137218474301,40.5138154113667,69.8991031701708,1,1,0,1,1046.1987092495,1050.30255651474,NA
253,"bart","two_stage","m1",608,59.7978900261605,9.79789002616047,NA,NA,7.27161623455377,-1.15874116180083,60.9566311879613,45.5457840970383,74.0499959552826,46.7045252588392,75.2087371170834,1,1,0,1,1082.22148036957,1086.54168534279,NA
254,"bart","two_stage","m1",612,49.9090815629375,-0.0909184370625482,NA,NA,6.50557005740475,-0.512433451534967,50.4215150144724,37.158398551522,62.6597645743529,37.6708320030569,63.1721980258879,1,1,0,1,1049.23833703995,1053.25434827805,NA
255,"bart","two_stage","m1",586,56.6915373560566,6.6915373560566,NA,NA,7.40483950469212,-2.66018859220379,59.3517259482604,42.1783186155606,71.2047560965526,44.8385072077644,73.8649446887563,1,1,0,1,1043.85679388046,1047.95680809021,NA
256,"bart","two_stage","m1",607,43.4990856853547,-6.50091431464528,NA,NA,6.67988981082189,-2.91550619397709,46.4145918793318,30.4067422354477,56.5914291352617,33.3222484294248,59.5069353292388,1,1,0,1,1061.74703764915,1065.92719483376,NA
257,"bart","two_stage","m1",586,36.2953608308796,-13.7046391691204,NA,NA,5.84864586291666,-0.339331637234558,36.6346924681142,24.8322255812338,47.7584960805254,25.1715572184683,48.09782771776,0,0,1,1,1044.68127322197,1048.76423072815,NA
258,"bart","two_stage","m1",587,44.5212447970679,-5.47875520293206,NA,NA,5.98779753252152,-1.66033009678792,46.1815748938559,32.785377286608,56.2571123075279,34.4457073833959,57.9174424043158,1,1,0,1,1057.88611602783,1062.00779700279,NA
259,"bart","two_stage","m1",626,57.584480847118,7.58448084711795,NA,NA,6.6981989679013,0.519082271774877,57.0653985753431,44.456252108748,70.7127095854879,43.9371698369732,70.193627313713,1,1,0,1,1070.8627102375,1075.1181447506,NA
260,"bart","two_stage","m1",611,56.8365373571389,6.83653735713889,NA,NA,6.95341996649132,-3.02016338471341,59.8567007418523,43.2080846534342,70.4649900608436,46.2282480381476,73.485153445557,1,1,0,1,1065.95897197723,1070.13188767433,NA
261,"bart","two_stage","m1",595,48.5954289144937,-1.40457108550628,NA,NA,6.58190136382736,-1.36540311506556,49.9608320295593,35.695139291597,61.4957185373904,37.0605424066626,62.861121652456,1,1,0,1,1066.69929051399,1070.89413094521,NA
262,"bart","two_stage","m1",632,56.0583620073963,6.05836200739628,NA,NA,6.62947897641969,0.118101978417485,55.9402600289788,43.0648219773482,69.0519020374443,42.9467199989307,68.9338000590269,1,1,0,1,1061.45867466927,1065.6252515316,NA
263,"bart","two_stage","m1",631,47.0557531988671,-2.94424680113293,NA,NA,6.87381465553439,-0.852476954261569,47.9082301531286,33.5833240376161,60.5281823601181,34.4358009918776,61.3806593143796,1,1,0,1,1066.34851455688,1070.46415638924,NA
264,"bart","two_stage","m1",616,55.5852011196219,5.58520111962192,NA,NA,6.95042124338319,-2.03135099882355,57.6165521184455,41.9626258052088,69.2077764340351,43.9939768040323,71.2391274328586,1,1,0,1,1076.21270442009,1080.43916726112,NA
265,"bart","two_stage","m1",615,51.8436397759044,1.84363977590436,NA,NA,5.70947213518815,-1.17057472922671,53.0142145051311,40.6532800202006,63.0339995316081,41.8238547494273,64.2045742608348,1,1,0,1,1073.71750068665,1078.60028982162,NA
266,"bart","two_stage","m1",599,59.8388621584305,9.83886215843046,NA,NA,7.6222760603783,-2.34324259154931,62.1821047499798,44.8994755998671,74.7782487169938,47.2427181914165,77.1214913085431,1,1,0,1,1059.45427680016,1063.61541843414,NA
267,"bart","two_stage","m1",607,49.2117387180268,-0.788261281973178,NA,NA,6.01605988346753,-1.38994683966748,50.6016855576943,37.4204780175942,61.0029994184594,38.8104248572617,62.3929462581269,1,1,0,1,1062.18572664261,1066.37715625763,NA
268,"bart","two_stage","m1",575,55.0914440149232,5.09144401492318,NA,NA,7.6848650369746,-1.30486211711443,56.3963061320376,40.0293853164019,70.1535027134445,41.3342474335163,71.4583648305589,1,1,0,1,1069.86771392822,1074.04216861725,NA
269,"bart","two_stage","m1",584,60.4867595474741,10.4867595474741,NA,NA,8.0191073437557,-2.79609839535328,63.2828579428274,44.7695979655523,76.2039211293959,47.5656963609056,79.0000195247492,1,1,0,1,1066.08558893204,1070.28832936287,NA
270,"bart","two_stage","m1",630,44.7887799223868,-5.21122007761316,NA,NA,6.54176100996198,-2.1786718095382,46.967451731925,31.967163947393,57.6103958973807,34.1458357569312,59.7890677069189,1,1,0,1,1084.39040708542,1088.5958507061,NA
271,"bart","two_stage","m1",622,52.4106602994134,2.41066029941337,NA,NA,6.02193980926398,-1.18202579496236,53.5926860943757,40.607875156188,64.2134454426388,41.7899009511503,65.3954712376011,1,1,0,1,1068.23769545555,1072.39487981796,NA
272,"bart","two_stage","m1",608,51.0030904873544,1.0030904873544,NA,NA,6.38222049829401,-2.31557325880834,53.3186637461627,38.4941681693049,63.5120128054039,40.8097414281132,65.8275860642123,1,1,0,1,1055.84507489204,1059.97877144814,NA
273,"bart","two_stage","m1",603,50.9596316168187,0.959631616818697,NA,NA,7.02143981813598,-3.79459113333733,54.754222750156,37.1978624536567,64.7214007799807,40.992453586994,68.515991913318,1,1,0,1,1062.16162180901,1066.33687782288,NA
274,"bart","two_stage","m1",618,50.4898569985471,0.489856998547147,NA,NA,7.16671431055548,-0.335726418988983,50.8255834175361,36.4433550623706,64.5363589347237,36.7790814813596,64.8720853537127,1,1,0,1,1059.19244170189,1063.51507568359,NA
275,"bart","two_stage","m1",612,56.7606705853651,6.76067058536513,NA,NA,6.75179975826284,-0.498412160371196,57.2590827457363,43.5273862283437,69.9939549423865,44.0257983887149,70.4923671027577,1,1,0,1,1067.75295090675,1071.93533301353,NA
276,"bart","two_stage","m1",605,74.710806543394,24.710806543394,NA,NA,6.68189255704699,-1.93175728283451,76.6425638262286,61.6145377830157,87.8070753037724,63.5462950658502,89.7388325866069,0,0,1,1,1051.80242013931,1055.98379135132,NA
277,"bart","two_stage","m1",613,55.2825806971129,5.28258069711295,NA,NA,6.57712559714205,-1.14183922488643,56.4244199219994,42.391651404918,68.1735099893078,43.5334906298045,69.3153492141943,1,1,0,1,1062.57372522354,1066.74129724503,NA
278,"bart","two_stage","m1",593,45.6476805505878,-4.35231944941222,NA,NA,6.3133179925925,0.168479842129891,45.4792007084579,33.2738046621578,58.0215564390178,33.1053248200279,57.8530765968879,1,1,0,1,1032.02098441124,1036.01392388344,NA
279,"bart","two_stage","m1",635,36.7761741098925,-13.2238258901075,NA,NA,5.68782337226496,0.547817672370705,36.2283564375218,25.628245149828,47.924103069957,25.0804274774573,47.3762853975863,0,0,1,1,1077.72827386856,1081.9562227726,NA
280,"bart","two_stage","m1",601,47.951466337349,-2.04853366265096,NA,NA,7.99675759981635,-4.04173104172229,51.9931973790713,32.278109448612,63.6248232260861,36.3198404903343,67.6665542678083,1,1,0,1,1049.52246952057,1053.61297512054,NA
281,"bart","two_stage","m1",601,62.2196535121507,12.2196535121507,NA,NA,6.59663150394726,-0.817854159449105,63.0375076715998,49.2904933451318,75.1488136791697,50.1083475045809,75.9666678386188,1,0,0,1,1059.3001203537,1063.43114924431,NA
282,"bart","two_stage","m1",621,58.8880887970959,8.88808879709588,NA,NA,6.72848132348156,-1.21802407997955,60.1061128770754,45.7005077324216,72.0756698617701,46.9185318124012,73.2936939417497,1,1,0,1,1065.74580335617,1069.86256599426,NA
283,"bart","two_stage","m1",603,46.7648678236131,-3.23513217638689,NA,NA,6.34380017648504,-2.24825027049592,49.013118094109,34.3312479525836,59.1984876946426,36.5794982230795,61.4467379651385,1,1,0,1,1068.62143421173,1072.77462697029,NA
284,"bart","two_stage","m1",599,49.9984978536189,-0.00150214638106405,NA,NA,6.77293376233067,-0.34808043596702,50.346578289586,36.7237916097755,63.2732040974624,37.0718720457425,63.6212845334294,1,1,0,1,1053.08894467354,1057.18800067902,NA
285,"bart","two_stage","m1",633,56.5284389496503,6.52843894965032,NA,NA,6.49928381271991,-3.10179590254543,59.6302348521957,43.7900767514151,69.2668011478855,46.8918726539606,72.3685970504309,1,1,0,1,1077.73820781708,1082.02308154106,NA
286,"bart","two_stage","m1",601,45.3411791379897,-4.6588208620103,NA,NA,7.56725257721349,-2.35380700526418,47.6949861432539,30.5096366247334,60.172721651246,32.8634436299975,62.5265286565102,1,1,0,1,1081.4821331501,1085.748742342,NA
287,"bart","two_stage","m1",620,58.4639872495273,8.46398724952731,NA,NA,8.78355898365952,-6.65247010725257,65.1164573567799,41.2485279854714,75.6794465135832,47.900998092724,82.3319166208358,1,1,0,1,1061.31016302109,1065.50229597092,NA
288,"bart","two_stage","m1",593,59.1175396796211,9.11753967962107,NA,NA,7.68133991414712,-1.65306490390521,60.7706045835263,44.0623900948827,74.1726892643594,45.7154549987879,75.8257541682646,1,1,0,1,1057.30166244507,1061.42706155777,NA
289,"bart","two_stage","m1",594,45.6660544189663,-4.33394558103366,NA,NA,7.30024579878364,-0.660658687310736,46.3267131062771,31.3578355750606,59.9742732628721,32.0184942623713,60.6349319501828,1,1,0,1,1049.40480804443,1053.49273085594,NA
290,"bart","two_stage","m1",591,64.3786353087621,14.3786353087621,NA,NA,7.12681733593674,-1.3002140724975,65.6788493812596,50.4103300059304,78.3469406115938,51.7105440784279,79.6471546840913,0,0,1,1,1038.37254929543,1042.42285132408,NA
291,"bart","two_stage","m1",623,60.675171501149,10.675171501149,NA,NA,6.56015076106702,-0.762617513196091,61.4377890143451,47.8175122763046,73.5328307259934,48.5801297895007,74.2954482391895,1,1,0,1,1064.92724704742,1069.06807327271,NA
292,"bart","two_stage","m1",605,54.0034690024869,4.00346900248694,NA,NA,7.51264534248469,-0.988602477514448,54.9920714800014,39.2789547025944,68.7279833023795,40.2675571801088,69.716585779894,1,1,0,1,1056.31385684013,1060.53033566475,NA
293,"bart","two_stage","m1",632,57.001637709732,7.00163770973196,NA,NA,6.90026160176474,-2.55673086612287,59.5583685758548,43.4773734863684,70.5259019330955,46.0341043524913,73.0826327992184,1,1,0,1,1079.4900727272,1083.63066911697,NA
294,"bart","two_stage","m1",589,36.5884670907455,-13.4115329092545,NA,NA,7.63914753878735,2.01925721844618,34.5692098722994,21.6160130421345,51.5609211393565,19.5967558236884,49.5416639209104,1,0,0,1,1061.85175991058,1066.03268051147,NA
295,"bart","two_stage","m1",615,51.6775843270406,1.67758432704063,NA,NA,6.42318383128129,-0.886192694535268,52.5637770215759,39.0883753516493,64.2667933024319,39.9745680461846,65.1529859969672,1,1,0,1,1080.23807907104,1084.48229694366,NA
296,"bart","two_stage","m1",600,67.9362722083742,17.9362722083742,NA,NA,9.28261125462046,-2.22713247138059,70.1634046797548,49.7426884668319,86.1298559499164,51.9698209382125,88.356988421297,1,0,0,1,1053.16284060478,1057.29074287415,NA
297,"bart","two_stage","m1",593,52.6875326336491,2.68753263364912,NA,NA,8.13309376483907,-1.69077909204396,54.3783117256931,36.7469617716773,68.628103495621,38.4377408637212,70.3188825876649,1,1,0,1,1046.13134884834,1050.24747896194,NA
298,"bart","two_stage","m1",614,46.9208710212593,-3.07912897874066,NA,NA,7.1733939087857,-4.26520040597191,51.1860714272313,32.8612773131204,60.9804647293983,37.1264777190923,65.2456651353702,1,1,0,1,1053.86660051346,1057.94669961929,NA
299,"bart","two_stage","m1",588,50.3021066847371,0.302106684737105,NA,NA,7.75650540139343,-2.15900900310942,52.4611156878465,35.0996354521156,65.5045779173586,37.258644455225,67.663586920468,1,1,0,1,1063.19238615036,1067.36621117592,NA
300,"bart","two_stage","m1",610,65.8516176744613,15.8516176744613,NA,NA,7.64889799700501,-3.18711128986158,69.0387289643228,50.8600530789109,80.8431822700117,54.0471643687725,84.0302935598732,0,0,1,1,1069.89478135109,1074.09785056114,NA
301,"bart","two_stage","m1",617,58.0866042278871,8.08660422788714,NA,NA,6.55253093063083,-0.868676066402209,58.9552802942893,45.243879596266,70.9293288595083,46.1125556626682,71.7980049259105,1,1,0,1,1073.69480800629,1077.924472332,NA
302,"bart","two_stage","m1",630,59.9637784375786,9.96377843757856,NA,NA,7.18147659692118,-1.44881933485738,61.4125977724359,45.8883429517958,74.0392139233613,47.3371622866532,75.4880332582187,1,1,0,1,1072.06498456001,1076.20760273933,NA
303,"bart","two_stage","m1",625,57.3117860639907,7.31178606399069,NA,NA,6.81953189550866,-1.56386705798838,58.8756531219791,43.9457491573716,70.6778229706098,45.5096162153599,72.2416900285982,1,1,0,1,1059.18152403831,1063.33365869522,NA
304,"bart","two_stage","m1",603,65.0082419502718,15.0082419502718,NA,NA,8.13491901603528,-1.65614053925859,66.6643824895304,49.0640936616927,80.952390238851,50.7202342009513,82.6085307781096,1,0,0,1,1066.85236215591,1071.01219701767,NA
305,"bart","two_stage","m1",599,49.5362896889376,-0.463710311062449,NA,NA,7.36219453616329,-1.0950809187284,50.6313706076659,35.1066535508799,63.9659258269952,36.2017344696083,65.0610067457236,1,1,0,1,1069.74770307541,1073.90145015717,NA
306,"bart","two_stage","m1",601,46.0138701098193,-3.98612989018068,NA,NA,6.7782399206533,-0.665774663924651,46.679644773744,32.7287639867672,59.2989762328714,33.3945386506919,59.9647508967961,1,1,0,1,1057.41908836365,1061.56462144852,NA
307,"bart","two_stage","m1",579,50.1726911891451,0.17269118914507,NA,NA,6.33921577266896,0.624855562112785,49.5478356270323,37.7480565844857,62.5973257938045,37.1232010223729,61.9724702316917,1,1,0,1,1049.59560370445,1053.67485952377,NA
308,"bart","two_stage","m1",596,65.2397128726255,15.2397128726255,NA,NA,6.57012894467363,-3.01089142277701,68.2506042954026,52.3624967672811,78.11692897797,55.3733881900581,81.127820400747,0,0,1,1,1068.96560311317,1073.10453605652,NA
309,"bart","two_stage","m1",614,45.7114826392465,-4.28851736075347,NA,NA,6.32752823318364,-0.634372931387531,46.3458555706341,33.3097551910462,58.1132100874468,33.9441281224338,58.7475830188344,1,1,0,1,1083.97952342033,1088.17911911011,NA
310,"bart","two_stage","m1",627,52.247434396711,2.247434396711,NA,NA,6.7796398171198,-0.855441759201469,53.1028761559125,38.9595845270025,65.5352842664195,39.8150262862039,66.390726025621,1,1,0,1,1092.47798871994,1096.66578388214,NA
311,"bart","two_stage","m1",603,49.1399086887341,-0.860091311265947,NA,NA,6.86268374433181,1.52252885000779,47.6173798387263,35.6892957125552,62.5905216649129,34.1667668625474,61.0679928149051,1,1,0,1,1068.20954084396,1072.50999760628,NA
312,"bart","two_stage","m1",629,52.7692283149926,2.76922831499257,NA,NA,7.24474722577389,-2.06636387146069,54.8355921864533,38.5697846753793,66.9686719546059,40.63614854684,69.0350358260666,1,1,0,1,1098.94514465332,1103.19859743118,NA
313,"bart","two_stage","m1",605,56.397140852376,6.39714085237597,NA,NA,6.77657383992116,0.435086101424702,55.9620547509513,43.1153001875542,69.6789815171977,42.6802140861295,69.243895415773,1,1,0,1,1090.53921246529,1094.83163571358,NA
314,"bart","two_stage","m1",609,47.7322455179757,-2.26775448202427,NA,NA,6.03009705600006,-2.67012911429456,50.4023746322703,35.9134724649346,59.5510185710169,38.5836015792292,62.2211476853114,1,1,0,1,1045.74412584305,1049.85040521622,NA
315,"bart","two_stage","m1",627,66.8613466967664,16.8613466967664,NA,NA,6.77335989494272,-3.08841057823162,69.949757274998,53.5858052483507,80.1368881451821,56.6742158265823,83.2252987234137,0,0,1,1,1085.84635615349,1090.11960363388,NA
316,"bart","two_stage","m1",608,46.3232220039382,-3.67677799606179,NA,NA,6.71890556643926,-2.16808497588638,48.4913069798246,33.1544090781916,59.4920349296849,35.3224940540779,61.6601199055712,1,1,0,1,1082.7103638649,1087.56167697906,NA
317,"bart","two_stage","m1",611,58.4031900362264,8.4031900362264,NA,NA,7.52215928920957,-1.02882326050717,59.4320132967336,43.6600287434022,73.1463513290506,44.6888520039094,74.1751745895577,1,1,0,1,1083.84262371063,1088.07051110268,NA
318,"bart","two_stage","m1",605,47.245685409265,-2.75431459073505,NA,NA,7.10260091968035,-1.09792247195193,48.3436078812169,33.3248434101304,61.1665274083995,34.4227658820823,62.2644498803514,1,1,0,1,1074.95907664299,1079.11861181259,NA
319,"bart","two_stage","m1",602,55.3480167238513,5.34801672385132,NA,NA,6.58742643592261,-1.1264639038916,56.4744806277429,42.436898158636,68.2591352890667,43.5633620625276,69.3855991929583,1,1,0,1,1082.52978038788,1086.75197100639,NA
320,"bart","two_stage","m1",617,54.1204563684472,4.1204563684472,NA,NA,6.48061249016046,-3.53566656886326,57.6561229373105,41.4186892899723,66.8222234469221,44.9543558588355,70.3578900157854,1,1,0,1,1080.07656002045,1084.29309940338,NA
321,"bart","two_stage","m1",595,65.6415915978394,15.6415915978394,NA,NA,7.63831765386194,-0.659165151682672,66.300756749522,50.6707640937935,80.6124191018853,51.3299292454762,81.2715842535679,0,0,1,1,1052.4467458725,1056.51090288162,NA
322,"bart","two_stage","m1",607,62.2335455950097,12.2335455950097,NA,NA,7.21178747654803,-2.1820322941378,64.4155778891475,48.0987018768185,76.3683893132008,50.2807341709563,78.5504216073386,1,0,0,1,1087.77702617645,1092.0601503849,NA
323,"bart","two_stage","m1",608,64.8463497918081,14.8463497918081,NA,NA,6.58770354131123,0.401100280510192,64.4452495112979,51.9346881100111,77.7580114736051,51.5335878295009,77.3569111930949,0,0,1,1,1089.03233265877,1093.31635451317,NA
324,"bart","two_stage","m1",618,50.4875429836199,0.487542983619875,NA,NA,6.16167097975168,0.859719391713917,49.627823591906,38.410889778721,62.5641961885188,37.551170387007,61.7044767968049,1,1,0,1,1072.68163514137,1076.83822107315,NA
325,"bart","two_stage","m1",615,56.4824048777037,6.48240487770368,NA,NA,6.87497697816301,0.207004582029761,56.2754002956739,43.0076976059622,69.9571121494452,42.8006930239324,69.7501075674154,1,1,0,1,1059.66034555435,1063.7761027813,NA
326,"bart","two_stage","m1",588,65.1712085926975,15.1712085926975,NA,NA,7.17536454574179,-0.90787824925556,66.0790868419531,51.107752507098,79.234664678297,52.0156307563536,80.1425429275526,0,0,1,1,1054.01581597328,1058.45711302757,NA
327,"bart","two_stage","m1",624,64.4332386897057,14.4332386897057,NA,NA,7.98332954123384,-0.69724154747059,65.1304802371762,48.7862003121727,80.0802770672387,49.4834418596432,80.7775186147092,1,1,0,1,1086.58587503433,1090.8223836422,NA
328,"bart","two_stage","m1",626,47.1214626778169,-2.87853732218308,NA,NA,6.51519903399364,-2.84315685030228,49.9646195281192,34.3519072190792,59.8910181365546,37.1950640693815,62.7341749868569,1,1,0,1,1083.95484924316,1088.0993103981,NA
329,"bart","two_stage","m1",608,38.3746562540106,-11.6253437459894,NA,NA,6.03752377016406,-0.658850981144433,39.033507235155,26.5413271086845,50.2079853993366,27.200178089829,50.8668363804811,1,1,0,1,1065.89408349991,1070.05507016182,NA
330,"bart","two_stage","m1",586,44.3479312103396,-5.65206878966036,NA,NA,7.22415994137755,-0.705648843425124,45.0535800537648,30.1888379066827,58.5070245139966,30.8944867501078,59.2126733574217,1,1,0,1,1067.15663385391,1071.32354044914,NA
331,"bart","two_stage","m1",605,43.0933377410043,-6.90666225899567,NA,NA,5.52497868735834,0.401751641021747,42.6915860999826,32.2645784984306,53.9220969835781,31.8628268574088,53.5203453425563,1,1,0,1,1088.73315477371,1093.060972929,NA
332,"bart","two_stage","m1",629,53.6074430981583,3.60744309815829,NA,NA,7.0952337542507,-2.03426929612616,55.6417123942844,39.701040477934,67.5138457183826,41.7353097740602,69.5481150145087,1,1,0,1,1103.04375767708,1107.35436272621,NA
333,"bart","two_stage","m1",620,51.5712090778693,1.57120907786931,NA,NA,6.03279676699646,-3.46117396590674,55.032383043776,39.7471446885066,63.395273467232,43.2083186544133,66.8564474331388,1,1,0,1,1091.7904446125,1096.10219502449,NA
334,"bart","two_stage","m1",587,61.4049250542312,11.4049250542312,NA,NA,7.10598834248017,-0.481029816506783,61.885954870738,47.4774438284086,75.3324062800538,47.9584736449154,75.8134360965606,1,1,0,1,1072.8215739727,1077.02984929085,NA
335,"bart","two_stage","m1",617,52.2505395100753,2.25053951007533,NA,NA,7.32931675771801,-1.88395217289735,54.1344916829727,37.8853426336621,66.6157363864885,39.7692948065595,68.4996885593859,1,1,0,1,1078.09342575073,1082.22723078728,NA
336,"bart","two_stage","m1",632,58.0281640359798,8.0281640359798,NA,NA,6.45798832362405,-2.8697469586598,60.8979109946396,45.3707395090965,70.6855885628631,48.2404864677563,73.5553355215229,1,1,0,1,1110.22694945335,1114.58809375763,NA
337,"bart","two_stage","m1",603,54.9131757535865,4.91317575358648,NA,NA,7.09245845154249,-4.30207780303336,59.2152535566198,41.0122126267165,68.8141388804565,45.3142904297498,73.1162166834898,1,1,0,1,1069.77714300156,1073.9324555397,NA
338,"bart","two_stage","m1",609,50.3633289193436,0.36332891934358,NA,NA,6.40124177524884,-3.38128162455966,53.7446105439032,37.8171255835226,62.9095322551645,41.1984072080823,66.2908138797242,1,1,0,1,1102.32620406151,1106.7164914608,NA
339,"bart","two_stage","m1",624,54.754524797822,4.75452479782204,NA,NA,6.45650270495182,-3.20462879249345,57.9591535903155,42.100012030031,67.409037565613,45.3046408225245,70.6136663581065,1,1,0,1,1080.23178601265,1084.82229924202,NA
340,"bart","two_stage","m1",643,61.0237511905809,11.0237511905809,NA,NA,7.62964707031007,-3.78499129327999,64.8087424838608,46.0699177180216,75.9775846631401,49.8549090113016,79.7625759564201,1,1,0,1,1074.06254267693,1078.26589083672,NA
341,"bart","two_stage","m1",620,52.9739598607827,2.97395986078274,NA,NA,6.86633783469303,-1.46047051714835,54.4344303779311,39.5161849990997,66.4317347224658,40.976655516248,67.8922052396142,1,1,0,1,1063.85449934006,1068.02631568909,NA
342,"bart","two_stage","m1",599,42.7018753252265,-7.29812467477349,NA,NA,7.5083189142639,-0.851624564328993,43.5534998895555,27.9858406688284,57.4179099816246,28.8374652331574,58.2695345459536,1,1,0,1,1074.92520618439,1079.10364818573,NA
343,"bart","two_stage","m1",601,55.3411451240158,5.34114512401585,NA,NA,6.72363171821592,-0.650641173240061,55.9917862972559,42.1630691110015,68.5192211370302,42.8137102842415,69.1698623102703,1,1,0,1,1063.28989744186,1067.47605109215,NA
344,"bart","two_stage","m1",599,50.3343801221943,0.334380122194339,NA,NA,7.43588420914958,0.354364725944883,49.9800153962495,35.7603148790511,64.9084453653376,35.4059501531062,64.5540806393927,1,1,0,1,1051.05417943001,1055.17897129059,NA
345,"bart","two_stage","m1",600,56.4872908548885,6.48729085488847,NA,NA,6.90997961378125,-1.63163738940155,58.11892824429,42.9439796779712,70.0306020318057,44.5756170673728,71.6622394212073,1,1,0,1,1078.58613061905,1082.82110238075,NA
346,"bart","two_stage","m1",602,52.3474968199467,2.34749681994667,NA,NA,7.13578468344406,-1.58030172455118,53.9277985444979,38.3616158389638,66.3333778009296,39.9419175635149,67.9136795254808,1,1,0,1,1073.73519635201,1078.07781338692,NA
347,"bart","two_stage","m1",606,59.3747791998007,9.37477919980067,NA,NA,7.0326455752928,0.825112816109758,58.5496663836909,45.5910471561918,73.1585112434095,44.7659343400821,72.3333984272998,1,1,0,1,1073.63318610191,1077.88835191727,NA
348,"bart","two_stage","m1",609,45.5721671137629,-4.42783288623711,NA,NA,6.40667473710587,1.93831863393441,43.6338484798285,33.0153153683728,58.129018859153,31.0769967344383,56.1907002252186,1,1,0,1,1085.50829482079,1089.80685830116,NA
349,"bart","two_stage","m1",612,54.3326672062459,4.33266720624592,NA,NA,6.74566367244151,-2.08980678892204,56.422473995168,41.1114093564404,67.5539250560515,43.2012161453624,69.6437318449735,1,1,0,1,1069.45046591759,1073.62900233269,NA
350,"bart","two_stage","m1",620,47.7587411696702,-2.24125883032982,NA,NA,5.82565888271746,-3.16767453544192,50.9264157051121,36.3406595733281,59.1768227660122,39.50833410877,62.3444973014542,1,1,0,1,1091.84801912308,1096.29580307007,NA
351,"bart","two_stage","m1",595,46.7217051216131,-3.27829487838685,NA,NA,6.08820930493191,0.305616278803868,46.4160888428093,34.789034153605,58.6543760896213,34.4834178748011,58.3487598108175,1,1,0,1,1074.1277589798,1078.37253212929,NA
352,"bart","two_stage","m1",605,60.4603096182109,10.4603096182109,NA,NA,6.70482845213429,0.711175560585993,59.7491340576249,47.3190873295083,73.6015319069135,46.6079117689223,72.8903563463275,1,1,0,1,1071.01328969002,1075.42585229874,NA
353,"bart","two_stage","m1",629,51.9662195234323,1.96621952343234,NA,NA,6.76102243752428,-0.820223753852936,52.7864432772853,38.7148590472175,65.2175799996471,39.5350828010705,66.0378037535001,1,1,0,1,1065.52396988869,1069.70253562927,NA
354,"bart","two_stage","m1",611,45.986525835244,-4.01347416475599,NA,NA,6.51239944463989,-3.93504501471914,49.9215708499631,33.2224574708112,58.7505941996768,37.1575024855303,62.685639214396,1,1,0,1,1067.55233812332,1071.89754986763,NA
355,"bart","two_stage","m1",622,52.8824674443731,2.88246744437307,NA,NA,5.30587117131306,0.462100820353896,52.4203666240192,42.4831510419901,63.281783846756,42.0210502216362,62.8196830264021,1,1,0,1,1073.27493476868,1077.4898879528,NA
356,"bart","two_stage","m1",596,55.4888631414166,5.48886314141655,NA,NA,6.27493475302912,-2.12231373240683,57.6111768738234,43.1902170201407,67.7875092626924,45.3125307525476,69.9098229950992,1,1,0,1,1072.30414056778,1076.72868323326,NA
357,"bart","two_stage","m1",611,69.7457008881291,19.7457008881291,NA,NA,6.89045194509234,-0.647418398205417,70.3931192863346,56.2406632385442,83.2507385377141,56.8880816367496,83.8981569359195,0,0,1,1,1072.61670827866,1076.85954833031,NA
358,"bart","two_stage","m1",611,61.7162232288895,11.7162232288895,NA,NA,7.27450788545829,-1.51214362780115,63.2283668566906,47.4584497681386,75.9739966896404,48.9705933959398,77.4861403174415,1,1,0,1,1067.25288391113,1071.38531160355,NA
359,"bart","two_stage","m1",610,52.4598700686402,2.45987006864019,NA,NA,6.24465595968401,-1.54143753774693,54.0013076063871,40.2205692918161,64.6991708454643,41.762006829563,66.2406083832112,1,1,0,1,1058.94796156883,1063.10150146484,NA
360,"bart","two_stage","m1",630,65.5013866106763,15.5013866106763,NA,NA,7.50106265551172,-0.96865993942238,66.4700465500987,50.7995739600949,80.2031992612576,51.7682338995173,81.17185920068,0,0,1,1,1064.97053813934,1069.12329554558,NA
361,"bart","two_stage","m1",616,46.1212667750639,-3.87873322493608,NA,NA,6.68347456893623,-0.862443438652583,46.9837102137165,33.0218973283596,59.2206362217683,33.8843407670121,60.0830796604209,1,1,0,1,1088.75442290306,1093.04128909111,NA
362,"bart","two_stage","m1",629,49.9969393496285,-0.00306065037146652,NA,NA,6.19105606855709,-0.238805742298972,50.2357450919275,37.8626924289885,62.1311862702686,38.1014981712875,62.3699920125675,1,1,0,1,1091.76789593697,1096.06452822685,NA
363,"bart","two_stage","m1",617,39.454163156239,-10.545836843761,NA,NA,5.85675397546425,-0.575750395449006,40.029913551688,27.9751362980173,50.9331900144608,28.5508866934663,51.5089404099098,1,1,0,1,1093.64505171776,1097.94067001343,NA
364,"bart","two_stage","m1",586,61.2203212207206,11.2203212207206,NA,NA,6.85710962885069,-2.36785159231859,63.5881728130392,47.7806333101304,74.6600091313107,50.148484902449,77.0278607236293,1,0,0,1,1076.1478536129,1080.37430620193,NA
365,"bart","two_stage","m1",574,53.8875172765594,3.88751727655944,NA,NA,7.28950930374208,-3.04405360444866,56.9315708810081,39.6003415762553,68.1746929768636,42.644395180704,71.2187465813122,1,1,0,1,1050.39170670509,1054.52509236336,NA
366,"bart","two_stage","m1",622,57.3314916390758,7.33149163907581,NA,NA,6.79942921780848,-2.77621337553396,60.1077050146098,44.0048552567418,70.6581280214098,46.7810686322758,73.4343413969438,1,1,0,1,1089.70747685432,1093.99478816986,NA
367,"bart","two_stage","m1",621,57.9400797090465,7.94007970904651,NA,NA,6.79452076232933,-0.855972240804007,58.7960519498505,44.6230637226714,71.2570956954216,45.4790359634754,72.1130679362256,1,1,0,1,1086.89847612381,1091.15700507164,NA
368,"bart","two_stage","m1",590,49.8960382664677,-0.103961733532273,NA,NA,6.96739080478983,-4.2178874759711,54.1139257424388,36.2402032228641,63.5518733100713,40.4580906988352,67.7697607860424,1,1,0,1,1074.54914808273,1078.7930753231,NA
369,"bart","two_stage","m1",605,50.238078389133,0.23807838913298,NA,NA,7.02731577269139,-3.51067160058813,53.7487499897211,36.4647925666676,64.0113642115983,39.9754641672557,67.5220358121865,1,1,0,1,1080.9773349762,1085.21410131454,NA
370,"bart","two_stage","m1",578,62.2280341921788,12.2280341921788,NA,NA,6.94119810424335,-0.0514126159524224,62.2794468081312,48.6235358983041,75.8325324860534,48.6749485142565,75.8839451020059,1,1,0,1,1055.93397760391,1060.05736851692,NA
371,"bart","two_stage","m1",572,54.1561335335041,4.15613353350413,NA,NA,8.10445471587815,-0.723779306274281,54.8799128397784,38.2716941760472,70.0405728909611,38.9954734823214,70.7643521972354,1,1,0,1,1080.30288219452,1084.55771613121,NA
372,"bart","two_stage","m1",592,58.9539746669686,8.95397466696861,NA,NA,8.080164795702,-2.41305572790432,61.3670303948729,43.1171426782442,74.790806655693,45.5301984061486,77.2038623835973,1,1,0,1,1078.03243327141,1082.22893571854,NA
373,"bart","two_stage","m1",610,43.0529543468896,-6.94704565311038,NA,NA,6.32377934781558,-0.815102004999368,43.868056351889,30.6585745789929,55.4473341147863,31.4736765839923,56.2624361197857,1,1,0,1,1083.77796006203,1088.04920101166,NA
374,"bart","two_stage","m1",605,51.4430521523239,1.44305215232386,NA,NA,7.0877092672021,-0.59211171742087,52.0351638697447,37.551397255717,65.3347070489307,38.1435089731378,65.9268187663516,1,1,0,1,1069.59372091293,1073.79052782059,NA
375,"bart","two_stage","m1",603,52.0061876260684,2.00618762606842,NA,NA,6.65337789352255,0.221838077722182,51.7843495483462,38.9658065792293,65.0465686729076,38.7439685015071,64.8247305951854,1,1,0,1,1080.38441514969,1084.58728528023,NA
376,"bart","two_stage","m1",618,57.7755196500346,7.77551965003458,NA,NA,7.25876392681488,-1.65604150415712,59.4315611541917,43.5486037811989,72.0024355188703,45.204645285356,73.6584770230274,1,1,0,1,1084.81515002251,1089.0475165844,NA
377,"bart","two_stage","m1",595,51.7736937495453,1.77369374954532,NA,NA,6.13866666549775,-0.66174195697343,52.4354357065188,39.7421281720732,63.8052593270175,40.4038701290466,64.4670012839909,1,1,0,1,1058.96453905106,1063.1053686142,NA
378,"bart","two_stage","m1",599,54.8950349865983,4.89503498659833,NA,NA,9.28834742866085,-3.5120543776974,58.4070893642957,36.6902085505278,73.0998614226688,40.2022629282253,76.6119158003662,1,1,0,1,1070.54028010368,1074.69245243073,NA
379,"bart","two_stage","m1",593,59.1743026575781,9.17430265757811,NA,NA,6.95194758335626,-2.98224861242085,62.156551269999,45.5487357717896,72.7998695433666,48.5309843842104,75.7821181557875,1,1,0,1,1069.79810333252,1073.95463085175,NA
380,"bart","two_stage","m1",616,50.2190224299789,0.219022429978878,NA,NA,7.01180041198344,-0.788054973672907,51.0070774036518,36.4761461557082,63.9618987042495,37.2642011293811,64.7499536779224,1,1,0,1,1075.42588758469,1079.61228847504,NA
381,"bart","two_stage","m1",640,55.1896844122694,5.18968441226935,NA,NA,5.94835995197386,-1.06061383160942,56.2502982438788,43.5311131393202,66.8482556852185,44.5917269709296,67.9088695168279,1,1,0,1,1095.68857693672,1099.95603990555,NA
382,"bart","two_stage","m1",643,45.1514218478438,-4.84857815215622,NA,NA,5.86412749022012,-0.0511619560763421,45.2025838039201,33.6579431662611,56.6449005294265,33.7091051223374,56.6960624855028,1,1,0,1,1086.88611149788,1091.20744514465,NA
383,"bart","two_stage","m1",626,49.1569697344875,-0.843030265512546,NA,NA,5.0061250925692,-0.944719209228417,50.1016889437159,39.3451448509496,58.9687946180253,40.289864060178,59.9135138272537,1,1,0,1,1074.28412532806,1079.07941746712,NA
384,"bart","two_stage","m1",605,56.3150544207449,6.31505442074489,NA,NA,6.49346930234397,-0.733551774086273,57.0486061948312,43.5880884534343,69.0420203880555,44.3216402275206,69.7755721621418,1,1,0,1,1075.74363350868,1079.98210787773,NA
385,"bart","two_stage","m1",601,52.2871386810709,2.28713868107091,NA,NA,6.76357162829712,-0.76801309116054,53.0551517722314,39.0307818827516,65.5434954793902,39.7987949739122,66.3115085705507,1,1,0,1,1071.9089345932,1076.12572169304,NA
386,"bart","two_stage","m1",606,42.8865525047849,-7.11344749521506,NA,NA,6.39946799117175,-2.66864962023163,45.5552021250166,30.3438257218714,55.4292792876985,33.0124753421031,58.0979289079301,1,1,0,1,1075.83764958382,1080.62673830986,NA
387,"bart","two_stage","m1",589,65.4864597087584,15.4864597087584,NA,NA,7.05493019473531,-4.30076174443781,69.7872214531962,51.6590506136331,79.3138688038838,55.9598123580709,83.6146305483216,0,0,1,1,1068.1765627861,1072.35713505745,NA
388,"bart","two_stage","m1",623,59.925120481867,9.925120481867,NA,NA,6.25472902525858,-1.81245496572293,61.7375754475899,47.6660768593029,72.1841641044311,49.4785318250258,73.9966190701541,1,1,0,1,1077.92640972137,1082.12831473351,NA
389,"bart","two_stage","m1",594,46.6418155697503,-3.35818443024969,NA,NA,6.36158982342042,-0.979060296792191,47.6208758665425,34.1733286314298,59.1103025080709,35.152388928222,60.0893628048631,1,1,0,1,1076.44305801392,1080.65535211563,NA
390,"bart","two_stage","m1",613,48.4183893820933,-1.5816106179067,NA,NA,6.9414436720044,-2.36959439784865,50.787983779942,34.8134097842512,62.0233689799354,37.1830041820999,64.392963377784,1,1,0,1,1102.95243096352,1107.57093286514,NA
391,"bart","two_stage","m1",587,55.6077352256351,5.60773522563507,NA,NA,7.2599054600058,-4.7523711364751,60.3601063621102,41.378581992858,69.8368884584121,46.1309531293331,74.5892595948872,1,1,0,1,1067.66704773903,1071.78776884079,NA
392,"bart","two_stage","m1",600,59.1120544059716,9.11205440597158,NA,NA,7.2661533400171,-3.75785829663305,62.8699127026046,44.8706555533926,73.3534532585505,48.6285138500257,77.1113115551836,1,1,0,1,1079.32873082161,1083.5876762867,NA
393,"bart","two_stage","m1",605,50.6839685993121,0.683968599312074,NA,NA,6.70599181920878,-0.622644437711713,51.3066130370238,37.5404661530426,63.8274710455815,38.1631105907543,64.4501154832932,1,1,0,1,1087.30654549599,1091.54549217224,NA
394,"bart","two_stage","m1",611,66.7050008688609,16.7050008688609,NA,NA,7.50437399318309,-1.50086727373017,68.205868142591,51.996698115703,81.4133036220187,53.4975653894331,82.9141708957489,0,0,1,1,1075.22294020653,1079.41066861153,NA
395,"bart","two_stage","m1",631,36.3190746054707,-13.6809253945293,NA,NA,6.65158811647303,-0.537828578705735,36.8569031841765,23.282201457189,49.3559477537525,23.8200300358947,49.8937763324582,0,0,1,1,1080.79039978981,1085.0331466198,NA
396,"bart","two_stage","m1",592,46.6659759338733,-3.33402406612672,NA,NA,5.78758563779444,-0.78178044839526,47.4477563822685,35.3225165263549,58.0094353413917,36.1042969747502,58.7912157897869,1,1,0,1,1063.00877642632,1067.16097569466,NA
397,"bart","two_stage","m1",585,51.5402640669411,1.54026406694108,NA,NA,6.03914957757283,-1.46786689752054,53.0081309644616,39.7037483976481,63.3767797362341,41.1716152951686,64.8446466337546,1,1,0,1,1074.6383035183,1078.77168464661,NA
398,"bart","two_stage","m1",590,58.2834849637416,8.28348496374164,NA,NA,8.0156809439312,-3.07662268352808,61.3601076472697,42.5730390020725,73.9939309254108,45.6496616856006,77.0705536089389,1,1,0,1,1085.21177148819,1089.39788103104,NA
399,"bart","two_stage","m1",597,54.3296901334368,4.32969013343684,NA,NA,6.55866988919278,-1.46003196796424,55.7897221014011,41.4749333641317,67.184446902742,42.9349653320959,68.6444788707062,1,1,0,1,1064.34569311142,1068.70691537857,NA
400,"bart","two_stage","m1",613,52.6378617743648,2.63786177436476,NA,NA,7.49423205435277,1.54309539164122,51.0947663827235,37.9494368560477,67.3262866926818,36.4063414644065,65.7831913010406,1,1,0,1,1086.51532101631,1090.788367033,NA
401,"bart","two_stage","m1",631,61.0160223161764,11.0160223161764,NA,NA,6.38030186004096,-2.26288194052606,63.2789042567024,48.5108604600022,73.5211841723506,50.7737424005282,75.7840661128766,1,0,0,1,1072.12144351006,1076.32580256462,NA
402,"bart","two_stage","m1",628,66.2392320530391,16.2392320530391,NA,NA,7.78700978646654,-2.56465494027272,68.8038869933118,50.9769733243038,81.5014907817745,53.5416282645765,84.0661457220472,0,0,1,1,1076.924690485,1081.15437030792,NA
403,"bart","two_stage","m1",624,47.048750285278,-2.95124971472202,NA,NA,6.63923094455138,-0.677179902181834,47.7259301874598,34.0360967489134,60.0614038216425,34.7132766510953,60.7385837238243,1,1,0,1,1077.55337905884,1081.74892187119,NA
404,"bart","two_stage","m1",621,51.5018080246203,1.50180802462033,NA,NA,7.93568330789703,-1.81266182620421,53.3144698508245,35.9481545484265,67.0554615008142,37.7608163746307,68.8681233270184,1,1,0,1,1080.74523377419,1084.99344301224,NA
405,"bart","two_stage","m1",589,51.5632570142533,1.56325701425328,NA,NA,6.4389011744906,-2.71867621371435,54.2819332279676,38.9432426122391,64.1832714162675,41.6619188259534,66.9019476299818,1,1,0,1,1058.27101421356,1062.3996515274,NA
406,"bart","two_stage","m1",609,50.0087489883623,0.00874898836229931,NA,NA,6.20192845086015,-2.22330129001714,52.2320502783794,37.8531925899821,62.1643053867425,40.0764938799993,64.3876066767596,1,1,0,1,1073.38709068298,1077.57048082352,NA
407,"bart","two_stage","m1",582,53.1969163459149,3.19691634591489,NA,NA,6.67713367225485,-0.898386000035863,54.0953023459508,40.1099748283357,66.2838578634941,41.0083608283716,67.1822438635299,1,1,0,1,1066.60492062569,1071.00838184357,NA
408,"bart","two_stage","m1",610,48.415014961683,-1.58498503831696,NA,NA,7.48871720196647,-1.52822565993235,49.9432406216154,33.7373989554232,63.0926309679429,35.2656246153555,64.6208566278752,1,1,0,1,1066.51925611496,1070.65071797371,NA
409,"bart","two_stage","m1",612,60.8596899974066,10.8596899974066,NA,NA,7.14401551022981,-1.38095937136703,62.2406493687736,46.8576768923606,74.8617031024526,48.2386362637277,76.2426624738196,1,1,0,1,1069.6867954731,1073.837236166,NA
410,"bart","two_stage","m1",622,57.3376834107462,7.33768341074617,NA,NA,6.60750051511225,-4.9514395710648,62.289122981811,44.3872203732963,70.288146448196,49.3386599443611,75.2395860192608,1,1,0,1,1067.95715093613,1072.38325047493,NA
411,"bart","two_stage","m1",580,41.5046336807568,-8.49536631924323,NA,NA,7.1103920664131,0.139368438496085,41.3652652422607,27.5685213146278,55.4407460468858,27.4291528761317,55.3013776083897,1,1,0,1,1059.29466223717,1063.45431542397,NA
412,"bart","two_stage","m1",605,50.3005029072709,0.300502907270904,NA,NA,6.33632698392656,-2.33533052746667,52.6358334347376,37.8815302245055,62.7194755900363,40.2168607519722,65.0548061175029,1,1,0,1,1073.80446648598,1077.96695375443,NA
413,"bart","two_stage","m1",597,62.9088841472107,12.9088841472107,NA,NA,7.40672108650073,-1.53160391975109,64.4404880669618,48.3919775741359,77.4257907202855,49.923581493887,78.9573946400366,1,1,0,1,1065.76277399063,1069.9087498188,NA
414,"bart","two_stage","m1",603,50.1178556757542,0.11785567575415,NA,NA,7.21267052460964,1.38859784704682,48.7292578287073,35.9812812151657,64.2544301363426,34.5926833681188,62.8658322892958,1,1,0,1,1057.44230079651,1061.78893852234,NA
415,"bart","two_stage","m1",607,50.4568665135615,0.456866513561501,NA,NA,6.38517057498108,-2.42999693907532,52.8868634526368,37.9421621514537,62.9715708756693,40.372159090529,65.4015678147447,1,1,0,1,1069.72389602661,1073.87906646729,NA
416,"bart","two_stage","m1",627,56.1574702891011,6.1574702891011,NA,NA,6.71212366408391,-0.261373762614852,56.418844051716,43.0019496477176,69.3129909304846,43.2633234103325,69.5743646930994,1,1,0,1,1084.97536301613,1089.2399828434,NA
417,"bart","two_stage","m1",605,59.1745681172606,9.17456811726057,NA,NA,7.19907494791057,0.43295228183851,58.7416158354221,45.0646404973513,73.2844957371699,44.6316882155128,72.8515434553314,1,1,0,1,1096.92224121094,1101.23617959023,NA
418,"bart","two_stage","m1",611,51.8130807616349,1.81308076163493,NA,NA,6.26898797072856,-1.48409468113545,53.2971754427704,39.5260901194921,64.1000714037777,41.0101848006276,65.5841660849132,1,1,0,1,1078.89785122871,1083.12912154198,NA
419,"bart","two_stage","m1",608,56.3021922345629,6.30219223456285,NA,NA,5.82645770864262,-0.479260030415773,56.7814522649786,44.8825449681776,67.7218395009481,45.3618049985933,68.2010995313639,1,1,0,1,1070.47511529922,1074.89395833015,NA
420,"bart","two_stage","m1",584,54.1966126204573,4.19661262045729,NA,NA,6.9202026904165,-1.57819184128943,55.7748044617467,40.6332645815238,67.7599606593908,42.2114564228132,69.3381525006803,1,1,0,1,1067.4252474308,1071.61536192894,NA
421,"bart","two_stage","m1",605,58.5365229135606,8.53652291356062,NA,NA,6.2937550287749,-2.01770411620284,60.5542270297635,46.200989729644,70.8720560974773,48.2186938458468,72.8897602136801,1,1,0,1,1048.57052087784,1052.54262733459,NA
422,"bart","two_stage","m1",608,53.2152865563377,3.21528655633767,NA,NA,6.83318518440691,-2.68344569065832,55.898732246996,39.8224896952074,66.6080834174679,42.5059353858658,69.2915291081262,1,1,0,1,1056.00220799446,1060.1718583107,NA
423,"bart","two_stage","m1",617,54.4719399881771,4.47193998817711,NA,NA,7.4140092538341,0.741531711587236,53.7304082765899,39.9407488696156,69.0031311067386,39.1992171580283,68.2615993951514,1,1,0,1,1083.95348262787,1088.21253561974,NA
424,"bart","two_stage","m1",629,60.693518164395,10.693518164395,NA,NA,7.70043098778812,-2.31158733597098,63.005105500366,45.6009507628941,75.7860855658959,47.9125380988651,78.0976729018669,1,1,0,1,1066.22367978096,1070.37980604172,NA
425,"bart","two_stage","m1",609,57.1729684589885,7.17296845898848,NA,NA,7.56583956121499,-1.66316693471011,58.8361353936986,42.3441954061988,72.0017415117782,44.0073623409089,73.6649084464883,1,1,0,1,1069.22282624245,1073.41835713387,NA
426,"bart","two_stage","m1",599,54.351266728255,4.35126672825498,NA,NA,7.28500979998923,-1.21647483739077,55.5677415656458,40.0729098932548,68.6296235632552,41.2893847306455,69.846098400646,1,1,0,1,1078.77148914337,1082.96435189247,NA
427,"bart","two_stage","m1",606,52.3569093360517,2.35690933605175,NA,NA,6.29743314839785,-1.90228453533254,54.2591938713843,40.0141671701433,64.6996515019602,41.9164517054758,66.6019360372928,1,1,0,1,1074.83475327492,1079.04287600517,NA
428,"bart","two_stage","m1",617,56.006104451413,6.00610445141301,NA,NA,6.93613632631062,-3.65866825339128,59.6647727048043,42.4115270599842,69.6006818428418,46.0701953133755,73.2593500962331,1,1,0,1,1078.74925088882,1082.96533155441,NA
429,"bart","two_stage","m1",602,52.0074354167796,2.00743541677965,NA,NA,6.96288607941939,-3.48805816543574,55.4954935822154,38.3604294726624,65.654441360897,41.8484876380981,69.1424995263327,1,1,0,1,1078.37355303764,1082.5497405529,NA
430,"bart","two_stage","m1",610,58.7086610409461,8.70866104094607,NA,NA,7.39625197703132,-1.60474184736671,60.3134028883128,44.2122735453815,73.2050485365106,45.8170153927482,74.8097903838773,1,1,0,1,1075.83921504021,1079.99900126457,NA
431,"bart","two_stage","m1",600,46.8811603360552,-3.11883966394485,NA,NA,7.0329802721319,-1.21965025890599,48.1008105949611,33.0967722986959,60.6655483734144,34.3164225576019,61.8851986323204,1,1,0,1,1071.58518576622,1075.79688549042,NA
432,"bart","two_stage","m1",643,54.318586173619,4.31858617361899,NA,NA,7.52138697068713,-0.620501875363729,54.9390880489827,39.5769385972834,69.0602337499546,40.1974404726471,69.6807356253183,1,1,0,1,1085.20706963539,1089.64306855202,NA
433,"bart","two_stage","m1",602,57.4757446732291,7.47574467322914,NA,NA,7.7270834303624,-0.153499348167657,57.6292440213968,42.3309394441826,72.6205499022757,42.4844387923503,72.7740492504433,1,1,0,1,1082.52837133408,1087.34822010994,NA
434,"bart","two_stage","m1",626,46.1630057551369,-3.83699424486306,NA,NA,6.40505558912552,-2.32573486219987,48.4887406173368,33.6093274814739,58.7166840287999,35.9350623436738,61.0424188909998,1,1,0,1,1081.61191034317,1085.96595835686,NA
435,"bart","two_stage","m1",615,61.7654192967534,11.7654192967534,NA,NA,6.56116157267331,-3.18378301399733,64.9492023107507,48.9057789175655,74.6250596759413,52.0895619315629,77.8088426899386,1,0,0,1,1091.05692124367,1095.29472303391,NA
436,"bart","two_stage","m1",621,54.2156657080735,4.21566570807354,NA,NA,6.77205815171467,-0.581950878603145,54.7976165866767,40.9426756295019,67.4886557866452,41.5246265081051,68.0706066652483,1,1,0,1,1080.60164189339,1084.87937664986,NA
437,"bart","two_stage","m1",623,50.1700967053259,0.170096705325903,NA,NA,6.73524948583695,-1.32803559860205,51.498132303928,36.9692502861936,63.3709431244583,38.2972858847956,64.6989787230603,1,1,0,1,1079.62931513786,1083.84773373604,NA
438,"bart","two_stage","m1",578,63.0089943095391,13.0089943095391,NA,NA,6.666469590983,-1.93716926946101,64.9461635790001,49.9429540071809,76.0750346118972,51.8801232766419,78.0122038813582,1,0,0,1,1045.56185674667,1049.66682958603,NA
439,"bart","two_stage","m1",615,44.1782884526247,-5.82171154737527,NA,NA,5.62171229355088,-3.24970529336373,47.4279937459885,33.159934825819,55.1966420794305,36.4096401191827,58.4463473727942,1,1,0,1,1068.18017053604,1072.38664221764,NA
440,"bart","two_stage","m1",598,60.1417355821594,10.1417355821594,NA,NA,7.06930493197326,-3.70705941310203,63.8487949952615,46.2861525197605,73.9973186445584,49.9932119328625,77.7043780576604,1,1,0,1,1070.89171981812,1075.37383103371,NA
441,"bart","two_stage","m1",613,40.6976897308464,-9.30231026915361,NA,NA,6.59802896657854,-0.753533392325132,41.4512231231715,27.7657905874004,53.6295888742924,28.5193239797256,54.3831222666175,1,1,0,1,1077.29813456535,1081.52734827995,NA
442,"bart","two_stage","m1",579,56.4434080748247,6.44340807482472,NA,NA,8.03635998947269,-0.198039404715715,56.6414474795404,40.6924319286596,72.1943842209899,40.8904713333753,72.3924236257056,1,1,0,1,1068.81919121742,1072.93868970871,NA
443,"bart","two_stage","m1",624,50.3092929039228,0.309292903922831,NA,NA,6.23198819404811,0.776569271675712,49.5327236322471,38.0948204915097,62.5237653163359,37.318251219834,61.7471960446602,1,1,0,1,1081.46558213234,1085.86128544807,NA
444,"bart","two_stage","m1",609,47.0274668914696,-2.97253310853044,NA,NA,7.00156547299029,-0.705239176401982,47.7327060678715,33.3046507290095,60.7502830539297,34.0098899054114,61.4555222303316,1,1,0,1,1087.62536787987,1091.9258813858,NA
445,"bart","two_stage","m1",571,51.569661180409,1.56966118040897,NA,NA,5.70207207402225,-0.89374290941381,52.4634040898228,40.3938052780738,62.7455170827442,41.2875481874876,63.639259992158,1,1,0,1,1049.18549108505,1053.4772195816,NA
446,"bart","two_stage","m1",618,60.3130898276341,10.3130898276341,NA,NA,6.79777854630273,-2.20918351984633,62.5222733474805,46.9896887020017,73.6364909532665,49.1988722218481,75.8456744731129,1,1,0,1,1069.04176402092,1073.22649621964,NA
447,"bart","two_stage","m1",598,40.3700914779316,-9.62990852206838,NA,NA,6.82688846265245,-1.05498447554999,41.4250759534816,26.9896359646608,53.7505469912024,28.0446204402108,54.8055314667524,1,1,0,1,1066.55888104439,1070.71441459656,NA
448,"bart","two_stage","m1",593,46.7263339250674,-3.27366607493257,NA,NA,7.23366192227975,-0.245143809882244,46.9714777349497,32.5486170810604,60.9040507690745,32.7937608909426,61.1491945789567,1,1,0,1,1087.5185418129,1092.00677847862,NA
449,"bart","two_stage","m1",631,44.3691024761698,-5.63089752383023,NA,NA,6.69582394011916,-3.43010414456926,47.799206620739,31.2455287067151,57.4926762456244,34.6756328512844,60.9227803901937,1,1,0,1,1058.0397913456,1062.144769907,NA
450,"bart","two_stage","m1",581,40.6311407809738,-9.36885921902616,NA,NA,6.39036181497454,-0.294260398099389,40.9254011790732,28.1062617754437,53.1560197865039,28.4005221735431,53.4502801846033,1,1,0,1,1066.96093297005,1071.15416264534,NA
451,"bart","two_stage","m1",605,49.3409593435079,-0.659040656492124,NA,NA,6.75061323819216,-1.49627230157805,50.8372316450859,36.1100005230919,62.5719181639238,37.60627282467,64.0681904655019,1,1,0,1,1048.8030397892,1052.98333024979,NA
452,"bart","two_stage","m1",598,46.8850846663398,-3.11491533366024,NA,NA,7.27994354781412,-0.954658107017849,47.8397427733576,32.6166575031394,61.1535118295402,33.5713156101572,62.108169936558,1,1,0,1,1067.8853161335,1072.06821131706,NA
453,"bart","two_stage","m1",604,58.6307111515265,8.63071115152648,NA,NA,6.17402340628801,-1.50482628410067,60.1355374356272,46.5298476354947,70.7315746675583,48.0346739195953,72.236400951659,1,1,0,1,1058.93894386292,1063.06743311882,NA
454,"bart","two_stage","m1",633,50.6005715912633,0.600571591263318,NA,NA,7.6447303972677,0.269713913372819,50.3308576778905,35.6171753411001,65.5839678414266,35.3474614277272,65.3142539280538,1,1,0,1,1072.35895967484,1076.76645541191,NA
455,"bart","two_stage","m1",600,59.450896122903,9.45089612290304,NA,NA,6.14013529630405,-2.03453540165155,61.4854315245546,47.4164520819439,71.4853401638621,49.4509874835955,73.5198755655137,1,1,0,1,1068.80398583412,1072.98505878448,NA
456,"bart","two_stage","m1",617,61.3343763036618,11.3343763036618,NA,NA,7.80978289774149,0.680348161082591,60.6540281425792,46.0274830970116,76.641269510312,45.347134935929,75.9609213492294,1,1,0,1,1085.17519116402,1089.48678970337,NA
457,"bart","two_stage","m1",607,57.9210176224355,7.92101762243552,NA,NA,7.73878265695808,-0.455684775113724,58.3767023975492,42.7532823306145,73.0887529142565,43.2089671057282,73.5444376893703,1,1,0,1,1071.13532185555,1075.62883234024,NA
458,"bart","two_stage","m1",596,44.42634894308,-5.57365105692003,NA,NA,6.59106708403713,-0.923149736418708,45.3494986794987,31.5080948386798,57.3446030474802,32.4312445750985,58.2677527838989,1,1,0,1,1053.14705038071,1057.25455379486,NA
459,"bart","two_stage","m1",617,49.7975936325299,-0.202406367470076,NA,NA,6.35957403737241,-3.15546458783697,52.9530582203669,37.333057562264,62.2621297027958,40.488522150101,65.4175942906328,1,1,0,1,1059.94828677177,1064.1169629097,NA
460,"bart","two_stage","m1",609,60.7229776883515,10.7229776883515,NA,NA,6.80570153882109,-0.0332842335268282,60.7562619218784,47.3840477827334,74.0619075939697,47.4173320162602,74.0951918274965,1,1,0,1,1055.55761647224,1059.69114947319,NA
461,"bart","two_stage","m1",618,51.5717835751724,1.57178357517241,NA,NA,6.1442862121158,-2.52313755099893,54.0949211261713,39.5292038887194,63.6143632616254,42.0523414397183,66.1375008126243,1,1,0,1,1070.02520561218,1074.17401123047,NA
462,"bart","two_stage","m1",575,49.8829122694342,-0.117087730565828,NA,NA,7.55459656903006,-4.43747850859675,54.3203907780309,35.0761750764054,64.689649462463,39.5136535850021,69.1271279710597,1,1,0,1,1054.06247711182,1058.19065499306,NA
463,"bart","two_stage","m1",573,50.3784876599115,0.378487659911549,NA,NA,7.52104033698695,-1.32605548962651,51.7045431495381,35.6375194731441,65.119455846679,36.9635749627706,66.4455113363055,1,1,0,1,1046.26181983948,1050.21881914139,NA
464,"bart","two_stage","m1",642,52.1789303252351,2.17893032523507,NA,NA,6.76815115249214,2.06515148796299,50.1137788372721,38.9135978244272,65.4442628260429,36.8484463364642,63.3791113380799,1,1,0,1,1078.54755187035,1082.74747824669,NA
465,"bart","two_stage","m1",596,57.6934099819374,7.69340998193736,NA,NA,7.69222961823567,0.394312682965527,57.2990972989718,42.6169169693832,72.7699029944916,42.2226042864176,72.375590311526,1,1,0,1,1051.95191287994,1056.00101613998,NA
466,"bart","two_stage","m1",583,49.4873872296287,-0.512612770371327,NA,NA,6.72953603541481,-0.277444438610715,49.7648316682394,36.2977389675512,62.6770354917061,36.5751834061619,62.9544799303169,1,1,0,1,1066.7051255703,1070.86715102196,NA
467,"bart","two_stage","m1",597,51.3764163504325,1.37641635043252,NA,NA,7.19615661768199,-2.26986875747284,53.6462851079054,37.2722085526662,65.4806241481988,39.5420773101391,67.7504929056716,1,1,0,1,1064.95212578773,1069.20791745186,NA
468,"bart","two_stage","m1",627,44.3649594858649,-5.6350405141351,NA,NA,7.05314671573322,-1.29309510246575,45.6580545883306,30.5410459453508,58.188873026379,31.8341410478166,59.4819681288447,1,1,0,1,1060.69233798981,1065.05934262276,NA
469,"bart","two_stage","m1",608,56.7236605345839,6.7236605345839,NA,NA,6.37577799224343,-1.02072188788461,57.7443824224685,44.2273652963637,69.2199557728041,45.2480871842483,70.2406776606887,1,1,0,1,1069.62080979347,1073.9035410881,NA
470,"bart","two_stage","m1",621,61.5132551176194,11.5132551176194,NA,NA,7.61108331657578,-3.25270098320362,64.765956100823,46.5958059337972,76.4307043014416,49.8485069170008,79.6834052846452,1,1,0,1,1073.64629149437,1077.88583755493,NA
471,"bart","two_stage","m1",607,51.7595758309334,1.75957583093335,NA,NA,6.32423717905393,-1.00112329894565,52.760699129879,39.3642987302985,64.1548529315682,40.3654220292441,65.1559762305139,1,1,0,1,1055.75782060623,1059.90261864662,NA
472,"bart","two_stage","m1",585,54.9721712621314,4.97217126213138,NA,NA,6.303093353852,-1.61013584916584,56.5823071112972,42.6183352973877,67.3260072268751,44.2284711465535,68.9361430760409,1,1,0,1,1044.73574638367,1048.84516477585,NA
473,"bart","two_stage","m1",637,51.0343537808878,1.03435378088784,NA,NA,6.65058942665244,0.480222785680375,50.5541309952075,37.9994380286862,64.0692695330895,37.5192152430058,63.5890467474091,1,1,0,1,1081.52159762383,1085.77999258041,NA
474,"bart","two_stage","m1",621,56.0082718452274,6.00827184522743,NA,NA,6.75111121258977,-2.79249238985816,58.8007642350856,42.776337012927,69.2402066775279,45.5688294027851,72.0326990673861,1,1,0,1,1061.04014277458,1065.20808982849,NA
475,"bart","two_stage","m1",617,50.8138726378563,0.813872637856306,NA,NA,5.58898283997145,-0.92298841194372,51.7368610498,39.8596675612999,61.7680777144127,40.7826559732436,62.6910661263565,1,1,0,1,1084.496925354,1088.7085313797,NA
476,"bart","two_stage","m1",593,53.7582073624343,3.75820736243433,NA,NA,6.68175421241531,-2.97082705125675,56.7290344136911,40.6622097525515,66.8542049723171,43.6330368038083,69.8250320235739,1,1,0,1,1071.3219435215,1075.54325485229,NA
477,"bart","two_stage","m1",632,54.7700815319025,4.77008153190252,NA,NA,6.68851814345749,-1.83776078675599,56.6078423186585,41.6608268607831,67.8793362030219,43.4985876475391,69.7170969897779,1,1,0,1,1080.42828440666,1084.65335130692,NA
478,"bart","two_stage","m1",601,56.8719691279097,6.87196912790969,NA,NA,7.49399404800057,-0.222616733919779,57.0945858618295,42.1840106934711,71.5599275623483,42.4066274273908,71.7825442962681,1,1,0,1,1054.78654122353,1058.90384626389,NA
479,"bart","two_stage","m1",607,67.0770810089966,17.0770810089966,NA,NA,6.53887474105096,0.137986697717722,66.9390943112789,54.2611220171181,79.8930400008752,54.1231353194004,79.7550533031575,0,0,1,1,1070.75003552437,1074.91871809959,NA
480,"bart","two_stage","m1",607,55.2189533419005,5.21895334190049,NA,NA,7.83396615127994,-1.91766050696037,57.1366138488609,39.864661829286,70.573244854515,41.7823223362463,72.4909053614754,1,1,0,1,1059.8917427063,1064.05327606201,NA
481,"bart","two_stage","m1",620,60.2634385665579,10.2634385665579,NA,NA,6.83575157884834,-0.226415730020548,60.4898542965784,46.8656116647523,73.6612654683634,47.0920273947729,73.887681198384,1,1,0,1,1072.84100198746,1077.0427365303,NA
482,"bart","two_stage","m1",611,48.9009584876856,-1.09904151231439,NA,NA,6.81176753215581,-1.1603016986452,50.0612601863308,35.5501394536009,62.2517775217703,36.7104411522461,63.4120792204155,1,1,0,1,1063.68066430092,1067.82232427597,NA
483,"bart","two_stage","m1",625,51.59261103469,1.59261103468997,NA,NA,7.00642721798679,-0.205419362230131,51.7980303969201,37.8602660271347,65.3249560422452,38.0656853893648,65.5303754044754,1,1,0,1,1061.74040675163,1065.92093992233,NA
484,"bart","two_stage","m1",600,50.4835051904074,0.483505190407357,NA,NA,7.69153440221597,-4.29538094785186,54.7788861382592,35.4083747762132,65.5586356046015,39.7037557240651,69.8540165524533,1,1,0,1,1047.2755548954,1051.55825042725,NA
485,"bart","two_stage","m1",617,48.0632073817102,-1.93679261828982,NA,NA,6.24753817355856,-2.173947966702,50.2371553484122,35.8182575694963,60.3081571939241,37.9922055361983,62.4821051606261,1,1,0,1,1071.50009465218,1075.81143951416,NA
486,"bart","two_stage","m1",583,64.8179309173148,14.8179309173148,NA,NA,7.33577464893419,-1.96405167405935,66.7819825913742,50.4400768067019,79.1957850279278,52.4041284807612,81.1598367019871,0,0,1,1,1059.39612269402,1063.82785892487,NA
487,"bart","two_stage","m1",613,40.0791559085261,-9.92084409147388,NA,NA,7.67706380968086,-0.954264366740631,41.0334202752667,25.0323873345358,55.1259244825165,25.9866517012764,56.0801888492571,1,1,0,1,1061.93065643311,1066.0562646389,NA
488,"bart","two_stage","m1",606,48.1028168597532,-1.89718314024676,NA,NA,5.72068700896724,-1.88196099539865,49.9847778551519,36.8904763553513,59.3151573641552,38.7724373507499,61.1971183595538,1,1,0,1,1062.27736330032,1066.37988829613,NA
489,"bart","two_stage","m1",609,45.4308429252448,-4.56915707475518,NA,NA,6.73099618386159,-0.71270465930948,46.1435475845543,32.2383328247996,58.6233530256901,32.951037484109,59.3360576849996,1,1,0,1,1062.01701307297,1066.18172168732,NA
490,"bart","two_stage","m1",607,53.0211681396381,3.02116813963812,NA,NA,7.34180450061696,-2.3245401075709,55.345708247209,38.6314957368948,67.4108405423814,40.9560358444657,69.7353806499523,1,1,0,1,1077.795109272,1082.01250743866,NA
491,"bart","two_stage","m1",646,37.6689611772826,-12.3310388227174,NA,NA,6.80260360331484,-0.874269124118534,38.5432303014011,24.3361031136831,51.0018192408821,25.2103722378017,51.8760883650006,1,1,0,1,1059.61815500259,1064.38821816444,NA
492,"bart","two_stage","m1",599,63.4704164888702,13.4704164888702,NA,NA,8.07068434221549,-3.28363949995573,66.7540559888259,47.6521658475365,79.2886671302039,50.9358053474922,82.5723066301596,1,0,0,1,1050.77311658859,1054.91169786453,NA
493,"bart","two_stage","m1",603,54.5377745790067,4.53777457900672,NA,NA,6.75086497226003,-5.39504402122265,59.9328186002294,41.3063223688841,67.7692267891294,46.7013663901067,73.164270810352,1,1,0,1,1068.80541610718,1073.01876425743,NA
494,"bart","two_stage","m1",597,59.8989783433733,9.89897834337334,NA,NA,7.23619634443027,-0.633501200199362,60.5324795435727,45.7162941232296,74.0816625635171,46.349795323429,74.7151637637164,1,1,0,1,1072.23955535889,1076.51031804085,NA
495,"bart","two_stage","m1",616,59.5517963523747,9.55179635237469,NA,NA,6.97919126177285,-2.97148828240964,62.5232846347843,45.8728328380833,73.2307598666661,48.8443211204929,76.2022481490758,1,1,0,1,1087.34729194641,1091.63958239555,NA
496,"bart","two_stage","m1",606,55.3568705684149,5.35687056841486,NA,NA,6.09574883970636,-1.64652857277189,57.0033991411868,43.4094223837886,67.3043187530412,45.0559509565605,68.950847325813,1,1,0,1,1063.29513168335,1067.4966146946,NA
497,"bart","two_stage","m1",610,56.7632616059407,6.76326160594075,NA,NA,7.21065348927738,-1.88538898719214,58.6486505931329,42.630640461959,70.8958827499225,44.5160294491511,72.7812717371146,1,1,0,1,1062.57112383842,1066.9109723568,NA
498,"bart","two_stage","m1",620,49.8117075782503,-0.188292421749729,NA,NA,6.2015312971112,-0.835537698944549,50.6472452771948,37.6569295869144,61.9664855695862,38.4924672858589,62.8020232685307,1,1,0,1,1054.58715605736,1058.65176558495,NA
499,"bart","two_stage","m1",600,50.8504770764442,0.850477076444164,NA,NA,7.56274426922442,-2.09033368014945,52.9408107565936,36.0277706844776,65.6731834684107,38.1181043646271,67.7635171485602,1,1,0,1,1076.09788274765,1080.28075456619,NA
500,"bart","two_stage","m1",610,36.4838305528298,-13.5161694471702,NA,NA,6.43439133196316,-0.431967581251271,36.9157981340811,23.8726552797453,49.0950058259143,24.3046228609966,49.5269734071656,0,0,1,1,1075.24290204048,1079.46498632431,NA
