"replicate","Estimator","Procedure","ModelSpec","n_obs","estimate","bias","eif_var","eif_se","bootstrap_se","bootstrap_bias","bc_estimate","ci_lower","ci_upper","bc_ci_lower","bc_ci_upper","covered_true_95","covered_true_95_bc","reject_h0_effect","reject_h0_null","bootstrap_time_sec","se_method","replicate_time_sec","covered_mc_mean_95"
1,"lm_interact","two_stage","m1",619,49.841235578483,-0.158764421516992,NA,NA,6.71862264619683,1.12633643190802,48.714899146575,36.672977166222,63.009493990744,35.546640734314,61.883157558836,1,1,0,1,1.51349520683289,"bootstrap",1.62071442604065,NA
2,"lm_interact","two_stage","m1",612,51.353958039882,1.35395803988197,NA,NA,6.63374362954717,0.319613401446617,51.0343446384354,38.3520594432975,64.3558566364664,38.0324460418509,64.0362432350198,1,1,0,1,1.50351190567017,"bootstrap",1.60969805717468,NA
3,"lm_interact","two_stage","m1",603,50.3395392725315,0.339539272531468,NA,NA,6.27776628371598,0.330606061936678,50.0089332105948,38.0353434530883,62.6437350919746,37.7047373911516,62.313129030038,1,1,0,1,1.50479006767273,"bootstrap",1.61030673980713,NA
4,"lm_interact","two_stage","m1",617,45.466978452508,-4.53302154749204,NA,NA,6.56216304581222,2.3604099639585,43.1065684885495,32.6053752220364,58.3285816829796,30.2449652580778,55.9681717190211,1,1,0,1,1.49194717407227,"bootstrap",1.59889888763428,NA
5,"lm_interact","two_stage","m1",611,43.399336808609,-6.60066319139099,NA,NA,6.89722384169356,-0.700675592636564,44.1000124012456,29.8810264855786,56.9176471316394,30.5817020782152,57.6183227242759,1,1,0,1,1.49458861351013,"bootstrap",1.60103321075439,NA
6,"lm_interact","two_stage","m1",611,44.0276256658387,-5.97237433416129,NA,NA,7.26432793318266,-0.133037957976626,44.1606636238153,29.7898045449124,58.265446786765,29.922842502889,58.3984847447416,1,1,0,1,1.49943399429321,"bootstrap",1.60616230964661,NA
7,"lm_interact","two_stage","m1",611,46.2506107769407,-3.74938922305933,NA,NA,6.89252503419176,2.05398231705148,44.1966284598892,32.7415099473841,59.7597116064972,30.6875276303326,57.7057292894457,1,1,0,1,1.49870800971985,"bootstrap",1.60493874549866,NA
8,"lm_interact","two_stage","m1",613,67.5997844990762,17.5997844990762,NA,NA,8.63499215238829,-1.16637102152661,68.7661555206028,50.6755108736091,84.5240581245432,51.8418818951357,85.6904291460698,0,0,1,1,1.50085854530334,"bootstrap",1.60688495635986,NA
9,"lm_interact","two_stage","m1",603,61.065837086441,11.065837086441,NA,NA,7.44018726547122,-0.940702033883454,62.0065391203244,46.4833380078839,75.6483361649981,47.4240400417673,76.5890381988816,1,1,0,1,1.49003314971924,"bootstrap",1.59493803977966,NA
10,"lm_interact","two_stage","m1",621,54.5049211353335,4.5049211353335,NA,NA,5.79406049087696,-2.1316957991164,56.6366169344499,43.1487712489682,65.8610710216988,45.2804670480846,67.9927668208152,1,1,0,1,1.50220346450806,"bootstrap",1.60783052444458,NA
11,"lm_interact","two_stage","m1",610,48.8516807110798,-1.14831928892021,NA,NA,6.06588672396066,-0.784256131887801,49.6359368429676,36.9627611978173,60.7406002243423,37.7470173297051,61.5248563562301,1,1,0,1,1.61049008369446,"bootstrap",1.62364411354065,NA
12,"lm_interact","two_stage","m1",603,50.5198213010537,0.519821301053732,NA,NA,8.45677996877222,0.849866519850544,49.6699547812032,33.9448371370804,67.094805465027,33.0949706172299,66.2449389451765,1,1,0,1,1.60834741592407,"bootstrap",1.62156939506531,NA
13,"lm_interact","two_stage","m1",598,59.4809644022819,9.48096440228187,NA,NA,6.59631891228937,-0.267990536886707,59.7489549391686,46.5524169036543,72.4095119009095,46.820407440541,72.6775024377962,1,1,0,1,1.59208941459656,"bootstrap",1.60517454147339,NA
14,"lm_interact","two_stage","m1",578,50.9670306499137,0.967030649913703,NA,NA,7.14545231381619,0.862580033450733,50.104450616463,36.9622014615856,64.9718598382418,36.0996214281348,64.1092798047911,1,1,0,1,1.58747029304504,"bootstrap",1.60071325302124,NA
15,"lm_interact","two_stage","m1",601,46.9203956387556,-3.07960436124444,NA,NA,6.48401761943606,0.758977276565069,46.1614183621905,34.2119546295378,59.6288366479734,33.4529773529727,58.8698593714083,1,1,0,1,1.59867334365845,"bootstrap",1.61176180839539,NA
16,"lm_interact","two_stage","m1",611,60.7664624033876,10.7664624033876,NA,NA,6.54161371581875,-2.58486363669493,63.3513260400826,47.9451351196096,73.5877896871656,50.5299987563046,76.1726533238605,1,0,0,1,1.60109782218933,"bootstrap",1.61413073539734,NA
17,"lm_interact","two_stage","m1",618,59.3709588470661,9.37095884706611,NA,NA,7.61478348093069,-1.47656980444922,60.8475286515153,44.4462574743714,74.2956602197608,45.9228272788206,75.77223002421,1,1,0,1,1.59489989280701,"bootstrap",1.60791754722595,NA
18,"lm_interact","two_stage","m1",615,66.5780165350423,16.5780165350423,NA,NA,7.00344424531457,1.35637769131013,65.2216388437322,52.8515180464914,80.3045150235931,51.4951403551813,78.948137332283,0,0,1,1,1.59397339820862,"bootstrap",1.60655403137207,NA
19,"lm_interact","two_stage","m1",611,44.6691580066362,-5.33084199336384,NA,NA,5.49155487969018,0.711972838453399,43.9571851681828,33.9059082233182,55.4324077899541,33.1939353848648,54.7204349515007,1,1,0,1,1.5866527557373,"bootstrap",1.5991473197937,NA
20,"lm_interact","two_stage","m1",613,51.8829063710288,1.88290637102882,NA,NA,6.88503037223739,-0.712385668454274,52.5952920394831,38.3884948089791,65.3773179330785,39.1008804774334,66.0897036015328,1,1,0,1,1.58900785446167,"bootstrap",1.60258293151855,NA
21,"lm_interact","two_stage","m1",631,47.9158188705341,-2.08418112946593,NA,NA,6.6118649924339,-1.24233339240254,49.1581522629366,34.9568016147224,60.8748361263457,36.199135007125,62.1171695187482,1,1,0,1,1.4039568901062,"bootstrap",1.41598415374756,NA
22,"lm_interact","two_stage","m1",574,49.0286968058403,-0.971303194159653,NA,NA,6.29763835033353,0.862363409455313,48.166333396385,36.6855524515284,61.3718411601523,35.8231890420731,60.509477750697,1,1,0,1,1.38292908668518,"bootstrap",1.3992748260498,NA
23,"lm_interact","two_stage","m1",593,50.780460544697,0.780460544697036,NA,NA,6.58412190605003,2.49333432477422,48.2871262199228,37.8758187390178,63.6851023503763,35.3824844142436,61.1917680256021,1,1,0,1,1.39399480819702,"bootstrap",1.40652680397034,NA
24,"lm_interact","two_stage","m1",595,40.702138827592,-9.29786117240803,NA,NA,7.51378009345921,1.13875570244693,39.563383125145,25.9754004566579,55.428877198526,24.836644754211,54.2901214960791,1,1,0,1,1.38177680969238,"bootstrap",1.39413189888,NA
25,"lm_interact","two_stage","m1",617,41.2269634597557,-8.77303654024428,NA,NA,7.40813079101723,-0.15040063038267,41.3773640901384,26.7072939165997,55.7466330029117,26.8576945469824,55.8970336332944,1,1,0,1,1.38277626037598,"bootstrap",1.39478707313538,NA
26,"lm_interact","two_stage","m1",616,53.7587130599545,3.75871305995454,NA,NA,7.17517154767885,0.625667953976176,53.1330451059784,39.6956352436075,67.8217908763016,39.0699672896313,67.1961229223254,1,1,0,1,1.38560056686401,"bootstrap",1.3975625038147,NA
27,"lm_interact","two_stage","m1",613,41.3744758616127,-8.62552413838726,NA,NA,7.07950328582054,0.173781750101917,41.2006941115108,27.4989043929715,55.250047330254,27.3251226428696,55.0762655801521,1,1,0,1,1.38667678833008,"bootstrap",1.39859580993652,NA
28,"lm_interact","two_stage","m1",607,53.9876824350287,3.98768243502867,NA,NA,7.58724326351928,-0.0878322127324935,54.0755146477612,39.1169588965867,68.8584059734706,39.2047911093192,68.9462381862031,1,1,0,1,1.3928964138031,"bootstrap",1.40486192703247,NA
29,"lm_interact","two_stage","m1",630,48.3973183294335,-1.60268167056648,NA,NA,7.80233716884903,0.108233854406166,48.2890844750274,33.1050184832512,63.6896181756158,32.996784628845,63.5813843212097,1,1,0,1,1.80837845802307,"bootstrap",1.82052445411682,NA
30,"lm_interact","two_stage","m1",608,55.2847371514089,5.28473715140888,NA,NA,6.10781473480551,0.0256493771680724,55.2590877742408,43.313640246947,67.2558340558707,43.2879908697789,67.2301846787027,1,1,0,1,1.80733203887939,"bootstrap",1.81942749023438,NA
31,"lm_interact","two_stage","m1",594,44.1215200313987,-5.87847996860128,NA,NA,6.84078508595558,0.517775943051646,43.6037440883471,30.7138276369471,57.5292124258504,30.1960516938954,57.0114364827987,1,1,0,1,1.47373723983765,"bootstrap",1.48700928688049,NA
32,"lm_interact","two_stage","m1",623,51.3130512300497,1.31305123004966,NA,NA,6.59423174719789,-0.32894243286583,51.6419936629155,38.3885944998312,64.2375079602681,38.717536932697,64.566450393134,1,1,0,1,1.47528910636902,"bootstrap",1.48824405670166,NA
33,"lm_interact","two_stage","m1",609,57.5680813307797,7.56808133077966,NA,NA,6.6123965238916,-0.320991519244473,57.8890728500241,44.6080222924543,70.528140369105,44.9290138116988,70.8491318883495,1,1,0,1,1.89114284515381,"bootstrap",1.90386247634888,NA
34,"lm_interact","two_stage","m1",585,43.8131120510679,-6.18688794893208,NA,NA,7.28304490138358,1.17741064813019,42.6357014029377,29.538606346568,58.0876177555678,28.3611956984378,56.9102071074376,1,1,0,1,1.45239686965942,"bootstrap",1.46458697319031,NA
35,"lm_interact","two_stage","m1",628,56.4307675875217,6.43076758752174,NA,NA,8.58602209520856,1.75592839308294,54.6748391944388,39.6024735104478,73.2590616645957,37.8465451173649,71.5031332715127,1,1,0,1,1.46791291236877,"bootstrap",1.48126220703125,NA
36,"lm_interact","two_stage","m1",602,54.7813084298654,4.78130842986544,NA,NA,7.63396460597652,2.01486645675067,52.7664419731148,39.819012742898,69.7436041168329,37.8041462861473,67.7287376600822,1,1,0,1,1.46270489692688,"bootstrap",1.48428964614868,NA
37,"lm_interact","two_stage","m1",611,68.4992495506516,18.4992495506516,NA,NA,7.25286136438085,-0.747486411984312,69.2467359626359,54.2839024916031,82.7145966097001,55.0313889035874,83.4620830216844,0,0,1,1,1.46165585517883,"bootstrap",1.48296284675598,NA
38,"lm_interact","two_stage","m1",568,51.9383966212113,1.93839662121126,NA,NA,6.57736409782842,0.705725518283757,51.2326711029275,39.0469998762608,64.8297933661617,38.341274357977,64.124067847878,1,1,0,1,1.92465376853943,"bootstrap",1.93741679191589,NA
39,"lm_interact","two_stage","m1",620,42.5637174016454,-7.4362825983546,NA,NA,5.49225381004834,0.146793443144603,42.4169239585008,31.7990977399978,53.328337063293,31.6523042968532,53.1815436201484,1,1,0,1,1.44508361816406,"bootstrap",1.45804071426392,NA
40,"lm_interact","two_stage","m1",581,57.0526382549539,7.0526382549539,NA,NA,7.25826915635542,1.23413777778405,55.8185004771698,42.8266921183994,71.2785843915084,41.5925543406153,70.0444466137244,1,1,0,1,1.44176006317139,"bootstrap",1.46535587310791,NA
41,"lm_interact","two_stage","m1",599,69.5943762416726,19.5943762416726,NA,NA,7.60483777968542,-2.06481027307974,71.6591865147524,54.6891680852197,84.4995843981256,56.7539783582994,86.5643946712053,0,0,1,1,1.9532425403595,"bootstrap",1.96647262573242,NA
42,"lm_interact","two_stage","m1",612,55.2693073153435,5.26930731534347,NA,NA,7.33681560868931,1.15153359720536,54.1177737181381,40.8894129611011,69.6492016695858,39.7378793638957,68.4976680723805,1,1,0,1,1.93980479240417,"bootstrap",1.95357084274292,NA
43,"lm_interact","two_stage","m1",594,64.2451154755613,14.2451154755613,NA,NA,7.81925842844836,2.21811317255424,62.0270023030071,48.9196505699913,79.5705803811314,46.701537397437,77.3524672085771,1,1,0,1,1.4736328125,"bootstrap",1.48660111427307,NA
44,"lm_interact","two_stage","m1",591,47.6842651552903,-2.31573484470971,NA,NA,7.20699379617417,1.92671843668887,45.7575467186014,33.5588168779853,61.8097134325953,31.6320984412964,59.8829949959064,1,1,0,1,1.92748498916626,"bootstrap",1.94117283821106,NA
45,"lm_interact","two_stage","m1",611,57.401990513745,7.40199051374503,NA,NA,8.90917482939101,-0.0798855477444675,57.4818760614895,39.9403287161679,74.8636523113222,40.0202142639123,74.9435378590667,1,1,0,1,1.94731545448303,"bootstrap",1.96100759506226,NA
46,"lm_interact","two_stage","m1",599,58.397717857271,8.39771785727103,NA,NA,6.2428203750492,-1.05230763148938,59.4500254887604,46.1620147602218,70.6334209543203,47.2143223917111,71.6857285858097,1,1,0,1,1.93517780303955,"bootstrap",1.94833993911743,NA
47,"lm_interact","two_stage","m1",614,63.7454376915344,13.7454376915344,NA,NA,7.97255979390573,-0.19404174094619,63.9394794324806,48.1195076308871,79.3713677521817,48.3135493718333,79.5654094931279,1,1,0,1,1.93726778030396,"bootstrap",1.95054793357849,NA
48,"lm_interact","two_stage","m1",618,42.9397291064296,-7.06027089357044,NA,NA,8.05791989409894,0.481717669581386,42.4580114368482,27.1464963236868,58.7329618891723,26.6647786541055,58.2512442195909,1,1,0,1,1.4739363193512,"bootstrap",1.48668503761292,NA
49,"lm_interact","two_stage","m1",601,57.5236010988742,7.52360109887415,NA,NA,7.12249897229385,-0.956948177107478,58.4805492759816,43.5637596332547,71.4834425644936,44.5207078103621,72.4403907416011,1,1,0,1,1.47201633453369,"bootstrap",1.48518395423889,NA
50,"lm_interact","two_stage","m1",623,50.0388206804302,0.0388206804301632,NA,NA,7.58442824957101,1.97801682351857,48.0608038569116,35.1736144679428,64.9040268929175,33.1955976444243,62.9260100693989,1,1,0,1,1.46973705291748,"bootstrap",1.48293900489807,NA
51,"lm_interact","two_stage","m1",595,34.3073181449309,-15.6926818550691,NA,NA,6.87407867066217,0.705725907830271,33.6015922371006,20.8343715235381,47.7802647663237,20.1286456157078,47.0745388584934,0,0,1,1,1.45332765579224,"bootstrap",1.46667456626892,NA
52,"lm_interact","two_stage","m1",593,47.1689305264846,-2.83106947351542,NA,NA,7.78903358883821,-3.29103725895866,50.4599677854432,31.9027052179889,62.4351558349802,35.1937424769476,65.7261930939389,1,1,0,1,1.4565224647522,"bootstrap",1.46986508369446,NA
53,"lm_interact","two_stage","m1",603,52.0790857873748,2.07908578737475,NA,NA,6.5569268133465,1.76438208852414,50.3147036988506,39.2277453839506,64.9304261907989,37.4633632954265,63.1660441022747,1,1,0,1,1.44814848899841,"bootstrap",1.46088409423828,NA
54,"lm_interact","two_stage","m1",611,47.5623918792804,-2.43760812071963,NA,NA,6.36358647915854,0.512340086317934,47.0500517929624,35.0899915676236,60.0347921909371,34.5776514813057,59.5224521046192,1,1,0,1,1.43827247619629,"bootstrap",1.45166659355164,NA
55,"lm_interact","two_stage","m1",630,62.0191463060029,12.0191463060029,NA,NA,7.38434659465727,-0.427088361121335,62.4462346671243,47.5460929311137,76.4921996808922,47.973181292235,76.9192880420135,1,1,0,1,1.44752788543701,"bootstrap",1.46056151390076,NA
56,"lm_interact","two_stage","m1",624,48.9387362713083,-1.06126372869174,NA,NA,6.29399386599143,0.0756830690245351,48.8630532022837,36.602734975049,61.2747375675675,36.5270519060245,61.1990544985429,1,1,0,1,1.4452588558197,"bootstrap",1.46839761734009,NA
57,"lm_interact","two_stage","m1",611,50.3146804634817,0.314680463481729,NA,NA,6.17585271038333,-1.15219539361274,51.4668758570945,38.2102315773063,62.4191293496571,39.3624269709191,63.5713247432699,1,1,0,1,1.44620513916016,"bootstrap",1.45938277244568,NA
58,"lm_interact","two_stage","m1",633,52.5474296562742,2.54742965627423,NA,NA,7.78306696915689,1.31130804114748,51.2361216151267,37.2928987074634,67.8019606050851,35.9815906663159,66.4906525639376,1,1,0,1,1.45074868202209,"bootstrap",1.46402215957642,NA
59,"lm_interact","two_stage","m1",623,58.4798901227787,8.47989012277867,NA,NA,7.47052906329974,-0.298852144394736,58.7787422671734,43.8379222132514,73.1218580323059,44.1367743576462,73.4207101767006,1,1,0,1,1.44073128700256,"bootstrap",1.45371341705322,NA
60,"lm_interact","two_stage","m1",616,55.4050162952798,5.40501629527977,NA,NA,6.54285144372829,-0.635514269076694,56.0405305643565,42.5812631093764,68.2287694811831,43.2167773784531,68.8642837502598,1,1,0,1,1.45195293426514,"bootstrap",1.46513724327087,NA
61,"lm_interact","two_stage","m1",625,41.3531002278112,-8.64689977218881,NA,NA,6.40130269261638,0.0628680060471325,41.2902322217641,28.8067774961438,53.8994229594786,28.7439094900967,53.8365549534314,1,1,0,1,1.45773458480835,"bootstrap",1.47059416770935,NA
62,"lm_interact","two_stage","m1",603,54.6319176759386,4.63191767593861,NA,NA,7.19361906390203,-0.103706551862835,54.7356242278014,40.5326833921899,68.7311519596873,40.6363899440527,68.8348585115502,1,1,0,1,1.4539954662323,"bootstrap",1.4672577381134,NA
63,"lm_interact","two_stage","m1",601,46.6436921407177,-3.3563078592823,NA,NA,5.84842056819914,-0.156381520624301,46.800073661342,35.1809984606041,58.1063858208313,35.3373799812284,58.2627673414556,1,1,0,1,1.45802140235901,"bootstrap",1.47158288955688,NA
64,"lm_interact","two_stage","m1",594,54.2554216652587,4.25542166525874,NA,NA,6.89680779992758,1.39203471169845,52.8633869535603,40.7379267691058,67.7729165614117,39.3458920574073,66.3808818497133,1,1,0,1,1.44450402259827,"bootstrap",1.45778727531433,NA
65,"lm_interact","two_stage","m1",614,54.794008922823,4.79400892282302,NA,NA,7.15831904842961,-0.339696734853916,55.1337056576769,40.763961398054,68.8240564475921,41.1036581329079,69.163753182446,1,1,0,1,1.44618225097656,"bootstrap",1.45925545692444,NA
66,"lm_interact","two_stage","m1",600,49.1468294988399,-0.853170501160122,NA,NA,6.84982200375983,-0.185498578601312,49.3323280774412,35.7214250709606,62.5722339267191,35.9069236495619,62.7577325053204,1,1,0,1,1.44880747795105,"bootstrap",1.46213483810425,NA
67,"lm_interact","two_stage","m1",611,46.453215098718,-3.54678490128202,NA,NA,6.37683509741731,1.23294699974231,45.2202680989757,33.9548479724291,58.9515822250069,32.7219009726868,57.7186352252645,1,1,0,1,1.44779753684998,"bootstrap",1.46152067184448,NA
68,"lm_interact","two_stage","m1",630,46.0737126038576,-3.92628739614238,NA,NA,6.61270956175656,0.59550785665278,45.4782047472048,33.1130400225911,59.0343851851241,32.5175321659383,58.4388773284713,1,1,0,1,1.4581184387207,"bootstrap",1.47146892547607,NA
69,"lm_interact","two_stage","m1",613,60.3524496464614,10.3524496464614,NA,NA,7.76167057759228,-0.674389161391254,61.0268388078527,45.1398548545163,75.5650444384065,45.8142440159076,76.2394335997977,1,1,0,1,1.441899061203,"bootstrap",1.45504283905029,NA
70,"lm_interact","two_stage","m1",611,63.2742715711579,13.2742715711579,NA,NA,7.70225774115694,0.820930523995649,62.4533410471623,48.1781237988455,78.3704193434703,47.3571932748498,77.5494888194747,1,1,0,1,1.44333028793335,"bootstrap",1.45619940757751,NA
71,"lm_interact","two_stage","m1",599,49.3431603707259,-0.656839629274117,NA,NA,7.34211575607613,0.132412071648503,49.2107482990774,34.9528779184926,63.7334428229592,34.8204658468441,63.6010307513107,1,1,0,1,1.46332836151123,"bootstrap",1.47690272331238,NA
72,"lm_interact","two_stage","m1",623,43.2978774995586,-6.70212250044141,NA,NA,6.94960959297759,0.808662373452442,42.4892151261061,29.6768929907085,56.9188620084087,28.868230617256,56.1101996349563,1,1,0,1,1.45766401290894,"bootstrap",1.47096729278564,NA
73,"lm_interact","two_stage","m1",601,57.2157811447975,7.21578114479746,NA,NA,8.22121287589003,0.033984912461797,57.1817962323357,41.102499998816,73.3290622907789,41.0685150863542,73.2950773783171,1,1,0,1,1.44401979446411,"bootstrap",1.45687413215637,NA
74,"lm_interact","two_stage","m1",628,49.8479676914309,-0.152032308569069,NA,NA,7.92641399511595,1.12351209198688,48.724455599444,34.3124817344494,65.3834536484124,33.1889696424626,64.2599415564255,1,1,0,1,1.43472838401794,"bootstrap",1.44770932197571,NA
75,"lm_interact","two_stage","m1",591,47.0428332797989,-2.95716672020108,NA,NA,7.9648347130051,0.405636132880076,46.6371971469188,31.4320440994945,62.6536224601033,31.0264079666144,62.2479863272233,1,1,0,1,1.45118260383606,"bootstrap",1.46353578567505,NA
76,"lm_interact","two_stage","m1",585,40.1188134684267,-9.88118653157334,NA,NA,6.26781257154931,0.875121880054891,39.2436915883718,27.8341265663426,52.4035003705107,26.9590046862877,51.5283784904558,1,1,0,1,1.45737409591675,"bootstrap",1.4709267616272,NA
77,"lm_interact","two_stage","m1",605,52.0679444107296,2.06794441072955,NA,NA,6.0740939337774,-0.460412152513797,52.5283565632433,40.1629390618126,63.9729497596465,40.6233512143264,64.4333619121603,1,1,0,1,1.45545744895935,"bootstrap",1.46853256225586,NA
78,"lm_interact","two_stage","m1",613,56.4441192440684,6.44411924406844,NA,NA,7.55911434596455,1.15672190937996,55.2873973346885,41.6285273709579,71.259711117179,40.4718054615779,70.102989207799,1,1,0,1,1.4434061050415,"bootstrap",1.45601344108582,NA
79,"lm_interact","two_stage","m1",597,48.8056906972046,-1.19430930279541,NA,NA,6.75383455804171,1.78312596513181,47.0225647320728,35.5684182059008,62.0429631885083,33.785292240769,60.2598372233765,1,1,0,1,1.44702959060669,"bootstrap",1.46005535125732,NA
80,"lm_interact","two_stage","m1",602,45.0898183178905,-4.91018168210945,NA,NA,6.51387071612076,0.580349163709748,44.5094691541808,32.3228663143437,57.8567703214374,31.742517150634,57.2764211577276,1,1,0,1,1.44027018547058,"bootstrap",1.453458070755,NA
81,"lm_interact","two_stage","m1",619,57.2470475528101,7.24704755281008,NA,NA,7.72143176285312,-1.43001635091898,58.6770639037291,42.1133193885344,72.3807757170858,43.5433357394533,73.8107920680048,1,1,0,1,1.45203113555908,"bootstrap",1.46585321426392,NA
82,"lm_interact","two_stage","m1",616,66.5915964205803,16.5915964205803,NA,NA,7.25312747971561,-0.617448047123375,67.2090444677036,52.3757277850599,80.8074650561006,52.9931758321833,81.424913103224,0,0,1,1,1.45017671585083,"bootstrap",1.46384382247925,NA
83,"lm_interact","two_stage","m1",620,43.1708530375565,-6.82914696244352,NA,NA,7.03832817877468,0.663523934637468,42.507329102919,29.3759832957847,56.9657227793282,28.7124593611473,56.3021988446908,1,1,0,1,1.45036745071411,"bootstrap",1.46393275260925,NA
84,"lm_interact","two_stage","m1",614,44.6349912555911,-5.36500874440895,NA,NA,6.13628946493365,0.358091378115162,44.2768998774759,32.6080849056085,56.6618976055736,32.2499935274934,56.3038062274584,1,1,0,1,1.44923949241638,"bootstrap",1.46256971359253,NA
85,"lm_interact","two_stage","m1",622,55.3046897651699,5.3046897651699,NA,NA,8.22277473539592,0.954915430159488,54.3497743350104,39.188347430808,71.4210320995318,38.2334320006485,70.4661166693723,1,1,0,1,1.44002199172974,"bootstrap",1.45310997962952,NA
86,"lm_interact","two_stage","m1",594,55.4899135240904,5.48991352409043,NA,NA,8.22367589647285,0.206328485574872,55.2835850385156,39.3718049464735,71.6080221017073,39.1654764608986,71.4016936161325,1,1,0,1,1.44485402107239,"bootstrap",1.45799612998962,NA
87,"lm_interact","two_stage","m1",600,53.490927765032,3.49092776503204,NA,NA,6.96692532012649,0.33871876296206,53.15220900207,39.8360050546039,67.1458504754602,39.4972862916419,66.8071317124981,1,1,0,1,1.44827318191528,"bootstrap",1.46121001243591,NA
88,"lm_interact","two_stage","m1",591,37.9803108250861,-12.0196891749139,NA,NA,6.24906337315516,0.396981444001035,37.5833293810851,25.7323716765936,50.2282499735786,25.3353902325926,49.8312685295775,1,0,0,1,1.44171953201294,"bootstrap",1.45604515075684,NA
89,"lm_interact","two_stage","m1",629,54.5615128231838,4.56151282318378,NA,NA,7.57150692726915,-0.488772157807304,55.0502849809911,39.7216319370407,69.4013937093268,40.210404094848,69.8901658671341,1,1,0,1,1.44288325309753,"bootstrap",1.45624351501465,NA
90,"lm_interact","two_stage","m1",618,49.0102749269673,-0.989725073032652,NA,NA,7.71573303865972,-0.787051218699581,49.7973261456669,33.8877160568685,64.1328337970662,34.6747672755681,64.9198850157658,1,1,0,1,1.45052242279053,"bootstrap",1.46371006965637,NA
91,"lm_interact","two_stage","m1",568,46.1379428878407,-3.86205711215926,NA,NA,6.23140602659646,-0.704132845471214,46.842075733312,33.9246115026658,58.3512742730156,34.6287443481371,59.0554071184869,1,1,0,1,1.45557880401611,"bootstrap",1.46848130226135,NA
92,"lm_interact","two_stage","m1",603,55.4558898630897,5.45588986308967,NA,NA,5.97125097590885,0.69645180571159,54.7594380573781,43.7524530076587,67.1593267185207,43.0560012019471,66.4628749128091,1,1,0,1,1.45975041389465,"bootstrap",1.47262763977051,NA
93,"lm_interact","two_stage","m1",624,51.0880304487156,1.08803044871558,NA,NA,6.63421922563538,1.78954628924262,49.298484159473,38.085199700927,64.0908611965041,36.2956534116844,62.3013149072615,1,1,0,1,1.45544672012329,"bootstrap",1.46844863891602,NA
94,"lm_interact","two_stage","m1",602,50.7651861302394,0.765186130239385,NA,NA,6.80707139379403,-1.10050839259253,51.8656945228319,37.4235713582102,64.1068009022686,38.5240797508027,65.2073092948611,1,1,0,1,1.43792080879211,"bootstrap",1.45076441764832,NA
95,"lm_interact","two_stage","m1",588,42.5681585496123,-7.43184145038773,NA,NA,6.75710335565183,1.04900239957506,41.5191561500372,29.32447933272,55.8118377665046,28.2754769331449,54.7628353669295,1,1,0,1,1.44436979293823,"bootstrap",1.45768022537231,NA
96,"lm_interact","two_stage","m1",599,54.1501936499423,4.15019364994233,NA,NA,7.93056342572457,-0.722228640347346,54.8724222902897,38.6065749584116,69.6938123414731,39.3288035987589,70.4160409818204,1,1,0,1,1.45683932304382,"bootstrap",1.4699239730835,NA
97,"lm_interact","two_stage","m1",607,54.0895921810354,4.08959218103539,NA,NA,6.39900317584787,1.5106574520836,52.5789347289518,41.5477764194161,66.6314079426546,40.0371189673325,65.120750490571,1,1,0,1,1.45718169212341,"bootstrap",1.47049713134766,NA
98,"lm_interact","two_stage","m1",604,49.5015843752465,-0.498415624753491,NA,NA,7.25134889841145,0.421545215269802,49.0800391599767,35.2892016950259,63.7139670554671,34.8676564797561,63.2924218401973,1,1,0,1,1.44272923469543,"bootstrap",1.4558322429657,NA
99,"lm_interact","two_stage","m1",609,46.3196801119155,-3.6803198880845,NA,NA,6.74086107879357,-0.0958604089522197,46.4155405208677,33.1078351726923,59.5315250511387,33.2036955816445,59.6273854600909,1,1,0,1,1.44966340065002,"bootstrap",1.46241450309753,NA
100,"lm_interact","two_stage","m1",601,61.3040006112865,11.3040006112865,NA,NA,7.11377433233767,0.738965366067227,60.5650352452193,47.3612591257592,75.2467420968138,46.622293759692,74.5077767307466,1,1,0,1,1.44400596618652,"bootstrap",1.45767021179199,NA
101,"lm_interact","two_stage","m1",615,59.1006187837148,9.10061878371479,NA,NA,6.87345509293222,-0.375684904583338,59.4763036882981,45.6288943522142,72.5723432152153,46.0045792567976,72.9480281197987,1,1,0,1,1.46065187454224,"bootstrap",1.4740777015686,NA
102,"lm_interact","two_stage","m1",594,53.9271595436088,3.92715954360884,NA,NA,6.7685202566874,0.402358219117382,53.5248013244915,40.6611036118717,67.193215475346,40.2587453927544,66.7908572562286,1,1,0,1,1.45369219779968,"bootstrap",1.46705412864685,NA
103,"lm_interact","two_stage","m1",621,52.9429357825645,2.9429357825645,NA,NA,5.64203773734841,-0.112879838649462,53.055815621214,41.8847450179458,64.0011265471832,41.9976248565952,64.1140063858327,1,1,0,1,1.45706176757812,"bootstrap",1.47046518325806,NA
104,"lm_interact","two_stage","m1",613,45.3739445372965,-4.62605546270348,NA,NA,5.74714389691809,1.27383260065325,44.1001119366433,34.1097494853679,56.6381395892252,32.8359168847146,55.3643069885719,1,1,0,1,1.45290946960449,"bootstrap",1.46609592437744,NA
105,"lm_interact","two_stage","m1",610,54.3305508191703,4.33055081917031,NA,NA,6.4041373751062,-1.9902210510733,56.3207718702436,41.7786722119153,66.8824294264253,43.7688932629886,68.8726504774986,1,1,0,1,1.45633506774902,"bootstrap",1.46937489509583,NA
106,"lm_interact","two_stage","m1",628,59.1381202789284,9.13812027892838,NA,NA,7.52259562281166,1.16681648301628,57.9713037959121,44.3941037879589,73.8821367698979,43.2272873049426,72.7153202868816,1,1,0,1,1.46175861358643,"bootstrap",1.47599625587463,NA
107,"lm_interact","two_stage","m1",613,46.6272347247638,-3.37276527523623,NA,NA,7.63778040996608,-0.671701714965373,47.2989364397291,31.6574601994047,61.5970092501228,32.3291619143701,62.2687109650882,1,1,0,1,1.45525217056274,"bootstrap",1.46827816963196,NA
108,"lm_interact","two_stage","m1",617,43.3648340833794,-6.63516591662059,NA,NA,6.34905983563583,-0.476798479501156,43.8416325628806,30.9209054698434,55.8087626969154,31.3977039493445,56.2855611764166,1,1,0,1,1.44922661781311,"bootstrap",1.46262764930725,NA
109,"lm_interact","two_stage","m1",616,57.1575396979074,7.15753969790737,NA,NA,7.64989224813029,-0.368906645849115,57.5264463437565,42.1640264059599,72.1510529898549,42.532933051809,72.519959635704,1,1,0,1,1.4470477104187,"bootstrap",1.46022653579712,NA
110,"lm_interact","two_stage","m1",591,53.1641438510951,3.16414385109507,NA,NA,7.80413479462174,-0.600835615855338,53.7649794669504,37.8683207231406,68.4599669790496,38.4691563389959,69.0608025949049,1,1,0,1,1.44615387916565,"bootstrap",1.459144115448,NA
111,"lm_interact","two_stage","m1",601,50.0884099520215,0.0884099520215003,NA,NA,7.03188312761848,0.8541657305732,49.2342442214483,36.3061722783944,63.8706476256486,35.4520065478212,63.0164818950754,1,1,0,1,1.46712684631348,"bootstrap",1.48037242889404,NA
112,"lm_interact","two_stage","m1",592,63.7142393051561,13.7142393051561,NA,NA,6.52825474478117,-0.975986820249084,64.6902261254052,50.9190951234823,76.50938348683,51.8950819437314,77.485370307079,0,0,1,1,1.45922112464905,"bootstrap",1.47226166725159,NA
113,"lm_interact","two_stage","m1",602,37.1044036709292,-12.8955963290708,NA,NA,5.59631511766288,1.81136169812993,35.2930419727993,26.135827594173,48.0729797476855,24.324465896043,46.2616180495556,0,0,1,1,1.44782018661499,"bootstrap",1.4612557888031,NA
114,"lm_interact","two_stage","m1",589,65.7990359102585,15.7990359102585,NA,NA,7.09148833536976,-1.67592391290626,67.4749598231648,51.8999741761479,79.6980976443692,53.5758980890542,81.3740215572754,0,0,1,1,1.43950319290161,"bootstrap",1.45257425308228,NA
115,"lm_interact","two_stage","m1",606,53.7137270118888,3.71372701188885,NA,NA,6.74106017315204,-2.10489326650065,55.8186202783895,40.5014918548935,66.9259621688842,42.6063851213942,69.0308554353848,1,1,0,1,1.44268941879272,"bootstrap",1.45599508285522,NA
116,"lm_interact","two_stage","m1",614,43.088311261288,-6.91168873871195,NA,NA,6.69707526173268,-1.47534451885495,44.563655780143,29.9622849465378,56.2143375760382,31.4376294653928,57.6896820948932,1,1,0,1,1.45135068893433,"bootstrap",1.46381163597107,NA
117,"lm_interact","two_stage","m1",614,45.1890351467728,-4.81096485322721,NA,NA,6.27436118359635,0.846601625672399,44.3424335211004,32.8915132009278,57.4865570926177,32.0449115752554,56.6399554669453,1,1,0,1,1.45771765708923,"bootstrap",1.47123217582703,NA
118,"lm_interact","two_stage","m1",598,66.398385952403,16.398385952403,NA,NA,8.06703412571947,-0.349188951924177,66.7475749043272,50.5872896039373,82.2094823008688,50.9364785558615,82.5586712527929,0,0,1,1,1.4555516242981,"bootstrap",1.46853184700012,NA
119,"lm_interact","two_stage","m1",599,35.2906949760955,-14.7093050239045,NA,NA,7.51555588042574,-0.617572839848876,35.9082678159444,20.5604761266629,50.0209138255282,21.1780489665118,50.6384866653771,1,1,0,1,1.44498372077942,"bootstrap",1.45832896232605,NA
120,"lm_interact","two_stage","m1",613,42.1842611287095,-7.81573887129048,NA,NA,6.48171422111275,-1.3239284110409,43.5081895397504,29.4803346972475,54.8881875601716,30.8042631082884,56.2121159712125,1,1,0,1,1.44914650917053,"bootstrap",1.46278500556946,NA
121,"lm_interact","two_stage","m1",621,69.9410430086355,19.9410430086355,NA,NA,6.48033856214501,1.95656975708268,67.9844732515528,57.2398128192052,82.6422731980658,55.2832430621225,80.6857034409831,0,0,1,1,1.46009659767151,"bootstrap",1.47362399101257,NA
122,"lm_interact","two_stage","m1",596,46.4082333018116,-3.59176669818844,NA,NA,6.07678098006292,0.157836752076342,46.2503965497352,34.4979614389502,58.3185051646729,34.3401246868739,58.1606684125966,1,1,0,1,1.45441317558289,"bootstrap",1.46804332733154,NA
123,"lm_interact","two_stage","m1",617,59.6421265754857,9.64212657548571,NA,NA,8.60474193476075,-0.0284134015125446,59.6705399769983,42.7771422870931,76.5071108638783,42.8055556886057,76.5355242653908,1,1,0,1,1.47336053848267,"bootstrap",1.4863338470459,NA
124,"lm_interact","two_stage","m1",610,50.2307317961903,0.23073179619027,NA,NA,7.76023638252187,-1.56393701620527,51.7946688123955,35.02094797493,65.4405156174505,36.5848849911353,67.0044526336558,1,1,0,1,1.43688297271729,"bootstrap",1.45095539093018,NA
125,"lm_interact","two_stage","m1",590,51.0572362005648,1.05723620056481,NA,NA,8.00630100874736,0.739926132737544,50.3173100678273,35.3651745740333,66.7492978270963,34.6252484412958,66.0093716943588,1,1,0,1,1.44547319412231,"bootstrap",1.45853114128113,NA
126,"lm_interact","two_stage","m1",595,39.8138353658676,-10.1861646341324,NA,NA,7.07483173102133,0.172184206464244,39.6416511594033,25.9474199763846,53.6802507553505,25.7752357699204,53.5080665488863,1,1,0,1,1.45127105712891,"bootstrap",1.46572160720825,NA
127,"lm_interact","two_stage","m1",607,48.5136934072158,-1.48630659278423,NA,NA,6.77107263199497,0.11839427274947,48.3952991344663,35.2426349118008,61.7847519026307,35.1242406390513,61.6663576298813,1,1,0,1,1.45373368263245,"bootstrap",1.46733617782593,NA
128,"lm_interact","two_stage","m1",591,57.5056692341654,7.5056692341654,NA,NA,6.83094917429654,0.615570468609192,56.8900987655562,44.1172548723206,70.8940835960102,43.5016844037114,70.278513127401,1,1,0,1,1.45407152175903,"bootstrap",1.46752834320068,NA
129,"lm_interact","two_stage","m1",605,48.0409373808398,-1.95906261916019,NA,NA,7.74038882745601,1.58620399297681,46.454733387863,32.8700540526898,63.2118207089898,31.283850059713,61.625616716013,1,1,0,1,1.45298600196838,"bootstrap",1.46595096588135,NA
130,"lm_interact","two_stage","m1",590,48.2251386433824,-1.77486135661757,NA,NA,7.99552791374839,-0.284911409059099,48.5100500524415,32.5541918950509,63.8960853917139,32.83910330411,64.180996800773,1,1,0,1,1.45444917678833,"bootstrap",1.46739411354065,NA
131,"lm_interact","two_stage","m1",609,50.4482168240042,0.448216824004234,NA,NA,6.83253352516694,-1.08784614096554,51.5360629649698,37.0566971915145,63.8397364564939,38.1445433324801,64.9275825974595,1,1,0,1,1.43380093574524,"bootstrap",1.44725918769836,NA
132,"lm_interact","two_stage","m1",612,42.6189181797481,-7.38108182025186,NA,NA,7.57982335360951,0.54792791990841,42.0709902598397,27.7627373974979,57.4750989619984,27.2148094775895,56.92717104209,1,1,0,1,1.46004056930542,"bootstrap",1.47336006164551,NA
133,"lm_interact","two_stage","m1",591,63.2029219462952,13.2029219462952,NA,NA,7.62152775330388,-3.0008415795086,66.2037635258038,48.2650020426471,78.1408418499432,51.2658436221557,81.1416834294518,1,0,0,1,1.44869303703308,"bootstrap",1.46231055259705,NA
134,"lm_interact","two_stage","m1",636,60.7851437789808,10.7851437789808,NA,NA,7.41257066659025,-0.268421610591083,61.0535653895719,46.2567722396058,75.3135153183557,46.5251938501969,75.5819369289468,1,1,0,1,1.45079398155212,"bootstrap",1.46381974220276,NA
135,"lm_interact","two_stage","m1",608,44.0826495168926,-5.91735048310736,NA,NA,7.47334354740205,-0.429724669704193,44.5123741865968,29.4351653198898,58.7301337138955,29.864889989594,59.1598583835996,1,1,0,1,1.44605159759521,"bootstrap",1.4596951007843,NA
136,"lm_interact","two_stage","m1",607,54.1475959542873,4.14759595428728,NA,NA,7.57978471587214,-0.693861455083947,54.8414574093712,39.2914909006107,69.0037010079638,39.9853523556947,69.6975624630478,1,1,0,1,1.44103169441223,"bootstrap",1.45451259613037,NA
137,"lm_interact","two_stage","m1",589,42.1606836834855,-7.83931631651451,NA,NA,6.63017471575054,0.217782443733363,41.9429012397521,29.1657800294063,55.1555873375646,28.947997585673,54.9378048938313,1,1,0,1,1.44631338119507,"bootstrap",1.45930290222168,NA
138,"lm_interact","two_stage","m1",627,60.259668134976,10.259668134976,NA,NA,7.79281555410294,-1.26251484864495,61.522182983621,44.9860303107707,75.5333059591813,46.2485451594157,76.7958208078263,1,1,0,1,1.44001197814941,"bootstrap",1.45344805717468,NA
139,"lm_interact","two_stage","m1",623,60.1756916111651,10.1756916111651,NA,NA,6.19737493879613,1.01592716644069,59.1597644447244,48.0290599324336,72.3223232898966,47.0131327659929,71.3063961234559,1,1,0,1,1.44750046730042,"bootstrap",1.46064329147339,NA
140,"lm_interact","two_stage","m1",609,58.3566589360628,8.35665893606279,NA,NA,8.67118782077845,0.486908298248146,57.8697506378146,41.3614431041547,75.3518747679709,40.8745348059065,74.8649664697228,1,1,0,1,1.44869351387024,"bootstrap",1.46166396141052,NA
141,"lm_interact","two_stage","m1",588,53.6696732327084,3.66967323270842,NA,NA,7.14738072014366,-0.162677428552833,53.8323506612613,39.6610644374309,67.6782820279859,39.8237418659837,67.8409594565388,1,1,0,1,1.3756000995636,"bootstrap",1.38773846626282,NA
142,"lm_interact","two_stage","m1",634,55.7379294334911,5.73792943349109,NA,NA,6.22812645363995,-1.34782235671394,57.085751790205,43.5310258931956,67.9448329737866,44.8788482499096,69.2926553305005,1,1,0,1,1.35505509376526,"bootstrap",1.36708784103394,NA
143,"lm_interact","two_stage","m1",601,53.0818809824482,3.08188098244818,NA,NA,6.39913522082431,0.114277705915896,52.9676032765323,40.5398064174308,65.6239555474656,40.4255287115149,65.5096778415497,1,1,0,1,1.36300611495972,"bootstrap",1.37517189979553,NA
144,"lm_interact","two_stage","m1",606,66.8412561182659,16.8412561182659,NA,NA,6.94312360549182,1.48703927699236,65.3542168412736,53.2329839112921,80.4495283252398,51.7459446342997,78.9624890482474,0,0,1,1,1.33668446540833,"bootstrap",1.34879159927368,NA
145,"lm_interact","two_stage","m1",600,55.9959739830075,5.99597398300745,NA,NA,6.9579319173869,0.684818726491862,55.3111552565156,42.3586780180474,69.6332699479675,41.6738592915555,68.9484512214756,1,1,0,1,1.35494637489319,"bootstrap",1.36690902709961,NA
146,"lm_interact","two_stage","m1",583,45.9799589772485,-4.02004102275146,NA,NA,8.63545512232547,0.329570403835554,45.650388573413,29.0547779473787,62.9051400071184,28.7252075435431,62.5755696032828,1,1,0,1,1.36221623420715,"bootstrap",1.37509155273438,NA
147,"lm_interact","two_stage","m1",596,63.4158923915112,13.4158923915112,NA,NA,6.79023902445578,-1.61156368994337,65.0274560814545,50.1072684571595,76.7245163258629,51.7188321471028,78.3360800158063,0,0,1,1,1.35667705535889,"bootstrap",1.36885166168213,NA
148,"lm_interact","two_stage","m1",619,59.2111794047415,9.21117940474149,NA,NA,7.43767303193372,-0.0935747388849606,59.3047541436264,44.6336081333666,73.7887506761164,44.7271828722515,73.8823254150014,1,1,0,1,1.35466122627258,"bootstrap",1.36650586128235,NA
149,"lm_interact","two_stage","m1",595,52.6599103218416,2.65991032184157,NA,NA,6.32933754549569,0.693173547131543,51.96673677471,40.2546366866729,65.0651839570103,39.5614631395413,64.3720104098787,1,1,0,1,1.33748459815979,"bootstrap",1.3498842716217,NA
150,"lm_interact","two_stage","m1",587,50.912166655538,0.912166655537959,NA,NA,7.91657122996799,1.41353199549944,49.4986346600385,35.3959721637547,66.4283611473212,33.9824401682553,65.0148291518217,1,1,0,1,1.3523588180542,"bootstrap",1.36429023742676,NA
151,"lm_interact","two_stage","m1",593,49.4858496213496,-0.514150378650385,NA,NA,7.48558544983742,-0.356523920854485,49.8423735422041,34.8143717364712,64.157327506228,35.1708956573257,64.5138514270825,1,1,0,1,1.44868445396423,"bootstrap",1.46141648292542,NA
152,"lm_interact","two_stage","m1",592,62.6586485061917,12.6586485061917,NA,NA,9.26640712485472,-0.317149087706809,62.9757975938985,44.4968242753911,80.8204727369923,44.8139733630979,81.1376218246991,1,1,0,1,1.42668128013611,"bootstrap",1.44808983802795,NA
153,"lm_interact","two_stage","m1",591,49.7604147107837,-0.239585289216279,NA,NA,8.27503729097252,0.610406452112187,49.1500082586715,33.5416396497517,65.9791897718158,32.9312331976395,65.3687833197036,1,1,0,1,1.42960929870605,"bootstrap",1.44192433357239,NA
154,"lm_interact","two_stage","m1",631,57.7480599702443,7.74805997024432,NA,NA,7.17002672353299,0.83066203560977,56.9173979346346,43.6950658239299,71.8010541165587,42.8644037883202,70.9703920809489,1,1,0,1,1.41152739524841,"bootstrap",1.42409229278564,NA
155,"lm_interact","two_stage","m1",612,47.83230046748,-2.16769953252003,NA,NA,7.12246806844502,-0.169527855180405,48.0018283226604,33.8725195722912,61.7920813626688,34.0420474274716,61.9616092178492,1,1,0,1,1.42332291603088,"bootstrap",1.43602252006531,NA
156,"lm_interact","two_stage","m1",615,45.1051730097639,-4.89482699023609,NA,NA,6.43221538188065,-0.0467834926625343,45.1519565024264,32.4982625204733,57.7120834990545,32.5450460131358,57.7588669917171,1,1,0,1,1.4373254776001,"bootstrap",1.44964528083801,NA
157,"lm_interact","two_stage","m1",622,57.4339005467009,7.43390054670091,NA,NA,7.53372768226952,0.26412324229392,57.169777304407,42.6680656201202,72.1997354732816,42.4039423778263,71.9356122309877,1,1,0,1,1.4338858127594,"bootstrap",1.44668245315552,NA
158,"lm_interact","two_stage","m1",588,50.142361091753,0.14236109175296,NA,NA,7.0047683852214,0.646065999167064,49.4962950925859,36.4132673366742,63.8714548468317,35.7672013375072,63.2253888476646,1,1,0,1,1.41940498352051,"bootstrap",1.43182301521301,NA
159,"lm_interact","two_stage","m1",616,54.5626473480962,4.56264734809623,NA,NA,7.11213778160012,0.740278281671991,53.8223690664242,40.6231134430734,68.502181253119,39.8828351614014,67.7619029714471,1,1,0,1,1.41952538490295,"bootstrap",1.43179965019226,NA
160,"lm_interact","two_stage","m1",601,51.2323725042905,1.23237250429045,NA,NA,7.55533837144847,-0.438032296772256,51.6704048010627,36.424181405238,66.0405636033429,36.8622137020102,66.4785959001152,1,1,0,1,1.41741394996643,"bootstrap",1.42990970611572,NA
161,"lm_interact","two_stage","m1",579,59.3547062534207,9.35470625342072,NA,NA,7.40792060091076,-1.10919466396365,60.4639009173844,44.8354486753033,73.8739638315381,45.944643339267,74.9831584955018,1,1,0,1,1.4699375629425,"bootstrap",1.48372173309326,NA
162,"lm_interact","two_stage","m1",559,44.2394518774073,-5.76054812259271,NA,NA,7.85175320142688,-2.01532980982061,46.2547816872279,28.8502983871135,59.628605367701,30.8656281969342,61.6439351775216,1,1,0,1,1.46609663963318,"bootstrap",1.47840070724487,NA
163,"lm_interact","two_stage","m1",617,61.2273535602112,11.2273535602112,NA,NA,8.0080754229587,-2.33050912804388,63.5578626882551,45.5318141457318,76.9228929746906,47.8623232737757,79.2534021027345,1,1,0,1,1.4677300453186,"bootstrap",1.48143315315247,NA
164,"lm_interact","two_stage","m1",604,49.0239987194961,-0.976001280503915,NA,NA,7.21302708791431,-0.022513635635427,49.0465123551315,34.8867254076722,63.16127203132,34.9092390433076,63.1837856669554,1,1,0,1,1.4552948474884,"bootstrap",1.46855783462524,NA
165,"lm_interact","two_stage","m1",587,39.9372347483962,-10.0627652516038,NA,NA,6.72588530948779,-1.31299793479318,41.2502326831894,26.7547417776532,53.1197277191393,28.0677397124463,54.4327256539325,1,1,0,1,1.45866465568542,"bootstrap",1.47986388206482,NA
166,"lm_interact","two_stage","m1",627,46.7823376221822,-3.21766237781777,NA,NA,6.33585564507205,-0.618512605935415,47.4008502281176,34.3642887465962,59.2003864977682,34.9828013525316,59.8188991037037,1,1,0,1,1.47886061668396,"bootstrap",1.49214625358582,NA
167,"lm_interact","two_stage","m1",605,58.3356197884983,8.33561978849828,NA,NA,7.08993278406742,0.895897773510164,57.4397220149881,44.4396068789163,72.2316326980802,43.5437091054062,71.3357349245701,1,1,0,1,1.45791411399841,"bootstrap",1.47168707847595,NA
168,"lm_interact","two_stage","m1",607,51.2367128794699,1.23671287946986,NA,NA,6.543360501723,0.205338217414408,51.0313746620554,38.4119619582308,64.0614638007089,38.2066237408164,63.8561255832945,1,1,0,1,1.45426297187805,"bootstrap",1.46624159812927,NA
169,"lm_interact","two_stage","m1",635,47.114041975736,-2.88595802426402,NA,NA,6.54308828771639,0.716658791525468,46.3973831842105,34.289824584146,59.9382593673259,33.5731657926205,59.2216005758005,1,1,0,1,1.45218324661255,"bootstrap",1.46603798866272,NA
170,"lm_interact","two_stage","m1",631,56.7492544146612,6.74925441466122,NA,NA,7.36062582353681,0.531411756822202,56.217842657839,42.3226928968536,71.1758159324688,41.7912811400314,70.6444041756466,1,1,0,1,1.46255326271057,"bootstrap",1.47604537010193,NA
171,"lm_interact","two_stage","m1",616,54.0536519460045,4.05365194600449,NA,NA,6.36161386160637,-0.449055023612907,54.5027069696174,41.5851178937052,66.5221859983038,42.0341729173181,66.9712410219167,1,1,0,1,1.45820283889771,"bootstrap",1.47136569023132,NA
172,"lm_interact","two_stage","m1",608,54.827235381566,4.82723538156597,NA,NA,7.38068050883383,-0.508256500399135,55.3354918819651,40.3613674028549,69.293103360277,40.8696239032541,69.8013598606762,1,1,0,1,1.45718693733215,"bootstrap",1.47070121765137,NA
173,"lm_interact","two_stage","m1",610,58.7051642327591,8.70516423275909,NA,NA,6.49186536407231,0.235721995016966,58.4694422377421,45.9813419266944,71.4289865388238,45.7456199316774,71.1932645438068,1,1,0,1,1.4731650352478,"bootstrap",1.4875750541687,NA
174,"lm_interact","two_stage","m1",601,49.5998620507552,-0.400137949244765,NA,NA,6.80063200332814,0.037954815892661,49.5619072348626,36.2708682521216,62.9288558493889,36.232913436229,62.8909010334962,1,1,0,1,1.44699192047119,"bootstrap",1.46019315719604,NA
175,"lm_interact","two_stage","m1",604,43.8897996849287,-6.11020031507127,NA,NA,6.59060607787791,1.02182828270695,42.8679714022218,30.9724491359973,56.8071502338602,29.9506208532903,55.7853219511533,1,1,0,1,1.4483790397644,"bootstrap",1.46222496032715,NA
176,"lm_interact","two_stage","m1",597,58.0873914971636,8.08739149716359,NA,NA,6.81439465201395,1.31715657373466,56.7702349234289,44.7314234027739,71.4433595915533,43.4142668290392,70.1262030178186,1,1,0,1,1.45666217803955,"bootstrap",1.47047758102417,NA
177,"lm_interact","two_stage","m1",609,42.4514244491412,-7.5485755508588,NA,NA,7.70167122639894,-0.499913570215391,42.9513380193566,27.3564262246309,57.5464226736515,27.8563397948462,58.0463362438669,1,1,0,1,1.44951629638672,"bootstrap",1.46297836303711,NA
178,"lm_interact","two_stage","m1",594,50.4953709229066,0.495370922906631,NA,NA,8.23049350207247,0.72088346930061,49.774487453606,34.3639000838537,66.6268417619596,33.643016614553,65.905958292659,1,1,0,1,1.44685792922974,"bootstrap",1.45987963676453,NA
179,"lm_interact","two_stage","m1",603,49.5161571445953,-0.483842855404724,NA,NA,6.76996274551318,1.54601247304032,47.970144671555,36.2472739867115,62.785040302479,34.7012615136712,61.2390278294387,1,1,0,1,1.44554114341736,"bootstrap",1.45917248725891,NA
180,"lm_interact","two_stage","m1",606,48.4298738182378,-1.57012618176218,NA,NA,6.53081022135578,-0.504788350513763,48.9346621687516,35.6297209945144,61.2300266419612,36.1345093450282,61.734814992475,1,1,0,1,1.4512312412262,"bootstrap",1.46436524391174,NA
181,"lm_interact","two_stage","m1",612,45.5864221718492,-4.41357782815082,NA,NA,5.66716266425703,0.555552798130158,45.030869373719,34.4789874553753,56.693856888323,33.9234346572452,56.1383040901928,1,1,0,1,1.45895719528198,"bootstrap",1.47376537322998,NA
182,"lm_interact","two_stage","m1",635,68.065205735067,18.065205735067,NA,NA,6.96644783223679,-3.2084383001086,71.2736440351756,54.4112188837058,81.7191925864283,57.6196571838144,84.9276308865369,0,0,1,1,1.45453429222107,"bootstrap",1.4682023525238,NA
183,"lm_interact","two_stage","m1",571,39.4767863836346,-10.5232136163654,NA,NA,7.34846429209191,2.43222910577589,37.0445572778587,25.0740610294558,53.8795117378133,22.6418319236799,51.4472826320374,1,1,0,1,1.45999073982239,"bootstrap",1.47290134429932,NA
184,"lm_interact","two_stage","m1",586,48.6023353471833,-1.39766465281669,NA,NA,6.30728536065048,0.906123973047364,47.6962113741359,36.2402832000916,60.964387494275,35.3341592270443,60.0582635212276,1,1,0,1,1.45710277557373,"bootstrap",1.4705867767334,NA
185,"lm_interact","two_stage","m1",585,50.8610165715336,0.861016571533568,NA,NA,6.28692555693667,0.860299490008821,50.0007170815247,38.5388689064533,63.1831642366139,37.6785694164445,62.322864746605,1,1,0,1,1.4587619304657,"bootstrap",1.47193360328674,NA
186,"lm_interact","two_stage","m1",634,55.9681688766773,5.96816887667734,NA,NA,6.97588737774088,-0.544643557137356,56.5128124338147,42.2956808560977,69.640656897257,42.840324413235,70.1853004543944,1,1,0,1,1.46522092819214,"bootstrap",1.47854113578796,NA
187,"lm_interact","two_stage","m1",634,52.694185709768,2.69418570976795,NA,NA,7.46106774650711,-0.856044121471449,53.5502298312394,38.0707616404006,67.3176097791353,38.9268057618721,68.1736539006068,1,1,0,1,1.44921851158142,"bootstrap",1.46295404434204,NA
188,"lm_interact","two_stage","m1",624,45.1079808043644,-4.89201919563565,NA,NA,7.3561547128815,0.629262308172031,44.4787184961923,30.690182502412,59.5257791063167,30.06092019424,58.8965167981446,1,1,0,1,1.44969987869263,"bootstrap",1.46242737770081,NA
189,"lm_interact","two_stage","m1",624,59.1561745781009,9.15617457810087,NA,NA,8.08369799578362,-0.221906551918309,59.3780811300192,43.3124176444664,74.9999315117354,43.5343241963847,75.2218380636537,1,1,0,1,1.46781325340271,"bootstrap",1.48058032989502,NA
190,"lm_interact","two_stage","m1",619,60.7575910729899,10.7575910729899,NA,NA,6.76128903768223,-1.12919505104844,61.8867861240383,47.5057080700672,74.0094740759126,48.6349031211157,75.138669126961,1,1,0,1,1.47210168838501,"bootstrap",1.48541378974915,NA
191,"lm_interact","two_stage","m1",611,55.0326178861995,5.03261788619945,NA,NA,7.68844696037245,0.853299597641993,54.1793182885575,39.963538746823,70.1016970255759,39.110239149181,69.2483974279339,1,1,0,1,1.46664023399353,"bootstrap",1.47999596595764,NA
192,"lm_interact","two_stage","m1",601,45.2988573543559,-4.7011426456441,NA,NA,7.05555931940758,-0.653077524207085,45.951934878563,31.4702151975311,59.1274995111807,32.1232927217382,59.7805770353878,1,1,0,1,1.45088481903076,"bootstrap",1.46450805664062,NA
193,"lm_interact","two_stage","m1",597,53.1666986693623,3.16669866936233,NA,NA,6.87709944394407,1.8965132585332,51.2701854108291,39.6878314411315,66.6455658975931,37.7913181825983,64.7490526390599,1,1,0,1,1.45816349983215,"bootstrap",1.471848487854,NA
194,"lm_interact","two_stage","m1",604,65.8050555251943,15.8050555251943,NA,NA,8.08383684008838,-0.307181432028997,66.1122369572233,49.961026461723,81.6490845886656,50.268207893752,81.9562660206946,1,0,0,1,1.44575834274292,"bootstrap",1.45920777320862,NA
195,"lm_interact","two_stage","m1",623,54.2853012163114,4.28530121631144,NA,NA,7.48416475880631,1.08049149632612,53.2048097199853,39.6166078346872,68.9539945979357,38.5361163383611,67.8735031016096,1,1,0,1,1.44974207878113,"bootstrap",1.4627468585968,NA
196,"lm_interact","two_stage","m1",591,60.4897262816513,10.4897262816513,NA,NA,7.79645040949113,-0.254767391314331,60.7444936729656,45.2089642717961,75.7704882915065,45.4637316631105,76.0252556828208,1,1,0,1,1.45240592956543,"bootstrap",1.46529531478882,NA
197,"lm_interact","two_stage","m1",618,59.9835302297307,9.98353022973065,NA,NA,7.13031980773862,1.83976448137121,58.1437657483594,46.0083602083104,73.9587002511509,44.1685957269392,72.1189357697797,1,1,0,1,1.45221781730652,"bootstrap",1.46507143974304,NA
198,"lm_interact","two_stage","m1",597,52.3198182688728,2.31981826887277,NA,NA,7.38671440492017,0.562063387662853,51.7577548812099,37.842124071146,66.7975124665995,37.2800606834832,66.2354490789367,1,1,0,1,1.44222784042358,"bootstrap",1.45527124404907,NA
199,"lm_interact","two_stage","m1",627,53.9436956292361,3.9436956292361,NA,NA,6.78423291192992,-1.75695560861833,55.7006512378544,40.6468434591222,67.24054779935,42.4037990677405,68.9975034079684,1,1,0,1,1.4446280002594,"bootstrap",1.45781946182251,NA
200,"lm_interact","two_stage","m1",610,46.6596123884713,-3.34038761152869,NA,NA,5.92934711879942,-1.36611339564993,48.0257257841212,35.0383055837881,58.2809191931545,36.404418979438,59.6470325888044,1,1,0,1,1.45070242881775,"bootstrap",1.46491742134094,NA
201,"lm_interact","two_stage","m1",603,53.4916269441351,3.49162694413507,NA,NA,6.61503350211399,-0.825862734401944,54.317489678537,40.5263995234658,66.4568543648043,41.3522622578677,67.2827170992063,1,1,0,1,1.47191524505615,"bootstrap",1.48531031608582,NA
202,"lm_interact","two_stage","m1",621,60.5692284486313,10.5692284486313,NA,NA,9.84704640632599,-1.39925870020756,61.9684871488388,41.2693721381378,79.8690847591248,42.6686308383453,81.2683434593324,1,1,0,1,1.46759557723999,"bootstrap",1.48098564147949,NA
203,"lm_interact","two_stage","m1",607,61.313072521256,11.313072521256,NA,NA,6.48414485976505,-0.0399912998741954,61.3530638211302,48.604382125576,74.021762916936,48.6443734254502,74.0617542168102,1,1,0,1,1.47870278358459,"bootstrap",1.49200916290283,NA
204,"lm_interact","two_stage","m1",602,57.2374687447202,7.23746874472019,NA,NA,6.70333927641357,-1.62617197191373,58.8636407166339,44.0991651867968,70.3757723026436,45.7253371587105,72.0019442745573,1,1,0,1,1.45803666114807,"bootstrap",1.47108387947083,NA
205,"lm_interact","two_stage","m1",620,49.000108737767,-0.999891262233028,NA,NA,7.56264931484545,0.969489563212207,48.0306191745548,34.1775884529634,63.8226290225706,33.2080988897512,62.8531394593584,1,1,0,1,1.46282625198364,"bootstrap",1.47585535049438,NA
206,"lm_interact","two_stage","m1",602,42.6458770219321,-7.35412297806786,NA,NA,7.65338092727135,0.557787692414266,42.0880893295179,27.6455260445145,57.6462279993498,27.0877383521003,57.0884403069355,1,1,0,1,1.45706725120544,"bootstrap",1.48113918304443,NA
207,"lm_interact","two_stage","m1",620,52.631235951389,2.63123595138899,NA,NA,6.4842846488,-0.611337803920776,53.2425737553098,39.922271574235,65.3402003285429,40.5336093781558,65.9515381324637,1,1,0,1,1.46340322494507,"bootstrap",1.47673225402832,NA
208,"lm_interact","two_stage","m1",615,50.0437618187953,0.0437618187952538,NA,NA,8.22026801271552,0.314123574238486,49.7296382445568,33.9323325706062,66.1551910669843,33.6182089963677,65.8410674927458,1,1,0,1,1.44566321372986,"bootstrap",1.4587128162384,NA
209,"lm_interact","two_stage","m1",598,55.5707334430464,5.57073344304644,NA,NA,7.09917732918006,-1.15205171954082,56.7227851625873,41.6566015579903,69.4848653281026,42.8086532775311,70.6369170476434,1,1,0,1,1.45160508155823,"bootstrap",1.46420526504517,NA
210,"lm_interact","two_stage","m1",606,54.3229718627936,4.32297186279362,NA,NA,8.22704735626763,1.37498817988624,52.9479836829074,38.1982553454036,70.4476883801836,36.8232671655174,69.0727002002974,1,1,0,1,1.46279811859131,"bootstrap",1.47643828392029,NA
211,"lm_interact","two_stage","m1",604,46.5698706746313,-3.43012932536872,NA,NA,6.72381436778316,2.59917849005245,43.9706921845788,33.3914366750433,59.7483046742192,30.7922581849909,57.1491261841668,1,1,0,1,1.45879936218262,"bootstrap",1.47252464294434,NA
212,"lm_interact","two_stage","m1",627,52.5368613567098,2.53686135670977,NA,NA,7.9429898274385,-0.756071474140064,53.2929328308498,36.9688873653623,68.1048353480573,37.7249588395024,68.8609068221973,1,1,0,1,1.45766758918762,"bootstrap",1.47119092941284,NA
213,"lm_interact","two_stage","m1",622,52.4097632622842,2.40976326228424,NA,NA,6.45675455046706,-1.52015959385956,53.9299228561438,39.7547568863537,65.0647696382148,41.2749164802132,66.5849292320743,1,1,0,1,1.46379137039185,"bootstrap",1.47797894477844,NA
214,"lm_interact","two_stage","m1",597,49.4018353164091,-0.598164683590937,NA,NA,6.39954137061621,0.664694690633866,48.7371406257752,36.8589647124272,61.9447059203909,36.1942700217933,61.2800112297571,1,1,0,1,1.44709801673889,"bootstrap",1.46029615402222,NA
215,"lm_interact","two_stage","m1",615,48.3241118543302,-1.67588814566984,NA,NA,6.82087417137702,1.09286971901219,47.231242135318,34.9554441353517,61.6927795733086,33.8625744163395,60.5999098542964,1,1,0,1,1.46086359024048,"bootstrap",1.47439527511597,NA
216,"lm_interact","two_stage","m1",612,63.3013488374148,13.3013488374148,NA,NA,6.72823598109673,-0.523693713581252,63.8250425509961,50.1142486349787,76.4884490398509,50.63794234856,77.0121427534322,0,0,1,1,1.4555549621582,"bootstrap",1.46895360946655,NA
217,"lm_interact","two_stage","m1",613,47.1502397295847,-2.84976027041533,NA,NA,6.40120967104824,0.343194342874376,46.8070453867103,34.6040993168406,59.6963801423287,34.2609049739662,59.3531857994543,1,1,0,1,1.4492518901825,"bootstrap",1.46261835098267,NA
218,"lm_interact","two_stage","m1",611,69.5037671477943,19.5037671477943,NA,NA,7.38724473327965,-0.159405375265763,69.6631725230601,55.025033525583,83.9825007700056,55.1844389008488,84.1419061452714,0,0,1,1,1.45403861999512,"bootstrap",1.46687936782837,NA
219,"lm_interact","two_stage","m1",626,56.5858701383764,6.58587013837644,NA,NA,6.62722445720546,0.697233412649119,55.8886367257273,43.5967488847907,69.5749913919621,42.8995154721416,68.877757979313,1,1,0,1,1.45458507537842,"bootstrap",1.468013048172,NA
220,"lm_interact","two_stage","m1",617,50.5713298225671,0.571329822567137,NA,NA,7.19945294292108,-0.822970225273139,51.3943000478403,36.4606613460509,64.6819982990834,37.2836315713241,65.5049685243565,1,1,0,1,1.45291042327881,"bootstrap",1.46632790565491,NA
221,"lm_interact","two_stage","m1",619,42.4200174194276,-7.57998258057245,NA,NA,7.35929100587839,-1.5122309403613,43.9322483597889,27.9960720961564,56.8439627426987,29.5083030365177,58.35619368306,1,1,0,1,1.46825289726257,"bootstrap",1.48158144950867,NA
222,"lm_interact","two_stage","m1",617,53.8783090517214,3.87830905172138,NA,NA,8.28324278246852,0.708317430926911,53.1699916207945,37.6434515228817,70.113166580561,36.9351340919548,69.4048491496341,1,1,0,1,1.46809434890747,"bootstrap",1.48132586479187,NA
223,"lm_interact","two_stage","m1",596,50.2626803207392,0.262680320739236,NA,NA,6.44908916563766,0.402370012084084,49.8603103086552,37.622697823002,62.9026628184765,37.2203278109179,62.5002928063924,1,1,0,1,1.46251153945923,"bootstrap",1.47577357292175,NA
224,"lm_interact","two_stage","m1",656,54.7126249659919,4.71262496599194,NA,NA,7.96807308612458,-0.10248591242344,54.8151108784154,39.0954886910048,70.329761240979,39.1979746034283,70.4322471534025,1,1,0,1,1.46642422676086,"bootstrap",1.47953772544861,NA
225,"lm_interact","two_stage","m1",627,42.2228084695048,-7.77719153049522,NA,NA,7.49744828652786,1.78678707430585,40.4360213951989,27.5280798519586,56.9175370870509,25.7412927776528,55.1307500127451,1,1,0,1,1.46609950065613,"bootstrap",1.47942996025085,NA
226,"lm_interact","two_stage","m1",626,54.8814445713568,4.88144457135683,NA,NA,5.92866383163397,-1.21342702684691,56.0948715982037,43.261476984909,66.5014121578047,44.4749040117559,67.7148391846516,1,1,0,1,1.45591259002686,"bootstrap",1.46929049491882,NA
227,"lm_interact","two_stage","m1",609,57.3863300958497,7.38633009584974,NA,NA,7.20499146812885,0.00381489494142784,57.3825152009083,43.2648063093988,71.5078538823007,43.2609914144574,71.5040389873592,1,1,0,1,1.45429873466492,"bootstrap",1.46728420257568,NA
228,"lm_interact","two_stage","m1",607,54.4067527412974,4.40675274129742,NA,NA,6.58679654295101,-1.73521452744826,56.1419672687457,41.4968687436205,67.3166367389743,43.2320832710688,69.0518512664226,1,1,0,1,1.47132802009583,"bootstrap",1.48467516899109,NA
229,"lm_interact","two_stage","m1",589,54.1538492997348,4.15384929973483,NA,NA,7.44177447151639,0.188219352084545,53.9656299476503,39.5682393544931,68.7394592449765,39.3800200024086,68.551239892892,1,1,0,1,1.4624605178833,"bootstrap",1.47574186325073,NA
230,"lm_interact","two_stage","m1",634,53.5713634416555,3.5713634416555,NA,NA,6.60034566440708,0.363330078542248,53.2080333631133,40.6349236539025,66.5078032294085,40.2715935753603,66.1444731508662,1,1,0,1,1.46587634086609,"bootstrap",1.47948002815247,NA
231,"lm_interact","two_stage","m1",628,55.4042287022602,5.40422870226025,NA,NA,7.51643600266967,-0.157683669190305,55.5619123714506,40.6722848449275,70.136172559593,40.8299685141178,70.2938562287833,1,1,0,1,1.46496725082397,"bootstrap",1.47864818572998,NA
232,"lm_interact","two_stage","m1",625,65.1180076808023,15.1180076808023,NA,NA,8.12461338118776,-0.812382530195336,65.9303902109977,49.1940580653621,81.0419572962425,50.0064405955575,81.8543398264379,1,0,0,1,1.47272181510925,"bootstrap",1.48647165298462,NA
233,"lm_interact","two_stage","m1",630,51.1146202754799,1.11462027547992,NA,NA,6.1800553564598,-1.65191975587879,52.7665400313587,39.0019343543549,63.227306196605,40.6538541102337,64.8792259524838,1,1,0,1,1.48385572433472,"bootstrap",1.49722242355347,NA
234,"lm_interact","two_stage","m1",610,46.2566986317275,-3.74330136827251,NA,NA,8.527766291265,1.03084431463078,45.2258543170967,29.5425838322734,62.9708134311816,28.5117395176426,61.9399691165508,1,1,0,1,1.45944762229919,"bootstrap",1.4729311466217,NA
235,"lm_interact","two_stage","m1",602,48.4990385633472,-1.50096143665277,NA,NA,6.87527307300627,1.60852287200382,46.8905156913434,35.0237509563769,61.9743261703175,33.4152280843731,60.3658032983137,1,1,0,1,1.45370364189148,"bootstrap",1.4674551486969,NA
236,"lm_interact","two_stage","m1",603,40.524061955664,-9.47593804433599,NA,NA,6.25278398531843,-0.781076807610823,41.3051387632748,28.2688305413311,52.7792933699969,29.0499073489419,53.5603701776078,1,1,0,1,1.45491909980774,"bootstrap",1.46847462654114,NA
237,"lm_interact","two_stage","m1",605,51.4683388328943,1.46833883289427,NA,NA,5.07952188620472,1.18773083034935,50.2806080025449,41.5126588772501,61.4240187885385,40.3249280469007,60.2362879581891,1,1,0,1,1.44608950614929,"bootstrap",1.45979642868042,NA
238,"lm_interact","two_stage","m1",613,73.5925689260212,23.5925689260212,NA,NA,7.085804689245,1.36285887381595,72.2297100522052,59.7046469336159,87.4804909184264,58.3417880598,86.1176320446104,0,0,1,1,1.44914698600769,"bootstrap",1.46220779418945,NA
239,"lm_interact","two_stage","m1",610,46.6996095883509,-3.30039041164906,NA,NA,7.28674880564742,-0.133890908530233,46.8335004968812,32.4178443648917,60.9813748118101,32.551735273422,61.1152657203404,1,1,0,1,1.45308637619019,"bootstrap",1.46725535392761,NA
240,"lm_interact","two_stage","m1",632,43.1912701363307,-6.80872986366926,NA,NA,6.69904890980534,-0.31003735141195,43.5013074877427,30.06137554244,56.3211647302215,30.3714128938519,56.6312020816335,1,1,0,1,1.45987176895142,"bootstrap",1.47305154800415,NA
241,"lm_interact","two_stage","m1",603,56.4854393230113,6.48543932301128,NA,NA,7.21016055469829,0.211557299952823,56.2738820230585,42.3537843130513,70.6170943329713,42.1422270130985,70.4055370330184,1,1,0,1,1.46701192855835,"bootstrap",1.48029327392578,NA
242,"lm_interact","two_stage","m1",623,50.5353284459855,0.535328445985456,NA,NA,6.61097737168317,0.657697945805801,49.8776305001797,37.5780508948772,63.4926059970937,36.9203529490714,62.8349080512879,1,1,0,1,1.46447801589966,"bootstrap",1.47811412811279,NA
243,"lm_interact","two_stage","m1",597,42.6839413713803,-7.31605862861966,NA,NA,6.99418441192491,2.30656124275517,40.3773801286252,28.9755918227761,56.3922909199846,26.6690305800209,54.0857296772294,1,1,0,1,1.46764469146729,"bootstrap",1.48135113716125,NA
244,"lm_interact","two_stage","m1",622,52.8521941111634,2.85219411116339,NA,NA,8.4523385394296,1.01289249471592,51.8393016164475,36.2859149887415,69.4184732335853,35.2730224940256,68.4055807388694,1,1,0,1,1.45007276535034,"bootstrap",1.4628963470459,NA
245,"lm_interact","two_stage","m1",625,52.2818380392782,2.28183803927821,NA,NA,7.02027656126598,-0.213238994019576,52.4950770332978,38.5223488176862,66.0413272608702,38.7355878117058,66.2545662548898,1,1,0,1,1.4542384147644,"bootstrap",1.46713876724243,NA
246,"lm_interact","two_stage","m1",631,51.8975932454315,1.89759324543152,NA,NA,6.18094070955691,0.726148748773134,51.1714444966584,39.7831720641225,64.0120144267405,39.0570233153494,63.2858656779674,1,1,0,1,1.4651939868927,"bootstrap",1.47843790054321,NA
247,"lm_interact","two_stage","m1",593,49.6000200218737,-0.399979978126296,NA,NA,8.08353146287043,0.512501267132066,49.0875187547416,33.7565894867513,65.4434505569961,33.2440882196192,64.9309492898641,1,1,0,1,1.44293069839478,"bootstrap",1.46736621856689,NA
248,"lm_interact","two_stage","m1",593,50.383432339468,0.383432339468037,NA,NA,7.06416930480081,1.03014948003049,49.3532828594375,36.5379149213651,64.228949757571,35.5077654413346,63.1988002775405,1,1,0,1,1.44249796867371,"bootstrap",1.45577335357666,NA
249,"lm_interact","two_stage","m1",581,49.6327880407309,-0.367211959269127,NA,NA,6.94952382103909,0.732441466560942,48.9003465741699,36.0119716417911,63.2536044396707,35.2795301752301,62.5211629731097,1,1,0,1,1.46035051345825,"bootstrap",1.4735381603241,NA
250,"lm_interact","two_stage","m1",600,48.3348237476558,-1.66517625234416,NA,NA,6.37165628511841,0.0640782340473436,48.2707455136085,35.8466069069555,60.8230405883562,35.7825286729081,60.7589623543088,1,1,0,1,1.45637798309326,"bootstrap",1.4694390296936,NA
251,"lm_interact","two_stage","m1",606,54.1415628975595,4.14156289755953,NA,NA,7.78660428976858,-1.37442716099068,55.5159900585502,38.880098927748,69.403026867371,40.2545260887387,70.7774540283617,1,1,0,1,1.3954176902771,"bootstrap",1.40900921821594,NA
252,"lm_interact","two_stage","m1",602,47.5246152061986,-2.4753847938014,NA,NA,6.42857997995304,0.138574836832149,47.3860403693664,34.9248299737554,60.1244004386418,34.7862551369233,59.9858256018096,1,1,0,1,1.39495277404785,"bootstrap",1.40806889533997,NA
253,"lm_interact","two_stage","m1",608,61.1023726508119,11.1023726508119,NA,NA,7.27821100181435,-2.45319885822099,63.5555715090329,46.8373412153725,75.3674040862512,49.2905400735935,77.8206029444722,1,1,0,1,1.40533447265625,"bootstrap",1.4183394908905,NA
254,"lm_interact","two_stage","m1",612,50.9675267300252,0.967526730025213,NA,NA,6.39446871676868,1.59464811560029,49.3728786144249,38.4345983448905,63.5004551151599,36.8399502292903,61.9058069995596,1,1,0,1,1.41760873794556,"bootstrap",1.4311740398407,NA
255,"lm_interact","two_stage","m1",586,53.0454772628206,3.04547726282065,NA,NA,7.54364693620033,0.765544326065672,52.279932936755,38.2602009557821,67.8307535698592,37.4946566297164,67.0652092437935,1,1,0,1,1.39071679115295,"bootstrap",1.40395617485046,NA
256,"lm_interact","two_stage","m1",607,41.7034219986663,-8.29657800133374,NA,NA,6.5786338116922,0.354668485592313,41.3487535130739,28.8095366602721,54.5973073370604,28.4548681746798,54.2426388514681,1,1,0,1,1.38408064842224,"bootstrap",1.39745664596558,NA
257,"lm_interact","two_stage","m1",586,36.4431465339172,-13.5568534660828,NA,NA,5.7469923701057,1.16214867656574,35.2809978573515,25.1792484690835,47.7070445987509,24.0170997925178,46.5448959221851,0,0,1,1,1.37676954269409,"bootstrap",1.38968992233276,NA
258,"lm_interact","two_stage","m1",587,44.9421309972289,-5.05786900277107,NA,NA,6.43830186941114,1.53568685996709,43.4064441372618,32.3232912115862,57.5609707828717,30.7876043516191,56.0252839229046,1,1,0,1,1.39867162704468,"bootstrap",1.41220450401306,NA
259,"lm_interact","two_stage","m1",626,60.3843696366153,10.3843696366153,NA,NA,6.80107129722872,-2.58259018371783,62.9669598203332,47.0545148377579,73.7142244354727,49.6371050214758,76.2968146191905,1,1,0,1,1.41248273849487,"bootstrap",1.4255223274231,NA
260,"lm_interact","two_stage","m1",611,56.1388477423019,6.13884774230192,NA,NA,6.84219412793122,1.35892498196712,54.7799227603348,42.7283936763253,69.5493018082786,41.3694686943582,68.1903768263114,1,1,0,1,1.40830826759338,"bootstrap",1.42178392410278,NA
261,"lm_interact","two_stage","m1",595,48.5182814591121,-1.48171854088785,NA,NA,6.16239384899358,0.491259447199035,48.0270220119131,36.4402114565336,60.5963514616907,35.9489520093345,60.1050920144917,1,1,0,1,1.4045307636261,"bootstrap",1.4173903465271,NA
262,"lm_interact","two_stage","m1",632,57.5600657214764,7.56006572147641,NA,NA,6.94832284730631,-0.298423482780308,57.8584892042567,43.9416031877992,71.1785282551536,44.2400266705796,71.4769517379339,1,1,0,1,1.40051007270813,"bootstrap",1.41424012184143,NA
263,"lm_interact","two_stage","m1",631,46.0237687441309,-3.97623125586913,NA,NA,7.66771387043778,-1.44996754801898,47.4737362921498,30.9953257143146,61.0522117739471,32.4452932623336,62.5021793219661,1,1,0,1,1.38616132736206,"bootstrap",1.39942002296448,NA
264,"lm_interact","two_stage","m1",616,53.5658668295504,3.56586682955044,NA,NA,7.17244448025328,-0.925820954927993,54.4916877844784,39.5081339671409,67.62359969196,40.4339549220689,68.549420646888,1,1,0,1,1.38655018806458,"bootstrap",1.39929676055908,NA
265,"lm_interact","two_stage","m1",615,53.5025279675364,3.50252796753637,NA,NA,7.12127537415027,-1.67016047622995,55.1726884437663,39.5450847102098,67.4599712248629,41.2152451864398,69.1301317010928,1,1,0,1,1.38752031326294,"bootstrap",1.40023398399353,NA
266,"lm_interact","two_stage","m1",599,54.7721196904135,4.77211969041352,NA,NA,6.53894638191628,0.580111802011537,54.192007888402,41.9560202850191,67.5882190958079,41.3759084830076,67.0081072937964,1,1,0,1,1.3871603012085,"bootstrap",1.39983344078064,NA
267,"lm_interact","two_stage","m1",607,48.2174352054561,-1.78256479454388,NA,NA,6.85355073310858,1.09514860471644,47.1222866007397,34.7847226023452,61.650147808567,33.6895739976288,60.5549992038506,1,1,0,1,1.37487649917603,"bootstrap",1.38742733001709,NA
268,"lm_interact","two_stage","m1",575,56.1718140114192,6.17181401141917,NA,NA,7.81893727048768,1.23721035586698,54.9346036555522,40.8469785638854,71.4966494589529,39.6097682080184,70.259439103086,1,1,0,1,1.37100768089294,"bootstrap",1.38322687149048,NA
269,"lm_interact","two_stage","m1",584,56.356656953337,6.35665695333696,NA,NA,8.14298644455318,1.12663615037429,55.2300208029627,40.3966967954149,72.3166171112591,39.2700606450406,71.1899809608848,1,1,0,1,1.38156056404114,"bootstrap",1.39372634887695,NA
270,"lm_interact","two_stage","m1",630,41.1441994984923,-8.85580050150774,NA,NA,6.49759732767601,1.90755053445768,39.2366489640346,28.4091427502036,53.8792562467809,26.5015922157459,51.9717057123233,1,1,0,1,1.38119101524353,"bootstrap",1.3935866355896,NA
271,"lm_interact","two_stage","m1",622,50.6055782833593,0.605578283359321,NA,NA,6.62798345979374,-0.181736341262656,50.787314624622,37.6149694120364,63.5961871546822,37.7967057532991,63.7779234959449,1,1,0,1,1.47027730941772,"bootstrap",1.48378562927246,NA
272,"lm_interact","two_stage","m1",608,50.4857954762378,0.485795476237755,NA,NA,6.28502701991859,-0.77239253541547,51.2581880116532,38.1673688753362,62.8042220771393,38.9397614107517,63.5766146125548,1,1,0,1,1.46484279632568,"bootstrap",1.47814249992371,NA
273,"lm_interact","two_stage","m1",603,52.2223642138691,2.22236421386908,NA,NA,7.44920191297312,-1.00232514476921,53.2246893586383,37.6221967508749,66.8225316768633,38.6245218956441,67.8248568216325,1,1,0,1,1.4570746421814,"bootstrap",1.47056102752686,NA
274,"lm_interact","two_stage","m1",618,50.2174571229333,0.217457122933311,NA,NA,7.23783722459982,0.449790627578984,49.7676664953543,36.0315568367543,64.4033574091123,35.5817662091753,63.9535667815333,1,1,0,1,1.45308303833008,"bootstrap",1.46623420715332,NA
275,"lm_interact","two_stage","m1",612,53.9147331898366,3.9147331898366,NA,NA,6.3325549559493,-0.0429401444633797,53.9576733343,41.5031535460553,66.3263128336179,41.5460936905187,66.3692529780812,1,1,0,1,1.46090388298035,"bootstrap",1.4755232334137,NA
276,"lm_interact","two_stage","m1",605,73.6930537669348,23.6930537669348,NA,NA,6.41610339017908,1.24636568412203,72.4466880828128,61.1177222010984,86.2683853327711,59.8713565169764,85.0220196486491,0,0,1,1,1.47045397758484,"bootstrap",1.48367023468018,NA
277,"lm_interact","two_stage","m1",613,53.2201255786234,3.22012557862336,NA,NA,7.32751353330716,-0.56724496995389,53.7873705485773,38.8584629571115,67.5817882001352,39.4257079270654,68.1490331700891,1,1,0,1,1.45837831497192,"bootstrap",1.47171688079834,NA
278,"lm_interact","two_stage","m1",593,44.9350452248331,-5.06495477516694,NA,NA,7.12478811508164,1.56015914224866,43.3748860825844,30.970717121794,58.8993733278721,29.4105579795454,57.3392141856234,1,1,0,1,1.45448565483093,"bootstrap",1.47974061965942,NA
279,"lm_interact","two_stage","m1",635,37.7247460562735,-12.2752539437265,NA,NA,6.39719428419327,-1.43285633065383,39.1576023869273,25.1864756571492,50.2630164553978,26.619331987803,51.6958727860516,1,1,0,1,1.46911835670471,"bootstrap",1.48206806182861,NA
280,"lm_interact","two_stage","m1",601,47.0864678639611,-2.91353213603891,NA,NA,8.02715046715108,-1.64394218178585,48.7304100457469,31.3535420498611,62.8193936780611,32.997484231647,64.4633358598469,1,1,0,1,1.45365285873413,"bootstrap",1.46651721000671,NA
281,"lm_interact","two_stage","m1",601,61.5777248106965,11.5777248106965,NA,NA,7.48633279386835,1.35540167022658,60.2223231404699,46.9047821584334,76.2506674629596,45.5493804882068,74.895265792733,1,1,0,1,1.48678994178772,"bootstrap",1.49926710128784,NA
282,"lm_interact","two_stage","m1",621,56.5077294728129,6.50772947281293,NA,NA,6.91273611073598,-0.325282408189921,56.8330118810028,42.9590156611409,70.0564432844849,43.2842980693308,70.3817256926748,1,1,0,1,1.46231961250305,"bootstrap",1.47552275657654,NA
283,"lm_interact","two_stage","m1",603,46.7165239457841,-3.28347605421587,NA,NA,6.84274525340945,0.511031528264887,46.2054924175192,33.3049896937192,60.1280581978491,32.7939581654543,59.6170266695842,1,1,0,1,1.46828460693359,"bootstrap",1.48185181617737,NA
284,"lm_interact","two_stage","m1",599,50.4524699358349,0.452469935834912,NA,NA,7.08221655808579,-1.77586951694587,52.2283394527808,36.5715805512736,64.3333593203963,38.3474500682194,66.1092288373421,1,1,0,1,1.4562611579895,"bootstrap",1.46893572807312,NA
285,"lm_interact","two_stage","m1",633,53.9364326239813,3.9364326239813,NA,NA,5.48511890342201,1.84706062931591,52.0893719946654,43.1857971223543,64.6870681256083,41.3387364930384,62.8400074962924,1,1,0,1,1.46419930458069,"bootstrap",1.47718477249146,NA
286,"lm_interact","two_stage","m1",601,42.9875965152488,-7.01240348475122,NA,NA,7.59606604932296,0.753972977887933,42.2336235373608,28.0995806343883,57.8756123961092,27.3456076565004,57.1216394182213,1,1,0,1,1.45659875869751,"bootstrap",1.4697642326355,NA
287,"lm_interact","two_stage","m1",620,52.9900929455224,2.99009294552245,NA,NA,7.96758790817866,1.76635155364333,51.2237413918791,37.3739076018355,68.6062782892094,35.6075560481921,66.8399267355661,1,1,0,1,1.46292734146118,"bootstrap",1.47610688209534,NA
288,"lm_interact","two_stage","m1",593,57.9897847192318,7.98978471923176,NA,NA,7.72526050157443,1.13076821196942,56.8590165072623,42.848552364956,73.1310170735075,41.7177841529866,72.0002488615381,1,1,0,1,1.47462129592896,"bootstrap",1.48838710784912,NA
289,"lm_interact","two_stage","m1",594,45.9410945687076,-4.05890543129238,NA,NA,7.4618099921588,-3.81090281516743,49.7519973838751,31.3162157245953,60.56597341282,35.1271185397627,64.3768762279874,1,1,0,1,1.46277689933777,"bootstrap",1.47589755058289,NA
290,"lm_interact","two_stage","m1",591,61.9927401154172,11.9927401154172,NA,NA,7.86397410337173,0.81582472150528,61.1769153939119,46.5796340974529,77.4058461333814,45.7638093759476,76.5900214118762,1,1,0,1,1.4651083946228,"bootstrap",1.47827887535095,NA
291,"lm_interact","two_stage","m1",623,57.9056856142505,7.90568561425045,NA,NA,6.81840803849492,0.818709667066244,57.0869759471842,44.541851426902,71.2695198015989,43.7231417598358,70.4508101345326,1,1,0,1,1.47135281562805,"bootstrap",1.48597550392151,NA
292,"lm_interact","two_stage","m1",605,54.2957047910093,4.29570479100926,NA,NA,7.14366926102784,0.00772114609984698,54.2879836449094,40.2943703219288,68.2970392600897,40.286649175829,68.2893181139899,1,1,0,1,1.46691727638245,"bootstrap",1.48041653633118,NA
293,"lm_interact","two_stage","m1",632,55.6895778833217,5.68957788332173,NA,NA,7.34197399757856,-1.43009268927594,57.1196705725977,41.2995732726382,70.0795824940053,42.7296659619141,71.5096751832812,1,1,0,1,1.47812008857727,"bootstrap",1.49101305007935,NA
294,"lm_interact","two_stage","m1",589,38.8794047590662,-11.1205952409338,NA,NA,7.1202357166892,1.12970108343196,37.7497036756342,24.9239991929196,52.8348103252127,23.7942981094876,51.7051092417808,1,1,0,1,1.45528197288513,"bootstrap",1.46852350234985,NA
295,"lm_interact","two_stage","m1",615,53.4016073262052,3.40160732620523,NA,NA,5.78826991595273,-0.225578695855297,53.6271860220605,42.0568067581412,64.7464078942693,42.2823854539965,64.9719865901246,1,1,0,1,1.47398710250854,"bootstrap",1.48738980293274,NA
296,"lm_interact","two_stage","m1",600,65.1674208653823,15.1674208653823,NA,NA,8.75361477144663,1.57985538798641,63.5875654773959,48.0106511788091,82.3241905519555,46.4307957908227,80.7443351639691,1,1,0,1,1.46618461608887,"bootstrap",1.47940921783447,NA
297,"lm_interact","two_stage","m1",593,51.4681616915298,1.46816169152982,NA,NA,6.75274821653428,0.856953940981867,50.611207750548,38.2330183904555,64.7033049926041,37.3760644494737,63.8463510516222,1,1,0,1,1.45216464996338,"bootstrap",1.4649600982666,NA
298,"lm_interact","two_stage","m1",614,45.1367827226409,-4.86321727735909,NA,NA,7.91960286881229,-1.20748589502504,46.344268617666,29.6146463279087,60.6589191173731,30.8221322229338,61.8664050123981,1,1,0,1,1.46814727783203,"bootstrap",1.4822416305542,NA
299,"lm_interact","two_stage","m1",588,47.3915053551928,-2.60849464480722,NA,NA,6.43425710150613,0.0556927981831805,47.3358125570096,34.7805931689697,60.0024175414159,34.7249003707865,59.9467247432327,1,1,0,1,1.45298743247986,"bootstrap",1.46636867523193,NA
300,"lm_interact","two_stage","m1",610,67.0506487835217,17.0506487835217,NA,NA,7.40857559936532,-2.32730900376866,69.3779577872904,52.5301074320234,81.57119013502,54.8574164357921,83.8984991387886,0,0,1,1,1.46775460243225,"bootstrap",1.48060059547424,NA
301,"lm_interact","two_stage","m1",617,57.2588679913254,7.25886799132539,NA,NA,6.3436425242577,-0.963742579441558,58.2226105707669,44.8255571129835,69.6921788696672,45.7892996924251,70.6559214491088,1,1,0,1,1.475994348526,"bootstrap",1.48936128616333,NA
302,"lm_interact","two_stage","m1",630,56.8556771117368,6.85567711173677,NA,NA,6.70990013785831,-0.509825915664017,57.3655030274008,43.7045145016741,70.0068397217994,44.2143404173382,70.5166656374634,1,1,0,1,1.46914577484131,"bootstrap",1.48263907432556,NA
303,"lm_interact","two_stage","m1",625,55.4742938408486,5.47429384084858,NA,NA,6.70749353227531,0.409062022613185,55.0652318182354,42.3278480910536,68.6207395906436,41.9187860684404,68.2116775680304,1,1,0,1,1.46911931037903,"bootstrap",1.48239898681641,NA
304,"lm_interact","two_stage","m1",603,63.6209098407208,13.6209098407208,NA,NA,8.38794906548068,-2.08239521227085,65.7033050529917,47.1808317682223,80.0609879132194,49.2632269804931,82.1433831254902,1,1,0,1,1.45765352249146,"bootstrap",1.47110462188721,NA
305,"lm_interact","two_stage","m1",599,47.0391396854155,-2.96086031458454,NA,NA,7.78345330357925,2.27671949351832,44.7624201918971,31.7838515350508,62.2944278357801,29.5071320415325,60.0177083422618,1,1,0,1,1.46524167060852,"bootstrap",1.47940540313721,NA
306,"lm_interact","two_stage","m1",601,44.3810174650115,-5.61898253498849,NA,NA,6.46063277660558,-1.69340689341254,46.0744243584241,31.7184099055256,57.0436250244974,33.4118167989381,58.73703191791,1,1,0,1,1.4585964679718,"bootstrap",1.47278380393982,NA
307,"lm_interact","two_stage","m1",579,52.3304452484292,2.33044524842922,NA,NA,6.94736846166379,-1.61896510170392,53.9494103501331,38.7138532762388,65.9470372206197,40.3328183779427,67.5660023223236,1,1,0,1,1.45251250267029,"bootstrap",1.46568465232849,NA
308,"lm_interact","two_stage","m1",596,63.489044165418,13.489044165418,NA,NA,7.10954735719216,-0.0783668951610892,63.5674110605791,49.5545873989395,77.4235009318966,49.6329542941006,77.5018678270577,1,1,0,1,1.48311948776245,"bootstrap",1.49636816978455,NA
309,"lm_interact","two_stage","m1",614,43.8646305304331,-6.13536946956692,NA,NA,6.30683385006443,-0.14203030778468,44.0066608382178,31.5034633278287,56.2257977330375,31.6454936356134,56.3678280408221,1,1,0,1,1.81734037399292,"bootstrap",1.83033132553101,NA
310,"lm_interact","two_stage","m1",627,48.7515445455798,-1.24845545442017,NA,NA,6.67869876011092,1.87655530030092,46.8749892452789,35.6615355121701,61.8415535789895,33.7849802118692,59.9649982786886,1,1,0,1,1.80481171607971,"bootstrap",1.81833791732788,NA
311,"lm_interact","two_stage","m1",603,51.3988692260463,1.39886922604627,NA,NA,6.55360602189081,0.441357242985205,50.9575119830611,38.5540374542755,64.2437009978171,38.1126802112903,63.8023437548319,1,1,0,1,1.4673023223877,"bootstrap",1.48108673095703,NA
312,"lm_interact","two_stage","m1",629,50.6402358692693,0.64023586926929,NA,NA,7.84927955154845,-0.462193031902771,51.1024289011721,35.2559306436476,66.0245410948909,35.7181236755504,66.4867341267937,1,1,0,1,1.48539090156555,"bootstrap",1.4988329410553,NA
313,"lm_interact","two_stage","m1",605,59.7886359675264,9.78863596752635,NA,NA,6.77157933849834,0.101376460944813,59.6872595065815,46.5165843456141,73.0606875894386,46.4152078846692,72.9593111284938,1,1,0,1,1.47573828697205,"bootstrap",1.48860597610474,NA
314,"lm_interact","two_stage","m1",609,45.1765890034555,-4.82341099654454,NA,NA,6.49741120480235,0.205733895478687,44.9708551079768,32.4418970492959,57.9112809576151,32.2361631538172,57.7055470621364,1,1,0,1,1.46601438522339,"bootstrap",1.47960591316223,NA
315,"lm_interact","two_stage","m1",627,64.6749471044561,14.6749471044561,NA,NA,8.44068317397303,0.017364541029707,64.6575825634264,48.1315120785557,81.2183821303565,48.114147537526,81.2010175893268,1,1,0,1,1.46772861480713,"bootstrap",1.48058009147644,NA
316,"lm_interact","two_stage","m1",608,43.9279282271948,-6.07207177280522,NA,NA,6.5973231347625,0.356366611912264,43.5715616152825,30.9974124886874,56.8584439657022,30.6410458767751,56.5020773537899,1,1,0,1,1.46776700019836,"bootstrap",1.49240064620972,NA
317,"lm_interact","two_stage","m1",611,55.6932433992274,5.69324339922741,NA,NA,8.04320699730257,-0.177696958178011,55.8709403574054,39.9288473643138,71.457639434141,40.1065443224918,71.635336392319,1,1,0,1,1.4609227180481,"bootstrap",1.47428417205811,NA
318,"lm_interact","two_stage","m1",605,47.9093036823173,-2.09069631768266,NA,NA,6.59441269587069,-1.05528966311462,48.964593345432,34.9844922992171,60.8341150654176,36.0397819623317,61.8894047285322,1,1,0,1,1.46183180809021,"bootstrap",1.47581195831299,NA
319,"lm_interact","two_stage","m1",602,54.5527713467538,4.55277134675379,NA,NA,6.27647806173591,0.519804759189427,54.0329665875644,42.2511003959956,66.854442297512,41.7312956368062,66.3346375383225,1,1,0,1,1.44823145866394,"bootstrap",1.46203374862671,NA
320,"lm_interact","two_stage","m1",617,50.1001306337078,0.100130633707778,NA,NA,6.71182999200357,1.81979610528653,48.2803345284212,36.945185579025,63.2550756883905,35.1253894737385,61.435279583104,1,1,0,1,1.45165228843689,"bootstrap",1.464928150177,NA
321,"lm_interact","two_stage","m1",595,65.0262589618934,15.0262589618934,NA,NA,7.15562531805593,-1.36511866905774,66.3913776309512,51.0014910516409,79.051026872146,52.3666097206986,80.4161455412037,0,0,1,1,1.45480489730835,"bootstrap",1.46774697303772,NA
322,"lm_interact","two_stage","m1",607,59.2590839196992,9.25908391969917,NA,NA,7.28290554364469,1.76968613278417,57.489397786915,44.9848513513485,73.5333164880498,43.2151652185643,71.7636303552657,1,1,0,1,1.47168827056885,"bootstrap",1.48470902442932,NA
323,"lm_interact","two_stage","m1",608,65.5566884035988,15.5566884035988,NA,NA,7.76505584457149,-0.652492529119229,66.2091809327181,50.3374586102965,80.7759181969012,50.9899511394157,81.4284107260204,0,0,1,1,1.46044325828552,"bootstrap",1.47375655174255,NA
324,"lm_interact","two_stage","m1",618,51.6561112716014,1.65611127160144,NA,NA,6.67249818484997,0.0473004649117001,51.6088108066897,38.5782551423866,64.7339674008163,38.5309546774749,64.6866669359046,1,1,0,1,1.46493172645569,"bootstrap",1.47778344154358,NA
325,"lm_interact","two_stage","m1",615,59.786685204618,9.78668520461804,NA,NA,6.18826486316998,-5.00035092332425,64.7870361279423,47.6579089460102,71.9154614632259,52.6582598693344,76.9158123865501,1,0,0,1,1.46824932098389,"bootstrap",1.48129487037659,NA
326,"lm_interact","two_stage","m1",588,64.0013116617358,14.0013116617358,NA,NA,7.12967142958933,0.118543406915137,63.8827682548206,50.0274124381365,77.9752108853351,49.9088690312214,77.8566674784199,0,1,1,1,1.46194577217102,"bootstrap",1.4745180606842,NA
327,"lm_interact","two_stage","m1",624,67.0414493293455,17.0414493293455,NA,NA,7.23280310572805,-1.91144474653095,68.9528940758764,52.8654157348491,81.2174829238419,54.77686048138,83.1289276703728,0,0,1,1,1.47172164916992,"bootstrap",1.48489665985107,NA
328,"lm_interact","two_stage","m1",626,47.5518884668517,-2.44811153314831,NA,NA,6.59047645535896,-0.663165928812894,48.2150543956646,34.6347919733889,60.4689849603145,35.2979579022018,61.1321508891273,1,1,0,1,1.47447896003723,"bootstrap",1.48748517036438,NA
329,"lm_interact","two_stage","m1",608,37.3702755777051,-12.6297244222949,NA,NA,5.39599854089556,0.383571189899371,36.9867043878058,26.7943127769192,47.9462383784911,26.4107415870198,47.5626671885917,0,0,1,1,1.4552173614502,"bootstrap",1.46855235099792,NA
330,"lm_interact","two_stage","m1",586,44.8814234231583,-5.11857657684172,NA,NA,7.4435470659666,1.27213807693322,43.6092853462251,30.292339256635,59.4705075896816,29.0202011797017,58.1983695127484,1,1,0,1,1.43615579605103,"bootstrap",1.44892072677612,NA
331,"lm_interact","two_stage","m1",605,43.7202780462771,-6.27972195372293,NA,NA,6.31268143291798,-0.183382718687341,43.9036607649644,31.3476497918831,56.092906300671,31.5310325105705,56.2762890193584,1,1,0,1,1.47301983833313,"bootstrap",1.486656665802,NA
332,"lm_interact","two_stage","m1",629,50.4851147026369,0.485114702636928,NA,NA,7.41617713682133,1.79816256945641,48.6869521331805,35.9496746114977,65.0205547937761,34.1515120420413,63.2223922243197,1,1,0,1,1.4732825756073,"bootstrap",1.48628926277161,NA
333,"lm_interact","two_stage","m1",620,47.8634784255015,-2.13652157449848,NA,NA,6.13899759796014,-0.661928232030142,48.5254066575317,35.8312642323218,59.8956926186813,36.4931924643519,60.5576208507114,1,1,0,1,1.45556163787842,"bootstrap",1.46938538551331,NA
334,"lm_interact","two_stage","m1",587,62.4532495581111,12.4532495581111,NA,NA,7.59473911390998,-0.785302401202422,63.2385519593135,47.5678344228699,77.3386646933523,48.3531368240723,78.1239670945547,1,1,0,1,1.45133376121521,"bootstrap",1.46504354476929,NA
335,"lm_interact","two_stage","m1",617,48.2489707537809,-1.75102924621909,NA,NA,7.48503162823907,-0.123838477828322,48.3728092316092,33.5785783392891,62.9193631682727,33.7024168171175,63.043201646101,1,1,0,1,1.81793522834778,"bootstrap",1.83116579055786,NA
336,"lm_interact","two_stage","m1",632,55.9241632620012,5.92416326200117,NA,NA,6.86984411279169,0.679135005521751,55.2450282564794,42.4595162215249,69.3888103024774,41.7803812160032,68.7096752969557,1,1,0,1,1.45456743240356,"bootstrap",1.46771740913391,NA
337,"lm_interact","two_stage","m1",603,50.6277554421871,0.627755442187123,NA,NA,7.01469659575483,0.0500953856626865,50.5776600565244,36.8792027520319,64.3763081323423,36.8291073663693,64.3262127466796,1,1,0,1,1.47504091262817,"bootstrap",1.48848080635071,NA
338,"lm_interact","two_stage","m1",609,49.2405841987014,-0.75941580129863,NA,NA,6.17526984884438,-1.76240371158016,51.0029879102815,37.1372777001503,61.3438906972524,38.8996814117305,63.1062944088326,1,1,0,1,1.46381950378418,"bootstrap",1.47719550132751,NA
339,"lm_interact","two_stage","m1",624,52.8717788231913,2.87177882319133,NA,NA,6.28339161425413,-0.475919054578313,53.3476978777696,40.5565575584922,65.1870000878904,41.0324766130706,65.6629191424687,1,1,0,1,1.45413303375244,"bootstrap",1.46683311462402,NA
340,"lm_interact","two_stage","m1",643,56.9098244510112,6.90982445101118,NA,NA,7.32228737398996,-0.223678647133525,57.1335030981447,42.5584049135385,71.2612439884839,42.782083560672,71.4849226356174,1,1,0,1,1.44646906852722,"bootstrap",1.45923519134521,NA
341,"lm_interact","two_stage","m1",620,53.5985304091314,3.5985304091314,NA,NA,7.72551691387923,-0.756049946652588,54.354580355784,38.4567954959731,68.7402653222897,39.2128454426257,69.4963152689423,1,1,0,1,1.48400044441223,"bootstrap",1.49704313278198,NA
342,"lm_interact","two_stage","m1",599,41.7134708358788,-8.28652916412116,NA,NA,6.81324487392813,1.8296263581501,39.8838444777287,28.3597562651276,55.0671854066301,26.5301299069775,53.23755904848,1,1,0,1,1.47797131538391,"bootstrap",1.4924111366272,NA
343,"lm_interact","two_stage","m1",601,56.9966375850499,6.99663758504995,NA,NA,7.96625803288484,-0.880299788448248,57.8769373734982,41.3830587490428,72.6102164210571,42.263358537491,73.4905162095054,1,1,0,1,1.48061776161194,"bootstrap",1.49369430541992,NA
344,"lm_interact","two_stage","m1",599,50.8252332351545,0.825233235154464,NA,NA,7.7765673915357,-0.558012292394608,51.3832455275491,35.5834412243959,66.067025245913,36.1414535167905,66.6250375383076,1,1,0,1,1.80919194221497,"bootstrap",1.82215595245361,NA
345,"lm_interact","two_stage","m1",600,55.7497654993889,5.74976549938893,NA,NA,7.71273783234604,-0.224576991132722,55.9743424905217,40.6330771257912,70.8664538729867,40.8576541169239,71.0910308641194,1,1,0,1,1.44766020774841,"bootstrap",1.46060109138489,NA
346,"lm_interact","two_stage","m1",602,51.2150864698236,1.21508646982361,NA,NA,7.45053616459766,0.959556073776739,50.2555303960469,36.612303921699,65.8178690179482,35.6527478479223,64.8583129441715,1,1,0,1,1.44189381599426,"bootstrap",1.45573544502258,NA
347,"lm_interact","two_stage","m1",606,58.7704613333914,8.77046133339137,NA,NA,6.66407254417369,1.16422964142182,57.6062316919696,45.7091191564487,71.831803510334,44.5448895150269,70.6675738689122,1,1,0,1,1.48523426055908,"bootstrap",1.49850511550903,NA
348,"lm_interact","two_stage","m1",609,46.8307153632138,-3.16928463678619,NA,NA,6.51314607955333,-1.51206663153182,48.3427819947456,34.065183621241,59.5962471051866,35.5772502527728,61.1083137367184,1,1,0,1,1.82502579689026,"bootstrap",1.8383572101593,NA
349,"lm_interact","two_stage","m1",612,54.6816935203954,4.68169352039545,NA,NA,7.3751207894961,-1.76432854733812,56.4460220677336,40.2267223913505,69.1366646494404,41.9910509386886,70.9009931967785,1,1,0,1,1.45264625549316,"bootstrap",1.46668362617493,NA
350,"lm_interact","two_stage","m1",620,44.3079613089334,-5.69203869106657,NA,NA,6.4318320393048,0.623985377327301,43.6839759316061,31.7018021572852,56.9141204605816,31.0778167799579,56.2901350832543,1,1,0,1,1.46772909164429,"bootstrap",1.48124265670776,NA
351,"lm_interact","two_stage","m1",595,49.8174626932008,-0.182537306799169,NA,NA,6.77236984643062,-1.67561001640986,51.4930727096107,36.5438617042118,63.0910636821899,38.2194717206216,64.7666736985998,1,1,0,1,1.46906065940857,"bootstrap",1.48347187042236,NA
352,"lm_interact","two_stage","m1",605,60.3527032342184,10.3527032342184,NA,NA,6.06079604513027,0.0199271236703495,60.3327761105481,48.4737612681203,72.2316452003166,48.45383414445,72.2117180766462,1,1,0,1,1.4736316204071,"bootstrap",1.48727989196777,NA
353,"lm_interact","two_stage","m1",629,51.1576948834901,1.15769488349008,NA,NA,7.49102696400817,0.00295915941852343,51.1547357240716,36.4755518268156,65.8398379401645,36.4725926673971,65.836878780746,1,1,0,1,1.81903147697449,"bootstrap",1.83225917816162,NA
354,"lm_interact","two_stage","m1",611,44.1514829103965,-5.84851708960355,NA,NA,6.5378789918736,-0.427397916212762,44.5788808266092,31.3374755510432,56.9654902697497,31.7648734672559,57.3928881859625,1,1,0,1,1.45991659164429,"bootstrap",1.47329807281494,NA
355,"lm_interact","two_stage","m1",622,51.1194802249183,1.11948022491832,NA,NA,5.83209724905753,1.39431097736733,49.725169247551,39.6887796624304,62.5501807874062,38.2944686850631,61.1558698100389,1,1,0,1,1.44191598892212,"bootstrap",1.45513772964478,NA
356,"lm_interact","two_stage","m1",596,54.4704523366608,4.47045233666083,NA,NA,6.43536182299685,0.271790391097973,54.1986619455629,41.857374936103,67.0835297372187,41.585584545005,66.8117393461207,1,1,0,1,1.44475746154785,"bootstrap",1.45788669586182,NA
357,"lm_interact","two_stage","m1",611,69.8505768813412,19.8505768813412,NA,NA,7.41223144410762,-2.46975930866824,72.3203361900094,55.3228702058149,84.3782835568674,57.7926295144832,86.8480428655357,0,0,1,1,1.48692655563354,"bootstrap",1.50030732154846,NA
358,"lm_interact","two_stage","m1",611,59.9844385671309,9.98443856713094,NA,NA,6.3274499083935,1.1368354458556,58.8476031212753,47.5828646326984,72.3860125015635,46.4460291868428,71.2491770557079,1,1,0,1,1.44936084747314,"bootstrap",1.46237063407898,NA
359,"lm_interact","two_stage","m1",610,53.2890531674965,3.28905316749653,NA,NA,6.28578709127601,-1.87312467528281,55.1621778427793,40.9691368541088,65.6089694808843,42.8422615293916,67.4820941561671,1,1,0,1,1.45611429214478,"bootstrap",1.46956491470337,NA
360,"lm_interact","two_stage","m1",630,64.7870860190551,14.7870860190551,NA,NA,7.90914951971135,-0.576090454064072,65.3631764731192,49.2854378120786,80.2887342260316,49.8615282661426,80.8648246800957,1,1,0,1,1.46752023696899,"bootstrap",1.4810357093811,NA
361,"lm_interact","two_stage","m1",616,45.3802447939189,-4.6197552060811,NA,NA,6.33284488092234,-1.05438323143097,46.4346280253499,32.9680969076323,57.7923926802055,34.0224801390632,58.8467759116365,1,1,0,1,1.36083078384399,"bootstrap",1.37431836128235,NA
362,"lm_interact","two_stage","m1",629,50.7497550029536,0.749755002953556,NA,NA,6.53245503674764,-1.16133740506201,51.9110924080156,37.9463784003009,63.5531316056062,39.1077158053629,64.7144690106682,1,1,0,1,1.36915898323059,"bootstrap",1.38264489173889,NA
363,"lm_interact","two_stage","m1",617,39.8124451217816,-10.1875548782184,NA,NA,6.7931346516855,0.243079223508744,39.5693658982729,26.498145862347,53.1267443812162,26.2550666388382,52.8836651577075,1,1,0,1,1.33382153511047,"bootstrap",1.3470447063446,NA
364,"lm_interact","two_stage","m1",586,61.0018087440191,11.0018087440191,NA,NA,8.02615085079998,-0.246853031021956,61.248661775041,45.2708421419656,76.7327753460726,45.5176951729876,76.9796283770945,1,1,0,1,1.34602642059326,"bootstrap",1.35991930961609,NA
365,"lm_interact","two_stage","m1",574,50.3109216103798,0.310921610379843,NA,NA,6.89004672329117,-0.331130293795134,50.642051904175,36.8066781809309,63.8151650398287,37.1378084747261,64.1462953336239,1,1,0,1,1.33382630348206,"bootstrap",1.34716844558716,NA
366,"lm_interact","two_stage","m1",622,56.2877370588824,6.28773705888237,NA,NA,6.65608172144302,0.50422693949897,55.7835101193834,43.2420566066987,69.3334175110661,42.7378296671997,68.8291905715671,1,1,0,1,1.33325695991516,"bootstrap",1.34639477729797,NA
367,"lm_interact","two_stage","m1",621,56.9732931056886,6.97329310568865,NA,NA,6.16796002174132,1.8881211146566,55.085171991032,44.8843136049928,69.0622726063845,42.9961924903362,67.1741514917279,1,1,0,1,1.39385485649109,"bootstrap",1.4074022769928,NA
368,"lm_interact","two_stage","m1",590,45.7317275509309,-4.26827244906911,NA,NA,6.76573338765323,0.108397231209302,45.6233303197216,32.4711337821304,58.9923213197314,32.3627365509211,58.8839240885221,1,1,0,1,1.35559868812561,"bootstrap",1.36886763572693,NA
369,"lm_interact","two_stage","m1",605,48.3873023759871,-1.61269762401291,NA,NA,7.12732732283469,-0.899846630619884,49.287149006607,34.4179975172028,62.3566072347714,35.3178441478227,63.2564538653912,1,1,0,1,1.35193681716919,"bootstrap",1.36517262458801,NA
370,"lm_interact","two_stage","m1",578,64.0587913341109,14.0587913341109,NA,NA,7.7736450895525,-1.05168976861054,65.1104811027215,48.8227269299914,79.2948557382304,49.8744166986019,80.346545506841,1,1,0,1,1.36306881904602,"bootstrap",1.37633109092712,NA
371,"lm_interact","two_stage","m1",572,51.68343463109,1.68343463109004,NA,NA,7.10562719190489,-0.0388607298484445,51.7222953609385,37.756661247388,65.6102080147921,37.7955219772364,65.6490687446405,1,1,0,1,1.43595814704895,"bootstrap",1.44872975349426,NA
372,"lm_interact","two_stage","m1",592,58.1824273593929,8.18242735939288,NA,NA,8.29288561272156,0.449246776576182,57.7331805828167,41.9286702305482,74.4361844882375,41.4794234539721,73.9869377116613,1,1,0,1,1.45410966873169,"bootstrap",1.46680450439453,NA
373,"lm_interact","two_stage","m1",610,42.7073198056534,-7.29268019434657,NA,NA,7.18726413229329,-0.697632116034356,43.4049519216878,28.6205409589821,56.7940986523248,29.3181730750164,57.4917307683592,1,1,0,1,1.42565512657166,"bootstrap",1.43830013275146,NA
374,"lm_interact","two_stage","m1",605,52.3574549656215,2.35745496562155,NA,NA,6.99383397262643,-1.55059862640627,53.9080535920278,38.6497922654211,66.065117665822,40.2003908918273,67.6157162922283,1,1,0,1,1.41072082519531,"bootstrap",1.42296004295349,NA
375,"lm_interact","two_stage","m1",603,52.8167521960524,2.81675219605237,NA,NA,7.03114083291174,0.472559572878872,52.3441926231735,39.0359693933164,66.5975349987883,38.5634098204375,66.1249754259095,1,1,0,1,1.40742254257202,"bootstrap",1.42031621932983,NA
376,"lm_interact","two_stage","m1",618,57.1234477059914,7.12344770599137,NA,NA,7.03936420621915,-0.0166471519918758,57.1400948579833,43.3265473877415,70.9203480242413,43.3431945397333,70.9369951762332,1,1,0,1,1.42272162437439,"bootstrap",1.43548345565796,NA
377,"lm_interact","two_stage","m1",595,52.0362449731474,2.03624497314737,NA,NA,6.15986585274507,-0.539887417574811,52.5761323907222,39.9631297521689,64.1093601941258,40.5030171697437,64.6492476117006,1,1,0,1,1.42616271972656,"bootstrap",1.43921232223511,NA
378,"lm_interact","two_stage","m1",599,50.546242965775,0.546242965774965,NA,NA,8.69001745874766,-0.222460244508177,50.7687032102831,33.5141217216053,67.5783642099447,33.7365819661134,67.8008244544528,1,1,0,1,1.40707969665527,"bootstrap",1.41970467567444,NA
379,"lm_interact","two_stage","m1",593,57.195192143728,7.19519214372803,NA,NA,7.45216870341201,-1.2803328272716,58.4755249709996,42.5892098783239,71.8011744091321,43.8695427055955,73.0815072364037,1,1,0,1,1.40767407417297,"bootstrap",1.41976618766785,NA
380,"lm_interact","two_stage","m1",616,48.0700220011925,-1.92997799880746,NA,NA,6.77112696379501,0.504740630260933,47.5652813709316,34.7988570174063,61.3411869849788,34.2941163871454,60.8364463547179,1,1,0,1,1.41795778274536,"bootstrap",1.43066740036011,NA
381,"lm_interact","two_stage","m1",640,53.1579726200708,3.15797262007078,NA,NA,6.77655343012553,-0.362683063068872,53.5206556831397,39.8761719577134,66.4397732824282,40.2388550207823,66.802456345497,1,1,0,1,1.46822738647461,"bootstrap",1.48176145553589,NA
382,"lm_interact","two_stage","m1",643,44.8779486107626,-5.12205138923741,NA,NA,6.21719037616321,0.127279043304604,44.750669567458,32.6924793884537,57.0634178330715,32.5652003451491,56.9361387897669,1,1,0,1,1.48811101913452,"bootstrap",1.50090575218201,NA
383,"lm_interact","two_stage","m1",626,49.6239152064134,-0.376084793586649,NA,NA,5.75242994375275,0.514860754492133,49.1090544519212,38.3493596930682,60.8984707197585,37.8344989385761,60.3836099652664,1,1,0,1,1.45328497886658,"bootstrap",1.46603012084961,NA
384,"lm_interact","two_stage","m1",605,56.3906251739476,6.39062517394764,NA,NA,6.83366863282093,-0.00421365351108705,56.3948388274587,42.9968807713375,69.7843695765577,43.0010944248486,69.7885832300688,1,1,0,1,1.44574689865112,"bootstrap",1.45863056182861,NA
385,"lm_interact","two_stage","m1",601,52.1436458377067,2.14364583770666,NA,NA,7.35114579608258,-1.47411092024931,53.617756757956,37.7356648322818,66.5516268431315,39.2097757525311,68.0257377633809,1,1,0,1,1.44322156906128,"bootstrap",1.45581030845642,NA
386,"lm_interact","two_stage","m1",606,42.4381163249992,-7.56188367500084,NA,NA,5.95430874363849,-1.45803847500772,43.8961548000069,30.7678856346358,54.1083470153625,32.2259241096435,55.5663854903703,1,1,0,1,1.45394945144653,"bootstrap",1.46691679954529,NA
387,"lm_interact","two_stage","m1",589,60.4563190135761,10.4563190135761,NA,NA,7.3029749472183,-0.697748554477933,61.154067568054,46.1427511370299,74.7698868901223,46.8404996915079,75.4676354446002,1,1,0,1,1.46883654594421,"bootstrap",1.4821662902832,NA
388,"lm_interact","two_stage","m1",623,58.1134282002462,8.1134282002462,NA,NA,7.11130492649698,0.623362468496616,57.4900657317496,44.1755266612299,72.0513297392625,43.5521641927333,71.4279672707659,1,1,0,1,1.44557619094849,"bootstrap",1.45873045921326,NA
389,"lm_interact","two_stage","m1",594,46.7844744587756,-3.21552554122444,NA,NA,6.42546827837282,-0.508988766647221,47.2934632254228,34.1907880493603,59.3781608681909,34.6997768160075,59.8871496348381,1,1,0,1,1.44274234771729,"bootstrap",1.45594930648804,NA
390,"lm_interact","two_stage","m1",613,48.0329785190839,-1.9670214809161,NA,NA,7.07404277236574,0.694736224449592,47.3382422946343,34.1681094601512,61.8978475780166,33.4733732357016,61.203111353567,1,1,0,1,1.46669006347656,"bootstrap",1.47965812683105,NA
391,"lm_interact","two_stage","m1",587,49.250510932,-0.749489067999974,NA,NA,8.21245054109911,1.12130991024445,48.1292010217556,33.1544036466293,65.3466182173707,32.0330937363849,64.2253083071263,1,1,0,1,1.8319685459137,"bootstrap",1.84560894966125,NA
392,"lm_interact","two_stage","m1",600,56.9221381260302,6.92213812603016,NA,NA,7.10372339330894,0.0469137355480029,56.8752243904822,42.99909611901,70.8451801330503,42.952182383462,70.7982663975023,1,1,0,1,1.8288266658783,"bootstrap",1.84250617027283,NA
393,"lm_interact","two_stage","m1",605,50.1969415837155,0.19694158371545,NA,NA,6.10043033900766,-0.280940101197096,50.4778816849125,38.240317829065,62.1535653383659,38.5212579302621,62.434505439563,1,1,0,1,1.46050238609314,"bootstrap",1.47420787811279,NA
394,"lm_interact","two_stage","m1",611,65.2186148523251,15.2186148523251,NA,NA,6.470307502785,-0.287457296560177,65.5060721488853,52.5370451779672,77.900184526683,52.8245024745274,78.1876418232432,0,0,1,1,1.4487636089325,"bootstrap",1.46222043037415,NA
395,"lm_interact","two_stage","m1",631,37.4910863963306,-12.5089136036694,NA,NA,6.12248018351182,-2.70647335317504,40.1975597495056,25.4912457405872,49.4909270520739,28.1977190937623,52.197400405249,0,1,1,1,1.46746826171875,"bootstrap",1.48061895370483,NA
396,"lm_interact","two_stage","m1",592,45.8022370670002,-4.19776293299982,NA,NA,6.02699762239352,0.517908190842029,45.2843288761581,33.9895387922003,57.6149353418,33.4716306013583,57.097027150958,1,1,0,1,1.45838832855225,"bootstrap",1.47229766845703,NA
397,"lm_interact","two_stage","m1",585,51.8056639106152,1.80566391061517,NA,NA,6.18230816698161,-2.59764928228952,54.4033131929047,39.6885625620034,63.922765259227,42.2862118442929,66.5204145415165,1,1,0,1,1.82839846611023,"bootstrap",1.84161496162415,NA
398,"lm_interact","two_stage","m1",590,56.2366690367025,6.23666903670252,NA,NA,8.27799976083856,1.10175999280359,55.1349090438989,40.0120876414278,72.4612504319773,38.9103276486242,71.3594904391737,1,1,0,1,1.46441411972046,"bootstrap",1.4776918888092,NA
399,"lm_interact","two_stage","m1",597,55.8951012137909,5.89510121379087,NA,NA,6.83251979183562,0.533277407674547,55.3618238061163,42.5036084981359,69.2865939294458,41.9703310904614,68.7533165217712,1,1,0,1,1.46647071838379,"bootstrap",1.4800488948822,NA
400,"lm_interact","two_stage","m1",613,56.8473955958166,6.84739559581662,NA,NA,7.52410421908618,-3.01902658525635,59.866422181073,42.1004223104818,71.5943688811514,45.1194488957382,74.6133954664078,1,1,0,1,1.47610712051392,"bootstrap",1.48949599266052,NA
401,"lm_interact","two_stage","m1",631,59.2439245395955,9.24392453959548,NA,NA,6.73129313888211,0.347260143675683,58.8966643959198,46.050832418005,72.437016661186,45.7035722743293,72.0897565175103,1,1,0,1,1.46100473403931,"bootstrap",1.47489166259766,NA
402,"lm_interact","two_stage","m1",628,63.6350813112483,13.6350813112483,NA,NA,8.29137977655293,1.37830821950923,62.2567730917391,47.3842755670608,79.8858870554358,46.0059673475516,78.5075788359266,1,1,0,1,1.44819927215576,"bootstrap",1.46168112754822,NA
403,"lm_interact","two_stage","m1",624,48.3205207873557,-1.67947921264434,NA,NA,6.57160608531669,-0.215603291386238,48.5361240787419,35.4404095395507,61.2006320351606,35.6560128309369,61.4162353265469,1,1,0,1,1.45819401741028,"bootstrap",1.47260665893555,NA
404,"lm_interact","two_stage","m1",621,50.6227208207997,0.622720820799721,NA,NA,7.42457630187739,-0.506854505611436,51.1295753264112,36.0708186686505,65.174622972949,36.5776731742619,65.6814774785604,1,1,0,1,1.44309616088867,"bootstrap",1.45679688453674,NA
405,"lm_interact","two_stage","m1",589,49.9572552840297,-0.0427447159703149,NA,NA,7.28195301197267,0.475352949860365,49.4819023341693,35.6848896434503,64.2296209246091,35.2095366935899,63.7542679747487,1,1,0,1,1.44197082519531,"bootstrap",1.45415496826172,NA
406,"lm_interact","two_stage","m1",609,50.2804815672612,0.280481567261155,NA,NA,6.40943247140328,-0.253118127242672,50.5335996945038,37.7182247619692,62.8427383725531,37.9713428892119,63.0958564997958,1,1,0,1,1.44890332221985,"bootstrap",1.4622917175293,NA
407,"lm_interact","two_stage","m1",582,53.230074730355,3.23007473035504,NA,NA,6.75451330758167,0.376740593755137,52.8533341365999,39.9914719143985,66.4686775463116,39.6147313206433,66.0919369525565,1,1,0,1,1.44990634918213,"bootstrap",1.46332335472107,NA
408,"lm_interact","two_stage","m1",610,47.0967498228195,-2.9032501771805,NA,NA,6.95277946098463,0.734428423173206,46.3623213996463,33.4695524868398,60.7239471587992,32.7351240636666,59.989518735626,1,1,0,1,1.46098613739014,"bootstrap",1.47383213043213,NA
409,"lm_interact","two_stage","m1",612,57.5665503319728,7.56655033197284,NA,NA,6.53101869749616,0.559806843878491,57.0067434880944,44.7659889025227,70.367111761423,44.2061820586442,69.8073049175445,1,1,0,1,1.44784474372864,"bootstrap",1.46117353439331,NA
410,"lm_interact","two_stage","m1",622,53.0541587432804,3.05415874328042,NA,NA,6.86242811492036,0.630805038245747,52.4233537050347,39.6040467915414,66.5042706950194,38.9732417532957,65.8734656567737,1,1,0,1,1.44783735275269,"bootstrap",1.46179366111755,NA
411,"lm_interact","two_stage","m1",580,45.384613425554,-4.61538657444603,NA,NA,7.38914961876954,-2.12193328941555,47.5065467149695,30.9021462963878,59.8670805547201,33.0240795858033,61.9890138441357,1,1,0,1,1.43817949295044,"bootstrap",1.45100617408752,NA
412,"lm_interact","two_stage","m1",605,52.5251483159745,2.52514831597448,NA,NA,6.97621339042095,-1.8292258348207,54.3543741507952,38.8520213222833,66.1982753096656,40.6812471571041,68.0275011444863,1,1,0,1,1.45676851272583,"bootstrap",1.4705638885498,NA
413,"lm_interact","two_stage","m1",597,62.6483814090162,12.6483814090162,NA,NA,6.05869708408128,0.177141787266073,62.4712396217501,50.7735533309791,74.5232094870534,50.596411543713,74.3460676997873,0,0,1,1,1.4453489780426,"bootstrap",1.45870971679688,NA
414,"lm_interact","two_stage","m1",603,52.7483519019921,2.74835190199212,NA,NA,8.04190745413092,0.886225562238515,51.8621263397536,36.9865029248913,68.5102008790929,36.1002773626528,67.6239753168544,1,1,0,1,1.45289397239685,"bootstrap",1.46615171432495,NA
415,"lm_interact","two_stage","m1",607,49.4933170330089,-0.506682966991129,NA,NA,6.22109079228844,-0.555176602625167,50.048493635634,37.3002031355698,61.686430930448,37.855379738195,62.2416075330731,1,1,0,1,1.44021964073181,"bootstrap",1.45345234870911,NA
416,"lm_interact","two_stage","m1",627,55.2739256405751,5.27392564057508,NA,NA,7.21673227437309,0.275438587478888,54.9984870530962,41.129390296736,69.4184609844142,40.8539517092571,69.1430223969353,1,1,0,1,1.44564843177795,"bootstrap",1.45894598960876,NA
417,"lm_interact","two_stage","m1",605,56.452636738148,6.45263673814804,NA,NA,8.93257883650011,0.836688659489653,55.6159480786584,38.9451039295431,73.960169546753,38.1084152700535,73.1234808872633,1,1,0,1,1.44577145576477,"bootstrap",1.45937728881836,NA
418,"lm_interact","two_stage","m1",611,50.6571490827053,0.657149082705331,NA,NA,6.07480772461406,-1.71921484889811,52.3763639316034,38.7507447294561,62.5635534359546,40.4699595783542,64.2827682848527,1,1,0,1,1.44746518135071,"bootstrap",1.46090650558472,NA
419,"lm_interact","two_stage","m1",608,59.8035660737403,9.80356607374032,NA,NA,6.10881016744211,-1.97288043521173,61.776446508952,47.8305181571617,71.7766139903189,49.8033985923734,73.7494944255307,1,1,0,1,1.45680069923401,"bootstrap",1.47017383575439,NA
420,"lm_interact","two_stage","m1",584,53.9879675598188,3.98796755981884,NA,NA,6.98768654404311,-0.780575248546462,54.7685428083653,40.2923535982392,67.6835815213985,41.0729288467857,68.4641567699449,1,1,0,1,1.46245288848877,"bootstrap",1.47670698165894,NA
421,"lm_interact","two_stage","m1",605,58.6968492693888,8.69684926938881,NA,NA,6.49379586866566,-0.00973517644310817,58.7065844458319,45.9692432438491,71.4244552949285,45.9789784202922,71.4341904713716,1,1,0,1,1.44837021827698,"bootstrap",1.46159911155701,NA
422,"lm_interact","two_stage","m1",608,52.3035118741568,2.30351187415676,NA,NA,7.49270877829143,-0.267838844160522,52.5713507183173,37.6180725220584,66.9889512262551,37.885911366219,67.2567900704156,1,1,0,1,1.45179104804993,"bootstrap",1.46532416343689,NA
423,"lm_interact","two_stage","m1",617,57.1642270752524,7.1642270752524,NA,NA,7.21152173191412,-1.10324202940325,58.2674691046556,43.0299042069728,71.298549943532,44.1331462363761,72.4017919729352,1,1,0,1,1.45971655845642,"bootstrap",1.47321772575378,NA
424,"lm_interact","two_stage","m1",629,59.0512415956872,9.05124159568723,NA,NA,8.49702563418578,-0.179419900237072,59.2306614959243,42.3973773769695,75.705105814405,42.5767972772066,75.884525714642,1,1,0,1,1.44617342948914,"bootstrap",1.45966219902039,NA
425,"lm_interact","two_stage","m1",609,55.3471051001387,5.34710510013874,NA,NA,6.95759738185144,-0.189658992545098,55.5367640926838,41.7104648127798,68.9837453874977,41.9001238053249,69.1734043800428,1,1,0,1,1.45526456832886,"bootstrap",1.46863031387329,NA
426,"lm_interact","two_stage","m1",599,53.8472879429519,3.84728794295187,NA,NA,7.25389162845762,0.138188791282396,53.7090991516695,39.6299216034183,68.0646542824854,39.491732812136,67.926465491203,1,1,0,1,1.44603490829468,"bootstrap",1.46013426780701,NA
427,"lm_interact","two_stage","m1",606,51.0046418082338,1.00464180823384,NA,NA,7.03305128954898,-0.0288181475825908,51.0334599558164,37.2201145792949,64.7891690371728,37.2489327268775,64.8179871847554,1,1,0,1,1.44706463813782,"bootstrap",1.46017551422119,NA
428,"lm_interact","two_stage","m1",617,53.1881334327553,3.18813343275528,NA,NA,7.47424543641188,1.06698641433721,52.1211470184181,38.5388815657751,67.8373852997354,37.4718951514379,66.7703988853982,1,1,0,1,1.45855116844177,"bootstrap",1.4717378616333,NA
429,"lm_interact","two_stage","m1",602,47.8380676552888,-2.16193234471125,NA,NA,7.46410322824242,-0.840419297649227,48.678486952938,33.2086941510445,62.4674411595331,34.0491134486937,63.3078604571823,1,1,0,1,1.44839787483215,"bootstrap",1.46152257919312,NA
430,"lm_interact","two_stage","m1",610,56.0216201219323,6.02162012193227,NA,NA,7.61819653378797,0.930698599544101,55.0909215223882,41.09022928856,70.9530109553046,40.1595306890159,70.0223123557605,1,1,0,1,1.45469832420349,"bootstrap",1.47932839393616,NA
431,"lm_interact","two_stage","m1",600,46.4495862740202,-3.55041372597977,NA,NA,7.38645299156331,0.278171353254145,46.1714149207661,31.972404437058,60.9267681109825,31.6942330838039,60.6485967577283,1,1,0,1,1.45104718208313,"bootstrap",1.46477150917053,NA
432,"lm_interact","two_stage","m1",643,54.8586017757353,4.85860177573529,NA,NA,7.45711151185204,0.256961251422823,54.6016405243125,40.2429317838063,69.4742717676643,39.9859705323834,69.2173105162415,1,1,0,1,1.44878005981445,"bootstrap",1.46194911003113,NA
433,"lm_interact","two_stage","m1",602,59.7013733929417,9.7013733929417,NA,NA,7.0960084956252,-1.5731071636727,61.2744805566144,45.7934523075261,73.6092944783573,47.3665594711988,75.18240164203,1,1,0,1,1.4486768245697,"bootstrap",1.46210122108459,NA
434,"lm_interact","two_stage","m1",626,43.9457867486159,-6.0542132513841,NA,NA,6.72749672843854,-0.732010981883072,44.677797730499,30.7601354547653,57.1314380424665,31.4921464366484,57.8634490243495,1,1,0,1,1.44268345832825,"bootstrap",1.45553374290466,NA
435,"lm_interact","two_stage","m1",615,58.1475426930374,8.14754269303741,NA,NA,6.38450834271407,-0.727709558938905,58.8752522519763,45.6341362823223,70.6609491037525,46.3618458412612,71.3886586626914,1,1,0,1,1.44595527648926,"bootstrap",1.45923495292664,NA
436,"lm_interact","two_stage","m1",621,54.1094610357599,4.10946103575989,NA,NA,5.41536664481171,-1.45349913772078,55.5629601734807,43.4955374488494,64.7233846226704,44.9490365865702,66.1768837603911,1,1,0,1,1.45955061912537,"bootstrap",1.47251462936401,NA
437,"lm_interact","two_stage","m1",623,49.2368458897176,-0.763154110282436,NA,NA,6.81233984836452,1.33631168938133,47.9005342003362,35.8849051364761,62.5887866429591,34.5485934470947,61.2524749535777,1,1,0,1,1.4544677734375,"bootstrap",1.46784019470215,NA
438,"lm_interact","two_stage","m1",578,58.731979622099,8.73197962209898,NA,NA,7.23100590295545,1.86326148308818,56.8687181390108,44.5594684803098,72.9044907638882,42.6962069972216,71.0412292808,1,1,0,1,1.44702339172363,"bootstrap",1.46032619476318,NA
439,"lm_interact","two_stage","m1",615,42.6303097406589,-7.36969025934109,NA,NA,6.21753995462058,0.162083593736931,42.468226146922,30.4441553571638,54.8164641241541,30.2820717634268,54.6543805304171,1,1,0,1,1.45929646492004,"bootstrap",1.47195982933044,NA
440,"lm_interact","two_stage","m1",598,56.2771776877625,6.27717768776254,NA,NA,7.86969395073526,-0.255837388512646,56.5330150762752,40.8528609749687,71.7014944005564,41.1086983634814,71.957331789069,1,1,0,1,1.45404815673828,"bootstrap",1.4676411151886,NA
441,"lm_interact","two_stage","m1",613,39.540969524008,-10.459030475992,NA,NA,7.87851260014022,-2.00155122162099,41.542520745629,24.0993685759882,54.9825704720279,26.1009197976092,56.9841216936489,1,1,0,1,1.44636845588684,"bootstrap",1.45939588546753,NA
442,"lm_interact","two_stage","m1",579,56.9416376387982,6.94163763879823,NA,NA,8.95902658771456,0.870196182086019,56.0714414567122,39.3822681903409,74.5010070872555,38.5120720082549,73.6308109051695,1,1,0,1,1.43420577049255,"bootstrap",1.44748163223267,NA
443,"lm_interact","two_stage","m1",624,50.1076069734405,0.107606973440511,NA,NA,6.29963186068587,0.351751872277582,49.7558551011629,37.7605554106352,62.4546585362459,37.4088035383576,62.1029066639683,1,1,0,1,1.44974327087402,"bootstrap",1.46320128440857,NA
444,"lm_interact","two_stage","m1",609,45.8414186477217,-4.15858135227829,NA,NA,7.19137651698692,-0.432825422823328,46.274244070545,31.7465796751603,59.9362576202832,32.1794050979836,60.3690830431065,1,1,0,1,1.44579768180847,"bootstrap",1.45932483673096,NA
445,"lm_interact","two_stage","m1",571,52.2011358369165,2.20113583691648,NA,NA,6.02797344376066,-0.816097606520565,53.017233443437,40.3865249873817,64.0157466864513,41.2026225939023,64.8318442929718,1,1,0,1,1.4331202507019,"bootstrap",1.44711399078369,NA
446,"lm_interact","two_stage","m1",618,60.4415194631611,10.4415194631611,NA,NA,6.87810351285185,0.413058107813825,60.0284613553473,46.9606842960331,73.9223546302892,46.5476261882193,73.5092965224754,1,1,0,1,1.4464635848999,"bootstrap",1.45883393287659,NA
447,"lm_interact","two_stage","m1",598,38.7730730876262,-11.2269269123738,NA,NA,6.27687342486294,1.19737686486359,37.5756962227626,26.4706272393782,51.0755189358741,25.2732503745146,49.8781420710105,1,0,0,1,1.4466245174408,"bootstrap",1.45968151092529,NA
448,"lm_interact","two_stage","m1",593,46.572639267674,-3.42736073232603,NA,NA,7.6615624648512,0.717146485063516,45.8554927826105,31.5562527712617,61.5890257640862,30.8391062861982,60.8718792790227,1,1,0,1,1.43509578704834,"bootstrap",1.44950652122498,NA
449,"lm_interact","two_stage","m1",631,41.8927604343455,-8.10723956565453,NA,NA,6.79509930213835,-1.07123975956718,42.9640001939127,28.5746105307811,55.2109103379099,29.6458502903482,56.2821500974771,1,1,0,1,1.44698643684387,"bootstrap",1.46047520637512,NA
450,"lm_interact","two_stage","m1",581,40.6998893744466,-9.30011062555342,NA,NA,6.2105580323677,0.255399859870508,40.4444895145761,28.5274193071099,52.8723594417832,28.2720194472394,52.6169595819127,1,1,0,1,1.44363522529602,"bootstrap",1.45623660087585,NA
451,"lm_interact","two_stage","m1",605,48.9461122819702,-1.05388771802983,NA,NA,6.00254695861882,1.07336397491056,47.8727483070596,37.1813364275668,60.7108881363735,36.1079724526563,59.6375241614629,1,1,0,1,1.44385242462158,"bootstrap",1.45704221725464,NA
452,"lm_interact","two_stage","m1",598,44.2259089048457,-5.77409109515429,NA,NA,8.13393352502162,1.90625538193925,42.3196535229065,28.2836921431604,60.168125666531,26.3774367612212,58.2618702845918,1,1,0,1,1.4426372051239,"bootstrap",1.45585632324219,NA
453,"lm_interact","two_stage","m1",604,57.2634744657762,7.26347446577616,NA,NA,6.32769073258279,-0.832041012939996,58.0955154787162,44.861428524606,69.6655204069463,45.693469537546,70.4975614198863,1,1,0,1,1.44795370101929,"bootstrap",1.46140146255493,NA
454,"lm_interact","two_stage","m1",633,50.3447374147482,0.344737414748231,NA,NA,7.09777607604731,0.507710485310916,49.8370269294373,36.4333519353655,64.256122894131,35.9256414500546,63.7484124088201,1,1,0,1,1.47176313400269,"bootstrap",1.48521041870117,NA
455,"lm_interact","two_stage","m1",600,56.3942312242322,6.39423122423222,NA,NA,6.2478903195385,-0.178892158877616,56.5731233831098,44.1485912185803,68.6398712298841,44.3274833774579,68.8187633887617,1,1,0,1,1.46511316299438,"bootstrap",1.47817707061768,NA
456,"lm_interact","two_stage","m1",617,61.7905788715083,11.7905788715083,NA,NA,8.04931990767638,-0.667493421015124,62.4580722925235,46.0142017524214,77.5669559905953,46.6816951734365,78.2344494116104,1,1,0,1,1.47733068466187,"bootstrap",1.49066638946533,NA
457,"lm_interact","two_stage","m1",607,59.7691026584876,9.76910265848758,NA,NA,6.81559739801643,-0.101274321194374,59.870376979682,46.4107772252505,73.1274280917247,46.5120515464448,73.2287024129191,1,1,0,1,1.44321060180664,"bootstrap",1.4563159942627,NA
458,"lm_interact","two_stage","m1",596,44.0079690382261,-5.9920309617739,NA,NA,6.26010218250537,1.1536532187926,42.8543158194335,31.738394220975,56.2775438554772,30.5847410021824,55.1238906366846,1,1,0,1,1.43916511535645,"bootstrap",1.452068567276,NA
459,"lm_interact","two_stage","m1",617,46.6947477534719,-3.30525224652813,NA,NA,6.65331876193812,1.82742529393283,44.867322459539,33.6544826024085,59.7350129045352,31.8270573084757,57.9075876106024,1,1,0,1,1.46438264846802,"bootstrap",1.47810220718384,NA
460,"lm_interact","two_stage","m1",609,60.3581694038846,10.3581694038846,NA,NA,7.34345115209327,0.4388935124421,59.9192758914425,45.9652696235526,74.7510691842166,45.5263761111105,74.3121756717745,1,1,0,1,1.46539378166199,"bootstrap",1.47827076911926,NA
461,"lm_interact","two_stage","m1",618,51.8108892117948,1.81088921179477,NA,NA,6.12010555418484,0.402406745153726,51.408482466641,39.815702744009,63.8060756795806,39.4132959988552,63.4036689344269,1,1,0,1,1.34524607658386,"bootstrap",1.3587658405304,NA
462,"lm_interact","two_stage","m1",575,47.3957537476706,-2.60424625232938,NA,NA,7.38766484117855,0.897121701402284,46.4986320462683,32.9161967291078,61.8753107662334,32.0190750277056,60.9781890648311,1,1,0,1,1.3414888381958,"bootstrap",1.35483479499817,NA
463,"lm_interact","two_stage","m1",573,48.6147756459135,-1.38522435408652,NA,NA,7.64153644906847,-1.179882782028,49.7946584279415,33.6376394191892,63.5919118726378,34.8175222012172,64.7717946546658,1,1,0,1,1.39041662216187,"bootstrap",1.4027419090271,NA
464,"lm_interact","two_stage","m1",642,57.2241532728268,7.22415327282675,NA,NA,6.99081781868792,-3.92796236015302,61.1521156329798,43.5224021257176,70.9259044199359,47.4503644858706,74.853866780089,1,1,0,1,1.40432024002075,"bootstrap",1.41779112815857,NA
465,"lm_interact","two_stage","m1",596,56.4331539263913,6.43315392639129,NA,NA,7.78341495894063,1.52195538357721,54.9111985428141,41.1779409301374,71.6883669226452,39.6559855465601,70.166411539068,1,1,0,1,1.39949250221252,"bootstrap",1.41289830207825,NA
466,"lm_interact","two_stage","m1",583,49.9738848967031,-0.026115103296938,NA,NA,7.33543194126355,1.16520926343994,48.8086756332631,35.5967024807818,64.3510673126244,34.4314932173418,63.1858580491844,1,1,0,1,1.3868556022644,"bootstrap",1.39908957481384,NA
467,"lm_interact","two_stage","m1",597,50.3081653042355,0.308165304235509,NA,NA,7.64759260589447,-1.30668186537723,51.6148471696127,35.3191592282475,65.2971713802235,36.6258410936248,66.6038532456007,1,1,0,1,1.36790060997009,"bootstrap",1.38143491744995,NA
468,"lm_interact","two_stage","m1",627,44.0315913923403,-5.96840860765969,NA,NA,6.72858956569131,-0.749802984892781,44.7813943772331,30.8437981768333,57.2193846078473,31.5936011617261,57.9691875927401,1,1,0,1,1.3859920501709,"bootstrap",1.39909362792969,NA
469,"lm_interact","two_stage","m1",608,54.5107172427847,4.51071724278474,NA,NA,6.44530457777248,-0.186843062844339,54.6975603056291,41.8781524009596,67.1432820846099,42.0649954638039,67.3301251474543,1,1,0,1,1.42257833480835,"bootstrap",1.43625164031982,NA
470,"lm_interact","two_stage","m1",621,59.9005669390627,9.90056693906266,NA,NA,7.45204441888876,-1.11805829438531,61.018625233448,45.294828266848,74.5063056112773,46.4128865612333,75.6243639056627,1,1,0,1,1.40223622322083,"bootstrap",1.41563773155212,NA
471,"lm_interact","two_stage","m1",607,51.4844556040603,1.48445560406026,NA,NA,6.56442853155509,-0.0801201631553141,51.5645757672156,38.6184121031251,64.3504991049954,38.6985322662804,64.4306192681507,1,1,0,1,1.45720076560974,"bootstrap",1.46990609169006,NA
472,"lm_interact","two_stage","m1",585,51.6355431281076,1.63554312810762,NA,NA,7.02166478860995,1.59991534202357,50.035627786084,37.8733330309191,65.3977532252962,36.2734176888955,63.7978378832726,1,1,0,1,1.41748714447021,"bootstrap",1.43020224571228,NA
473,"lm_interact","two_stage","m1",637,51.8209461692129,1.82094616921291,NA,NA,6.84783524923444,-1.06458829281711,52.88553446203,38.3994357086495,65.2424566297763,39.4640240014667,66.3070449225934,1,1,0,1,1.41350388526917,"bootstrap",1.42633962631226,NA
474,"lm_interact","two_stage","m1",621,51.2291662928286,1.22916629282863,NA,NA,6.13584512951753,0.505162375398356,50.7240039174303,39.2031308242588,63.2552017613985,38.6979684488604,62.7500393860001,1,1,0,1,1.38697624206543,"bootstrap",1.39957714080811,NA
475,"lm_interact","two_stage","m1",617,52.288717035196,2.28871703519602,NA,NA,5.69998479229563,-0.526716104570013,52.815433139766,41.1169521298706,63.4604819405215,41.6436682344406,63.9871980450915,1,1,0,1,1.39240694046021,"bootstrap",1.40492606163025,NA
476,"lm_interact","two_stage","m1",593,53.564932786643,3.56493278664305,NA,NA,5.55889042926263,-1.30018125235719,54.8651140390002,42.6697077512839,64.4601578220022,43.9698890036411,65.7603390743594,1,1,0,1,1.39326477050781,"bootstrap",1.41600561141968,NA
477,"lm_interact","two_stage","m1",632,53.295533672578,3.29553367257795,NA,NA,7.3449636025637,0.320748391759722,52.9747852808182,38.8996695437955,67.6913978013604,38.5789211520358,67.3706494096007,1,1,0,1,1.41143107414246,"bootstrap",1.42417049407959,NA
478,"lm_interact","two_stage","m1",601,58.2688325906358,8.26883259063583,NA,NA,8.51961319636501,-1.33405369554224,59.6028862861781,41.5706975635482,74.9669676177234,42.9047512590905,76.3010213132657,1,1,0,1,1.40006160736084,"bootstrap",1.41266894340515,NA
479,"lm_interact","two_stage","m1",607,70.3631120415937,20.3631120415937,NA,NA,6.72442271104722,-0.862209433699505,71.2253214752932,57.183485711118,83.5427383720694,58.0456951448175,84.4049478057689,0,0,1,1,1.38663935661316,"bootstrap",1.39926886558533,NA
480,"lm_interact","two_stage","m1",607,55.3810610081615,5.38106100816149,NA,NA,7.45062838042131,-0.740821351224255,56.1218823593857,40.7780977203437,69.9840242959792,41.518919071568,70.7248456472035,1,1,0,1,1.41111707687378,"bootstrap",1.42382502555847,NA
481,"lm_interact","two_stage","m1",620,62.2510285334104,12.2510285334104,NA,NA,7.82088661630545,-2.00763419573727,64.2586627291477,46.9223724382804,77.5796846285404,48.9300066340177,79.5873188242777,1,1,0,1,1.45509886741638,"bootstrap",1.46856331825256,NA
482,"lm_interact","two_stage","m1",611,49.9621280154111,-0.037871984588925,NA,NA,6.82858825952696,0.080010768211217,49.8821172471999,36.5783409614852,63.345915069337,36.498330193274,63.2659043011257,1,1,0,1,1.46221733093262,"bootstrap",1.47530555725098,NA
483,"lm_interact","two_stage","m1",625,51.1839626128509,1.18396261285091,NA,NA,8.16571034116407,-0.660479001997899,51.8444416148488,35.1794644359831,67.1884607897187,35.839943437981,67.8489397917166,1,1,0,1,1.45056629180908,"bootstrap",1.46402668952942,NA
484,"lm_interact","two_stage","m1",600,48.3284605075441,-1.67153949245593,NA,NA,8.25688793174854,-0.741945898479528,49.0704064060236,32.1452575369335,64.5116634781546,32.887203435413,65.2536093766341,1,1,0,1,1.46241474151611,"bootstrap",1.47621178627014,NA
485,"lm_interact","two_stage","m1",617,45.0659585553313,-4.93404144466866,NA,NA,6.94343047841636,1.72357193679728,43.3423866185341,31.4570848884776,58.6748322221851,29.7335129516803,56.9512602853878,1,1,0,1,1.45841145515442,"bootstrap",1.47210288047791,NA
486,"lm_interact","two_stage","m1",583,62.357001017044,12.357001017044,NA,NA,8.08003192125557,-0.273054829016949,62.630055846061,46.5204294574491,78.1935725766389,46.7934842864661,78.4666274056559,1,1,0,1,1.47239804267883,"bootstrap",1.48604583740234,NA
487,"lm_interact","two_stage","m1",613,40.3831648334548,-9.6168351665452,NA,NA,7.6269881144732,-1.36381491551762,41.7469797489724,25.4345428185723,55.3317868483373,26.7983577340899,56.6956017638549,1,1,0,1,1.45884990692139,"bootstrap",1.47242522239685,NA
488,"lm_interact","two_stage","m1",606,44.8511727286089,-5.14882727139114,NA,NA,6.25558724059338,0.292119956000228,44.5590527726086,32.5904470348975,57.1118984223202,32.2983270788973,56.81977846632,1,1,0,1,1.4617748260498,"bootstrap",1.47533392906189,NA
489,"lm_interact","two_stage","m1",609,47.752591872874,-2.24740812712599,NA,NA,7.18009148910332,-3.14460070437458,50.8971925772486,33.6798711485289,61.8253125972191,36.8244718529035,64.9699133015937,1,1,0,1,1.48017549514771,"bootstrap",1.49379205703735,NA
490,"lm_interact","two_stage","m1",607,49.0099302738344,-0.990069726165594,NA,NA,7.48355673285104,1.38598021593873,47.6239500578957,34.3424286011841,63.6774319464847,32.9564483852454,62.2914517305459,1,1,0,1,1.45704007148743,"bootstrap",1.46994090080261,NA
491,"lm_interact","two_stage","m1",646,38.9637655150276,-11.0362344849724,NA,NA,6.68365156884042,1.55491470332221,37.4088508117054,25.8640491548858,52.0634818751695,24.3091344515636,50.5085671718472,1,1,0,1,1.45985150337219,"bootstrap",1.4730851650238,NA
492,"lm_interact","two_stage","m1",599,62.1478425633169,12.1478425633169,NA,NA,8.00590231028097,0.0952894184966198,62.0525531448203,46.4565623714202,77.8391227552136,46.3612729529236,77.743833336717,1,1,0,1,1.46120381355286,"bootstrap",1.47470450401306,NA
493,"lm_interact","two_stage","m1",603,51.2056369803079,1.20563698030791,NA,NA,7.16743254370573,-0.648622960031489,51.8542599403394,37.1577273330244,65.2535466275914,37.8063502930559,65.9021695876229,1,1,0,1,1.45567202568054,"bootstrap",1.46937966346741,NA
494,"lm_interact","two_stage","m1",597,60.0851795664595,10.0851795664595,NA,NA,6.52196889733015,-0.0415672115319978,60.1267467779915,47.302355419402,72.868003713517,47.343922630934,72.909570925049,1,1,0,1,1.46958994865417,"bootstrap",1.48272371292114,NA
495,"lm_interact","two_stage","m1",616,58.5139269822883,8.51392698228828,NA,NA,6.44875419954037,-0.252786478850162,58.7667134611384,45.8746010060377,71.1532529585388,46.1273874848879,71.406039437389,1,1,0,1,1.4672257900238,"bootstrap",1.48053240776062,NA
496,"lm_interact","two_stage","m1",606,56.7889127120273,6.78891271202726,NA,NA,6.3478865930788,-1.51743477988347,58.3063474919107,44.3472836116482,69.2305418124064,45.8647183915316,70.7479765922898,1,1,0,1,1.47472763061523,"bootstrap",1.48807072639465,NA
497,"lm_interact","two_stage","m1",610,56.3194241298308,6.31942412983081,NA,NA,6.72818505201504,-1.66252565836343,57.9819497881942,43.1324237465606,69.506424513101,44.794949404924,71.1689501714645,1,1,0,1,1.46187806129456,"bootstrap",1.47516632080078,NA
498,"lm_interact","two_stage","m1",620,48.7799913572541,-1.2200086427459,NA,NA,6.37950700873289,0.884001257942373,47.8959900993117,36.2763873810168,61.2835953334914,35.3923861230744,60.399594075549,1,1,0,1,1.46498823165894,"bootstrap",1.47832417488098,NA
499,"lm_interact","two_stage","m1",600,45.8320818160208,-4.16791818397918,NA,NA,6.56581407490375,0.19764267913623,45.6344391368846,32.9633227000233,58.7008409320183,32.7656800208871,58.5031982528821,1,1,0,1,1.47823357582092,"bootstrap",1.49125933647156,NA
500,"lm_interact","two_stage","m1",610,38.6807016682305,-11.3192983317695,NA,NA,6.85671835622916,-0.330607335531575,39.0113090037621,25.2417806378867,52.1196226985743,25.5723879734182,52.4502300341059,1,1,0,1,1.46273589134216,"bootstrap",1.47636866569519,NA
