"replicate","Estimator","Procedure","ModelSpec","n_obs","estimate","bias","eif_var","eif_se","bootstrap_se","bootstrap_bias","bc_estimate","ci_lower","ci_upper","bc_ci_lower","bc_ci_upper","covered_true_95","covered_true_95_bc","reject_h0_effect","reject_h0_null","bootstrap_time_sec","replicate_time_sec","covered_mc_mean_95"
1,"lm","two_stage","m1",619,51.4042897264263,1.40428972642631,NA,NA,6.89273998596466,-1.06125839847206,52.4655481248984,37.8947675991365,64.9138118537162,38.9560259976085,65.9750702521882,1,1,0,1,3.64535784721375,3.71306490898132,NA
2,"lm","two_stage","m1",612,50.862052702382,0.862052702381995,NA,NA,6.89370337527493,0.525063503262295,50.3369891991197,37.3506423667409,64.373463038023,36.8255788634786,63.8483995347608,1,1,0,1,3.64625906944275,3.71446919441223,NA
3,"lm","two_stage","m1",603,49.9371826392453,-0.0628173607547353,NA,NA,6.33570195796902,0.117583370555046,49.8195992686902,37.5194349848461,62.3549302936445,37.401851614291,62.2373469230894,1,1,0,1,3.66236615180969,3.73003649711609,NA
4,"lm","two_stage","m1",617,46.2177747416906,-3.78222525830936,NA,NA,7.10457134214778,1.77567440297955,44.4421003387111,32.2930707854856,60.1424786978957,30.5173963825061,58.3668042949161,1,1,0,1,3.66468405723572,3.73191046714783,NA
5,"lm","two_stage","m1",611,43.1698758364146,-6.83012416358545,NA,NA,6.70897393002223,-0.413259710094827,43.5831355465094,30.0205285603529,56.3192231124763,30.4337882704477,56.7324828225711,1,1,0,1,3.63964605331421,3.7068612575531,NA
6,"lm","two_stage","m1",611,42.7005165360555,-7.29948346394448,NA,NA,7.11929300011957,0.875107107341712,41.8254094287138,28.7469586604331,56.654074411678,27.8718515530913,55.7789673043363,1,1,0,1,3.65455508232117,3.72169303894043,NA
7,"lm","two_stage","m1",611,47.1523805840083,-2.84761941599173,NA,NA,7.53998129546798,0.923178192847317,46.229202391161,32.3742888007854,61.9304723672312,31.451110607938,61.0072941743839,1,1,0,1,3.65856385231018,3.72655272483826,NA
8,"lm","two_stage","m1",613,66.5412249918533,16.5412249918533,NA,NA,8.36085307313975,0.207900050904584,66.3333249409487,50.1542540884684,82.9281958952382,49.9463540375638,82.7202958443337,0,1,1,1,3.65743207931519,3.72485852241516,NA
9,"lm","two_stage","m1",603,60.0434327770803,10.0434327770803,NA,NA,7.12410026130569,-0.499307256540085,60.5427400336204,46.0804528426688,74.0064127114918,46.5797600992089,74.5057199680319,1,1,0,1,3.6458888053894,3.71418452262878,NA
10,"lm","two_stage","m1",621,52.2068937349477,2.20689373494768,NA,NA,6.22859180394044,0.838429088410763,51.3684646465369,39.9990781248231,64.4147093450723,39.1606490364123,63.5762802566615,1,1,0,1,3.84912872314453,3.86186361312866,NA
11,"lm","two_stage","m1",610,48.3153552596682,-1.68464474033177,NA,NA,6.25707110073163,0.275826684654291,48.0395285750139,36.0517212535279,60.5789892658086,35.7758945688736,60.3031625811543,1,1,0,1,3.8625967502594,3.87529921531677,NA
12,"lm","two_stage","m1",603,50.4086200255907,0.4086200255907,NA,NA,8.24517339010382,0.751650212817331,49.6569698127734,34.2483771346992,66.5688629164822,33.4967269218819,65.8172127036649,1,1,0,1,3.87674760818481,3.8896689414978,NA
13,"lm","two_stage","m1",598,59.0991131944309,9.09911319443094,NA,NA,6.67496818073577,0.214569321015162,58.8845438734158,46.016415962238,72.1818104266239,45.8018466412228,71.9672411056087,1,1,0,1,3.86738038063049,3.87991786003113,NA
14,"lm","two_stage","m1",578,50.2286796651457,0.228679665145734,NA,NA,7.31046559947556,0.726754748569618,49.5019249165761,35.9004303799546,64.5569289503368,35.173675631385,63.8301742017672,1,1,0,1,3.8314573764801,3.84393811225891,NA
15,"lm","two_stage","m1",601,48.0524291938328,-1.94757080616722,NA,NA,6.30347501285449,0.129275715458967,47.9231534783738,35.6978451911898,60.4070131964757,35.5685694757309,60.2777374810168,1,1,0,1,3.86125636100769,3.87325668334961,NA
16,"lm","two_stage","m1",611,58.5968139943828,8.5968139943828,NA,NA,6.99541828092577,0.256864323995202,58.3399496703876,44.8860461069752,72.3075818817904,44.62918178298,72.0507175577952,1,1,0,1,3.86116981506348,3.87258839607239,NA
17,"lm","two_stage","m1",618,60.5013197798321,10.5013197798321,NA,NA,7.07678213193848,-1.37768638597635,61.8790061658085,46.6310816747961,74.3715578848681,48.0087680607725,75.7492442708445,1,1,0,1,3.86074757575989,3.87293672561646,NA
18,"lm","two_stage","m1",615,65.8543980260299,15.8543980260299,NA,NA,7.09918552622306,0.876072696017033,64.9783253300128,51.9402500750646,79.7685459769951,51.0641773790476,78.892473280978,0,0,1,1,3.85265564918518,3.86442255973816,NA
19,"lm","two_stage","m1",611,45.0213260063594,-4.97867399364058,NA,NA,6.10605161976366,0.586603580308122,44.4347224260513,33.0536847438802,56.9889672688387,32.4670811635721,56.4023636885305,1,1,0,1,3.43115711212158,3.4433274269104,NA
20,"lm","two_stage","m1",613,51.8583714474817,1.85837144748172,NA,NA,6.31586507585224,-1.37361753838039,53.2319889858621,39.479503367597,64.2372395273664,40.8531209059774,65.6108570657468,1,1,0,1,3.43702459335327,3.44933366775513,NA
21,"lm","two_stage","m1",631,45.6752095446891,-4.32479045531095,NA,NA,6.65032590771282,1.26586904958526,44.4093404951038,32.6408102801183,58.7096088092598,31.374941230533,57.4437397596746,1,1,0,1,3.47370767593384,3.48602843284607,NA
22,"lm","two_stage","m1",574,49.6073800150076,-0.392619984992415,NA,NA,6.62224548577716,0.677121171223682,48.9302588437839,36.6280173661014,62.5867426639138,35.9508961948777,61.9096214926901,1,1,0,1,3.45618462562561,3.46844410896301,NA
23,"lm","two_stage","m1",593,52.5571333575145,2.55713335751452,NA,NA,6.56225875807216,0.857949557817037,51.6991837996975,39.6953425344605,65.4189241805685,38.8373929766435,64.5609746227515,1,1,0,1,3.42970085144043,3.44245672225952,NA
24,"lm","two_stage","m1",595,41.5727285094542,-8.42727149054584,NA,NA,6.66973141750339,-0.0183275132691278,41.5910560227233,28.5002951445922,54.6451618743161,28.5186226578614,54.6634893875852,1,1,0,1,3.45996904373169,3.47177577018738,NA
25,"lm","two_stage","m1",617,40.1150610158397,-9.88493898416031,NA,NA,6.73593397449993,0.517271539677132,39.5977894761626,26.9128730235801,53.3172490080993,26.395601483903,52.7999774684222,1,1,0,1,3.44088959693909,3.45321702957153,NA
26,"lm","two_stage","m1",616,52.8072312183758,2.8072312183758,NA,NA,7.33061872063327,1.31410422013928,51.4931269982365,38.4394825415395,67.1749798952121,37.1253783214002,65.8608756750728,1,1,0,1,3.46778011322021,3.47995162010193,NA
27,"lm","two_stage","m1",613,41.9748151542153,-8.02518484578474,NA,NA,6.48499412303167,0.442426636486488,41.5323885177288,29.2644602331193,54.6851700753112,28.8220335966328,54.2427434388248,1,1,0,1,3.45853519439697,3.47078609466553,NA
28,"lm","two_stage","m1",607,53.4297745489652,3.42977454896516,NA,NA,6.90083730599292,0.350075029562909,53.0796995194023,39.9043819660486,66.9551671318817,39.5543069364857,66.6050921023188,1,1,0,1,3.47302579879761,3.48587775230408,NA
29,"lm","two_stage","m1",630,47.1480481319222,-2.8519518680778,NA,NA,7.08519530449687,1.67987643115812,45.4681717007641,33.261320511676,61.0347757521684,31.5814440805179,59.3548993210102,1,1,0,1,3.48449230194092,3.49732398986816,NA
30,"lm","two_stage","m1",608,54.4288176707681,4.4288176707681,NA,NA,5.99345660486706,-0.107220803875684,54.5360384746438,42.681858582325,66.1757767592112,42.7890793862007,66.2829975630869,1,1,0,1,3.51467514038086,3.52816534042358,NA
31,"lm","two_stage","m1",594,45.6049678040683,-4.39503219593168,NA,NA,7.16789192259223,-0.369352808705969,45.9743206127743,31.556157790712,59.6537778174247,31.925510599418,60.0231306261306,1,1,0,1,3.50176215171814,3.51420164108276,NA
32,"lm","two_stage","m1",623,50.3689709523258,0.36897095232576,NA,NA,6.69282960374713,1.50423571433505,48.8647352379907,37.2512659743179,63.4866759303336,35.7470302599829,61.9824402159986,1,1,0,1,3.47233080863953,3.48492050170898,NA
33,"lm","two_stage","m1",609,57.3880278024714,7.38802780247145,NA,NA,7.4256329034555,-0.92195361245809,58.3099814149295,42.8340547492831,71.9420008556598,43.7560083617412,72.8639544681179,1,1,0,1,3.50240325927734,3.51542901992798,NA
34,"lm","two_stage","m1",585,43.9545215141079,-6.04547848589211,NA,NA,7.10512968928329,0.8096291889917,43.1448923251162,30.0287232176264,57.8803198105894,29.2190940286347,57.0706906215977,1,1,0,1,3.4676947593689,3.48060035705566,NA
35,"lm","two_stage","m1",628,56.1738555140944,6.17385551409443,NA,NA,7.80729601220833,1.25315104646194,54.9207044676325,40.8718365135229,71.4758745146659,39.618685467061,70.222723468204,1,1,0,1,3.51244759559631,3.52609634399414,NA
36,"lm","two_stage","m1",602,58.0079353283649,8.00793532836489,NA,NA,7.46607451737552,-2.07983003977302,60.0877653681379,43.3746981684166,72.6411724883132,45.4545282081896,74.7210025280862,1,1,0,1,3.48711538314819,3.49987149238586,NA
37,"lm","two_stage","m1",611,68.5337477885302,18.5337477885302,NA,NA,7.63040721209714,-0.30863085743097,68.8423786459612,53.5784244654451,83.4890711116153,53.8870553228761,83.7977019690463,0,0,1,1,3.47277021408081,3.48474287986755,NA
38,"lm","two_stage","m1",568,52.654426752589,2.654426752589,NA,NA,6.72240526749617,0.228098002935958,52.426328749653,39.4787545388142,65.8300989663638,39.2506565358782,65.6020009634279,1,1,0,1,3.47400593757629,3.48689293861389,NA
39,"lm","two_stage","m1",620,43.5595086059122,-6.44049139408779,NA,NA,6.00734540976243,-0.961642692946789,44.521151298859,31.7853279600858,55.3336892517386,32.7469706530326,56.2953319446854,1,1,0,1,3.51914262771606,3.53188252449036,NA
40,"lm","two_stage","m1",581,57.2567856084552,7.25678560845525,NA,NA,7.15781951516159,0.308295582869981,56.9484900255853,43.2277171509006,71.2858540660099,42.9194215680306,70.9775584831399,1,1,0,1,3.48773288726807,3.50016593933105,NA
41,"lm","two_stage","m1",599,67.8560862773609,17.8560862773609,NA,NA,8.16768369818212,-0.077440297895464,67.9335265752563,51.847720391809,83.8644521629127,51.9251606897045,83.9418924608082,0,0,1,1,3.45758438110352,3.4700231552124,NA
42,"lm","two_stage","m1",612,55.8051572424178,5.80515724241776,NA,NA,7.43977041945531,0.345115489588622,55.4600417528291,41.2234751670389,70.3868393177966,40.8783596774503,70.041723828208,1,1,0,1,3.50455951690674,3.51727724075317,NA
43,"lm","two_stage","m1",594,66.274832097816,16.274832097816,NA,NA,8.24087762379535,-0.221254416423804,66.4960865142398,50.1230087541751,82.4266554414569,50.3442631705989,82.6479098578808,0,0,1,1,3.46732139587402,3.48018789291382,NA
44,"lm","two_stage","m1",591,47.9505667575098,-2.04943324249016,NA,NA,6.93276716732294,1.01222601794291,46.9383407395669,34.3625927963551,61.5385407186646,33.3503667784122,60.5263147007216,1,1,0,1,3.51282835006714,3.52523851394653,NA
45,"lm","two_stage","m1",611,57.4651505650298,7.46515056502977,NA,NA,8.28310547594912,-0.968554249184052,58.4337048142138,41.230562152023,73.6997389780365,42.199116401207,74.6682932272206,1,1,0,1,3.49603891372681,3.50921988487244,NA
46,"lm","two_stage","m1",599,58.4951096062104,8.49510960621041,NA,NA,6.37475408254143,-0.667530539071244,59.1626401452817,46.0008211941295,70.9893980182913,46.6683517332008,71.6569285573625,1,1,0,1,3.46126961708069,3.48363995552063,NA
47,"lm","two_stage","m1",614,63.6886688671389,13.6886688671389,NA,NA,7.51876151061134,0.191812302073529,63.4968565650654,48.9521670979948,78.4251706362831,48.7603547959212,78.2333583342096,1,1,0,1,3.48074889183044,3.49310994148254,NA
48,"lm","two_stage","m1",618,44.518454716372,-5.48154528362802,NA,NA,7.92124999070718,0.314413848078559,44.2040408682934,28.9930900220477,60.0438194106963,28.6786761739691,59.7294055626177,1,1,0,1,3.50696706771851,3.52012300491333,NA
49,"lm","two_stage","m1",601,57.9401022879721,7.94010228797206,NA,NA,7.3858451114513,-0.0940170438347181,58.0341193318068,43.4641118741363,72.4160927018078,43.558128917971,72.5101097456425,1,1,0,1,3.51114368438721,3.52334690093994,NA
50,"lm","two_stage","m1",623,50.8406473744391,0.840647374439065,NA,NA,7.6168610487299,0.352192140831725,50.4884552336073,35.9118740436825,65.7694207051957,35.5596819028507,65.4172285643639,1,1,0,1,3.47563099861145,3.48821759223938,NA
51,"lm","two_stage","m1",595,35.8130452180392,-14.1869547819608,NA,NA,7.04648254728999,-0.314590562845645,36.1276357808849,22.0021932076608,49.6238972284177,22.3167837705065,49.9384877912633,0,0,1,1,3.48065638542175,3.49394726753235,NA
52,"lm","two_stage","m1",593,44.8426163693104,-5.15738363068961,NA,NA,7.39151798046821,0.389840437212719,44.4527759320977,30.3555073365125,59.3297254021083,29.9656668992998,58.9398849648956,1,1,0,1,3.47268223762512,3.48500800132751,NA
53,"lm","two_stage","m1",603,53.5673790312288,3.56737903122875,NA,NA,7.13590705733445,0.339394533233765,53.227984497995,39.581258201828,67.5534998606295,39.2418636685943,67.2141053273957,1,1,0,1,3.49707508087158,3.51000380516052,NA
54,"lm","two_stage","m1",611,48.7989496958719,-1.20105030412812,NA,NA,6.59195992039396,-0.804648096297278,49.6035977921692,35.8789456643682,61.7189537273756,36.6835937606655,62.5236018236728,1,1,0,1,3.49151206016541,3.50470113754272,NA
55,"lm","two_stage","m1",630,62.9768181343587,12.9768181343587,NA,NA,7.06918469555439,-0.504724204402642,63.4815423387613,49.1214707310103,76.832165537707,49.626194935413,77.3368897421097,1,1,0,1,3.47355842590332,3.48670125007629,NA
56,"lm","two_stage","m1",624,48.5638711841457,-1.43612881585429,NA,NA,6.54592058407746,0.415836744334221,48.1480344398115,35.7341025936945,61.3936397745969,35.3182658493603,60.9778030302627,1,1,0,1,3.47382140159607,3.48624515533447,NA
57,"lm","two_stage","m1",611,50.7728523418053,0.77285234180529,NA,NA,5.92730025489171,-1.55305202090907,52.3259043627144,39.1555573166625,62.3901473669481,40.7086093375715,63.9431993878572,1,1,0,1,3.49039244651794,3.50307464599609,NA
58,"lm","two_stage","m1",633,52.199913720322,2.19991372032199,NA,NA,7.15345603291812,1.43374495028741,50.7661687700346,38.1793975308117,66.2204299098323,36.7456525805243,64.7866849595449,1,1,0,1,3.49623441696167,3.50895714759827,NA
59,"lm","two_stage","m1",623,59.4065223029356,9.40652230293563,NA,NA,6.95909919997902,-0.153566672573398,59.560088975509,45.7669385061352,73.046106099736,45.9205051787086,73.1996727723094,1,1,0,1,3.47367215156555,3.48627591133118,NA
60,"lm","two_stage","m1",616,55.8861174103589,5.88611741035895,NA,NA,6.7657750930258,-1.26369865333027,57.1498160636892,42.6254419005302,69.1467929201877,43.8891405538605,70.4104915735179,1,1,0,1,3.4892213344574,3.50168132781982,NA
61,"lm","two_stage","m1",625,40.4498452106873,-9.55015478931274,NA,NA,6.37345601682404,1.06346234262863,39.3863828680586,27.958100960662,52.9415894607125,26.8946386180334,51.8781271180839,1,1,0,1,3.45745635032654,3.46978569030762,NA
62,"lm","two_stage","m1",603,53.7020415212994,3.70204152129939,NA,NA,7.3404548509974,1.05125064616428,52.6507908751351,39.3150143832022,68.0890686593966,38.2637637370379,67.0378180132323,1,1,0,1,3.48791074752808,3.5002715587616,NA
63,"lm","two_stage","m1",601,47.3960504928304,-2.60394950716955,NA,NA,5.87887104839741,-0.621374327540821,48.0174248203713,35.8736749682163,58.9184260174446,36.4950492957571,59.5398003449854,1,1,0,1,3.47772192955017,3.49039435386658,NA
64,"lm","two_stage","m1",594,54.7037958195932,4.7037958195932,NA,NA,6.98114353673633,0.820671643648708,53.8831241759445,41.0210059166854,68.386585722501,40.2003342730367,67.5659140788523,1,1,0,1,3.47717952728271,3.48943710327148,NA
65,"lm","two_stage","m1",614,54.4366570571495,4.4366570571495,NA,NA,6.60092477647549,0.388325376745286,54.0483316804042,41.4990822305994,67.3742318836996,41.1107568538542,66.9859065069543,1,1,0,1,3.49141955375671,3.50397992134094,NA
66,"lm","two_stage","m1",600,49.2275204442229,-0.772479555777053,NA,NA,6.82190653555828,0.150293933742766,49.0772265104802,35.8568293286303,62.5982115598156,35.7065353948875,62.4479176260728,1,1,0,1,3.50644874572754,3.51922464370728,NA
67,"lm","two_stage","m1",611,46.1243584293955,-3.87564157060452,NA,NA,6.71846578005122,1.41479264390725,44.7095657854882,32.9564074691303,59.2923093896607,31.541614825223,57.8775167457534,1,1,0,1,3.51209497451782,3.52457070350647,NA
68,"lm","two_stage","m1",630,47.8788350460645,-2.1211649539355,NA,NA,6.82571866228528,-1.39241875417052,49.271253800235,34.5006722993824,61.2569977927466,35.893091053553,62.6494165469171,1,1,0,1,3.49498724937439,3.50760865211487,NA
69,"lm","two_stage","m1",613,62.0168008286617,12.0168008286617,NA,NA,7.70144030728119,-1.7004831353313,63.717283963993,46.9222551973055,77.1113464600179,48.6227383326368,78.8118295953492,1,1,0,1,3.52033805847168,3.53301239013672,NA
70,"lm","two_stage","m1",611,63.8721070519485,13.8721070519485,NA,NA,7.17288858444556,0.627111095716963,63.2449959562315,49.8135037613167,77.9307103425803,49.1863926655997,77.3035992468633,1,1,0,1,3.47789597511292,3.490478515625,NA
71,"lm","two_stage","m1",599,50.0231669296453,0.0231669296453205,NA,NA,6.84808381018261,-0.889654547894715,50.91282147754,36.6011692985756,63.4451645607151,37.4908238464703,64.3348191086098,1,1,0,1,3.52459812164307,3.53718900680542,NA
72,"lm","two_stage","m1",623,44.0271329056657,-5.9728670943343,NA,NA,6.89230093022563,-0.953403612758137,44.9805365184238,30.5184713118116,57.5357944995198,31.4718749245697,58.489198112278,1,1,0,1,3.51834869384766,3.53120470046997,NA
73,"lm","two_stage","m1",601,57.9490739472256,7.94907394722559,NA,NA,8.20626114467217,-0.341686496586782,58.2907604438124,41.8650976559377,74.0330502385135,42.2067841525245,74.3747367351003,1,1,0,1,3.42525887489319,3.43757510185242,NA
74,"lm","two_stage","m1",628,49.9242369289588,-0.075763071041159,NA,NA,7.55353726773328,1.1234335122051,48.8008034167537,35.1195759283205,64.7288979295971,33.9961424161154,63.605464417392,1,1,0,1,3.43237209320068,3.44580006599426,NA
75,"lm","two_stage","m1",591,46.9017469362254,-3.09825306377462,NA,NA,7.65157775183873,0.572179560882994,46.3295673753424,31.9049301177135,61.8985637547372,31.3327505568305,61.3263841938542,1,1,0,1,3.44429540634155,3.45670008659363,NA
76,"lm","two_stage","m1",585,40.5758788931955,-9.42412110680453,NA,NA,6.65671033761612,0.0947359215012327,40.4811429716942,27.5289663759524,53.6227914104385,27.4342304544512,53.5280554889373,1,1,0,1,3.43549728393555,3.44729351997375,NA
77,"lm","two_stage","m1",605,52.2940725465165,2.29407254651647,NA,NA,6.64914276738118,0.418341894810972,51.8757306517055,39.2619921943844,65.3261528986486,38.8436502995734,64.9078110038376,1,1,0,1,3.40453863143921,3.4170081615448,NA
78,"lm","two_stage","m1",613,57.8152992178403,7.81529921784028,NA,NA,7.2662556889232,-0.368886336379646,58.1841855542199,43.5736997650915,72.056898670589,43.9425861014712,72.4257850069687,1,1,0,1,3.43688011169434,3.44960021972656,NA
79,"lm","two_stage","m1",597,50.1408482038746,0.140848203874611,NA,NA,7.01636433278723,0.445444072267335,49.6954041316073,36.3890268092002,63.892669598549,35.9435827369329,63.4472255262816,1,1,0,1,3.41861391067505,3.43097305297852,NA
80,"lm","two_stage","m1",602,46.7870015111987,-3.21299848880128,NA,NA,6.50546778015349,0.196038280608697,46.59096323059,34.0365189595122,59.5374840628853,33.8404806789034,59.3414457822766,1,1,0,1,3.42869567871094,3.44131636619568,NA
81,"lm","two_stage","m1",619,57.2256469047621,7.22564690476209,NA,NA,8.03075334495544,-1.35197976197658,58.5776266667387,41.4856595799249,72.9656342295993,42.8376393419014,74.3176139915759,1,1,0,1,3.43105745315552,3.44455051422119,NA
82,"lm","two_stage","m1",616,65.3370716854926,15.3370716854926,NA,NA,7.15471218684612,-0.317030295666328,65.6541019811589,51.3140934795244,79.3600498914608,51.6311237751907,79.6770801871271,0,0,1,1,3.42634177207947,3.4385130405426,NA
83,"lm","two_stage","m1",620,43.0574424905213,-6.94255750947871,NA,NA,6.78656468188312,-0.0517621420661314,43.1092046325874,29.7560201352788,56.3588648457637,29.807782277345,56.4106269878299,1,1,0,1,3.43006634712219,3.44259762763977,NA
84,"lm","two_stage","m1",614,46.1672665513561,-3.83273344864391,NA,NA,6.18535604470427,-1.17488610585347,47.3421526572096,34.0441914721786,58.2903416305336,35.2190775780321,59.465227736387,1,1,0,1,3.46658229827881,3.4787335395813,NA
85,"lm","two_stage","m1",622,56.1315805272486,6.13158052724855,NA,NA,7.47071124761086,-0.0237207669271839,56.1553012941757,41.489255543033,70.7739055114641,41.5129763099602,70.7976262783913,1,1,0,1,3.45011448860168,3.46239113807678,NA
86,"lm","two_stage","m1",594,55.8032951575416,5.80329515754159,NA,NA,7.39010319497007,1.43873252747708,54.3645626300645,41.3189590533659,70.2876312617173,39.8802265258888,68.8488987342402,1,1,0,1,3.40382266044617,3.42536854743958,NA
87,"lm","two_stage","m1",600,54.5549286851223,4.55492868512226,NA,NA,6.92619473223041,-0.87684815699599,55.4317768421182,40.9798364600396,68.1300209102049,41.8566846170356,69.0068690672009,1,1,0,1,3.44824552536011,3.46031379699707,NA
88,"lm","two_stage","m1",591,37.4957922594172,-12.5042077405828,NA,NA,6.65623122226395,0.707127134408474,36.7886651250087,24.4498187910088,50.5417657278255,23.7426916566003,49.8346385934171,1,0,0,1,3.42092967033386,3.43317699432373,NA
89,"lm","two_stage","m1",629,54.5960233275667,4.59602332756666,NA,NA,7.65208941603567,-0.336615692517171,54.9326390200838,39.5982036656566,69.5938429894767,39.9348193581738,69.9304586819939,1,1,0,1,3.46475100517273,3.47684955596924,NA
90,"lm","two_stage","m1",618,46.9234875638941,-3.07651243610594,NA,NA,7.86701373012695,1.80806016013655,45.1154274037575,31.5044239869631,62.342551140825,29.6963638268266,60.5344909806884,1,1,0,1,3.44449901580811,3.45685076713562,NA
91,"lm","two_stage","m1",568,46.6450080024378,-3.35499199756215,NA,NA,6.34093076210554,-1.41534805573487,48.0603560581727,34.2170120802489,59.0730039246268,35.6323601359837,60.4883519803617,1,1,0,1,3.46810364723206,3.49191689491272,NA
92,"lm","two_stage","m1",603,56.0870843733426,6.08708437334258,NA,NA,6.15495315652181,-0.179857323883638,56.2669416972262,44.0235978600287,68.1505708866564,44.2034551839124,68.3304282105401,1,1,0,1,3.48395299911499,3.496990442276,NA
93,"lm","two_stage","m1",624,52.3628488934386,2.36284889343859,NA,NA,7.12728947026177,0.545859245467149,51.8169896479714,38.393618224334,66.3320795625432,37.8477589788668,65.7862203170761,1,1,0,1,3.51226162910461,3.5251624584198,NA
94,"lm","two_stage","m1",602,49.7146729946997,-0.285327005300324,NA,NA,6.83207929142853,0.264955846715075,49.4497171479846,36.3240436439778,63.1053023454215,36.0590877972627,62.8403464987065,1,1,0,1,3.525723695755,3.53858184814453,NA
95,"lm","two_stage","m1",588,42.3878183257394,-7.61218167426055,NA,NA,7.10982644187034,-0.296611592823439,42.6844299185629,28.452814563343,56.3228220881359,28.7494261561665,56.6194336809593,1,1,0,1,3.48183846473694,3.49474835395813,NA
96,"lm","two_stage","m1",599,52.0858281927212,2.08582819272124,NA,NA,7.47100844057539,1.65183308565344,50.4339951070678,37.4429207209987,66.7287356644437,35.7910876353453,65.0769025787903,1,1,0,1,3.50179719924927,3.51474237442017,NA
97,"lm","two_stage","m1",607,54.8845982212422,4.88459822124219,NA,NA,7.01953589361672,-0.235945310321625,55.1205435315638,41.1265606815673,68.6426357609171,41.3625059918889,68.8785810712388,1,1,0,1,3.5188672542572,3.53198385238647,NA
98,"lm","two_stage","m1",604,50.5105561327061,0.510556132706085,NA,NA,6.99622185329922,0.27100322544905,50.239552907257,36.7982132723876,64.2228989930246,36.5272100469385,63.9518957675756,1,1,0,1,3.51261043548584,3.52537059783936,NA
99,"lm","two_stage","m1",609,46.3383704977963,-3.66162950220374,NA,NA,6.41327529333115,0.0150081791026224,46.3233623186936,33.7685818999267,58.9081590956659,33.753573720824,58.8931509165632,1,1,0,1,3.51043319702148,3.52335381507874,NA
100,"lm","two_stage","m1",601,61.7660652325122,11.7660652325122,NA,NA,7.14287644817338,-0.0252811222056337,61.7913463547178,47.766284648073,75.7658458169514,47.7915657702786,75.791126939157,1,1,0,1,3.47341394424438,3.48685336112976,NA
101,"lm","two_stage","m1",615,60.0646303731588,10.0646303731588,NA,NA,7.51083853615318,-1.29398084599416,61.358611219153,45.3436573486031,74.7856033977146,46.6376381945972,76.0795842437088,1,1,0,1,3.48354911804199,3.4964280128479,NA
102,"lm","two_stage","m1",594,54.2681084003156,4.26810840031565,NA,NA,7.06271436771919,0.234778069958217,54.0333303303574,40.4254426064925,68.1107741941388,40.1906645365342,67.8759961241806,1,1,0,1,3.52275633811951,3.53618574142456,NA
103,"lm","two_stage","m1",621,53.9719509971798,3.97195099717983,NA,NA,5.84557109021385,-1.0217920851732,54.993743082353,42.5148421912921,65.4290598030675,43.5366342764653,66.4508518882407,1,1,0,1,3.50955724716187,3.52130198478699,NA
104,"lm","two_stage","m1",613,46.1300277326162,-3.86997226738375,NA,NA,5.81810434689938,0.460567852629225,45.669459879987,34.7267527543975,57.533302710835,34.2661849017683,57.0727348582057,1,1,0,1,3.47353887557983,3.48525547981262,NA
105,"lm","two_stage","m1",610,53.0603515578226,3.06035155782265,NA,NA,6.35178662124947,-0.474757674188155,53.5351092320108,40.6110785426903,65.509624572955,41.0858362168785,65.9843822471431,1,1,0,1,3.52289843559265,3.53519344329834,NA
106,"lm","two_stage","m1",628,60.4745011429348,10.4745011429348,NA,NA,7.69998728262677,-1.48813500341778,61.9626361463526,45.3828033875699,75.5661988982997,46.8709383909877,77.0543339017175,1,1,0,1,3.50768685340881,3.52091002464294,NA
107,"lm","two_stage","m1",613,46.2087219238436,-3.79127807615644,NA,NA,7.41059332668239,0.0139334957484039,46.1947884280952,31.6842258994732,60.7332179482139,31.6702924037248,60.7192844524655,1,1,0,1,3.52137517929077,3.53490567207336,NA
108,"lm","two_stage","m1",617,42.2118791812619,-7.78812081873807,NA,NA,6.52194915168899,-0.128442548415151,42.3403217296771,29.4290937349499,54.9946646275739,29.5575362833651,55.1231071759891,1,1,0,1,3.51590204238892,3.52861166000366,NA
109,"lm","two_stage","m1",616,57.219334989392,7.219334989392,NA,NA,7.02452083885851,-0.512500607103114,57.7318355964951,43.4515271365782,70.9871428422057,43.9640277436814,71.4996434493089,1,1,0,1,3.82702231407166,3.83951926231384,NA
110,"lm","two_stage","m1",591,52.8118789405223,2.81187894052226,NA,NA,7.93363565325452,-0.185773902473287,52.9976528429955,37.2622387936805,68.361519087364,37.4480126961538,68.5472929898373,1,1,0,1,3.49607419967651,3.5087788105011,NA
111,"lm","two_stage","m1",601,50.0493479487513,0.0493479487512687,NA,NA,7.19136007040232,0.898987947083263,49.150360001668,35.9545412109033,64.1441546865993,35.05555326382,63.245166739516,1,1,0,1,3.53130292892456,3.54396152496338,NA
112,"lm","two_stage","m1",592,62.999374925176,12.999374925176,NA,NA,6.8075137686746,-0.100130955725007,63.099505880901,49.6568931143133,76.3418567360388,49.7570240700383,76.4419876917638,1,1,0,1,3.50395512580872,3.51649808883667,NA
113,"lm","two_stage","m1",602,37.5515499339027,-12.4484500660973,NA,NA,5.97352975744166,0.936465328480281,36.6150846054225,25.8436467487388,49.2594531190667,24.9071814202585,48.3229877905864,0,0,1,1,3.49716591835022,3.50995826721191,NA
114,"lm","two_stage","m1",589,66.8962637541879,16.8962637541879,NA,NA,7.30210588673991,-1.18824994458519,68.0845136987731,52.5843992048798,81.208128303496,53.772649149465,82.3963782480812,0,0,1,1,3.51424789428711,3.52714538574219,NA
115,"lm","two_stage","m1",606,52.4419712686777,2.4419712686777,NA,NA,6.50351696456912,-0.988040375675702,53.4300116443534,39.695312245277,65.1886302920784,40.6833526209527,66.1766706677541,1,1,0,1,3.49870419502258,3.51160526275635,NA
116,"lm","two_stage","m1",614,40.1598551350206,-9.84014486497937,NA,NA,6.56393310159348,1.00983901142391,39.1500161235967,27.2947826589671,53.0249276110741,26.2849436475432,52.0150885996502,1,1,0,1,3.52185559272766,3.53452467918396,NA
117,"lm","two_stage","m1",614,45.731649163862,-4.26835083613804,NA,NA,6.73859214986725,0.294839187094126,45.4368099767678,32.5242512436178,58.9390470841061,32.2294120565237,58.644207897012,1,1,0,1,3.52234578132629,3.53481435775757,NA
118,"lm","two_stage","m1",598,67.6809898402632,17.6809898402632,NA,NA,8.23204754904485,-1.83693457289269,69.5179244131559,51.5464731251141,83.8155065554124,53.3834076980068,85.652441128305,0,0,1,1,3.46391463279724,3.4770143032074,NA
119,"lm","two_stage","m1",599,35.3082440310726,-14.6917559689274,NA,NA,6.96873239851148,-0.287462016557008,35.5957060476296,21.6497795120927,48.9667085500526,21.9372415286497,49.2541705666096,0,0,1,1,3.49892830848694,3.5115864276886,NA
120,"lm","two_stage","m1",613,42.0256410230707,-7.97435897692932,NA,NA,6.37493605425652,0.353247055119766,41.6723939679509,29.530995952982,54.5202860931593,29.1777488978623,54.1670390380396,1,1,0,1,3.51614999771118,3.52914428710938,NA
121,"lm","two_stage","m1",621,71.8347530105544,21.8347530105544,NA,NA,7.46045021520015,-0.384396972253029,72.2191499828074,57.212539280308,86.4569667408008,57.596936252561,86.8413637130538,0,0,1,1,3.51675462722778,3.52958583831787,NA
122,"lm","two_stage","m1",596,46.320247891297,-3.67975210870299,NA,NA,6.36315409339861,0.270062821107437,46.0501850701896,33.8486950401571,58.7918007424369,33.5786322190497,58.5217379213295,1,1,0,1,3.48047757148743,3.4929678440094,NA
123,"lm","two_stage","m1",617,60.6354296890959,10.6354296890959,NA,NA,8.36144779187487,-0.635711163845343,61.2711408529413,44.2472931584092,77.0235662197826,44.8830043222545,77.659277383628,1,1,0,1,3.51589918136597,3.52904319763184,NA
124,"lm","two_stage","m1",610,49.6923978126571,-0.307602187342908,NA,NA,7.67660891149521,-1.53778134993165,51.2301791625887,34.6465208227273,64.7382748025869,36.1843021726589,66.2760561525186,1,1,0,1,3.48120760917664,3.49426507949829,NA
125,"lm","two_stage","m1",590,50.3298433161241,0.329843316124105,NA,NA,7.25477222098095,1.23715307528133,49.0926902408428,36.1107510469598,64.5489355852884,34.8735979716785,63.3117825100071,1,1,0,1,3.51479005813599,3.52778244018555,NA
126,"lm","two_stage","m1",595,40.9785781765078,-9.02142182349218,NA,NA,6.90681172609242,-0.533471781811663,41.5120499583195,27.4414759453678,54.5156804076479,27.9749477271794,55.0491521894596,1,1,0,1,3.50843334197998,3.5210108757019,NA
127,"lm","two_stage","m1",607,48.0553109300766,-1.94468906992343,NA,NA,6.85905628638027,0.493398296287729,47.5619126337888,34.6118076408382,61.4988142193149,34.1184093445505,61.0054159230272,1,1,0,1,3.46608972549438,3.47847747802734,NA
128,"lm","two_stage","m1",591,58.8388269662216,8.8388269662216,NA,NA,6.7319318358576,-1.17911766431993,60.0179446305415,45.6444830215621,72.0331709108811,46.823600685882,73.212288575201,1,1,0,1,3.48486113548279,3.49677753448486,NA
129,"lm","two_stage","m1",605,48.5788615506746,-1.42113844932543,NA,NA,8.14307430755807,0.418278047810496,48.1605835028641,32.6187291844273,64.5389939169218,32.2004511366168,64.1207158691113,1,1,0,1,3.53337526321411,3.54603743553162,NA
130,"lm","two_stage","m1",590,47.5473180604873,-2.45268193951268,NA,NA,7.24914346892074,0.178807667585332,47.368510392902,33.3392579426389,61.7553781783357,33.1604502750536,61.5765705107504,1,1,0,1,3.51258206367493,3.52506875991821,NA
131,"lm","two_stage","m1",609,50.0385603937073,0.0385603937072645,NA,NA,6.9639028976019,-0.700868356020145,50.7394287497274,36.3895615225734,63.6875592648411,37.0904298785936,64.3884276208613,1,1,0,1,3.48375940322876,3.4965512752533,NA
132,"lm","two_stage","m1",612,47.0425084257012,-2.95749157429879,NA,NA,7.60497164776244,-3.99256802376238,51.0350764494636,32.1370378926386,61.9479789587638,36.129605916401,65.9405469825262,1,1,0,1,3.51950573921204,3.54135680198669,NA
133,"lm","two_stage","m1",591,60.2218529616844,10.2218529616844,NA,NA,7.87750135726977,1.1633376882283,59.0585152734561,44.7822340132702,75.6614719100985,43.6188963250419,74.4981342218702,1,1,0,1,3.83499932289124,3.84761095046997,NA
134,"lm","two_stage","m1",636,59.5022492668044,9.50224926680441,NA,NA,7.10749463232425,0.819498697443116,58.6827505693613,45.5718157671371,73.4326827664717,44.752317069694,72.6131840690286,1,1,0,1,3.53258466720581,3.54517149925232,NA
135,"lm","two_stage","m1",608,44.4929374345507,-5.50706256544935,NA,NA,7.17712961958658,0.0770198962510449,44.4159175382996,30.4260218677853,58.559853001316,30.3490019715343,58.482833105065,1,1,0,1,3.51645350456238,3.52957940101624,NA
136,"lm","two_stage","m1",607,55.3588982131015,5.35889821310153,NA,NA,7.12634425763716,-0.970081431205323,56.3289796443069,41.3915201266989,69.3262762995042,42.3616015579042,70.2963577307095,1,1,0,1,3.48682975769043,3.49929523468018,NA
137,"lm","two_stage","m1",589,42.9532444377897,-7.04675556221028,NA,NA,6.43366722339253,-0.860008731606925,43.8132531693966,30.3434883914246,55.5630004841549,31.2034971230315,56.4230092157618,1,1,0,1,3.83689546585083,3.85028624534607,NA
138,"lm","two_stage","m1",627,60.2235927510783,10.2235927510783,NA,NA,7.79043702408356,-0.569493281508109,60.7930860325864,44.9546167600471,75.4925687421095,45.5241100415553,76.0620620236176,1,1,0,1,3.53241395950317,3.54550552368164,NA
139,"lm","two_stage","m1",623,59.7659552843549,9.76595528435494,NA,NA,6.5731627779453,1.26053918203697,58.505416102318,46.8827929750629,72.649117593647,45.6222537930259,71.38857841161,1,1,0,1,3.8546359539032,3.86738586425781,NA
140,"lm","two_stage","m1",609,59.1240327598337,9.12403275983365,NA,NA,8.56026388979551,0.277888855950373,58.8461439038833,42.3462238376757,75.9018416819916,42.0683349817253,75.6239528260412,1,1,0,1,3.48130059242249,3.49346017837524,NA
141,"lm","two_stage","m1",588,53.1879119975529,3.18791199755288,NA,NA,7.10281853817702,0.0191793774866724,53.1687326200662,39.2666434740025,67.1091805211033,39.2474640965158,67.0900011436166,1,1,0,1,3.51556754112244,3.52875089645386,NA
142,"lm","two_stage","m1",634,54.8027961960615,4.80279619606155,NA,NA,6.48522281159998,-0.284466246110142,55.0872624421717,42.091993053608,67.5135993385151,42.3764592997181,67.7980655846252,1,1,0,1,3.4761323928833,3.48867702484131,NA
143,"lm","two_stage","m1",601,53.3181247561553,3.3181247561553,NA,NA,7.39618902778158,-0.00121876005161425,53.3193435162069,38.8218606388531,67.8143888734575,38.8230793989047,67.8156076335091,1,1,0,1,3.51888966560364,3.53176999092102,NA
144,"lm","two_stage","m1",606,67.3554108152624,17.3554108152624,NA,NA,6.5873308601571,0.84957401464186,66.5058368006206,54.4444795751052,80.2663420554196,53.5949055604634,79.4167680407777,0,0,1,1,3.84151387214661,3.85357880592346,NA
145,"lm","two_stage","m1",600,55.5623563691563,5.56235636915631,NA,NA,7.16520460458134,0.990933504407046,54.5714228647493,41.5188134023163,69.6058993359963,40.5278798979093,68.6149658315893,1,1,0,1,3.38991475105286,3.40268325805664,NA
146,"lm","two_stage","m1",583,45.4552374560095,-4.5447625439905,NA,NA,7.70143998070297,0.620541842639355,44.8346956133701,30.3606924647348,60.5497824472842,29.7401506220955,59.9292406046448,1,1,0,1,3.38921499252319,3.40126371383667,NA
147,"lm","two_stage","m1",596,62.4431033339002,12.4431033339002,NA,NA,6.73318113998952,-0.11018350797179,62.553286841872,49.2463107981364,75.639895869664,49.3564943061082,75.7500793776358,1,1,0,1,3.4415111541748,3.45450830459595,NA
148,"lm","two_stage","m1",619,58.754473611992,8.75447361199196,NA,NA,7.43827512410251,0.574302011921226,58.1801716000707,44.1757222616508,73.3332249623331,43.6014202497296,72.7589229504119,1,1,0,1,3.39117097854614,3.40436244010925,NA
149,"lm","two_stage","m1",595,52.4835802266415,2.48358022664149,NA,NA,6.64282811035393,0.120268047384108,52.3633121792574,39.4638763748575,65.5032840784254,39.3436083274734,65.3830160310413,1,1,0,1,3.4179961681366,3.43029928207397,NA
150,"lm","two_stage","m1",587,52.0086369100327,2.00863691003267,NA,NA,7.02984172036724,-0.261740140013671,52.2703770500463,38.2304003210958,65.7868734989695,38.4921404611095,66.0486136389832,1,1,0,1,3.42262816429138,3.43495202064514,NA
151,"lm","two_stage","m1",593,49.5620099411845,-0.43799005881548,NA,NA,7.57297905976218,-0.388126650318398,49.9501365915029,34.7192437283746,64.4047761539944,35.107370378693,64.7929028043128,1,1,0,1,3.38790154457092,3.40015649795532,NA
152,"lm","two_stage","m1",592,60.5122104658442,10.5122104658442,NA,NA,8.50810940052724,1.33842932110257,59.1737811447417,43.8366224642842,77.1877984674043,42.4981931431816,75.8493691463017,1,1,0,1,3.42394948005676,3.4365565776825,NA
153,"lm","two_stage","m1",591,49.1096949741382,-0.890305025861835,NA,NA,7.42337614825863,1.33378886730393,47.7759061068342,34.5601450798576,63.6592448684187,33.2263562125537,62.3254560011148,1,1,0,1,3.37560939788818,3.38824796676636,NA
154,"lm","two_stage","m1",631,57.0938670006424,7.09386700064243,NA,NA,7.54000602346398,0.484734634668904,56.6091323659735,42.3157267514379,71.8720072498469,41.830992116769,71.387272615178,1,1,0,1,3.44198536872864,3.45474243164062,NA
155,"lm","two_stage","m1",612,48.3669289703912,-1.63307102960884,NA,NA,6.7574315048009,-0.987496416171645,49.3544253865628,35.1226065929851,61.6112513477972,36.1101030091567,62.5987477639689,1,1,0,1,3.45878410339355,3.47071838378906,NA
156,"lm","two_stage","m1",615,47.371991589289,-2.62800841071097,NA,NA,6.72953412710147,-1.11763892511032,48.4896305143994,34.182347067437,60.5616361111411,35.2999859925473,61.6792750362514,1,1,0,1,3.85474491119385,3.86725354194641,NA
157,"lm","two_stage","m1",622,58.112467711815,8.11246771181496,NA,NA,7.56024673069065,-0.255721774529178,58.3681894863441,43.2946564054246,72.9302790182053,43.5503781799538,73.1860007927345,1,1,0,1,3.47838139533997,3.49028563499451,NA
158,"lm","two_stage","m1",588,50.6022868570034,0.602286857003364,NA,NA,7.87966691415367,-0.660919991406857,51.2632068484102,35.1584234950903,66.0461502189164,35.8193434864972,66.7070702103233,1,1,0,1,3.81719732284546,3.82940053939819,NA
159,"lm","two_stage","m1",616,54.3343665385844,4.33436653858442,NA,NA,7.167513707295,0.382312844752732,53.9520536938317,40.2862978135891,68.3824352635798,39.9039849688363,68.000122418827,1,1,0,1,3.81835985183716,3.83050441741943,NA
160,"lm","two_stage","m1",601,49.755760775417,-0.244239224582984,NA,NA,7.21811816849069,0.715248959166445,49.0405118162506,35.6085091290211,63.903012421813,34.8932601698546,63.1877634626465,1,1,0,1,3.45442366600037,3.46659421920776,NA
161,"lm","two_stage","m1",579,58.1436054328068,8.14360543280675,NA,NA,7.24707659475504,-0.103633142783991,58.2472385755907,43.9395963138837,72.3476145517298,44.0432294566677,72.4512476945138,1,1,0,1,3.83286237716675,3.84441804885864,NA
162,"lm","two_stage","m1",559,43.9277370474892,-6.07226295251079,NA,NA,7.96306406637418,-0.867068022646073,44.7948050701353,28.3204182708108,59.5350558241677,29.1874862934568,60.4021238468137,1,1,0,1,3.46057438850403,3.47329354286194,NA
163,"lm","two_stage","m1",617,60.2494633395921,10.2494633395921,NA,NA,8.59210806490748,-0.632652903728555,60.8821162433207,43.4092409810974,77.0896856980869,44.0418938848259,77.7223386018155,1,1,0,1,3.47203755378723,3.50716495513916,NA
164,"lm","two_stage","m1",604,48.4020745865994,-1.59792541340062,NA,NA,7.02575243183956,0.132216647048921,48.2698579395505,34.6318528558991,62.1722963172996,34.4996362088502,62.0400796702507,1,1,0,1,3.47059631347656,3.48368167877197,NA
165,"lm","two_stage","m1",587,39.3890904283113,-10.6109095716887,NA,NA,7.61676476758853,-0.978515244094844,40.3676056724061,24.4605058051242,54.3176750514984,25.439021049219,55.2961902955932,1,1,0,1,3.49452710151672,3.50724411010742,NA
166,"lm","two_stage","m1",627,46.3465687883983,-3.65343121160166,NA,NA,6.62877145173172,0.0454475652638848,46.3011212231345,33.3544154812569,59.3387220955398,33.308967915993,59.2932745302759,1,1,0,1,3.50246405601501,3.51560211181641,NA
167,"lm","two_stage","m1",605,58.0020641239004,8.00206412390041,NA,NA,7.15895211214173,0.794488960104751,57.2075751637957,43.9707758170557,72.0333524307452,43.1762868569509,71.2388634706404,1,1,0,1,3.49922442436218,3.51218390464783,NA
168,"lm","two_stage","m1",607,54.3687585737315,4.36875857373155,NA,NA,6.41181188218741,-2.86690569177417,57.2356642655057,41.8018382089982,66.9356789384648,44.6687439007724,69.802584630239,1,1,0,1,3.46346354484558,3.47627210617065,NA
169,"lm","two_stage","m1",635,46.4297072701822,-3.57029272981777,NA,NA,7.0575062730295,0.776571637006064,45.6531356331762,32.5972491543789,60.2621653859856,31.8206775173728,59.4855937489795,1,1,0,1,3.46860504150391,3.48107099533081,NA
170,"lm","two_stage","m1",631,57.0859169131104,7.08591691311037,NA,NA,7.27511836534962,1.00539969058612,56.0805172225243,42.8269469337592,71.3448868924615,41.8215472431731,70.3394872018754,1,1,0,1,3.51269030570984,3.52536988258362,NA
171,"lm","two_stage","m1",616,55.6856439466823,5.68564394668233,NA,NA,6.87221503927086,-0.98129399207879,56.6669379387611,42.2163499756969,69.1549379176677,43.1976439677757,70.1362319097465,1,1,0,1,3.48746752738953,3.5003125667572,NA
172,"lm","two_stage","m1",608,53.0217279246401,3.02172792464011,NA,NA,7.1116946729395,1.37589100773152,51.6458369169086,39.0830624966333,66.9603933526469,37.7071714889018,65.5845023449154,1,1,0,1,3.48204708099365,3.49451065063477,NA
173,"lm","two_stage","m1",610,57.1720383420298,7.17203834202982,NA,NA,7.01174169609692,0.82226426334433,56.3497740786855,43.4292771487821,70.9147995352776,42.6070128854377,70.0925352719332,1,1,0,1,3.49065947532654,3.5143711566925,NA
174,"lm","two_stage","m1",601,50.2347026008058,0.234702600805804,NA,NA,6.36073501860567,-0.00391616127762973,50.2386187620834,37.767891049136,62.7015141524756,37.7718072104136,62.7054303137532,1,1,0,1,3.51451396942139,3.52743649482727,NA
175,"lm","two_stage","m1",604,45.2698470402694,-4.73015295973062,NA,NA,6.58570609070483,0.00536907696991307,45.2644779632995,32.3621002897218,58.1775937908169,32.3567312127519,58.172224713847,1,1,0,1,3.49727344512939,3.51004862785339,NA
176,"lm","two_stage","m1",597,59.3608569205351,9.36085692053511,NA,NA,7.02012974444897,-1.08838352546362,60.4492404459987,45.6016554546168,73.1200583864535,46.6900389800804,74.2084419119171,1,1,0,1,3.49887657165527,3.51135849952698,NA
177,"lm","two_stage","m1",609,44.0351944209953,-5.9648055790047,NA,NA,7.20943083135648,-1.85024092563508,45.8854353466304,29.9049696425039,58.1654191994867,31.755210568139,60.0156601251217,1,1,0,1,3.47717547416687,3.49973654747009,NA
178,"lm","two_stage","m1",594,49.9903963337219,-0.00960366627809606,NA,NA,8.12580289700006,0.995191817000396,48.9952045167215,34.0641153101306,65.9166773573132,33.0689234931302,64.9214855403128,1,1,0,1,3.46660351753235,3.47927045822144,NA
179,"lm","two_stage","m1",603,50.6934263030838,0.693426303083847,NA,NA,7.29051624842015,0.225334897285109,50.4680914057987,36.4042770274763,64.9825755786914,36.1789421301912,64.7572406814063,1,1,0,1,3.51007509231567,3.52275371551514,NA
180,"lm","two_stage","m1",606,48.4980648122023,-1.50193518779766,NA,NA,6.38212605778385,-0.0561223436474734,48.5541871558498,35.9893275941514,61.0068020302533,36.0454499377989,61.0629243739007,1,1,0,1,3.49838781356812,3.51128578186035,NA
181,"lm","two_stage","m1",612,45.5380883393563,-4.46191166064371,NA,NA,5.69800732683429,0.816518464409071,44.7215698749472,34.3701991951157,56.7059774835969,33.5536807307067,55.8894590191878,1,1,0,1,3.48755741119385,3.50007033348083,NA
182,"lm","two_stage","m1",635,65.6861801883696,15.6861801883696,NA,NA,6.69091983055732,-1.06773309489567,66.7539132832653,52.5722182970324,78.8001420797068,53.6399513919281,79.8678751746025,0,0,1,1,3.49690127372742,3.50970602035522,NA
183,"lm","two_stage","m1",571,41.456288086548,-8.54371191345199,NA,NA,7.67837804618,0.125456415554901,41.3308316709931,26.4069436563522,56.5056325167438,26.2814872407973,56.3801761011889,1,1,0,1,3.49252462387085,3.50562620162964,NA
184,"lm","two_stage","m1",586,48.6895126395129,-1.31048736048705,NA,NA,6.86392086485437,0.994494649295426,47.6950179902175,35.2364749516654,62.1425503273605,34.2419803023699,61.1480556780651,1,1,0,1,3.50036430358887,3.51304841041565,NA
185,"lm","two_stage","m1",585,51.9155890268509,1.91558902685087,NA,NA,6.78521412469511,0.050973490527177,51.8646155363237,38.616813715056,65.2143643386457,38.5658402245288,65.1633908481186,1,1,0,1,3.49393653869629,3.50663638114929,NA
186,"lm","two_stage","m1",634,56.3750149307403,6.37501493074033,NA,NA,6.9706603042762,-0.31360704323567,56.688621973976,42.712771785896,70.0372580755847,43.0263788291316,70.3508651188204,1,1,0,1,3.48363780975342,3.49668836593628,NA
187,"lm","two_stage","m1",634,52.6853906854555,2.68539068545549,NA,NA,7.27991793942195,0.275121945136277,52.4102687403192,38.4170137137814,66.9537676571295,38.1418917686452,66.6786457119933,1,1,0,1,3.48711156845093,3.49989318847656,NA
188,"lm","two_stage","m1",624,45.4032744879447,-4.59672551205527,NA,NA,7.32413492377516,0.68254797949664,44.7207265084481,31.0482338194334,59.758315156456,30.3656858399368,59.0757671769594,1,1,0,1,3.51260495185852,3.52544164657593,NA
189,"lm","two_stage","m1",624,60.0620534689973,10.0620534689973,NA,NA,8.01315289629959,-0.281200464919863,60.3432539339172,44.3565623896373,75.7675445483573,44.6377628545572,76.0487450132772,1,1,0,1,3.50964164733887,3.5223753452301,NA
190,"lm","two_stage","m1",619,59.0480913434389,9.04809134343895,NA,NA,6.74416714872961,0.42669176338179,58.6213995800572,45.8297666262107,72.2664160606672,45.4030748628289,71.8397242972854,1,1,0,1,3.48523592948914,3.49771618843079,NA
191,"lm","two_stage","m1",611,54.07612020817,4.07612020817001,NA,NA,7.48905065955375,1.78839410024363,52.2877261079264,39.3978506370487,68.7543897792913,37.6094565368051,66.9659956790477,1,1,0,1,3.48433494567871,3.49734330177307,NA
192,"lm","two_stage","m1",601,45.7336830038879,-4.26631699611211,NA,NA,6.75779304716001,0.0369844420927663,45.6966985617951,32.4886520164791,58.9787139912967,32.4516675743863,58.9417295492039,1,1,0,1,3.50859427452087,3.52128100395203,NA
193,"lm","two_stage","m1",597,54.0366244833901,4.03662448339009,NA,NA,6.56823910373328,0.73092189977158,53.3057025836185,41.1631123982252,66.9101365685549,40.4321904984537,66.1792146687834,1,1,0,1,3.5053334236145,3.51813173294067,NA
194,"lm","two_stage","m1",604,66.3152806604132,16.3152806604132,NA,NA,7.58325527811074,-0.545877320944328,66.8611579813575,51.4523734297429,81.1781878910835,51.9982507506872,81.7240652120279,0,0,1,1,3.50362992286682,3.51657795906067,NA
195,"lm","two_stage","m1",623,52.2698192777258,2.26981927772577,NA,NA,7.05395332326896,1.37133582464207,50.8984834530837,38.444324815492,66.0953137399596,37.0729889908499,64.7239779153175,1,1,0,1,3.48163461685181,3.49507093429565,NA
196,"lm","two_stage","m1",591,61.0692292312681,11.0692292312681,NA,NA,7.52327230282415,-0.650196276057997,61.7194255073261,46.3238864718451,75.8145719906912,46.9740827479031,76.4647682667492,1,1,0,1,3.47373795509338,3.48589563369751,NA
197,"lm","two_stage","m1",618,61.0369743136856,11.0369743136856,NA,NA,7.59980345882053,0.395438203130887,60.6415361105547,46.1416332448144,75.9323153825567,45.7461950416835,75.5368771794258,1,1,0,1,3.51174879074097,3.52473258972168,NA
198,"lm","two_stage","m1",597,52.9200376648403,2.92003766484034,NA,NA,7.43027713614055,-0.0896365950667288,53.0096742599071,38.3569620828535,67.4831132468272,38.4465986779202,67.572749841894,1,1,0,1,3.49384903907776,3.50698971748352,NA
199,"lm","two_stage","m1",627,52.5121142248749,2.5121142248749,NA,NA,6.76766072900641,-0.386048276450722,52.8981625013256,39.2477429364363,65.7764855133135,39.633791212887,66.1625337897643,1,1,0,1,3.42007422447205,3.43267393112183,NA
200,"lm","two_stage","m1",610,46.3417228259646,-3.65827717403538,NA,NA,7.05364336689398,-0.515628755662568,46.8573515816272,32.5168358670626,60.1666097848667,33.0324646227252,60.6822385405292,1,1,0,1,3.41581702232361,3.42871260643005,NA
201,"lm","two_stage","m1",603,53.2586000374781,3.25860003747805,NA,NA,6.75506083121365,-0.0440717807340505,53.3026718182121,40.0189240949221,66.498275980034,40.0629958756562,66.5423477607681,1,1,0,1,3.42065215110779,3.43351602554321,NA
202,"lm","two_stage","m1",621,58.4602962170668,8.46029621706681,NA,NA,8.80620614510768,1.00269514163051,57.4576010754363,41.2004493322205,75.7201431019132,40.1977541905899,74.7174479602827,1,1,0,1,3.42034244537354,3.43278431892395,NA
203,"lm","two_stage","m1",607,59.964750846352,9.96475084635203,NA,NA,6.88482651947415,1.02334228092601,58.941408565426,46.4707388283764,73.4587628643276,45.4473965474504,72.4354205834016,1,1,0,1,3.43885278701782,3.4521598815918,NA
204,"lm","two_stage","m1",602,56.8007775282213,6.80077752822131,NA,NA,6.94303166562866,-0.479373897176771,57.2801514253981,43.192685520068,70.4088695363746,43.6720594172448,70.8882434335514,1,1,0,1,3.39578223228455,3.40938353538513,NA
205,"lm","two_stage","m1",620,48.8548161517516,-1.14518384824835,NA,NA,7.46336262953977,0.681591355594158,48.1732247961575,34.2268941942916,63.4827381092117,33.5453028386974,62.8011467536176,1,1,0,1,3.41243863105774,3.42498111724854,NA
206,"lm","two_stage","m1",602,42.1548432802168,-7.84515671978322,NA,NA,7.14803182741503,0.267143045127611,41.8877002350892,28.1449583381373,56.1647282222963,27.8778152930097,55.8975851771687,1,1,0,1,3.40709614753723,3.41988825798035,NA
207,"lm","two_stage","m1",620,54.0674363011462,4.06743630114621,NA,NA,6.39840286632648,-1.93498621767922,56.0024225188254,41.5267971245685,66.6080754777239,43.4617833422477,68.5430616954032,1,1,0,1,3.40736675262451,3.42048478126526,NA
208,"lm","two_stage","m1",615,49.2226458380702,-0.777354161929836,NA,NA,7.90008719175092,0.449826024763652,48.7728198133065,33.7387594675122,64.7065322086281,33.2889334427485,64.2567061838645,1,1,0,1,3.43913125991821,3.45119285583496,NA
209,"lm","two_stage","m1",598,55.6775606210928,5.67756062109279,NA,NA,7.03874768401278,-1.11275804177937,56.7903186628722,41.881868664163,69.4732525780226,42.9946267059424,70.5860106198019,1,1,0,1,3.45734143257141,3.46939778327942,NA
210,"lm","two_stage","m1",606,53.1344508701588,3.13445087015881,NA,NA,7.75030245824378,1.19626467937857,51.9381861907802,37.9441371827088,68.3247645576089,36.7478725033302,67.1284998782303,1,1,0,1,3.48624539375305,3.49867916107178,NA
211,"lm","two_stage","m1",604,48.5250456910054,-1.47495430899455,NA,NA,7.08498775439441,-0.112439329042992,48.6374850200484,34.6387248614851,62.4113665205258,34.7511641905281,62.5238058495688,1,1,0,1,3.47235083580017,3.48470950126648,NA
212,"lm","two_stage","m1",627,52.4793071905434,2.4793071905434,NA,NA,7.36637728026644,-0.272008297691976,52.7513154882354,38.0414730246871,66.9171413563997,38.313481322379,67.1891496540917,1,1,0,1,3.45862436294556,3.47116804122925,NA
213,"lm","two_stage","m1",622,53.0597604337266,3.05976043372657,NA,NA,7.15309551457227,-1.96305956355528,55.0228199972818,39.0399508471899,67.0795700202632,41.0030104107452,69.0426295838185,1,1,0,1,3.44099617004395,3.45317888259888,NA
214,"lm","two_stage","m1",597,49.9122186532391,-0.0877813467609201,NA,NA,6.15087073266724,-0.800424474878,50.7126431281171,37.8567335436498,61.9677037628284,38.6571580185278,62.7681282377064,1,1,0,1,3.43479442596436,3.44712209701538,NA
215,"lm","two_stage","m1",615,49.1646993906206,-0.835300609379445,NA,NA,6.59774462129614,-0.053940599360196,49.2186399899808,36.2333575536873,62.0960412275538,36.2872981530475,62.149981826914,1,1,0,1,3.49374580383301,3.50575423240662,NA
216,"lm","two_stage","m1",612,63.2881517902335,13.2881517902335,NA,NA,6.91510544940231,-0.965415188909375,64.2535669791428,49.7347941601083,76.8415094203586,50.7002093490176,77.806924609268,1,0,0,1,3.47340750694275,3.485844373703,NA
217,"lm","two_stage","m1",613,47.5542108032026,-2.44578919679736,NA,NA,6.93207143521139,-0.376207192341795,47.9304179955444,33.9676004519294,61.1408211544758,34.3438076442712,61.5170283468176,1,1,0,1,3.49479508399963,3.50711727142334,NA
218,"lm","two_stage","m1",611,69.6323300776105,19.6323300776105,NA,NA,7.18922448207827,-0.4625769893983,70.0949070670088,55.5417090159634,83.7229511392575,56.0042860053617,84.1855281286558,0,0,1,1,3.50525140762329,3.51758503913879,NA
219,"lm","two_stage","m1",626,57.070633864723,7.07063386472302,NA,NA,6.3489798275374,0.784180780055145,56.2864530846679,44.6268620641784,69.5144056652676,43.8426812841232,68.7302248852125,1,1,0,1,3.51295018196106,3.52555274963379,NA
220,"lm","two_stage","m1",617,49.4079458384026,-0.592054161597382,NA,NA,6.87714465239752,0.547281244843674,48.8606645935589,35.9289900032313,62.886901673574,35.3817087583876,62.3396204287303,1,1,0,1,3.5088152885437,3.52176356315613,NA
221,"lm","two_stage","m1",619,41.7643923350431,-8.23560766495694,NA,NA,7.43739871611248,0.312989857287121,41.4514024777559,27.1873587127982,56.341425957288,26.874368855511,56.0284361000008,1,1,0,1,3.50063228607178,3.51305294036865,NA
222,"lm","two_stage","m1",617,52.9783310831155,2.97833108311555,NA,NA,7.66533563635827,1.25839360017261,51.7199374829429,37.9545493064419,68.0021128597892,36.6961557062693,66.7437192596166,1,1,0,1,3.48477983474731,3.49642038345337,NA
223,"lm","two_stage","m1",596,50.6490762668113,0.649076266811342,NA,NA,6.85267066027242,0.145263454681476,50.5038128121299,37.2180885747631,64.0800639588596,37.0728251200816,63.9348005041781,1,1,0,1,3.4931366443634,3.50549483299255,NA
224,"lm","two_stage","m1",656,56.5169836452374,6.51698364523735,NA,NA,7.59675804749611,-1.26428340061549,57.7812670458528,41.6276114728802,71.4063558175945,42.8918948734957,72.67063921821,1,1,0,1,3.53107094764709,3.54375767707825,NA
225,"lm","two_stage","m1",627,44.4021609777271,-5.59783902227288,NA,NA,7.3979320510289,-0.117800213913064,44.5199611916402,29.9024805976359,58.9018413578183,30.020280811549,59.0196415717314,1,1,0,1,3.4957549571991,3.50829410552979,NA
226,"lm","two_stage","m1",626,54.0703035033494,4.07030350334944,NA,NA,7.31384199002966,0.252787288916267,53.8175162144332,39.7354366142746,68.4051703924243,39.4826493253583,68.152383103508,1,1,0,1,3.50669932365417,3.51941013336182,NA
227,"lm","two_stage","m1",609,55.3791762176133,5.37917621761328,NA,NA,7.4148640583648,0.603101378957369,54.7760748386559,40.8463097129578,69.9120427222688,40.2432083340004,69.3089413433114,1,1,0,1,3.5244402885437,3.53718256950378,NA
228,"lm","two_stage","m1",607,52.8914399241415,2.89143992414152,NA,NA,6.5665396306609,0.601015745541922,52.2904241785996,40.0212587449912,65.7616211032918,39.4202429994493,65.1606053577499,1,1,0,1,3.53350067138672,3.54649782180786,NA
229,"lm","two_stage","m1",589,54.4518945553432,4.45189455534323,NA,NA,7.57646090004967,-0.425461662098805,54.877356217442,39.60230406097,69.3014850497165,40.0277657230688,69.7269467118153,1,1,0,1,3.53198170661926,3.5460844039917,NA
230,"lm","two_stage","m1",634,53.2223730004873,3.22237300048732,NA,NA,7.17187276777382,0.269840581433819,52.9525324190535,39.165760673947,67.2789853270276,38.8959200925132,67.0091447455938,1,1,0,1,3.52085185050964,3.53374147415161,NA
231,"lm","two_stage","m1",628,54.6680952461542,4.66809524615419,NA,NA,7.40051224198433,0.0198576915143818,54.6482375546398,40.1633577847171,69.1728327075913,40.1435000932028,69.1529750160769,1,1,0,1,3.49447250366211,3.50675845146179,NA
232,"lm","two_stage","m1",625,64.1997492917226,14.1997492917226,NA,NA,7.84758078122419,0.647166134471703,63.5525831572509,48.8187735947545,79.5807249886907,48.1716074602828,78.933558854219,1,1,0,1,3.852219581604,3.86526608467102,NA
233,"lm","two_stage","m1",630,48.8418218646475,-1.15817813535246,NA,NA,6.71264518213519,0.633421800497679,48.2084000641499,35.6852790666663,61.9983646626288,35.0518572661686,61.3649428621312,1,1,0,1,3.52736473083496,3.54062843322754,NA
234,"lm","two_stage","m1",610,47.0453600282192,-2.95463997178079,NA,NA,7.58030601911068,-0.106083049581393,47.1514430778006,32.1882332389701,61.9024868174683,32.2943162885515,62.0085698670497,1,1,0,1,3.52740597724915,3.54007148742676,NA
235,"lm","two_stage","m1",602,49.7858834326441,-0.214116567355902,NA,NA,7.15752701639968,-0.0161663212954224,49.8020497539395,35.7573882621283,63.8143786031599,35.7735545834237,63.8305449244553,1,1,0,1,3.48938012123108,3.50256395339966,NA
236,"lm","two_stage","m1",603,39.0216860139439,-10.9783139860561,NA,NA,6.47218772795505,0.678943914545833,38.3427420993981,26.3364311659699,51.7069408619179,25.6574872514241,51.0279969473721,1,1,0,1,3.51545834541321,3.52813315391541,NA
237,"lm","two_stage","m1",605,52.3174385595881,2.31743855958815,NA,NA,6.21675876754033,-0.05661336587157,52.3740519254597,40.1328152746355,64.5020618445408,40.1894286405071,64.5586752104124,1,1,0,1,3.53837132453918,3.5515251159668,NA
238,"lm","two_stage","m1",613,74.4866393976938,24.4866393976938,NA,NA,6.96310330906098,0.292339001158965,74.1943003965349,60.8392076913026,88.134071104085,60.5468686901437,87.841732102926,0,0,1,1,3.50714612007141,3.51996469497681,NA
239,"lm","two_stage","m1",610,46.1863112833604,-3.81368871663955,NA,NA,7.2149014774803,0.990014780439154,45.1962965029213,32.0453642354942,60.3272583312266,31.0553494550551,59.3372435507875,1,1,0,1,3.50901246070862,3.5222749710083,NA
240,"lm","two_stage","m1",632,44.2097908890473,-5.79020911095267,NA,NA,6.53650107464327,-1.74419478063552,45.9539856696829,31.3984841978392,57.0210975802555,33.1426789784747,58.765292360891,1,1,0,1,3.48295521736145,3.50728511810303,NA
241,"lm","two_stage","m1",603,56.8273464547228,6.82734645472284,NA,NA,7.4843320766797,-0.313426662207995,57.1407731169308,42.1583251360928,71.4963677733529,42.4717517983008,71.8097944355609,1,1,0,1,3.45069813728333,3.46343159675598,NA
242,"lm","two_stage","m1",623,51.5490229113771,1.5490229113771,NA,NA,6.23013503457778,0.381988471678831,51.1670344396983,39.3381826247834,63.7598631979708,38.9561941531046,63.3778747262919,1,1,0,1,3.52934718132019,3.54226446151733,NA
243,"lm","two_stage","m1",597,44.1737189629049,-5.8262810370951,NA,NA,6.77843684622617,0.698158423741312,43.4755605391636,30.8882268728224,57.4592110529874,30.190068449081,56.7610526292461,1,1,0,1,3.5068895816803,3.51954817771912,NA
244,"lm","two_stage","m1",622,53.6506283210834,3.65062832108343,NA,NA,8.1570827617582,0.227369964486066,53.4232583565974,37.6630398891248,69.638216753042,37.4356699246388,69.410846788556,1,1,0,1,3.5085277557373,3.52015280723572,NA
245,"lm","two_stage","m1",625,51.246010903294,1.24601090329396,NA,NA,6.87443817593193,0.537715719409476,50.7082951838845,37.7723596645201,64.7196621420678,37.2346439451107,64.1819464226583,1,1,0,1,3.53040599822998,3.54312372207642,NA
246,"lm","two_stage","m1",631,52.4986346016559,2.49863460165587,NA,NA,6.74337969104507,-0.209286665128381,52.7079212667842,39.2818532731287,65.715415930183,39.4911399382571,65.9247025953114,1,1,0,1,3.52327013015747,3.53635692596436,NA
247,"lm","two_stage","m1",593,49.4483783017368,-0.551621698263219,NA,NA,8.03004024311242,0.464763821913749,48.983614479823,33.7097886308292,65.1869679726444,33.2450248089154,64.7222041507306,1,1,0,1,3.51284670829773,3.5256335735321,NA
248,"lm","two_stage","m1",593,50.7337193916557,0.733719391655718,NA,NA,7.17008253406053,0.381681358208148,50.3520380334476,36.6806158587174,64.786822924594,36.2989345005092,64.4051415663859,1,1,0,1,3.51106929779053,3.52417826652527,NA
249,"lm","two_stage","m1",581,51.5776675193449,1.57766751934494,NA,NA,6.91184346628192,-0.499435971905065,52.07710349125,38.0307032586539,65.124631780036,38.530139230559,65.6240677519411,1,1,0,1,3.49243140220642,3.50498533248901,NA
250,"lm","two_stage","m1",600,47.5362838688151,-2.46371613118487,NA,NA,6.27684024136765,0.803362618526307,46.7329212502888,35.2339030590228,59.8386646786074,34.4305404404965,59.0353020600811,1,1,0,1,3.45130085945129,3.46437668800354,NA
251,"lm","two_stage","m1",606,53.4130796472619,3.41307964726186,NA,NA,7.25984437758664,-0.299648622167162,53.712728269429,39.1840461338264,67.6421131606973,39.4836947559936,67.9417617828644,1,1,0,1,3.53229641914368,3.54570388793945,NA
252,"lm","two_stage","m1",602,48.5306157896016,-1.46938421039838,NA,NA,6.97572286701159,-0.366673377485618,48.8972891670872,34.8584502041264,62.2027813750768,35.225123581612,62.5694547525624,1,1,0,1,3.51073598861694,3.5234432220459,NA
253,"lm","two_stage","m1",608,59.6172654379318,9.61726543793178,NA,NA,7.24160558354041,-0.877746322475318,60.4950117604071,45.4239793039484,73.8105515719151,46.3017256264237,74.6882978943905,1,1,0,1,3.76433420181274,3.77727222442627,NA
254,"lm","two_stage","m1",612,53.2814870840839,3.28148708408391,NA,NA,6.3649610382897,-1.33775535452241,54.6192424386063,40.8063926860354,65.7565814821324,42.1441480405579,67.0943368366548,1,1,0,1,3.46152019500732,3.47421360015869,NA
255,"lm","two_stage","m1",586,53.5104530356482,3.51045303564825,NA,NA,7.22561788285816,0.19142997354168,53.3190230621066,39.3485022191977,67.6724038520988,39.157072245656,67.4809738785571,1,1,0,1,3.43766331672668,3.45086121559143,NA
256,"lm","two_stage","m1",607,41.4978527831387,-8.50214721686132,NA,NA,6.91234481105453,0.939227655103231,40.5586251280354,27.9499059047495,55.0457996615279,27.0106782496462,54.1065720064246,1,1,0,1,3.76070523262024,3.77383518218994,NA
257,"lm","two_stage","m1",586,37.3186987105676,-12.6813012894324,NA,NA,5.44308799895779,-0.105410747137199,37.4241094577048,26.6504422679282,47.9869551532071,26.7558530150654,48.0923659003443,0,0,1,1,3.46921992301941,3.48165535926819,NA
258,"lm","two_stage","m1",587,46.1071690181095,-3.89283098189047,NA,NA,6.83890249861335,-0.501577763943757,46.6087467820533,32.7031664270464,59.5111716091727,33.2047441909901,60.0127493731164,1,1,0,1,3.41660928726196,3.42974543571472,NA
259,"lm","two_stage","m1",626,58.8354887098035,8.83548870980351,NA,NA,7.05832873724255,-0.116548735015812,58.9520374448193,45.0014185937641,72.669558825843,45.1179673287799,72.7861075608588,1,1,0,1,3.41741394996643,3.43023824691772,NA
260,"lm","two_stage","m1",611,56.7894435073409,6.78944350734091,NA,NA,6.86518530699781,0.0271996168130286,56.7622438905279,43.3339275584316,70.2449594562502,43.3067279416186,70.2177598394371,1,1,0,1,3.43459701538086,3.44737505912781,NA
261,"lm","two_stage","m1",595,48.9737882565358,-1.0262117434642,NA,NA,6.21954519277867,-0.240192604444182,49.21398086098,36.7837036784704,61.1638728346012,37.0238962829146,61.4040654390454,1,1,0,1,3.43949937820435,3.45235633850098,NA
262,"lm","two_stage","m1",632,55.7192014941321,5.71920149413211,NA,NA,6.84960309887087,0.548499554774352,55.1707019393578,42.2942261119513,69.144176876313,41.7457265571769,68.5956773215386,1,1,0,1,3.43541407585144,3.44753909111023,NA
263,"lm","two_stage","m1",631,45.2323025844995,-4.76769741550053,NA,NA,7.22551296356045,0.226790834372991,45.0055117501265,31.0705574060937,59.3940477629052,30.8437665717207,59.1672569285322,1,1,0,1,3.47598385810852,3.48857855796814,NA
264,"lm","two_stage","m1",616,52.6114692957527,2.61146929575266,NA,NA,7.17259616151549,0.422374932246129,52.1890943635065,38.5534391435321,66.6694994479733,38.1310642112859,66.2471245157271,1,1,0,1,3.53180170059204,3.54394054412842,NA
265,"lm","two_stage","m1",615,53.0510826478434,3.05108264784339,NA,NA,6.7214062205518,-1.057218829969,54.1083014778124,39.8773685300984,66.2247967655884,40.9345873600674,67.2820155955574,1,1,0,1,3.49049019813538,3.50240564346313,NA
266,"lm","two_stage","m1",599,56.7054005460513,6.70540054605129,NA,NA,7.11624341582743,-0.598016686435159,57.3034172324865,42.7578197458092,70.6529813462933,43.3558364322444,71.2509980327285,1,1,0,1,3.47046279907227,3.48271083831787,NA
267,"lm","two_stage","m1",607,49.4400255304378,-0.559974469562214,NA,NA,6.40369394718682,0.116158769962368,49.3238667604754,36.8890160259345,61.9910350349411,36.7728572559721,61.8748762649787,1,1,0,1,3.47638320922852,3.48869919776917,NA
268,"lm","two_stage","m1",575,55.0504648000951,5.05046480009506,NA,NA,7.87875997374154,1.2844980763177,53.7659667237774,39.6083790087259,70.4925505914642,38.3238809324082,69.2080525151465,1,1,0,1,3.43347716331482,3.4456946849823,NA
269,"lm","two_stage","m1",584,59.2370671769715,9.23706717697155,NA,NA,7.7689435402363,-2.15626119704147,61.393328374013,44.0102176401833,74.4639167137598,46.1664788372248,76.6201779108013,1,1,0,1,3.50942301750183,3.52171611785889,NA
270,"lm","two_stage","m1",630,43.9460560866514,-6.05394391334861,NA,NA,6.46064203424119,-1.47635084052716,45.4224069271785,31.2834303825331,56.6086817907697,32.7597812230602,58.0850326312969,1,1,0,1,3.48705267906189,3.50034713745117,NA
271,"lm","two_stage","m1",622,50.527510570474,0.527510570474007,NA,NA,7.0189790421181,0.461907325134163,50.0656032453398,36.7705644396811,64.2844567012669,36.3086571145469,63.8225493761328,1,1,0,1,3.49727201461792,3.51038384437561,NA
272,"lm","two_stage","m1",608,49.2016712411305,-0.798328758869474,NA,NA,5.98154944349099,0.594571035463439,48.6071002056671,37.4780497601426,60.9252927221185,36.8834787246792,60.330721686655,1,1,0,1,3.89490461349487,3.9084255695343,NA
273,"lm","two_stage","m1",603,51.9397052022428,1.93970520224276,NA,NA,7.3696761858851,0.877850118200008,51.0618550840427,37.4954053001854,66.3840051043001,36.6175551819854,65.5061549861001,1,1,0,1,3.91211009025574,3.92501258850098,NA
274,"lm","two_stage","m1",618,50.7276634629741,0.7276634629741,NA,NA,7.42037923089539,0.402816425364868,50.3248470376092,36.1839874187901,65.2713395071581,35.7811709934253,64.8685230817932,1,1,0,1,3.52746772766113,3.54047822952271,NA
275,"lm","two_stage","m1",612,54.5731456435146,4.57314564351458,NA,NA,6.50058100792278,-0.935149281788341,55.5082949253029,41.8322409894008,67.3140502976283,42.7673902711892,68.2491995794167,1,1,0,1,3.54690790176392,3.55943131446838,NA
276,"lm","two_stage","m1",605,74.0280340902304,24.0280340902304,NA,NA,6.50246885805817,0.82546251664111,73.2025715735893,61.2834293178431,86.7726388626177,60.457966801202,85.9471763459766,0,0,1,1,3.53597068786621,3.54909157752991,NA
277,"lm","two_stage","m1",613,53.9972038813495,3.99720388134949,NA,NA,6.83503754344808,-0.488920577023492,54.486124458373,40.6007764632121,67.3936312994868,41.0896970402356,67.8825518765103,1,1,0,1,3.51411247253418,3.52627325057983,NA
278,"lm","two_stage","m1",593,45.1827857549049,-4.8172142450951,NA,NA,6.7164879891406,0.919449086281411,44.2633366686235,32.0187111935935,58.3468603162163,31.0992621073121,57.4274112299349,1,1,0,1,3.88568449020386,3.89830183982849,NA
279,"lm","two_stage","m1",635,35.6302180354929,-14.3697819645071,NA,NA,6.02615348604486,1.94160770540706,33.6886103300858,23.8191742375345,47.4412618334513,21.8775665321274,45.4996541280442,0,0,1,1,3.88579320907593,3.89826536178589,NA
280,"lm","two_stage","m1",601,48.1461822820687,-1.85381771793131,NA,NA,7.9381326883407,-2.96909406269766,51.1152763447664,32.5877281084208,63.7046364557166,35.5568221711185,66.6737305184142,1,1,0,1,3.50117015838623,3.51383543014526,NA
281,"lm","two_stage","m1",601,62.1528510706857,12.1528510706857,NA,NA,7.07093004475636,-0.503600435716542,62.6564515064022,48.294082845761,76.0116192956103,48.7976832814776,76.5152197313269,1,1,0,1,3.4989607334137,3.51154184341431,NA
282,"lm","two_stage","m1",621,55.5121863744548,5.51218637445483,NA,NA,6.7665887935408,1.01380670463857,54.4983796698163,42.2499160409225,68.7744567079871,41.236109336284,67.7606500033486,1,1,0,1,3.51917219161987,3.53200936317444,NA
283,"lm","two_stage","m1",603,46.7579712810273,-3.24202871897266,NA,NA,7.10184757501055,1.40332925588788,45.3546420251395,32.8386058103135,60.6773367517411,31.4352765544257,59.2740074958533,1,1,0,1,3.50621724128723,3.51873445510864,NA
284,"lm","two_stage","m1",599,50.2384703814826,0.238470381482628,NA,NA,7.43392965357807,-1.38778273927773,51.6262531207604,35.6682359968653,64.8087047661,37.056018736143,66.1964875053777,1,1,0,1,3.53566479682922,3.54833126068115,NA
285,"lm","two_stage","m1",633,55.7446191209049,5.74461912090493,NA,NA,6.33380780720572,-0.204172700386344,55.9487918212913,43.3305839337831,68.1586543080267,43.5347566341695,68.3628270084131,1,1,0,1,3.52518773078918,3.53783822059631,NA
286,"lm","two_stage","m1",601,43.0915962780726,-6.90840372192743,NA,NA,7.56927705234443,0.738303652923904,42.3532926251487,28.256085866472,57.9271066896732,27.5177822135481,57.1888030367493,1,1,0,1,3.49156785011292,3.50440263748169,NA
287,"lm","two_stage","m1",620,55.4860247204691,5.48602472046906,NA,NA,8.60882375810535,-0.696693885448376,56.1827186059174,38.6130402053298,72.3590092356083,39.3097340907782,73.0557031210567,1,1,0,1,3.50516533851624,3.51854729652405,NA
288,"lm","two_stage","m1",593,57.5284425125458,7.52844251254577,NA,NA,7.75807549368852,1.22492132132063,56.3035211912251,42.3228939555735,72.7339910695181,41.0979726342528,71.5090697481974,1,1,0,1,3.48366928100586,3.49665355682373,NA
289,"lm","two_stage","m1",594,43.7272399243124,-6.27276007568755,NA,NA,6.90076663472736,-0.543568028239093,44.2708079525515,30.2019858545312,57.2524939940937,30.7455538827703,57.7960620223328,1,1,0,1,3.49649953842163,3.50911831855774,NA
290,"lm","two_stage","m1",591,61.7043169352392,11.7043169352392,NA,NA,7.44236990358683,0.173436413564033,61.5308805216751,47.1175399645841,76.2910939058942,46.9441035510201,76.1176574923302,1,1,0,1,3.4891664981842,3.50170159339905,NA
291,"lm","two_stage","m1",623,58.9974100541138,8.99741005411379,NA,NA,6.88047248759446,-0.156765352092428,59.1541754062062,45.5119317818099,72.4828883264176,45.6686971339024,72.6396536785101,1,1,0,1,3.51773357391357,3.53021025657654,NA
292,"lm","two_stage","m1",605,52.8890516948958,2.88905169489581,NA,NA,7.30971005099669,0.982446928651576,51.9066047662442,38.5622832575119,67.2158201322798,37.5798363288603,66.2333732036282,1,1,0,1,3.51324915885925,3.52609014511108,NA
293,"lm","two_stage","m1",632,56.0380259770828,6.03802597708284,NA,NA,6.7618401299625,-0.976769001890439,57.0147949789733,42.7850628531387,69.290989101027,43.7618318550292,70.2677581029174,1,1,0,1,3.55202531814575,3.56451296806335,NA
294,"lm","two_stage","m1",589,38.752977720978,-11.247022279022,NA,NA,7.80188705273423,-0.808030615482338,39.5610083364603,23.4615600861696,54.0443953557864,24.2695907016519,54.8524259712688,1,1,0,1,3.51449155807495,3.52675557136536,NA
295,"lm","two_stage","m1",615,53.1620494145731,3.1620494145731,NA,NA,6.62785142953304,-0.593529245921644,53.7555786604947,40.171699317806,66.1523995113402,40.7652285637277,66.7459287572618,1,1,0,1,3.47827625274658,3.49104189872742,NA
296,"lm","two_stage","m1",600,64.3643134500658,14.3643134500658,NA,NA,8.87780376523756,1.88108635724937,62.4832270928165,46.9641378083861,81.7644890917455,45.0830514511368,79.8834027344962,1,1,0,1,3.50150275230408,3.51456713676453,NA
297,"lm","two_stage","m1",593,50.9694548012015,0.969454801201486,NA,NA,7.45192594882896,0.746146289951199,50.2233085112503,36.3639483260373,65.5749612763657,35.6178020360861,64.8288149864145,1,1,0,1,3.49627208709717,3.50873613357544,NA
298,"lm","two_stage","m1",614,45.2524159788328,-4.74758402116719,NA,NA,7.5366590627524,-1.01066250545855,46.2630784842914,30.4808356520807,60.0239963055849,31.4914981575393,61.0346588110435,1,1,0,1,3.50798463821411,3.52092361450195,NA
299,"lm","two_stage","m1",588,47.8751336353038,-2.12486636469622,NA,NA,7.00404942991191,-0.778558784327934,48.6536924196317,34.1474490067381,61.6028182638694,34.9260077910661,62.3813770481974,1,1,0,1,3.51928114891052,3.53218293190002,NA
300,"lm","two_stage","m1",610,65.1016248796485,15.1016248796485,NA,NA,7.77888323487862,0.159735420550547,64.941889459098,49.855293899344,80.347955859953,49.6955584787935,80.1882204394025,1,1,0,1,3.54125332832336,3.55407953262329,NA
301,"lm","two_stage","m1",617,59.0384143411236,9.03841434112364,NA,NA,6.48536283134783,-2.62073997775222,61.6591543188759,46.3273367650072,71.7494919172401,48.9480767427594,74.3702318949923,1,1,0,1,3.53425335884094,3.54697132110596,NA
302,"lm","two_stage","m1",630,57.1878882620252,7.18788826202519,NA,NA,6.91199502051083,-0.910017905126971,58.0979061671522,43.6406269605038,70.7351495635466,44.5506448656307,71.6451674686736,1,1,0,1,3.8814651966095,3.89454627037048,NA
303,"lm","two_stage","m1",625,55.1879122371614,5.18791223716139,NA,NA,6.67788979085571,0.074929261124197,55.1129829760372,42.0994887543565,68.2763357199663,42.0245594932323,68.2014064588421,1,1,0,1,3.85418391227722,3.87915587425232,NA
304,"lm","two_stage","m1",603,64.324676440138,14.324676440138,NA,NA,8.33702477402062,-0.889237804418961,65.2139142445569,47.9844081448394,80.6649447354366,48.8736459492584,81.5541825398555,1,1,0,1,3.51245951652527,3.52473449707031,NA
305,"lm","two_stage","m1",599,48.7783644562036,-1.22163554379644,NA,NA,7.73784642448948,-0.492999011171072,49.2713634673746,33.6124641463022,63.944264766105,34.1054631574732,64.437263777276,1,1,0,1,3.5319299697876,3.54496455192566,NA
306,"lm","two_stage","m1",601,43.5101578597739,-6.48984214022612,NA,NA,7.13215568740236,0.224042131759639,43.2861157280142,29.5313895803328,57.488926139215,29.3073474485731,57.2648840074554,1,1,0,1,3.49109506607056,3.5034487247467,NA
307,"lm","two_stage","m1",579,50.7988167089512,0.798816708951207,NA,NA,6.88051363760318,-0.274769450797741,51.0735861597489,37.3132577841123,64.2843756337901,37.58802723491,64.5591450845879,1,1,0,1,3.46479058265686,3.47748947143555,NA
308,"lm","two_stage","m1",596,62.0282330921598,12.0282330921598,NA,NA,7.38849391676345,0.738839384733645,61.2893937074261,47.5470511153102,76.5094150690094,46.8082117305765,75.7705756842758,1,1,0,1,3.45825719833374,3.47126340866089,NA
309,"lm","two_stage","m1",614,44.305629632941,-5.69437036705902,NA,NA,6.66548779535174,0.40201374940532,43.9036158835357,31.2415136146603,57.3697456512217,30.839499865255,56.9677319018164,1,1,0,1,3.43696188926697,3.44948053359985,NA
310,"lm","two_stage","m1",627,50.8767533241712,0.87675332417119,NA,NA,6.55223546832786,-0.904278196927933,51.7810315210991,38.0346077880227,63.7188988603197,38.9388859849506,64.6231770572477,1,1,0,1,3.42530798912048,3.45074582099915,NA
311,"lm","two_stage","m1",603,51.1864683081045,1.18646830810452,NA,NA,6.62202897015119,0.0733472889886002,51.1131210191159,38.2075300220273,64.1654065941817,38.1341827330387,64.0920593051931,1,1,0,1,3.45047235488892,3.46294927597046,NA
312,"lm","two_stage","m1",629,49.7603157371515,-0.239684262848499,NA,NA,7.36993452985338,0.531075957920052,49.2292397792314,35.3155094902207,64.2051219840823,34.7844335323007,63.6740460261622,1,1,0,1,3.43020176887512,3.44281578063965,NA
313,"lm","two_stage","m1",605,57.7771290391072,7.77712903910719,NA,NA,7.01617187860532,0.765410769514226,57.011718269593,44.025684847698,71.5285732305163,43.2602740781838,70.7631624610021,1,1,0,1,3.48491930961609,3.49771094322205,NA
314,"lm","two_stage","m1",609,45.4846674509521,-4.51533254904789,NA,NA,6.48021640523823,-0.409220257472242,45.8938877084244,32.7836766846596,58.1856582172446,33.1928969421318,58.5948784747169,1,1,0,1,3.42465591430664,3.43777108192444,NA
315,"lm","two_stage","m1",627,63.5495315264917,13.5495315264917,NA,NA,7.52195791933615,0.418248005345731,63.131283521146,48.806764911367,78.2922981416164,48.3885169060213,77.8740501362707,1,1,0,1,3.43260455131531,3.44530272483826,NA
316,"lm","two_stage","m1",608,46.0592654006504,-3.94073459934958,NA,NA,6.29495769629721,-0.977003997543548,47.036269398194,33.7213750317047,58.3971557695962,34.6983790292482,59.3741597671397,1,1,0,1,3.43825817108154,3.45072293281555,NA
317,"lm","two_stage","m1",611,56.7285467466486,6.7285467466486,NA,NA,7.71503827010277,-0.276130752155275,57.0046774988039,41.607349597899,71.8497438953982,41.8834803500542,72.1258746475535,1,1,0,1,3.4528820514679,3.46489405632019,NA
318,"lm","two_stage","m1",605,47.399762527454,-2.60023747254601,NA,NA,6.86693315555521,-0.176094291052998,47.575856818507,33.9408208583218,60.8587041965862,34.1169151493748,61.0347984876392,1,1,0,1,3.549809217453,3.56196641921997,NA
319,"lm","two_stage","m1",602,56.3550602349091,6.35506023490906,NA,NA,6.76591269689479,-0.708561866702411,57.0636221016115,43.094115026453,69.6160054433651,43.8026768931554,70.3245673100675,1,1,0,1,3.48173117637634,3.49386358261108,NA
320,"lm","two_stage","m1",617,49.9342083962522,-0.065791603747833,NA,NA,6.49107215588038,0.894237354130475,49.0399710421217,37.2119407496759,62.6564760428285,36.3177033955454,61.762238688698,1,1,0,1,3.47287392616272,3.48485970497131,NA
321,"lm","two_stage","m1",595,65.786957415601,15.786957415601,NA,NA,7.05747956525201,-0.860235709402588,66.6471931250036,51.9545516460797,79.6193631851223,52.8147873554822,80.4795988945249,0,0,1,1,3.46176481246948,3.47397089004517,NA
322,"lm","two_stage","m1",607,60.9817295330287,10.9817295330287,NA,NA,7.41901188457963,-0.271734228476561,61.2534637615053,46.440733438378,75.5227256276794,46.7124676668545,75.794459856156,1,1,0,1,3.42381548881531,3.43663597106934,NA
323,"lm","two_stage","m1",608,66.9691797909584,16.9691797909584,NA,NA,7.05669889717692,-2.73933209748375,69.7085118884422,53.1383041027482,80.8000554791687,55.8776362002319,83.5393875766525,0,0,1,1,3.51895618438721,3.53118753433228,NA
324,"lm","two_stage","m1",618,52.2567011377244,2.25670113772436,NA,NA,6.57687818239094,-0.213780660066192,52.4704817977906,39.3662567695309,65.1471455059178,39.5800374295971,65.360926165984,1,1,0,1,3.48964953422546,3.50206732749939,NA
325,"lm","two_stage","m1",615,55.4071207210319,5.40712072103193,NA,NA,6.79817012940167,-0.118652852082185,55.5257735731141,42.0829521066287,68.7312893354352,42.2016049587108,68.8499421875174,1,1,0,1,3.51063323020935,3.52341604232788,NA
326,"lm","two_stage","m1",588,64.2888898322733,14.2888898322733,NA,NA,7.46012103227244,-0.291556109753266,64.5804459420266,49.6673212887095,78.910458375837,49.9588773984628,79.2020144855903,1,1,0,1,3.51201915740967,3.52456164360046,NA
327,"lm","two_stage","m1",624,63.4595919649178,13.4595919649178,NA,NA,6.81103575160714,0.388010125794146,63.0715818391237,50.1102071943532,76.8089767354825,49.722197068559,76.4209666096884,0,1,1,1,3.52906394004822,3.54223299026489,NA
328,"lm","two_stage","m1",626,45.8511567762861,-4.14884322371386,NA,NA,6.72296099644027,0.450807371683986,45.4003494046022,32.6743953537957,59.0279181987766,32.2235879821117,58.5771108270926,1,1,0,1,3.53153204917908,3.54427099227905,NA
329,"lm","two_stage","m1",608,37.271664441945,-12.728335558055,NA,NA,6.23636890388674,0.384921149709392,36.8867432922356,25.0486059960215,49.4947228878685,24.6636848463121,49.1098017381591,0,0,1,1,3.50713753700256,3.51986742019653,NA
330,"lm","two_stage","m1",586,47.6670696957037,-2.33293030429628,NA,NA,7.40660116575073,-2.33696463158712,50.0040343272908,33.1503981629799,62.1837412284275,35.487362794567,64.5207058600146,1,1,0,1,3.49567079544067,3.50819730758667,NA
331,"lm","two_stage","m1",605,43.7269667580714,-6.27303324192861,NA,NA,5.96645307739736,0.605790850044073,43.1211759080273,32.0329336109244,55.4209999052184,31.4271427608803,54.8152090551743,1,1,0,1,3.50235962867737,3.51546740531921,NA
332,"lm","two_stage","m1",629,51.5818107138791,1.58181071387906,NA,NA,7.61023642238926,0.485865517432828,51.0959451964462,36.6660214121612,66.4976000155969,36.1801558947283,66.0117344981641,1,1,0,1,3.50219416618347,3.51491403579712,NA
333,"lm","two_stage","m1",620,48.5344936963624,-1.4655063036376,NA,NA,6.22720005472456,-1.2403703760145,49.7748640723769,36.3294058645764,60.7395815281484,37.5697762405909,61.9799519041629,1,1,0,1,3.49858641624451,3.5241014957428,NA
334,"lm","two_stage","m1",587,60.7472370362465,10.7472370362465,NA,NA,7.05594554276502,0.36896540938654,60.37827162686,46.9178378955512,74.5766361769419,46.5488724861646,74.2076707675554,1,1,0,1,3.49112725257874,3.50383758544922,NA
335,"lm","two_stage","m1",617,49.2515112914127,-0.748488708587317,NA,NA,7.51010177223991,-0.232574818611823,49.4840861100245,34.531982297592,63.9710402852333,34.7645571162039,64.2036151038452,1,1,0,1,3.52359700202942,3.53629493713379,NA
336,"lm","two_stage","m1",632,57.3796905260241,7.3796905260241,NA,NA,6.73722443276977,0.165848893477509,57.2138416325466,44.1749732820321,70.5844077700161,44.0091243885546,70.4185588765386,1,1,0,1,3.5417206287384,3.55504369735718,NA
337,"lm","two_stage","m1",603,50.3441410460994,0.344141046099445,NA,NA,6.71581619544383,0.739369320762755,49.6047717253367,37.1813831762387,63.5068989159602,36.442013855476,62.7675295951974,1,1,0,1,3.51912093162537,3.5310423374176,NA
338,"lm","two_stage","m1",609,47.6607832931169,-2.33921670688311,NA,NA,6.41024088348894,-0.183745248583755,47.8445285417006,35.0969420292524,60.2246245569814,35.2806872778361,60.4083698055652,1,1,0,1,3.5117084980011,3.52421450614929,NA
339,"lm","two_stage","m1",624,53.2810387246277,3.28103872462771,NA,NA,6.54470582288022,-0.516809516910612,53.7978482415383,40.4536510223729,66.1084264268825,40.9704605392835,66.6252359437931,1,1,0,1,3.49662041664124,3.50949621200562,NA
340,"lm","two_stage","m1",643,57.25164239617,7.25164239617001,NA,NA,7.25074478923152,-0.729466033370478,57.9811084295405,43.0404437481848,71.4628410441552,43.7699097815553,72.1923070775257,1,1,0,1,3.5118772983551,3.52456712722778,NA
341,"lm","two_stage","m1",620,51.9205377332318,1.92053773323177,NA,NA,7.49108984359268,0.825002543610033,51.0955351896217,37.2382714348363,66.6028040316272,36.4132688912263,65.7778014880172,1,1,0,1,3.5128345489502,3.52551794052124,NA
342,"lm","two_stage","m1",599,43.5535489892547,-6.44645101074531,NA,NA,6.97052642877109,-0.585105396519666,44.1386543857744,29.8915682355788,57.2155297429306,30.4766736320984,57.8006351394503,1,1,0,1,3.49417352676392,3.50654244422913,NA
343,"lm","two_stage","m1",601,55.7318959979903,5.73189599799034,NA,NA,7.29932431251918,0.163899635104791,55.5679963628856,41.4254832339752,70.0383087620055,41.2615835988704,69.8744091269007,1,1,0,1,3.52971148490906,3.54287791252136,NA
344,"lm","two_stage","m1",599,50.4944195387075,0.494419538707469,NA,NA,7.30404655331018,-0.163888556458062,50.6583080951655,36.1787513528156,64.8100877245993,36.3426399092737,64.9739762810574,1,1,0,1,3.51706147193909,3.52968192100525,NA
345,"lm","two_stage","m1",600,55.6274504791892,5.62745047918924,NA,NA,7.48435584940066,0.2371112260427,55.3903392531465,40.9583825668823,70.2965183914962,40.7212713408396,70.0594071654535,1,1,0,1,3.54864645004272,3.5621702671051,NA
346,"lm","two_stage","m1",602,53.088599795865,3.08859979586502,NA,NA,7.80605500827818,-1.01446953159562,54.1030693274606,37.7890131183013,68.3881864734288,38.8034826498969,69.4026560050244,1,1,0,1,3.54432916641235,3.55715990066528,NA
347,"lm","two_stage","m1",606,58.7546349146553,8.75463491465528,NA,NA,6.42401109371231,0.313069651799175,58.4415652628561,46.1638045346934,71.3454652946172,45.8507348828942,71.032395642818,1,1,0,1,3.54275250434875,3.55611491203308,NA
348,"lm","two_stage","m1",609,45.5879466027489,-4.41205339725111,NA,NA,6.73378980307907,-0.421201963742817,46.0091485664917,32.3899611092509,58.7859320962469,32.8111630729937,59.2071340599897,1,1,0,1,3.51724910736084,3.53014373779297,NA
349,"lm","two_stage","m1",612,52.756400782398,2.75640078239798,NA,NA,7.0966928328578,-0.641220080112163,53.3976208625101,38.8471384206532,66.6656631441428,39.4883585007653,67.306883224255,1,1,0,1,3.51702642440796,3.52959847450256,NA
350,"lm","two_stage","m1",620,45.3661190033796,-4.6338809966204,NA,NA,6.47265667204671,-0.907055357125053,46.2731743605047,32.6799450418752,58.052292964884,33.5870003990002,58.9593483220091,1,1,0,1,3.52761125564575,3.54134607315063,NA
351,"lm","two_stage","m1",595,48.6265914567896,-1.37340854321039,NA,NA,6.07592520626331,0.16678346936483,48.4598079874248,36.7179968797544,60.5351860338248,36.5512134103896,60.36840256446,1,1,0,1,3.50439214706421,3.51723074913025,NA
352,"lm","two_stage","m1",605,62.9958493816467,12.9958493816467,NA,NA,6.25657020960066,-2.3964965483897,65.3923459300364,50.7331971040832,75.2585016592102,53.1296936524729,77.6549982075999,0,0,1,1,3.51873421669006,3.53075551986694,NA
353,"lm","two_stage","m1",629,52.0301895755233,2.03018957552333,NA,NA,7.49975025224165,0.484059231203929,51.5461303443194,37.3309491880845,66.7294299629621,36.8468899568806,66.2453707317582,1,1,0,1,3.54076910018921,3.55424666404724,NA
354,"lm","two_stage","m1",611,45.4740910654835,-4.52590893451651,NA,NA,7.11944219205356,-0.853314394724471,46.327405460208,31.5202407790436,59.4279413519234,32.3735551737681,60.2812557466478,1,1,0,1,3.53266072273254,3.54590821266174,NA
355,"lm","two_stage","m1",622,51.4996391991063,1.49963919910629,NA,NA,5.52352480386558,0.838323376580192,50.6613158225261,40.6737295158161,62.3255488823965,39.8354061392359,61.4872255058163,1,1,0,1,3.52258896827698,3.5353569984436,NA
356,"lm","two_stage","m1",596,55.0786061336048,5.07860613360481,NA,NA,6.16836695771238,0.118948323082186,54.9596578105226,42.9888290530617,67.168383214148,42.8698807299795,67.0494348910658,1,1,0,1,3.53731560707092,3.55060267448425,NA
357,"lm","two_stage","m1",611,69.3714974369205,19.3714974369205,NA,NA,7.59494319494297,-1.14205135177103,70.5135487886916,54.4856823102047,84.2573125636363,55.6277336619758,85.3993639154073,0,0,1,1,3.52391695976257,3.53643703460693,NA
358,"lm","two_stage","m1",611,59.6657335442098,9.66573354420976,NA,NA,7.39747406726215,0.947233696516832,58.7184998476929,45.1669507958069,74.1645162926126,44.2197170992901,73.2172825960958,1,1,0,1,3.8318293094635,3.84484267234802,NA
359,"lm","two_stage","m1",610,53.1899640226869,3.18996402268689,NA,NA,6.20442613856062,-1.10017663925723,54.2901406619441,41.0295122463692,65.3504157990046,42.1296888856264,66.4505924382619,1,1,0,1,3.51506376266479,3.52774524688721,NA
360,"lm","two_stage","m1",630,64.3557028133934,14.3557028133934,NA,NA,7.56657357647819,-0.351500395918976,64.7072032093124,49.5254911171237,79.1859145096631,49.8769915130427,79.5374149055821,1,1,0,1,3.5152633190155,3.52853417396545,NA
361,"lm","two_stage","m1",616,44.6183907561779,-5.38160924382215,NA,NA,6.39522468012593,0.00200079662924679,44.6163899595486,32.0839807100893,57.1528008022664,32.0819799134601,57.1508000056371,1,1,0,1,3.3777596950531,3.39035749435425,NA
362,"lm","two_stage","m1",629,49.3628475632894,-0.637152436710586,NA,NA,6.22000042763701,0.636620126649362,48.7262274366401,37.1718707412971,61.5538243852817,36.5352506146478,60.9172042586323,1,1,0,1,3.41025447845459,3.42372179031372,NA
363,"lm","two_stage","m1",617,40.4895113249747,-9.51048867502534,NA,NA,6.60911083275957,-0.988314942459802,41.4778262674345,27.5358921229324,53.4431305270169,28.5242070653922,54.4314454694767,1,1,0,1,3.4789834022522,3.49085402488708,NA
364,"lm","two_stage","m1",586,61.4119320616226,11.4119320616226,NA,NA,7.79423242505914,-0.458642731122318,61.8705747927449,46.1355172213724,76.6883469018727,46.5941599524947,77.1469896329951,1,1,0,1,3.40687203407288,3.41980981826782,NA
365,"lm","two_stage","m1",574,49.2166374371605,-0.783362562839521,NA,NA,7.14638975754913,1.92522664877663,47.2914107883838,35.2099708928783,63.2233039814427,33.2847442441016,61.2980773326661,1,1,0,1,3.39420866966248,3.40714573860168,NA
366,"lm","two_stage","m1",622,57.4178662897607,7.41786628976067,NA,NA,6.76130802929447,-0.595502220853895,58.0133685106146,44.165946063962,70.6697865155593,44.7614482848159,71.2652887364132,1,1,0,1,3.40942978858948,3.42243480682373,NA
367,"lm","two_stage","m1",621,57.422643594809,7.42264359480905,NA,NA,6.2911471239171,0.840579619810711,56.5820639749983,45.0922218104888,69.7530653791293,44.2516421906781,68.9124857593186,1,1,0,1,3.34843850135803,3.36111378669739,NA
368,"lm","two_stage","m1",590,45.2693649076847,-4.73063509231529,NA,NA,6.69594101768698,0.578102847902649,44.6912620597821,32.1455616704138,58.3931681449557,31.5674588225111,57.815065297053,1,1,0,1,3.40389657020569,3.41578507423401,NA
369,"lm","two_stage","m1",605,48.4363065269698,-1.56369347303024,NA,NA,6.61649996071832,-1.02136321606903,49.4576697430388,35.4682049002512,61.4044081536883,36.4895681163202,62.4257713697574,1,1,0,1,3.39365839958191,3.4063868522644,NA
370,"lm","two_stage","m1",578,64.0190749088944,14.0190749088944,NA,NA,7.45283825622669,-0.0633183484409656,64.0823932573353,49.4117803440878,78.626369473701,49.4750986925287,78.6896878221419,1,1,0,1,3.52254056930542,3.53529644012451,NA
371,"lm","two_stage","m1",572,50.1256700872678,0.125670087267785,NA,NA,6.99552706799234,0.635551718608731,49.4901183686591,36.4146889811277,63.8366511934078,35.779137262519,63.2010994747991,1,1,0,1,3.54043197631836,3.55261421203613,NA
372,"lm","two_stage","m1",592,57.198328444635,7.19832844463503,NA,NA,8.52974299439397,0.455611958843683,56.7427164857913,40.48033937824,73.91631751103,40.0247274193963,73.4607055521864,1,1,0,1,3.54890298843384,3.56244730949402,NA
373,"lm","two_stage","m1",610,42.0850477314601,-7.91495226853991,NA,NA,6.80009007085895,-0.644408144088302,42.7294558755484,28.7571161009481,55.412979361972,29.4015242450364,56.0573875060604,1,1,0,1,3.53893375396729,3.55225372314453,NA
374,"lm","two_stage","m1",605,50.5232199599132,0.523219959913199,NA,NA,6.82551476493635,0.355999843468076,50.1672201164451,37.1454568446916,63.9009830751348,36.7894570012235,63.5449832316667,1,1,0,1,3.5339822769165,3.54638457298279,NA
375,"lm","two_stage","m1",603,53.9505582935287,3.95055829352868,NA,NA,7.17383656839768,-0.641555098607355,54.592113392136,39.8900969884928,68.0110195985645,40.5316520871002,68.6525746971719,1,1,0,1,3.53287220001221,3.54537129402161,NA
376,"lm","two_stage","m1",618,57.3467445978834,7.34674459788341,NA,NA,7.33007066615791,0.536500104528741,56.8102444933547,42.9800700880804,71.7134191076864,42.4435699835516,71.1769190031577,1,1,0,1,3.49825382232666,3.51100134849548,NA
377,"lm","two_stage","m1",595,50.9522337969643,0.952233796964308,NA,NA,6.62510910395885,0.940609349444856,50.0116244475195,37.9672585595565,63.9372090343721,37.0266492101117,62.9965996849272,1,1,0,1,3.86469769477844,3.87719321250916,NA
378,"lm","two_stage","m1",599,50.2156711664568,0.215671166456836,NA,NA,8.44129168685212,0.0321651107868135,50.18350605567,33.6710434772293,66.7602988556844,33.6388783664425,66.7281337448975,1,1,0,1,3.52968406677246,3.54218244552612,NA
379,"lm","two_stage","m1",593,56.7332715941707,6.73327159417074,NA,NA,7.17758091524562,-0.296499368630826,57.0297709628016,42.6654715041673,70.8010716841742,42.9619708727981,71.097571052805,1,1,0,1,3.52089476585388,3.53342723846436,NA
380,"lm","two_stage","m1",616,48.3927897450404,-1.60721025495958,NA,NA,6.66469965938629,0.303680612390508,48.0891091326499,35.3302184448669,61.4553610452139,35.0265378324764,61.1516804328234,1,1,0,1,3.55025243759155,3.56257557868958,NA
381,"lm","two_stage","m1",640,53.852475335777,3.85247533577701,NA,NA,6.66001089739662,-0.12652100055103,53.978996336328,40.7990938402354,66.9058568313187,40.9256148407864,67.0323778318697,1,1,0,1,3.54395151138306,3.55669617652893,NA
382,"lm","two_stage","m1",643,44.8934681077203,-5.10653189227971,NA,NA,6.67610600162384,0.110701829375202,44.7827662783451,31.8085407875659,57.9783954278747,31.6978389581907,57.8676935984995,1,1,0,1,3.52982258796692,3.54202890396118,NA
383,"lm","two_stage","m1",626,49.4864888180176,-0.513511181982395,NA,NA,5.84336562601421,0.0743511468328961,49.4121376711847,38.0337026425304,60.9392749935048,37.9593514956975,60.8649238466719,1,1,0,1,3.55012369155884,3.56336688995361,NA
384,"lm","two_stage","m1",605,56.1496108393479,6.14961083934787,NA,NA,6.95864707338074,0.269590927408174,55.8800199119397,42.5109131943966,69.7883084842992,42.2413222669884,69.518717556891,1,1,0,1,3.51880669593811,3.53234362602234,NA
385,"lm","two_stage","m1",601,51.3333276737748,1.33332767377476,NA,NA,6.81690268441338,-0.130575615279113,51.4639032890539,37.9724439262101,64.6942114213394,38.1030195414892,64.8247870366185,1,1,0,1,3.49209666252136,3.50504612922668,NA
386,"lm","two_stage","m1",606,40.3389548155297,-9.66104518447029,NA,NA,6.3132966579924,0.326473117293723,40.012481698236,27.9651207421475,52.7127888889119,27.6386476248538,52.3863157716182,1,1,0,1,3.50362205505371,3.51626825332642,NA
387,"lm","two_stage","m1",589,61.5379523168842,11.5379523168842,NA,NA,7.63204624176592,-2.02113572547314,63.5590880423574,46.5794165546788,76.4964880790897,48.6005522801519,78.5176238045628,1,1,0,1,3.5233998298645,3.53612327575684,NA
388,"lm","two_stage","m1",623,59.7203691147021,9.72036911470213,NA,NA,7.13489174296599,-2.81080256097471,62.5311716756768,45.7362382648966,73.7044999645077,48.5470408258713,76.5153025254824,1,1,0,1,3.89099311828613,3.90405201911926,NA
389,"lm","two_stage","m1",594,45.5826011147809,-4.41739888521914,NA,NA,6.1307143629746,1.3722572022313,44.2103439125496,33.5666217638482,57.5985804657135,32.1943645616169,56.2263232634822,1,1,0,1,3.91682982444763,3.93022656440735,NA
390,"lm","two_stage","m1",613,47.4305669031087,-2.56943309689134,NA,NA,7.07245962210461,1.25942804876443,46.1711388543442,33.5688007616699,61.2923330445475,32.3093727129054,60.032904995783,1,1,0,1,3.55794739723206,3.57050204277039,NA
391,"lm","two_stage","m1",587,51.6772898295798,1.67728982957976,NA,NA,7.84689336776465,-0.588310911009856,52.2656007405896,36.2976614382348,67.0569182209247,36.8859723492447,67.6452291319345,1,1,0,1,3.89770698547363,3.91050314903259,NA
392,"lm","two_stage","m1",600,57.021494770284,7.02149477028401,NA,NA,7.11406999332789,0.0745269579861869,56.9469678122978,43.0781737998643,70.9648157407038,43.0036468418781,70.8902887827176,1,1,0,1,3.52243971824646,3.53507542610168,NA
393,"lm","two_stage","m1",605,50.3679060720498,0.36790607204982,NA,NA,6.06772199057135,-0.784750483419991,51.1526565554698,38.4753895023283,62.2604226417713,39.2601399857483,63.0451731251913,1,1,0,1,3.5340404510498,3.54653000831604,NA
394,"lm","two_stage","m1",611,64.5327103002963,14.5327103002963,NA,NA,6.80339860461196,0.180937609544131,64.3517726907522,51.1982940627868,77.8671265378058,51.0173564532427,77.6861889282617,0,0,1,1,3.51803946495056,3.53047227859497,NA
395,"lm","two_stage","m1",631,34.6630706983829,-15.3369293016171,NA,NA,5.92666758325014,0.474919903698066,34.1881507946848,23.0470156868716,46.2791257098942,22.5720957831735,45.8042058061961,0,0,1,1,3.54226636886597,3.55516886711121,NA
396,"lm","two_stage","m1",592,46.8603077873002,-3.13969221269984,NA,NA,5.69489434862586,-0.272202850261394,47.1325106375616,35.6985199682328,58.0220956063675,35.9707228184942,58.2942984566289,1,1,0,1,3.55602979660034,3.56873321533203,NA
397,"lm","two_stage","m1",585,49.5652528824738,-0.43474711752615,NA,NA,6.09094854424786,0.314936397628358,49.2503164848455,37.6272131040614,61.5032926608863,37.312276706433,61.188356263258,1,1,0,1,3.47804307937622,3.49056553840637,NA
398,"lm","two_stage","m1",590,55.4227429266031,5.42274292660309,NA,NA,7.82133315524613,0.68846669770776,54.7342762288953,40.0932116312316,70.7522742219745,39.4047449335239,70.0638075242668,1,1,0,1,3.49530696868896,3.50787925720215,NA
399,"lm","two_stage","m1",597,55.2201280507321,5.22012805073208,NA,NA,7.5754057006318,1.07913820477928,54.1409898459528,40.3726057092143,70.0676503922498,39.293467504435,68.9885121874705,1,1,0,1,3.52602672576904,3.5383734703064,NA
400,"lm","two_stage","m1",613,53.295202761681,3.29520276168099,NA,NA,7.9594524046099,0.447054684850187,52.8481480768308,37.6949627119849,68.8954428113771,37.2479080271347,68.4483881265269,1,1,0,1,3.49940466880798,3.51205635070801,NA
401,"lm","two_stage","m1",631,58.6776578330907,8.67765783309073,NA,NA,6.51583604296126,1.11803324096463,57.5596245921261,45.9068538597187,71.4484618064628,44.7888206187541,70.3304285654982,1,1,0,1,3.5283830165863,3.54127168655396,NA
402,"lm","two_stage","m1",628,65.8990750591307,15.8990750591307,NA,NA,8.25347365556464,0.364240598454643,65.534834460676,49.7225639468738,82.0755861713875,49.3583233484192,81.7113455729328,1,1,0,1,3.52342247962952,3.53635549545288,NA
403,"lm","two_stage","m1",624,46.7020072940426,-3.29799270595741,NA,NA,6.5459578642114,0.73236155458946,45.9696457394531,33.8721656358715,59.5318489522137,33.1398040812821,58.7994873976242,1,1,0,1,3.52329993247986,3.53598833084106,NA
404,"lm","two_stage","m1",621,50.6145750686894,0.614575068689398,NA,NA,7.47211458689929,-0.466765556614433,51.0813406253038,35.9694995900104,65.2596505473684,36.4362651466248,65.7264161039828,1,1,0,1,3.4925549030304,3.50576210021973,NA
405,"lm","two_stage","m1",589,49.8698292976933,-0.130170702306735,NA,NA,7.54929840179643,0.349170574237725,49.5206587234555,35.0734763216265,64.6661822737601,34.7243057473887,64.3170116995223,1,1,0,1,3.52364230155945,3.53617167472839,NA
406,"lm","two_stage","m1",609,48.9690059917161,-1.0309940082839,NA,NA,6.02983727679921,0.930212235643737,48.0387937560724,37.1507420965526,60.7872698868796,36.2205298609088,59.8570576512359,1,1,0,1,3.42443513870239,3.43760919570923,NA
407,"lm","two_stage","m1",582,53.6734732514323,3.67347325143227,NA,NA,6.54092024248661,-1.04771600214363,54.7211892535759,40.8535051504095,66.493441352455,41.9012211525531,67.5411573545987,1,1,0,1,3.41568827629089,3.42814707756042,NA
408,"lm","two_stage","m1",610,47.7029936207558,-2.29700637924415,NA,NA,7.63374881828955,-0.626993382481146,48.329987003237,32.7411208698831,62.6648663716285,33.3681142523643,63.2918597541097,1,1,0,1,3.43587779998779,3.44894862174988,NA
409,"lm","two_stage","m1",612,56.70600549892,6.70600549891997,NA,NA,6.46554388718359,0.652591995681846,56.0534135032381,44.033772339577,69.3782386582629,43.3811803438952,68.7256466625811,1,1,0,1,3.39020442962646,3.41373348236084,NA
410,"lm","two_stage","m1",622,53.278438141229,3.27843814122904,NA,NA,7.05456129289292,-0.322099753825086,53.6005378950541,39.4517520804286,67.1051242020295,39.7738518342537,67.4272239558546,1,1,0,1,3.44421792030334,3.45659923553467,NA
411,"lm","two_stage","m1",580,41.7522370664915,-8.2477629335085,NA,NA,7.45206877025857,0.453617483553018,41.2986195829385,27.146450666469,56.358023466514,26.692833182916,55.904405982961,1,1,0,1,3.45063805580139,3.46377205848694,NA
412,"lm","two_stage","m1",605,49.7635625876121,-0.2364374123879,NA,NA,6.81715382362688,1.11585413183624,48.6477084557759,36.4021866162339,63.1249385589903,35.2863324843976,62.0090844271541,1,1,0,1,3.45462656021118,3.46729922294617,NA
413,"lm","two_stage","m1",597,63.2968540983861,13.2968540983861,NA,NA,6.3315976651699,-0.131765905848738,63.4286200042348,50.8871507100552,75.706557486717,51.0189166159039,75.8383233925657,0,0,1,1,3.36833047866821,3.38178372383118,NA
414,"lm","two_stage","m1",603,52.6031505636222,2.60315056362219,NA,NA,8.00727583351563,0.434717733173521,52.1684328304487,36.9091783156536,68.2971228115908,36.4744605824801,67.8624050784172,1,1,0,1,3.42926979064941,3.44241261482239,NA
415,"lm","two_stage","m1",607,48.925621559897,-1.07437844010299,NA,NA,6.36320290055255,0.343963861619578,48.5816576982774,36.4539730484932,61.3972700713008,36.1100091868736,61.0533062096812,1,1,0,1,3.4981517791748,3.51032733917236,NA
416,"lm","two_stage","m1",627,54.9909026122948,4.99090261229483,NA,NA,6.89747473813129,0.196192842616902,54.7947097696779,41.4721005412827,68.509704683307,41.2759076986658,68.3135118406901,1,1,0,1,3.50494456291199,3.51690745353699,NA
417,"lm","two_stage","m1",605,57.4934249244012,7.49342492440124,NA,NA,7.88203046507748,-0.421618796217707,57.9150437206189,42.0449290878019,72.9419207610006,42.4665478840196,73.3635395572183,1,1,0,1,3.86741495132446,3.87984657287598,NA
418,"lm","two_stage","m1",611,49.7947757756911,-0.205224224308935,NA,NA,6.00851473597026,-0.707635059728226,50.5024108354193,38.0183032926112,61.571248258771,38.7259383523394,62.2788833184992,1,1,0,1,3.53807878494263,3.55102682113647,NA
419,"lm","two_stage","m1",608,59.0169466188581,9.0169466188581,NA,NA,6.42060291273883,-0.691133172311183,59.7080797911693,46.432796150857,71.6010970868592,47.1239293231682,72.2922302591704,1,1,0,1,3.8258261680603,3.83823466300964,NA
420,"lm","two_stage","m1",584,53.3410629766758,3.34106297667577,NA,NA,7.06811906438408,0.402068855977916,52.9389941206978,39.487804172042,67.1943217813095,39.0857353160641,66.7922529253316,1,1,0,1,3.52907299995422,3.54103660583496,NA
421,"lm","two_stage","m1",605,58.9858563107092,8.98585631070922,NA,NA,6.6938032242642,-0.312658944523868,59.2985152552331,45.8662430715533,72.1054695498651,46.1789020160772,72.418128494389,1,1,0,1,3.47111701965332,3.48339486122131,NA
422,"lm","two_stage","m1",608,51.7939401030049,1.79394010300495,NA,NA,7.21612710752699,0.580013705710201,51.2139263972947,37.6505908643889,65.937289341621,37.0705771586787,65.3572756359108,1,1,0,1,3.50855803489685,3.52086687088013,NA
423,"lm","two_stage","m1",617,57.5050005380556,7.5050005380556,NA,NA,7.69567618965105,-0.924447684154934,58.4294482222105,42.4217523696571,72.5882487064541,43.3462000538121,73.512696390609,1,1,0,1,3.83231067657471,3.84432625770569,NA
424,"lm","two_stage","m1",629,60.8496358398489,10.8496358398489,NA,NA,8.12102604511307,-2.5670678707864,63.4167037106353,44.9327172739155,76.7665544057823,47.4997851447019,79.3336222765687,1,1,0,1,3.5299437046051,3.5426082611084,NA
425,"lm","two_stage","m1",609,55.2081749905651,5.2081749905651,NA,NA,7.50597606717764,0.562681293403337,54.6454936971618,40.4967322300773,69.9196177510529,39.934050936674,69.3569364576495,1,1,0,1,3.51602244377136,3.52908515930176,NA
426,"lm","two_stage","m1",599,53.2586530129713,3.25865301297133,NA,NA,7.51131053815017,0.131360591230873,53.1272924217405,38.5367548815008,67.9805511444418,38.40539429027,67.8491905532109,1,1,0,1,3.51528668403625,3.52816081047058,NA
427,"lm","two_stage","m1",606,50.2783342111475,0.278334211147474,NA,NA,6.59731100268341,0.0582741920561531,50.2200600190913,37.3478422510782,63.2088261712168,37.289568059022,63.1505519791606,1,1,0,1,3.52216982841492,3.53498196601868,NA
428,"lm","two_stage","m1",617,55.6237361563843,5.6237361563843,NA,NA,7.07782499345139,-1.83613343457161,57.4598695909559,41.7514540803421,69.4960182324265,43.5875875149137,71.3321516669981,1,1,0,1,3.4990246295929,3.51252555847168,NA
429,"lm","two_stage","m1",602,48.1473176492169,-1.85268235078312,NA,NA,7.03848918541543,-0.711102474316171,48.8584201235331,34.352132340228,61.9425029582058,35.0632348145442,62.6536054325219,1,1,0,1,3.53990936279297,3.55324530601501,NA
430,"lm","two_stage","m1",610,55.7697633895186,5.76976338951864,NA,NA,7.93671505672599,0.637404516547662,55.132358872971,40.2140877227789,71.3254390562583,39.5766832062313,70.6880345397107,1,1,0,1,3.5016040802002,3.51425218582153,NA
431,"lm","two_stage","m1",600,46.6169475020467,-3.38305249795334,NA,NA,6.92020708405603,-0.294499984356769,46.9114474864034,33.0535908517379,60.1803041523554,33.3480908360947,60.4748041367122,1,1,0,1,3.48753118515015,3.5003490447998,NA
432,"lm","two_stage","m1",643,55.6896840153504,5.68968401535035,NA,NA,7.57228932342968,-1.31510221234194,57.0047862276923,40.848269660911,70.5310983697897,42.1633718732529,71.8462005821316,1,1,0,1,3.4960036277771,3.50863099098206,NA
433,"lm","two_stage","m1",602,57.9813160437592,7.98131604375917,NA,NA,7.07219275413887,0.175331784156178,57.805984259603,44.1200729539219,71.8425591335965,43.9447411697657,71.6672273494403,1,1,0,1,3.52107071876526,3.53325080871582,NA
434,"lm","two_stage","m1",626,43.4804384334894,-6.51956156651058,NA,NA,6.76072222425416,0.00406592644394976,43.4763725070455,30.2296663644717,56.7312105025071,30.2256004380278,56.7271445760632,1,1,0,1,3.52275443077087,3.53484344482422,NA
435,"lm","two_stage","m1",615,58.7357341165274,8.73573411652742,NA,NA,6.90473237620333,-0.214178404913142,58.9499125214406,45.2027073362812,72.2687608967736,45.4168857411944,72.4829393016867,1,1,0,1,3.53034019470215,3.55312514305115,NA
436,"lm","two_stage","m1",621,53.989057337615,3.98905733761497,NA,NA,5.5315351758249,-0.0643443884313157,54.0534017260463,43.1474476137817,64.8306670614482,43.211792002213,64.8950114498795,1,1,0,1,3.54197478294373,3.55509257316589,NA
437,"lm","two_stage","m1",623,49.7512467368279,-0.248753263172112,NA,NA,6.92398870399045,-0.20418335546092,49.9554300922888,36.1804782476444,63.3220152260113,36.3846616031054,63.5261985814723,1,1,0,1,3.52793216705322,3.5409722328186,NA
438,"lm","two_stage","m1",578,60.3746825588856,10.3746825588856,NA,NA,7.56302196979667,0.974758003871372,59.3999245550143,45.551431883799,75.1979332339723,44.5766738799276,74.2231752301009,1,1,0,1,3.87195682525635,3.88509607315063,NA
439,"lm","two_stage","m1",615,42.6052491472058,-7.39475085279417,NA,NA,6.48772501181631,-0.0497123508116601,42.6549614980175,29.8895417824462,55.3209565119655,29.9392541332578,55.3706688627772,1,1,0,1,3.51461315155029,3.53811383247375,NA
440,"lm","two_stage","m1",598,57.4633327521976,7.46333275219757,NA,NA,7.10588857540248,-1.59319681500077,59.0565295671983,43.5360470662541,71.3906184381411,45.1292438812549,72.9838152531418,1,1,0,1,3.50775671005249,3.53260588645935,NA
441,"lm","two_stage","m1",613,38.854122571123,-11.145877428877,NA,NA,7.16911323093735,-0.533709975158139,39.3878325462811,24.8029188373962,52.9053263048498,25.3366288125544,53.4390362800079,1,1,0,1,3.51004886627197,3.52230548858643,NA
442,"lm","two_stage","m1",579,56.893546049344,6.89354604934403,NA,NA,8.4869823391221,0.538424531495053,56.355121517849,40.2593663272372,73.5277257714509,39.7209417957422,72.9893012399558,1,1,0,1,3.50056314468384,3.51383709907532,NA
443,"lm","two_stage","m1",624,50.6491547372967,0.649154737296676,NA,NA,6.26969798447625,-0.670942125868997,51.3200968631657,38.3607724937799,62.9375369808135,39.0317146196489,63.6084791066825,1,1,0,1,3.52928781509399,3.54193997383118,NA
444,"lm","two_stage","m1",609,45.5334121300078,-4.46658786999225,NA,NA,6.96909892450214,0.550538253338615,44.9828738766691,31.8742292332867,59.1925950267288,31.3236909799481,58.6420567733902,1,1,0,1,3.52660799026489,3.53950595855713,NA
445,"lm","two_stage","m1",571,52.5288551274983,2.52885512749834,NA,NA,5.77976822864654,-0.229430123592408,52.7582852510907,41.2007175603623,63.8569926946344,41.4301476839547,64.0864228182268,1,1,0,1,3.504145860672,3.51720547676086,NA
446,"lm","two_stage","m1",618,59.3703102609613,9.37031026096129,NA,NA,6.65151776071382,1.55286573422539,57.8174445267359,46.3335750074337,72.4070455144889,44.7807092732083,70.8541797802635,1,1,0,1,3.53024935722351,3.5425238609314,NA
447,"lm","two_stage","m1",598,41.191333740616,-8.80866625938398,NA,NA,6.90556130213811,-1.5362207335662,42.7275544741822,27.6566822953918,54.7259851858402,29.192903028958,56.2622059194064,1,1,0,1,3.50061249732971,3.51334667205811,NA
448,"lm","two_stage","m1",593,48.6702274458491,-1.32977255415091,NA,NA,7.19789840623768,-1.96790997753263,50.6381374233817,34.562605805245,62.7778490864532,36.5305157827776,64.7457590639858,1,1,0,1,3.51770758628845,3.52989673614502,NA
449,"lm","two_stage","m1",631,41.2600739700911,-8.73992602990886,NA,NA,6.68579062059353,0.692655359361609,40.5674186107295,28.1561651455521,54.3639827946301,27.4635097861905,53.6713274352685,1,1,0,1,3.51481103897095,3.52753901481628,NA
450,"lm","two_stage","m1",581,40.6674614290597,-9.33253857094028,NA,NA,6.59971829492734,0.195910179057591,40.4715512500021,27.7322512628921,53.6026715952274,27.5363410838345,53.4067614161698,1,1,0,1,3.49746155738831,3.51042151451111,NA
451,"lm","two_stage","m1",605,49.5508872153849,-0.44911278461506,NA,NA,6.35625586501838,0.0531809794094897,49.4977062359754,37.0928546434274,62.0089197873424,37.0396736640179,61.955738807933,1,1,0,1,3.50423789024353,3.51657557487488,NA
452,"lm","two_stage","m1",598,46.1737536365673,-3.82624636343273,NA,NA,8.19772614055395,0.217547083425529,45.9562065531417,30.106505645959,62.2410016271755,29.8889585625335,62.02345454375,1,1,0,1,3.47557044029236,3.48862910270691,NA
453,"lm","two_stage","m1",604,56.8244744302398,6.82447443023976,NA,NA,6.41923074260275,0.038891655689774,56.78558277455,44.2430133662861,69.4059354941934,44.2041217105963,69.3670438385037,1,1,0,1,3.4118504524231,3.42441320419312,NA
454,"lm","two_stage","m1",633,50.5671343240373,0.567134324037283,NA,NA,6.93836272891546,0.471945192449624,50.0951891315877,36.9681932636879,64.1660753843866,36.4962480712383,63.694130191937,1,1,0,1,3.44640302658081,3.45953989028931,NA
455,"lm","two_stage","m1",600,56.0853797171549,6.08537971715493,NA,NA,6.07295435474006,0.0831580973650432,56.0022216197899,44.1826079021087,67.9881515322011,44.0994498047437,67.9049934348361,1,1,0,1,3.44979310035706,3.462233543396,NA
456,"lm","two_stage","m1",617,60.867840974758,10.867840974758,NA,NA,7.50811010033165,-0.390975501380304,61.2588164761383,46.1522155861465,75.5834663633694,46.5431910875268,75.9744418647497,1,1,0,1,3.44848203659058,3.46129822731018,NA
457,"lm","two_stage","m1",607,61.4644136806157,11.4644136806157,NA,NA,7.07788415063376,-1.51850952265229,62.982923203268,47.5920156586266,75.3368117026047,49.1105251812789,76.855321225257,1,1,0,1,3.51300024986267,3.52596759796143,NA
458,"lm","two_stage","m1",596,45.1004846265027,-4.89951537349733,NA,NA,6.82937066522123,0.606718303930151,44.4937663225725,31.7151640855947,58.4858051674106,31.1084457816646,57.8790868634805,1,1,0,1,3.4119918346405,3.42471385002136,NA
459,"lm","two_stage","m1",617,47.3364982056863,-2.66350179431372,NA,NA,6.70032994709152,0.336407842268116,47.0000903634182,34.2040928248517,60.4689035865208,33.8676849825836,60.1324957442527,1,1,0,1,3.46602368354797,3.47915840148926,NA
460,"lm","two_stage","m1",609,60.3133062034945,10.3133062034945,NA,NA,7.76671628902988,-0.121354992224717,60.4346611957192,45.0908219988553,75.5357904081336,45.21217699108,75.6571454003583,1,1,0,1,3.42016577720642,3.43180203437805,NA
461,"lm","two_stage","m1",618,51.0173781520156,1.01737815201556,NA,NA,6.29603510418363,1.17803509957245,49.8393430524431,38.6773761024158,63.3573802016153,37.4993410028433,62.1793451020429,1,1,0,1,3.52201795578003,3.5344033241272,NA
462,"lm","two_stage","m1",575,46.9938256815246,-3.00617431847543,NA,NA,7.50894564787605,0.692850516809791,46.3009751647148,32.2765626498187,61.7110887132304,31.5837121330089,61.0182381964206,1,1,0,1,3.54109334945679,3.55405783653259,NA
463,"lm","two_stage","m1",573,45.5247893594397,-4.47521064056033,NA,NA,7.6906963912323,1.76218769149266,43.762601667947,30.4513014165922,60.5982773022871,28.6891137250995,58.8360896107945,1,1,0,1,3.48255586624146,3.49487090110779,NA
464,"lm","two_stage","m1",642,55.0220768121138,5.0220768121138,NA,NA,7.4443713597588,-1.94039720444142,56.9624740165552,40.4313770594451,69.6127765647825,42.3717742638865,71.5531737692239,1,1,0,1,3.47741556167603,3.48966121673584,NA
465,"lm","two_stage","m1",596,57.6018058679847,7.6018058679847,NA,NA,7.10986620613363,-0.094879990185774,57.6966858581705,43.6667241690644,71.536887566905,43.7616041592501,71.6317675570908,1,1,0,1,3.44767451286316,3.45982432365417,NA
466,"lm","two_stage","m1",583,49.7261653754377,-0.273834624562269,NA,NA,7.60713305518263,0.769983040664528,48.9561823347732,34.8164585616756,64.6358721891998,34.0464755210111,63.8658891485353,1,1,0,1,3.42258381843567,3.43412375450134,NA
467,"lm","two_stage","m1",597,48.5165757996982,-1.48342420030182,NA,NA,7.79322285348112,-0.71564943641107,49.2322252361093,33.2421396833807,63.7910119160156,33.9577891197918,64.5066613524267,1,1,0,1,3.50658774375916,3.51896190643311,NA
468,"lm","two_stage","m1",627,46.2381319089478,-3.76186809105223,NA,NA,6.59805051431594,-1.84332220493656,48.0814541138843,33.3061905327126,59.170073285183,35.1495127376491,61.0133954901195,1,1,0,1,3.51309657096863,3.52540159225464,NA
469,"lm","two_stage","m1",608,54.4454877288502,4.4454877288502,NA,NA,6.41426270457,0.254152833021351,54.1913348958289,41.8737638405145,67.0172116171859,41.6196110074932,66.7630587841645,1,1,0,1,3.52025270462036,3.53336572647095,NA
470,"lm","two_stage","m1",621,59.5477683949033,9.54776839490329,NA,NA,7.48469856345131,0.124858833662969,59.4229095612403,44.8780287754001,74.2175080144065,44.7531699417371,74.0926491807436,1,1,0,1,3.56885719299316,3.58154344558716,NA
471,"lm","two_stage","m1",607,51.8022617034799,1.80226170347989,NA,NA,6.3809556506113,-0.324667111517535,52.1269288149974,39.2958184413344,64.3087049656254,39.6204855528519,64.6333720771429,1,1,0,1,3.53867030143738,3.55192375183105,NA
472,"lm","two_stage","m1",585,55.3141133010865,5.31411330108651,NA,NA,7.02801527606695,-1.00057836064659,56.3146916617331,41.539456477198,69.088770124975,42.5400348378446,70.0893484856216,1,1,0,1,3.53002786636353,3.54333353042603,NA
473,"lm","two_stage","m1",637,50.992980096959,0.992980096959045,NA,NA,6.77648147176806,-0.673801478085657,51.6667815750447,37.7113204703907,64.2746397235274,38.3851219484763,64.9484412016131,1,1,0,1,3.52598357200623,3.53863549232483,NA
474,"lm","two_stage","m1",621,53.0029869995123,3.00298699951234,NA,NA,6.64000690341956,-0.648987044618025,53.6519740441304,39.9888126117127,66.017161387312,40.6377996563307,66.66614843193,1,1,0,1,3.5214421749115,3.53406429290771,NA
475,"lm","two_stage","m1",617,51.4135772962419,1.41357729624195,NA,NA,6.36474493924778,0.0990576070729006,51.314519689169,38.9389064445327,63.8882481479512,38.8398488374598,63.7891905408783,1,1,0,1,3.51899003982544,3.53230977058411,NA
476,"lm","two_stage","m1",593,52.0229966350895,2.02299663508946,NA,NA,6.02853566242919,0.790482811956991,51.2325138231325,40.2072838572129,63.838709412966,39.4168010452559,63.048226601009,1,1,0,1,3.51501822471619,3.52845072746277,NA
477,"lm","two_stage","m1",632,53.1626969894111,3.16269698941112,NA,NA,7.02239161661341,0.196013044583154,52.966683944828,39.3990623355128,66.9263316433094,39.2030492909297,66.7303185987262,1,1,0,1,3.55637383460999,3.56952929496765,NA
478,"lm","two_stage","m1",601,58.7186483447438,8.71864834474383,NA,NA,8.11963802685019,-1.00097137354756,59.7196197182914,42.8044502446156,74.6328464448721,43.8054216181632,75.6338178184196,1,1,0,1,3.52453470230103,3.53713154792786,NA
479,"lm","two_stage","m1",607,67.8142544685865,17.8142544685865,NA,NA,6.75630429863906,1.86686296263669,65.9473915059498,54.5721413746608,81.0563675625122,52.7052784120241,79.1895045998755,0,0,1,1,3.55647420883179,3.56938004493713,NA
480,"lm","two_stage","m1",607,54.9739820387537,4.97398203875373,NA,NA,8.2773046461348,-1.18019394615341,56.1541759849071,38.7507630432635,71.197201034244,39.9309569894169,72.3773949803974,1,1,0,1,3.54857468605042,3.56114602088928,NA
481,"lm","two_stage","m1",620,60.5998478041377,10.5998478041377,NA,NA,7.49016515203316,1.25679540070439,59.3430524034333,45.9193938678957,75.2803017403796,44.6625984671913,74.0235063396752,1,1,0,1,3.53595495223999,3.54880213737488,NA
482,"lm","two_stage","m1",611,49.9182182372741,-0.0817817627259387,NA,NA,6.93432738667419,0.215519770404534,49.7026984668695,36.3271863023829,63.5092501721652,36.1116665319784,63.2937304017607,1,1,0,1,3.53128290176392,3.54295039176941,NA
483,"lm","two_stage","m1",625,49.3503196321181,-0.649680367881871,NA,NA,7.44009168580304,1.67361446031558,47.6767051718026,34.7680078862683,63.932631377968,33.0943934259527,62.2590169176524,1,1,0,1,3.52644038200378,3.53815054893494,NA
484,"lm","two_stage","m1",600,47.6791754856423,-2.3208245143577,NA,NA,7.78908214946648,0.677244932007916,47.0019305536344,32.4128550000642,62.9454959712204,31.7356100680563,62.2682510392125,1,1,0,1,3.52574467658997,3.53827166557312,NA
485,"lm","two_stage","m1",617,45.8927755943918,-4.10722440560816,NA,NA,6.87470660300149,0.80678613459542,45.0859894597964,32.4185982482292,59.3669529405545,31.6118121136338,58.560166805959,1,1,0,1,3.53463506698608,3.54845666885376,NA
486,"lm","two_stage","m1",583,60.6845654651096,10.6845654651096,NA,NA,7.24157331903942,1.17056633807082,59.5139991270388,46.4913425683862,74.8777883618331,45.3207762303154,73.7072220237623,1,1,0,1,3.52011966705322,3.53273344039917,NA
487,"lm","two_stage","m1",613,39.5224242031828,-10.4775757968172,NA,NA,7.41381309416897,0.108571132377733,39.413853070805,24.9916175505001,54.0532308558654,24.8830464181224,53.9446597234877,1,1,0,1,3.52266240119934,3.56441235542297,NA
488,"lm","two_stage","m1",606,44.2471837677591,-5.75281623224091,NA,NA,6.30439281912248,0.816471540208397,43.4307122275507,31.8908008978861,56.6035666376321,31.0743293576777,55.7870950974237,1,1,0,1,3.55836057662964,3.57232642173767,NA
489,"lm","two_stage","m1",609,44.2696460213153,-5.73035397868474,NA,NA,6.68897747494317,0.621094062230732,43.6485519590845,31.159491077027,57.3798009656035,30.5383970147963,56.7587069033728,1,1,0,1,3.54062175750732,3.55318546295166,NA
490,"lm","two_stage","m1",607,51.0278633725294,1.0278633725294,NA,NA,7.04933653341976,-0.734345246042388,51.7622086185718,37.2114176521242,64.8443090929346,37.9457628981666,65.5786543389769,1,1,0,1,3.560546875,3.57355093955994,NA
491,"lm","two_stage","m1",646,39.1829486910979,-10.8170513089021,NA,NA,6.59129577177084,1.25747775865305,37.9254709324449,26.2642463669759,52.1016510152199,25.0067686083229,50.8441732565669,1,1,0,1,3.52313995361328,3.536212682724,NA
492,"lm","two_stage","m1",599,64.2767869529674,14.2767869529674,NA,NA,8.10004486055257,-2.30886079077596,66.5856477437433,48.4009907531256,80.1525831528092,50.7098515439015,82.4614439435851,1,0,0,1,3.51121830940247,3.52437925338745,NA
493,"lm","two_stage","m1",603,50.2791005115739,0.279100511573887,NA,NA,7.39254291128095,1.45125201141597,48.8278485001579,35.7899826512963,64.7682183718514,34.3387306398804,63.3169663604355,1,1,0,1,3.85997533798218,3.87285137176514,NA
494,"lm","two_stage","m1",597,60.7194138114293,10.7194138114293,NA,NA,7.12987017465164,-0.468712071023816,61.1881258824531,46.7451250546658,74.6937025681928,47.2138371256896,75.1624146392166,1,1,0,1,3.83315062522888,3.84605693817139,NA
495,"lm","two_stage","m1",616,58.767603537611,8.76760353761102,NA,NA,6.6588997144716,-0.382350407627349,59.1499539452384,45.7163999205826,71.8188071546394,46.09875032821,72.2011575622667,1,1,0,1,3.55881500244141,3.571697473526,NA
496,"lm","two_stage","m1",606,55.1629948256967,5.16299482569671,NA,NA,6.38417349160726,0.32718381798972,54.835811007707,42.6502447110912,67.6757449403023,42.3230608931014,67.3485611223125,1,1,0,1,3.49709367752075,3.5213189125061,NA
497,"lm","two_stage","m1",610,54.8838834629033,4.88388346290326,NA,NA,6.77009753268698,0.609469096541154,54.2744143663621,41.6147361270133,68.1530307987932,41.0052670304722,67.5435617022521,1,1,0,1,3.54189848899841,3.55411767959595,NA
498,"lm","two_stage","m1",620,50.5056598387162,0.505659838716163,NA,NA,6.20449552804594,-0.370297790804209,50.8759576295204,38.3450720615063,62.666247615926,38.7153698523105,63.0365454067302,1,1,0,1,3.41632413864136,3.42932653427124,NA
499,"lm","two_stage","m1",600,45.2980829056464,-4.70191709435363,NA,NA,7.09402498299334,0.960535540084152,44.3375473655622,31.3940494335521,59.2021163777407,30.4335138934679,58.2415808376565,1,1,0,1,3.50749349594116,3.52046370506287,NA
500,"lm","two_stage","m1",610,37.7830450795917,-12.2169549204083,NA,NA,6.36219491543497,-0.17241899154719,37.9554640711389,25.3133721827154,50.2527179764681,25.4857911742625,50.4251369680153,1,1,0,1,3.52581572532654,3.53826808929443,NA
