"replicate","Estimator","Procedure","ModelSpec","n_obs","estimate","bias","eif_var","eif_se","bootstrap_se","bootstrap_bias","bc_estimate","ci_lower","ci_upper","bc_ci_lower","bc_ci_upper","covered_true_95","covered_true_95_bc","reject_h0_effect","reject_h0_null","bootstrap_time_sec","se_method","replicate_time_sec","covered_mc_mean_95"
1,"rf","two_stage","m1",619,51.5350975127815,1.53509751278155,NA,NA,5.86686173927898,-3.78244399968958,55.3175415124711,40.0362598015187,63.0339352240444,43.8187038012083,66.8163792237339,1,1,0,1,48.4693624973297,"bootstrap",49.2444713115692,NA
2,"rf","two_stage","m1",612,56.2375291480483,6.23752914804833,NA,NA,6.8148771066577,-8.71999882997458,64.9575279780229,42.8806154599327,69.5944428361639,51.6006142899073,78.3144416661385,1,0,0,1,47.7304298877716,"bootstrap",48.4440989494324,NA
3,"rf","two_stage","m1",603,51.8426385460664,1.84263854606644,NA,NA,6.274239658377,-7.14829156528586,58.9909301113523,39.5453547852746,64.1399223068582,46.6936463505605,71.2882138721441,1,1,0,1,47.4619786739349,"bootstrap",48.2106761932373,NA
4,"rf","two_stage","m1",617,50.7429092377833,0.742909237783316,NA,NA,5.22235880913857,-5.59332655360974,56.3362357913931,40.5072740575262,60.9785444180404,46.100600611136,66.5718709716501,1,1,0,1,48.0698070526123,"bootstrap",48.8156406879425,NA
5,"rf","two_stage","m1",611,48.0003010323402,-1.99969896765979,NA,NA,6.5048756329152,-8.82315667655162,56.8234577088918,35.2509790679142,60.7496229967662,44.0741357444658,69.5727796733178,1,1,0,1,48.5158004760742,"bootstrap",49.2193868160248,NA
6,"rf","two_stage","m1",611,45.5638347083599,-4.43616529164014,NA,NA,6.81193693343875,-6.78086272250981,52.3446974308697,32.2126836538617,58.914985762858,38.9935463763715,65.6958484853678,1,1,0,1,47.9821863174438,"bootstrap",48.7058041095734,NA
7,"rf","two_stage","m1",611,52.1322911648642,2.13229116486422,NA,NA,5.51057938509607,-7.57690754772968,59.7091987125939,41.331754036127,62.9328282936014,48.9086615838567,70.5097358413311,1,1,0,1,48.2203233242035,"bootstrap",48.926506280899,NA
8,"rf","two_stage","m1",613,68.9824453743133,18.9824453743133,NA,NA,8.67224830029706,-9.37058685739683,78.3530322317101,51.9851510407424,85.9797397078842,61.3557378981392,95.3503265652811,0,0,1,1,47.9173970222473,"bootstrap",48.6555032730103,NA
9,"rf","two_stage","m1",603,60.9861764381016,10.9861764381016,NA,NA,6.48592636642438,-6.39358974674477,67.3797661848464,48.2739943535311,73.6983585226721,54.6675841002759,80.0919482694169,1,0,0,1,46.9150483608246,"bootstrap",47.637033700943,NA
10,"rf","two_stage","m1",621,54.0985850569204,4.09858505692038,NA,NA,6.0183214778243,-2.88768886630956,56.9862739232299,42.3028917130009,65.8942784008399,45.1905805793104,68.7819672671494,1,1,0,1,48.6711776256561,"bootstrap",49.3890497684479,NA
11,"rf","two_stage","m1",610,51.3055528135396,1.30555281353963,NA,NA,6.79981528109051,-7.15776645304872,58.4633192665884,37.9781597610771,64.6329458660021,45.1359262141259,71.7907123190509,1,1,0,1,46.8748276233673,"bootstrap",47.352481842041,NA
12,"rf","two_stage","m1",603,54.6090019848472,4.60900198484715,NA,NA,6.80836632400728,-7.97478866781714,62.5837906526643,41.2648491962375,67.9531547734568,49.2396378640547,75.9279434412739,1,1,0,1,46.6058344841003,"bootstrap",47.0734033584595,NA
13,"rf","two_stage","m1",598,59.956009083878,9.95600908387801,NA,NA,6.87309063731073,-5.08869093280485,65.0447000166829,46.4849989722695,73.4270191954865,51.5736899050744,78.5157101282913,1,0,0,1,46.018575668335,"bootstrap",46.5001413822174,NA
14,"rf","two_stage","m1",578,51.0179363567767,1.0179363567767,NA,NA,7.29372115040787,-5.2270435413991,56.2449798981758,36.7225055886992,65.3133671248542,41.9495491300983,70.5404106662533,1,1,0,1,44.6487004756927,"bootstrap",45.0716786384583,NA
15,"rf","two_stage","m1",601,48.9800358117105,-1.01996418828953,NA,NA,5.8745828027853,-4.91273543740306,53.8927712491135,37.4660650940529,60.494006529368,42.378800531456,65.4067419667711,1,1,0,1,46.2070636749268,"bootstrap",46.6898331642151,NA
16,"rf","two_stage","m1",611,64.2342262796066,14.2342262796066,NA,NA,8.29196327417229,-5.572699954339,69.8069262339456,47.9822769011001,80.4861756581131,53.5549768554391,86.0588756124521,1,0,0,1,46.6980612277985,"bootstrap",47.1797709465027,NA
17,"rf","two_stage","m1",618,62.6404877710556,12.6404877710556,NA,NA,6.89095550808849,-7.12167177132954,69.7621595423852,49.1344631561343,76.146512385977,56.2561349274638,83.2681841573065,1,0,0,1,47.1890549659729,"bootstrap",47.695253610611,NA
18,"rf","two_stage","m1",615,69.1732417543189,19.1732417543189,NA,NA,7.74439566251372,-8.29448068583854,77.4677224401574,53.9945051737638,84.351978334874,62.2889858596024,92.6464590207125,0,0,1,1,46.7503831386566,"bootstrap",47.2471632957458,NA
19,"rf","two_stage","m1",611,47.4235302133169,-2.57646978668315,NA,NA,6.95167828359467,-3.27711698427773,50.7006471975946,33.7984911453621,61.0485692812716,37.0756081296398,64.3256862655494,1,1,0,1,46.7114546298981,"bootstrap",47.1984055042267,NA
20,"rf","two_stage","m1",613,54.9079912380211,4.90799123802108,NA,NA,6.34070787052717,-4.33438946024084,59.2423806982619,42.4804321752982,67.335550300744,46.814821635539,71.6699397609848,1,1,0,1,47.0415952205658,"bootstrap",47.5373244285583,NA
21,"rf","two_stage","m1",631,49.016247306362,-0.983752693637982,NA,NA,6.58608028168767,-6.26668686926946,55.2829341756315,36.1077671549648,61.9247274577593,42.3744540242342,68.1914143270287,1,1,0,1,48.1984856128693,"bootstrap",48.7258515357971,NA
22,"rf","two_stage","m1",574,51.9375267616619,1.93752676166191,NA,NA,7.8346586444213,-6.97488569075072,58.9124124524126,36.5818779874308,67.2931755358931,43.5567636781815,74.2680612266438,1,1,0,1,45.1051394939423,"bootstrap",45.5702579021454,NA
23,"rf","two_stage","m1",593,54.8611503184615,4.86115031846155,NA,NA,6.50655341555848,-6.05935277243842,60.9205030909,42.1085399604809,67.6137606764422,48.1678927329193,73.6731134488807,1,1,0,1,45.8863580226898,"bootstrap",46.3691234588623,NA
24,"rf","two_stage","m1",595,43.9712081640602,-6.02879183593978,NA,NA,6.2891163096398,-6.44204357317233,50.4132517372325,31.6447667025828,56.2976496255377,38.0868102757551,62.73969319871,1,1,0,1,46.4055609703064,"bootstrap",46.9052126407623,NA
25,"rf","two_stage","m1",617,42.0238500216071,-7.97614997839293,NA,NA,7.19293872327957,-5.71411798363278,47.7379680052398,27.9259491809756,56.1217508622385,33.6400671646084,61.8358688458713,1,1,0,1,47.1047513484955,"bootstrap",47.5914483070374,NA
26,"rf","two_stage","m1",616,52.5266460433372,2.52664604333721,NA,NA,6.9514162875314,-7.94768522857207,60.4743312719093,38.9021204782305,66.1511716084439,46.8498057068026,74.0988568370159,1,1,0,1,47.1023952960968,"bootstrap",47.6033852100372,NA
27,"rf","two_stage","m1",613,43.702765734675,-6.297234265325,NA,NA,6.07212570229796,-5.45633834278082,49.1591040774558,31.801618048571,55.603913420779,37.2579563913518,61.0602517635598,1,1,0,1,47.3426601886749,"bootstrap",47.8394644260406,NA
28,"rf","two_stage","m1",607,55.6880527823193,5.68805278231931,NA,NA,7.42484950314582,-5.41404332218728,61.1020961045066,41.1356151655234,70.2404903991152,46.5496584877107,75.6545337213025,1,1,0,1,46.9577927589417,"bootstrap",47.4438583850861,NA
29,"rf","two_stage","m1",630,49.6993515570579,-0.300648442942148,NA,NA,6.4739887240348,-4.21590760707075,53.9152591641286,37.0105668216312,62.3881362924845,41.226474428702,66.6040438995552,1,1,0,1,47.7547686100006,"bootstrap",48.2610461711884,NA
30,"rf","two_stage","m1",608,56.0612581109927,6.06125811099266,NA,NA,5.79398839823663,-6.76958949310963,62.8308476041023,44.7052495236059,67.4172666983794,51.4748390167156,74.186856191489,1,0,0,1,46.5938663482666,"bootstrap",47.0764079093933,NA
31,"rf","two_stage","m1",594,49.5511755400298,-0.448824459970183,NA,NA,7.23702432782383,-10.7052229128916,60.2563984529215,35.3668685022549,63.7354825778047,46.0720914151466,74.4407054906964,1,1,0,1,45.9546189308167,"bootstrap",46.4149253368378,NA
32,"rf","two_stage","m1",623,52.6659219259891,2.66592192598907,NA,NA,6.26451190259428,-5.36230458591691,58.028226511906,40.3877042161818,64.9441396357963,45.7500088020987,70.3064442217133,1,1,0,1,47.4786465167999,"bootstrap",47.9841561317444,NA
33,"rf","two_stage","m1",609,57.7815430143928,7.78154301439277,NA,NA,7.21113240548656,-5.4930798511675,63.2746228655603,43.6479832118894,71.9151028168961,49.1410630630569,77.4081826680636,1,1,0,1,46.7635712623596,"bootstrap",47.2231318950653,NA
34,"rf","two_stage","m1",585,48.8796617835344,-1.12033821646559,NA,NA,6.74001614242436,-7.59320247401827,56.4728642575527,35.6694728891641,62.0898506779047,43.2626753631823,69.683053151923,1,1,0,1,46.4855651855469,"bootstrap",46.9721450805664,NA
35,"rf","two_stage","m1",628,55.7862150468492,5.78621504684919,NA,NA,7.61241771539272,-6.48305447933059,62.2692695261798,40.8661504894048,70.7062796042936,47.3492049687354,77.1893340836242,1,1,0,1,48.2170417308807,"bootstrap",48.6970088481903,NA
36,"rf","two_stage","m1",602,52.7769963306299,2.7769963306299,NA,NA,7.0662505164487,-3.82815150948463,56.6051478401145,38.9273998126529,66.6265928486069,42.7555513221375,70.4547443580915,1,1,0,1,46.2294194698334,"bootstrap",46.6985785961151,NA
37,"rf","two_stage","m1",611,70.4730471367619,20.4730471367619,NA,NA,7.32387613176628,-6.49534236515908,76.968389501921,56.1185136912675,84.8275805822564,62.6138560564266,91.3229229474155,0,0,1,1,46.8571479320526,"bootstrap",47.3707885742188,NA
38,"rf","two_stage","m1",568,53.8776199940751,3.87761999407507,NA,NA,5.93240856678914,-6.33644038896307,60.2140603830381,42.2503128615915,65.5049271265587,48.5867532505545,71.8413675155217,1,1,0,1,44.8753714561462,"bootstrap",45.3379974365234,NA
39,"rf","two_stage","m1",620,47.3479290500117,-2.65207094998829,NA,NA,5.77965254384926,-7.18676515846176,54.5346942084735,36.0200182209119,58.6758398791116,43.2067833793736,65.8626050375733,1,1,0,1,47.3690152168274,"bootstrap",47.8746111392975,NA
40,"rf","two_stage","m1",581,59.6947664317153,9.69476643171531,NA,NA,6.16900544038872,-5.4430140544173,65.1377804861326,47.6037379481218,71.7857949153088,53.0467520025391,77.2288089697261,1,0,0,1,44.9247155189514,"bootstrap",45.3802146911621,NA
41,"rf","two_stage","m1",599,66.7695317847653,16.7695317847653,NA,NA,7.58565541088453,-4.72532911486162,71.494860899627,51.9019203803003,81.6371431892304,56.6272494951619,86.362472304092,0,0,1,1,46.2745492458344,"bootstrap",46.7493422031403,NA
42,"rf","two_stage","m1",612,58.5247925623502,8.52479256235024,NA,NA,6.81184672054103,-6.37598262953087,64.9007751918811,45.1738183218825,71.8757668028179,51.5498009514134,78.2517494323488,1,0,0,1,46.7519810199738,"bootstrap",47.2442185878754,NA
43,"rf","two_stage","m1",594,68.4307086939769,18.4307086939769,NA,NA,8.4896558056898,-9.5237365752448,77.9544452692217,51.7912890736835,85.0701283142703,61.3150256489283,94.5938648895151,0,0,1,1,46.4111480712891,"bootstrap",46.8899722099304,NA
44,"rf","two_stage","m1",591,52.8028660587366,2.80286605873657,NA,NA,5.99519457216992,-5.657376915413,58.4602429741496,41.0525006169735,64.5532315004996,46.7098775323865,70.2106084159126,1,1,0,1,45.5222568511963,"bootstrap",46.031140089035,NA
45,"rf","two_stage","m1",611,60.2513698915931,10.2513698915931,NA,NA,7.81865366268541,-8.22172692406473,68.4730968156578,44.9270903051375,75.5756494780487,53.1488172292022,83.7973764021134,1,0,0,1,46.8228137493134,"bootstrap",47.3097252845764,NA
46,"rf","two_stage","m1",599,56.937703864378,6.937703864378,NA,NA,6.62224112945278,-2.77757312156131,59.7152769859393,43.9583497537107,69.9170579750453,46.735922875272,72.6946310966066,1,1,0,1,45.9646887779236,"bootstrap",46.4311988353729,NA
47,"rf","two_stage","m1",614,66.7128650303683,16.7128650303683,NA,NA,7.33426426631056,-7.22035139858516,73.9332164289535,52.3379712153005,81.0877588454361,59.5583226138857,88.3081102440213,0,0,1,1,47.446103811264,"bootstrap",47.9326162338257,NA
48,"rf","two_stage","m1",618,47.4786847756698,-2.52131522433019,NA,NA,7.46702383789621,-8.51429620985245,55.9929809855223,32.8435869816912,62.1137825696484,41.3578831915436,70.6280787795009,1,1,0,1,47.3200614452362,"bootstrap",47.8115854263306,NA
49,"rf","two_stage","m1",601,62.1703084201128,12.1703084201128,NA,NA,7.16018197821887,-10.6100970221967,72.7804054423095,48.1366096200511,76.2040072201746,58.7467066422478,86.8141042423712,1,0,0,1,46.2765762805939,"bootstrap",46.7388250827789,NA
50,"rf","two_stage","m1",623,54.6347062181607,4.63470621816069,NA,NA,6.99413983934514,-6.25212033704464,60.8868265552053,40.9264440302075,68.3429684061139,47.1785643672521,74.5950887431586,1,1,0,1,47.5135712623596,"bootstrap",47.991810798645,NA
51,"rf","two_stage","m1",595,36.6330336858595,-13.3669663141405,NA,NA,5.84941993016228,-6.86909925789661,43.5021329437561,25.1683812922907,48.0976860794284,32.0374805501873,54.966785337325,0,1,1,1,47.1656358242035,"bootstrap",47.6653523445129,NA
52,"rf","two_stage","m1",593,43.9703875724746,-6.02961242752535,NA,NA,6.52085946325625,-4.92761683298503,48.8980044054597,31.1897378762452,56.7510372687041,36.1173547092302,61.6786541016891,1,1,0,1,46.145721912384,"bootstrap",46.6474685668945,NA
53,"rf","two_stage","m1",603,56.8239049436499,6.82390494364987,NA,NA,6.18169081656736,-5.30559372363462,62.1294986672845,44.7080135796159,68.9397963076839,50.0136073032505,74.2453900313185,1,0,0,1,46.1523251533508,"bootstrap",46.6480920314789,NA
54,"rf","two_stage","m1",611,47.0198034753874,-2.98019652461259,NA,NA,6.51957758724665,-5.6954026084292,52.7152060838166,34.2416662099694,59.7979407408054,39.9370688183986,65.4933433492346,1,1,0,1,46.9964671134949,"bootstrap",47.4866783618927,NA
55,"rf","two_stage","m1",630,64.790435321554,14.790435321554,NA,NA,6.85329075527561,-8.48081404328029,73.2712493648343,51.3582322656325,78.2226383774755,59.8390463089128,86.7034524207558,0,0,1,1,47.54407954216,"bootstrap",48.0637514591217,NA
56,"rf","two_stage","m1",624,50.9568596048069,0.95685960480693,NA,NA,6.56196449447577,-7.74825120044027,58.7051108052472,38.0956455278038,63.81807368181,45.8438967282441,71.5663248822503,1,1,0,1,47.3852858543396,"bootstrap",47.8876247406006,NA
57,"rf","two_stage","m1",611,48.7091670708468,-1.2908329291532,NA,NA,6.25850880324353,-4.17750006164304,52.8866671324898,36.4427152195626,60.975618922131,40.6202152812056,65.153118983774,1,1,0,1,47.1495280265808,"bootstrap",47.6410813331604,NA
58,"rf","two_stage","m1",633,52.2510041363424,2.25100413634241,NA,NA,6.27830756482621,-2.93916539448811,55.1901695308305,39.9457474254177,64.5562608472671,42.8849128199058,67.4954262417553,1,1,0,1,48.5251109600067,"bootstrap",49.0454421043396,NA
59,"rf","two_stage","m1",623,60.1245357372342,10.1245357372342,NA,NA,7.43542864958477,-3.34634214568813,63.4708778829223,45.5513633744308,74.6977081000376,48.8977055201189,78.0440502457258,1,1,0,1,47.4731435775757,"bootstrap",47.9729452133179,NA
60,"rf","two_stage","m1",616,55.8966829165879,5.89668291658788,NA,NA,5.84729745478612,-4.14795741267658,60.0446403292645,44.4361904983144,67.3571753348614,48.5841479109909,71.505132747538,1,1,0,1,47.6920382976532,"bootstrap",48.1591351032257,NA
61,"rf","two_stage","m1",625,46.2834125590087,-3.71658744099128,NA,NA,6.3167302650199,-8.3979589945539,54.6813715535626,33.9028487395156,58.6639763785019,42.3008077340695,67.0619353730558,1,1,0,1,48.295907497406,"bootstrap",48.8154916763306,NA
62,"rf","two_stage","m1",603,52.642840698484,2.642840698484,NA,NA,7.40112229585724,-5.33031332544787,57.9731540239319,38.1369075534274,67.1487738435406,43.4672208788753,72.4790871689885,1,1,0,1,46.8072476387024,"bootstrap",47.2987055778503,NA
63,"rf","two_stage","m1",601,48.8415913321078,-1.1584086678922,NA,NA,4.98157283745229,-4.28166350444457,53.1232548365524,39.0778879843383,58.6052946798773,43.3595514887829,62.8869581843219,1,1,0,1,46.5871856212616,"bootstrap",47.0740468502045,NA
64,"rf","two_stage","m1",594,56.6220811119787,6.62208111197869,NA,NA,6.05030060714528,-5.52142844133611,62.1435095533148,44.7637098263331,68.4804523976243,50.2851382676692,74.0018808389604,1,0,0,1,46.3324179649353,"bootstrap",46.8233659267426,NA
65,"rf","two_stage","m1",614,56.5185233566047,6.51852335660475,NA,NA,6.63360113205268,-8.48014848705819,64.9986718436629,43.5169040499774,69.5201426632321,51.9970525370356,78.0002911502903,1,0,0,1,47.0560050010681,"bootstrap",47.5444176197052,NA
66,"rf","two_stage","m1",600,49.4190808916729,-0.580919108327059,NA,NA,6.02926123144906,-5.12898447837916,54.5480653700521,37.6019460246492,61.2362157586967,42.7309305030283,66.3652002370759,1,1,0,1,46.4090201854706,"bootstrap",46.8736133575439,NA
67,"rf","two_stage","m1",611,48.4073080628634,-1.59269193713664,NA,NA,6.33166894403882,-5.56487275746917,53.9721808203325,35.9974649705165,60.8171511552102,41.5623377279857,66.3820239126794,1,1,0,1,47.3350472450256,"bootstrap",47.8269445896149,NA
68,"rf","two_stage","m1",630,46.9253368030589,-3.07466319694107,NA,NA,6.66181634871527,-3.33998369902761,50.2653205020865,33.8684166879569,59.982256918161,37.2084003869845,63.3222406171886,1,1,0,1,48.585572719574,"bootstrap",49.0974936485291,NA
69,"rf","two_stage","m1",613,62.3633210949168,12.3633210949168,NA,NA,7.88833142937082,-7.04397103929671,69.4072921342135,46.9024755952346,77.8241665945989,53.9464466345313,84.8681376338957,1,0,0,1,47.461788892746,"bootstrap",47.9661843776703,NA
70,"rf","two_stage","m1",611,67.0370196851331,17.0370196851331,NA,NA,6.77404399031242,-6.57403993585211,73.6110596209852,53.7601374344308,80.3139019358354,60.3341773702829,86.8879418716876,0,0,1,1,46.941748380661,"bootstrap",47.4337983131409,NA
71,"rf","two_stage","m1",599,48.6811626241376,-1.31883737586244,NA,NA,6.50997106155176,-6.23588716299531,54.9170497871329,35.9218538030981,61.440471445177,42.1577409660934,67.6763586081723,1,1,0,1,46.8531172275543,"bootstrap",47.3552434444427,NA
72,"rf","two_stage","m1",623,46.6523771597381,-3.34762284026191,NA,NA,5.84792096105437,-7.77677884678348,54.4291560065216,35.1906626916347,58.1140916278415,42.9674415384181,65.890870474625,1,1,0,1,47.9907228946686,"bootstrap",48.4934589862823,NA
73,"rf","two_stage","m1",601,57.5072336685156,7.50723366851562,NA,NA,7.35042983742422,-8.14216765472032,65.6494013232359,43.1006559162755,71.9138114207557,51.2428235709959,80.055979075476,1,0,0,1,46.5101556777954,"bootstrap",46.9628534317017,NA
74,"rf","two_stage","m1",628,52.0247635550836,2.02476355508358,NA,NA,6.95423345781891,-6.23970985311849,58.2644734082021,38.3947164376751,65.6548106724921,44.6344262907936,71.8945205256106,1,1,0,1,47.9949412345886,"bootstrap",48.4963955879211,NA
75,"rf","two_stage","m1",591,48.4019096623342,-1.59809033766579,NA,NA,6.70405742325683,-7.53602652111987,55.9379361834541,35.2621985624624,61.541620762206,42.7982250835823,69.0776472833258,1,1,0,1,45.9626953601837,"bootstrap",46.4379904270172,NA
76,"rf","two_stage","m1",585,45.3670865220109,-4.63291347798907,NA,NA,6.49033391419158,-6.78439999493413,52.1514865169451,32.6462658025566,58.0879072414653,39.4306657974907,64.8723072363994,1,1,0,1,46.5217928886414,"bootstrap",47.0320694446564,NA
77,"rf","two_stage","m1",605,54.7624311488689,4.7624311488689,NA,NA,6.29539418010381,-7.88017437351481,62.6426055223837,42.4236852873824,67.1011770103554,50.3038596608972,74.9813513838702,1,0,0,1,47.329304933548,"bootstrap",47.7984449863434,NA
78,"rf","two_stage","m1",613,60.0130070817762,10.0130070817762,NA,NA,7.05511323391657,-7.2316879854073,67.2446950671835,46.1852392364478,73.8407749271046,53.4169272218551,81.0724629125119,1,0,0,1,46.7244911193848,"bootstrap",47.2176432609558,NA
79,"rf","two_stage","m1",597,55.515688713724,5.51568871372397,NA,NA,7.04837340047165,-9.9847466639994,65.5004353777234,41.7011306992094,69.3302467282385,51.6858773632088,79.3149933922379,1,0,0,1,46.7888326644897,"bootstrap",47.2827529907227,NA
80,"rf","two_stage","m1",602,48.4854365204324,-1.51456347956759,NA,NA,6.47162999427175,-6.35825009495087,54.8436866153833,35.8012748103906,61.1695982304742,42.1595249053415,67.5278483254251,1,1,0,1,46.8938641548157,"bootstrap",47.4152808189392,NA
81,"rf","two_stage","m1",619,57.2940591575934,7.2940591575934,NA,NA,8.01261823199151,-9.91580148916398,67.2098606467574,41.589616001021,72.9985023141657,51.505417490185,82.9143038033297,1,0,0,1,47.5438508987427,"bootstrap",48.0346031188965,NA
82,"rf","two_stage","m1",616,68.1447119354892,18.1447119354892,NA,NA,7.46502354697645,-9.94637136479592,78.0910833002851,53.5135346396719,82.7758892313065,63.4599060044679,92.7222605961024,0,0,1,1,47.0625545978546,"bootstrap",47.5383739471436,NA
83,"rf","two_stage","m1",620,45.1495182518148,-4.85048174818517,NA,NA,6.73035388197735,-4.063072929655,49.2125911814698,31.9582670399299,58.3407694636998,36.0213399695849,62.4038423933548,1,1,0,1,47.9136929512024,"bootstrap",48.4054734706879,NA
84,"rf","two_stage","m1",614,44.0834616651255,-5.91653833487448,NA,NA,5.42571244068776,-4.30988568164307,48.3933473467686,33.4492606909066,54.7176626393444,37.7591463725497,59.0275483209875,1,1,0,1,47.1558413505554,"bootstrap",47.6163322925568,NA
85,"rf","two_stage","m1",622,57.9031376645228,7.90313766452277,NA,NA,7.30238745752212,-7.88759754401016,65.7907352085329,43.5907212466224,72.2155540824231,51.4783187906326,80.1031516264333,1,0,0,1,47.4464733600616,"bootstrap",47.9662408828735,NA
86,"rf","two_stage","m1",594,57.477833125811,7.47783312581097,NA,NA,7.5453766421088,-6.77464810021289,64.2524812260239,42.689166657488,72.266499594134,49.4638147577009,79.0411476943469,1,1,0,1,45.92520570755,"bootstrap",46.400486946106,NA
87,"rf","two_stage","m1",600,59.4773088325542,9.47730883255416,NA,NA,6.37172885592912,-8.51712734440807,67.9944361769622,46.9889497556785,71.9656679094298,55.5060771000866,80.4827952538379,1,0,0,1,46.6155114173889,"bootstrap",47.084615945816,NA
88,"rf","two_stage","m1",591,38.6591415343397,-11.3408584656603,NA,NA,5.95989482390673,-5.81637905243998,44.4755205867796,26.9779623278358,50.3403207408435,32.7943413802758,56.1566997932835,1,1,0,1,46.2064919471741,"bootstrap",46.6800384521484,NA
89,"rf","two_stage","m1",629,56.6237208153797,6.62372081537971,NA,NA,7.49437004353007,-7.63609772459009,64.2598185399698,41.9350254432449,71.3124161875145,49.571123167835,78.9485139121046,1,1,0,1,47.7376492023468,"bootstrap",48.3031122684479,NA
90,"rf","two_stage","m1",618,54.441978537223,4.44197853722299,NA,NA,7.42573052391482,-10.0454407076868,64.4874192449098,39.8878141514502,68.9961429229958,49.933254859137,79.0415836306826,1,1,0,1,47.9497373104095,"bootstrap",48.4532277584076,NA
91,"rf","two_stage","m1",568,52.4368173284311,2.43681732843112,NA,NA,6.62356454054136,-9.06293996317328,61.4997572916044,39.4548693796935,65.4187652771688,48.5178093428667,74.481705240342,1,1,0,1,45.4379827976227,"bootstrap",45.9212920665741,NA
92,"rf","two_stage","m1",603,58.4754466524539,8.47544665245388,NA,NA,6.32065809408488,-5.52451480368598,63.9999614561399,46.0871844294559,70.8637088754518,51.6116992331419,76.3882236791378,1,0,0,1,46.1045730113983,"bootstrap",46.5920696258545,NA
93,"rf","two_stage","m1",624,54.8520191950441,4.8520191950441,NA,NA,6.67854399864508,-4.44192855903169,59.2939477540758,41.7623134885336,67.9417249015546,46.2042420475653,72.3836534605863,1,1,0,1,47.8438591957092,"bootstrap",48.3475503921509,NA
94,"rf","two_stage","m1",602,50.2414129445262,0.241412944526246,NA,NA,6.70521931305392,-4.98724486264791,55.2286578071742,37.0994245824982,63.3834013065543,42.0866694451461,68.3706461692022,1,1,0,1,46.2008557319641,"bootstrap",46.6659181118011,NA
95,"rf","two_stage","m1",588,42.345432581015,-7.654567418985,NA,NA,6.78014608507882,-6.99620659558758,49.3416391766026,29.0565904443403,55.6342747176897,36.0527970399278,62.6304813132773,1,1,0,1,45.8133645057678,"bootstrap",46.3123552799225,NA
96,"rf","two_stage","m1",599,58.1790656498384,8.17906564983844,NA,NA,6.08806531403458,-9.18328343341547,67.3623490832539,46.2466768988031,70.1114544008737,55.4299603322186,79.2947378342892,1,0,0,1,46.1561291217804,"bootstrap",46.6353311538696,NA
97,"rf","two_stage","m1",607,56.5921147876742,6.59211478767421,NA,NA,6.83710647066238,-4.4826711978739,61.0747859855481,43.1916323467102,69.9925972286382,47.6743035445841,74.4752684265121,1,1,0,1,46.6125252246857,"bootstrap",47.1147336959839,NA
98,"rf","two_stage","m1",604,56.6405520418899,6.64055204188992,NA,NA,7.28420088719447,-9.57808247799539,66.2186345198853,42.363780646834,70.9173234369458,51.9418631248294,80.4954059149412,1,0,0,1,46.3407690525055,"bootstrap",46.8241856098175,NA
99,"rf","two_stage","m1",609,50.4389416788017,0.438941678801655,NA,NA,6.02283135051842,-5.94837608770608,56.3873177665077,38.6344091468268,62.2434742107765,44.5827852345329,68.1918502984826,1,1,0,1,46.7927124500275,"bootstrap",47.2725727558136,NA
100,"rf","two_stage","m1",601,62.7429196409831,12.7429196409831,NA,NA,7.07919785379284,-8.0812911378166,70.8242107787997,48.8679468081159,76.6178924738503,56.9492379459325,84.6991836116669,1,0,0,1,46.1786932945251,"bootstrap",46.6645529270172,NA
101,"rf","two_stage","m1",615,61.5771306374308,11.5771306374308,NA,NA,6.85209834513661,-6.10209329204528,67.6792239294761,48.1472646624366,75.0069966124251,54.2493579544819,81.1090899044704,1,0,0,1,46.4738337993622,"bootstrap",46.9459052085876,NA
102,"rf","two_stage","m1",594,52.1425051732081,2.14250517320814,NA,NA,6.57803067539921,-4.61210708443149,56.7546122576396,39.249801960226,65.0352083861903,43.8619090446575,69.6473154706217,1,1,0,1,45.8613624572754,"bootstrap",46.3454356193542,NA
103,"rf","two_stage","m1",621,53.9095923311194,3.90959233111941,NA,NA,5.77860614638177,-5.84106568375602,59.7506580148754,42.5837324033694,65.2354522588695,48.4247980871254,71.0765179426255,1,1,0,1,46.9519906044006,"bootstrap",47.4238896369934,NA
104,"rf","two_stage","m1",613,46.5518212818119,-3.44817871818809,NA,NA,6.26973137358609,-4.69422335151825,51.2460446333302,34.2633735968423,58.8402689667815,38.9575969483606,63.5344923182997,1,1,0,1,46.7737953662872,"bootstrap",47.2419900894165,NA
105,"rf","two_stage","m1",610,54.3885016149891,4.38850161498913,NA,NA,6.73049657736321,-6.42133712180689,60.809838736796,41.1969707252871,67.5800325046911,47.618307847094,74.001369626498,1,1,0,1,46.9302163124084,"bootstrap",47.4288828372955,NA
106,"rf","two_stage","m1",628,56.5653602184629,6.56536021846288,NA,NA,8.35690817924256,-8.92134196361873,65.4867021820816,40.1861211650393,72.9445992718865,49.107463128658,81.8659412355052,1,1,0,1,47.9621303081512,"bootstrap",48.5186519622803,NA
107,"rf","two_stage","m1",613,47.1965516332321,-2.80344836676793,NA,NA,6.2116565137811,-3.15166971499534,50.3482213482274,35.0219285818875,59.3711746845767,38.1735982968828,62.522844399572,1,1,0,1,46.4416484832764,"bootstrap",46.9313933849335,NA
108,"rf","two_stage","m1",617,40.0593877683198,-9.94061223168021,NA,NA,5.84736634066374,-4.79634064340163,44.8557284117214,28.5987603362071,51.5200152004325,33.3951009796087,56.3163558438341,1,1,0,1,47.0145754814148,"bootstrap",47.4987418651581,NA
109,"rf","two_stage","m1",616,59.1134765912983,9.11347659129829,NA,NA,8.36885795588105,-8.16057638409582,67.2740529753941,42.7108164060399,75.5161367765566,50.8713927901358,83.6767131606525,1,0,0,1,46.3415610790253,"bootstrap",46.8156435489655,NA
110,"rf","two_stage","m1",591,58.3229986945673,8.3229986945673,NA,NA,7.42353777054781,-10.8510850090191,69.1740837035864,43.7731320264208,72.8728653627138,54.6242170354399,83.7239503717329,1,0,0,1,45.6583275794983,"bootstrap",46.1611244678497,NA
111,"rf","two_stage","m1",601,49.2916919774119,-0.708308022588149,NA,NA,6.55971013828591,-4.61531056488847,53.9070025423003,36.4348963573492,62.1484875974745,41.0502069222377,66.763798162363,1,1,0,1,44.5423722267151,"bootstrap",45.0243978500366,NA
112,"rf","two_stage","m1",592,66.7390379985532,16.7390379985532,NA,NA,7.09659240789465,-7.0689578474591,73.8079958460123,52.8299724661194,80.6481035309871,59.8989303135785,87.7170613784462,0,0,1,1,44.3003082275391,"bootstrap",44.8034615516663,NA
113,"rf","two_stage","m1",602,39.2055555388023,-10.7944444611977,NA,NA,5.30884308133239,-4.84120336162022,44.0467589004225,28.8004142998162,49.6106967777884,33.6416176614364,54.4519001394087,0,1,1,1,44.7660300731659,"bootstrap",45.253874540329,NA
114,"rf","two_stage","m1",589,64.9249664002286,14.9249664002286,NA,NA,7.59496355408686,-4.75922121373897,69.6841876139676,50.0391113703241,79.8108214301332,54.798332584063,84.5700426438722,0,0,1,1,43.8920059204102,"bootstrap",44.3617794513702,NA
115,"rf","two_stage","m1",606,54.0062680197082,4.00626801970824,NA,NA,6.9980819357839,-7.57421560247857,61.5804836221868,40.2902794647115,67.722256574705,47.86449506719,75.2964721771836,1,1,0,1,44.9421887397766,"bootstrap",45.4188611507416,NA
116,"rf","two_stage","m1",614,43.3746009573672,-6.6253990426328,NA,NA,5.86394785611087,-5.84131332265516,49.2159142800224,31.881474352169,54.8677275625654,37.7227876748242,60.7090408852205,1,1,0,1,44.8489611148834,"bootstrap",45.3256006240845,NA
117,"rf","two_stage","m1",614,41.7181709408885,-8.28182905911154,NA,NA,7.76121588159793,-3.45243791748359,45.170608858372,26.5064673367162,56.9298745450607,29.9589052541998,60.3823124625443,1,1,0,1,45.1316373348236,"bootstrap",45.6029322147369,NA
118,"rf","two_stage","m1",598,69.7154414978348,19.7154414978348,NA,NA,8.01554655770999,-10.2606982166256,79.9761397144604,54.0052589283192,85.4256240673503,64.2659571449448,95.686322283976,0,0,1,1,44.3982560634613,"bootstrap",44.8448138237,NA
119,"rf","two_stage","m1",599,40.7791960815086,-9.22080391849139,NA,NA,6.5819794506652,-9.77030799411118,50.5495040756198,27.8787534112221,53.6796387517951,37.6490614053333,63.4499467459063,1,1,0,1,44.3700847625732,"bootstrap",44.8478038311005,NA
120,"rf","two_stage","m1",613,41.146636550976,-8.85336344902399,NA,NA,6.42306181284749,-3.12413028334578,44.2707668343218,28.5576667273204,53.7356063746316,31.6817970106662,56.8597366579774,1,1,0,1,45.2273850440979,"bootstrap",45.7373623847961,NA
121,"rf","two_stage","m1",621,71.8329033964078,21.8329033964078,NA,NA,8.1407655709636,-8.09992623441418,79.9328296308219,55.8772960707355,87.7885107220801,63.9772223051496,95.8884369564942,0,0,1,1,46.9218444824219,"bootstrap",47.4233152866364,NA
122,"rf","two_stage","m1",596,46.7098068792633,-3.29019312073667,NA,NA,6.12780067568855,-5.02628538437401,51.7360922636373,34.6995382504736,58.7200755080531,39.7258236348476,63.7463608924271,1,1,0,1,45.8823742866516,"bootstrap",46.3467736244202,NA
123,"rf","two_stage","m1",617,63.1708137920693,13.1708137920693,NA,NA,7.68945464904713,-8.2394641118412,71.4102779039105,48.0997596191828,78.2418679649557,56.339223731024,86.4813320767969,1,0,0,1,46.7665779590607,"bootstrap",47.2410435676575,NA
124,"rf","two_stage","m1",610,50.4375216127746,0.437521612774631,NA,NA,6.8839359583412,-6.14598626034321,56.5835078731178,36.9452550625457,63.9297881630036,43.0912413228889,70.0757744233468,1,1,0,1,47.2152330875397,"bootstrap",47.6815156936646,NA
125,"rf","two_stage","m1",590,55.0486902571406,5.04869025714059,NA,NA,6.26102719401466,-8.52326555573393,63.5719558128745,42.777302450646,67.3200780636352,51.3005680063799,75.8433436193691,1,0,0,1,44.9175775051117,"bootstrap",45.4042909145355,NA
126,"rf","two_stage","m1",595,44.412519345821,-5.58748065417903,NA,NA,6.29896210283468,-7.35440177932901,51.76692112515,32.0667804842823,56.7582582073596,39.4211822636113,64.1126599866886,1,1,0,1,45.9143176078796,"bootstrap",46.4035954475403,NA
127,"rf","two_stage","m1",607,48.1993048288022,-1.80069517119777,NA,NA,6.4170262472969,-5.51727812162867,53.7165829504309,35.6221644962521,60.7764451613524,41.1394426178808,66.293723282981,1,1,0,1,46.3421673774719,"bootstrap",46.8076689243317,NA
128,"rf","two_stage","m1",591,59.7435640421813,9.7435640421813,NA,NA,7.60079466414361,-6.5288464655946,66.2724105077759,44.8462802465756,74.640847837787,51.3751267121702,81.1696943033816,1,0,0,1,45.7476782798767,"bootstrap",46.2354428768158,NA
129,"rf","two_stage","m1",605,51.5377327114851,1.5377327114851,NA,NA,8.10163451408847,-7.68442652540947,59.2221592368946,35.658820847965,67.4166445750052,43.3432473733745,75.1010711004146,1,1,0,1,45.6012415885925,"bootstrap",46.0695984363556,NA
130,"rf","two_stage","m1",590,52.9282174775,2.92821747750001,NA,NA,6.42872327931539,-9.98276576844724,62.9109832459473,40.3281513834676,65.5282835715324,50.3109171519149,75.5110493399796,1,0,0,1,45.1867966651917,"bootstrap",45.6938810348511,NA
131,"rf","two_stage","m1",609,53.2945543542917,3.29455435429166,NA,NA,7.62783919633619,-9.72286544064526,63.0174197949369,38.3442642496098,68.2448444589735,48.0671296902551,77.9677098996188,1,1,0,1,45.7727525234222,"bootstrap",46.2543776035309,NA
132,"rf","two_stage","m1",612,45.5097979586749,-4.49020204132507,NA,NA,7.56718225963443,-11.9968395881425,57.5066375468174,30.678393265341,60.3412026520088,42.6752328534835,72.3380422401513,1,1,0,1,46.7838785648346,"bootstrap",47.2579870223999,NA
133,"rf","two_stage","m1",591,61.4242629219601,11.4242629219601,NA,NA,7.14207787853405,-4.8326911128982,66.2569540348582,47.4260475052531,75.422478338667,52.2587386181513,80.2551694515652,1,0,0,1,45.3079900741577,"bootstrap",45.7688195705414,NA
134,"rf","two_stage","m1",636,65.2954371217825,15.2954371217825,NA,NA,7.00332398502354,-9.43256627734234,74.7280033991249,51.5691743390709,79.0216999044942,61.0017406164132,88.4542661818365,0,0,1,1,47.2550103664398,"bootstrap",47.7404119968414,NA
135,"rf","two_stage","m1",608,46.6499060110626,-3.35009398893743,NA,NA,6.40668212164317,-6.58868350595746,53.23858951702,34.0930397922453,59.2067722298798,40.6817232982028,65.7954557358373,1,1,0,1,46.6743192672729,"bootstrap",47.1473319530487,NA
136,"rf","two_stage","m1",607,53.6110452743446,3.61104527434461,NA,NA,7.32183693607768,-5.71007525800339,59.321120532348,39.2605085789573,67.961581969732,44.9705838369607,73.6716572277354,1,1,0,1,46.0643277168274,"bootstrap",46.5379683971405,NA
137,"rf","two_stage","m1",589,43.682466816316,-6.317533183684,NA,NA,5.48534246962649,-6.82876549167669,50.5112323079927,32.9313931329801,54.4335404996519,39.7601586246568,61.2623059913286,1,1,0,1,45.7239580154419,"bootstrap",46.2139077186584,NA
138,"rf","two_stage","m1",627,60.835472499617,10.835472499617,NA,NA,7.60548113380823,-8.57629770604559,69.4117702056626,45.929003392254,75.74194160698,54.5053010982996,84.3182393130256,1,0,0,1,47.1113250255585,"bootstrap",47.5920617580414,NA
139,"rf","two_stage","m1",623,57.5913546269312,7.59135462693123,NA,NA,6.48275219537625,-3.19296731197601,60.7843219389072,44.8853938032958,70.2973154505667,48.0783611152718,73.4902827625427,1,1,0,1,47.8542287349701,"bootstrap",48.3655128479004,NA
140,"rf","two_stage","m1",609,61.2507308632009,11.2507308632009,NA,NA,7.93712566121635,-8.30377004567781,69.5545009088788,45.6942504264482,76.8072112999537,53.998020472126,85.1109813456315,1,0,0,1,46.6539576053619,"bootstrap",47.1015129089355,NA
141,"rf","two_stage","m1",588,56.426254929956,6.426254929956,NA,NA,6.32553129680094,-6.00073541441287,62.4269903443689,44.0284414051452,68.8240684547668,50.0291768195581,74.8248038691796,1,0,0,1,45.7454550266266,"bootstrap",46.2212221622467,NA
142,"rf","two_stage","m1",634,57.8640509744611,7.86405097446109,NA,NA,6.78179800732665,-6.13933280362585,64.0033837780869,44.5719711296754,71.1561308192468,50.7113039333012,77.2954636228727,1,0,0,1,47.9076449871063,"bootstrap",48.3892912864685,NA
143,"rf","two_stage","m1",601,57.3767446557411,7.37674465574106,NA,NA,7.14232350724812,-6.68764860758488,64.0643932633259,43.378047815601,71.3754414958812,50.0656964231858,78.063090103466,1,0,0,1,46.3707530498505,"bootstrap",46.8631103038788,NA
144,"rf","two_stage","m1",606,66.5657559194464,16.5657559194464,NA,NA,6.9315498839757,-6.02584815565049,72.5916040750969,52.9801677898112,80.1513440490816,59.0060159454617,86.1771922047321,0,0,1,1,46.3100230693817,"bootstrap",46.7962455749512,NA
145,"rf","two_stage","m1",600,61.5782654009951,11.5782654009951,NA,NA,7.12821325801081,-7.14831522231883,68.7265806233139,47.607224141173,75.5493066608172,54.7555393634918,82.697621883136,1,0,0,1,45.856630563736,"bootstrap",46.3005990982056,NA
146,"rf","two_stage","m1",583,48.1853944212968,-1.81460557870324,NA,NA,6.57626575265308,-6.12200323755745,54.3073976588542,35.2961503933325,61.074638449261,41.41815363089,67.1966416868184,1,1,0,1,45.3273873329163,"bootstrap",45.7938690185547,NA
147,"rf","two_stage","m1",596,61.5650349014002,11.5650349014002,NA,NA,7.2303236243576,-6.27871852292669,67.8437534243269,47.3938610010902,75.7362088017102,53.6725795240169,82.0149273246369,1,0,0,1,45.4142315387726,"bootstrap",45.8649089336395,NA
148,"rf","two_stage","m1",619,60.896983851142,10.896983851142,NA,NA,6.46973325234713,-5.796343389466,66.693327240608,48.2165396869604,73.5774280153235,54.0128830764264,79.3737714047896,1,0,0,1,47.2178909778595,"bootstrap",47.6683027744293,NA
149,"rf","two_stage","m1",595,55.3264311635809,5.32643116358088,NA,NA,6.82221030080336,-6.86475334332636,62.1911845069072,41.9551446790481,68.6977176481136,48.8198980223745,75.56247099144,1,1,0,1,45.427238702774,"bootstrap",45.8906018733978,NA
150,"rf","two_stage","m1",587,51.6713376898023,1.67133768980228,NA,NA,6.77879270409476,-4.59002736823623,56.2613650580385,38.3851481311137,64.9575272484909,42.9751754993499,69.5475546167271,1,1,0,1,45.6918032169342,"bootstrap",46.1680362224579,NA
151,"rf","two_stage","m1",593,47.560864821212,-2.43913517878795,NA,NA,7.56935199216811,-5.87700058864357,53.4378654098556,32.7252075302561,62.396522112168,38.6022081188996,68.2735227008116,1,1,0,1,45.2840888500214,"bootstrap",45.7389397621155,NA
152,"rf","two_stage","m1",592,65.262101353999,15.262101353999,NA,NA,8.29018331534412,-8.357041758247,73.619143112246,49.0136406306896,81.5105620773083,57.3706823889367,89.8676038355553,1,0,0,1,45.4037392139435,"bootstrap",45.8819110393524,NA
153,"rf","two_stage","m1",591,53.0943508913867,3.0943508913867,NA,NA,6.44958213502604,-6.97551400363227,60.069864895019,40.4534021914027,65.7352995913707,47.428916195035,72.710813595003,1,1,0,1,45.0324742794037,"bootstrap",45.498512506485,NA
154,"rf","two_stage","m1",631,60.8357609172237,10.8357609172237,NA,NA,7.37813387771747,-7.51227657404752,68.3480374912712,46.3748842437826,75.2966375906647,53.8871608178301,82.8089141647123,1,0,0,1,48.0619223117828,"bootstrap",48.5966873168945,NA
155,"rf","two_stage","m1",612,46.4637648867487,-3.53623511325125,NA,NA,6.80523290894453,-3.60561009304265,50.0693749797914,33.1257534788107,59.8017762946868,36.7313635718534,63.4073863877294,1,1,0,1,46.0042943954468,"bootstrap",46.4765238761902,NA
156,"rf","two_stage","m1",615,50.2336623347171,0.233662334717089,NA,NA,6.63494764559802,-7.99222052914476,58.2258828638618,37.2294039100361,63.237920759398,45.2216244391809,71.2301412885428,1,1,0,1,46.4721391201019,"bootstrap",46.9554440975189,NA
157,"rf","two_stage","m1",622,58.8035721096676,8.8035721096676,NA,NA,6.93437245574667,-6.17097701678301,64.9745491264506,45.2124518410176,72.3946923783176,51.3834288578006,78.5656693951007,1,0,0,1,47.1871480941772,"bootstrap",47.6511895656586,NA
158,"rf","two_stage","m1",588,53.8095058223627,3.80950582236272,NA,NA,7.72056169051457,-7.82964420316181,61.6391500255245,38.6774829685345,68.9415286761909,46.5071271716963,76.7711728793527,1,1,0,1,45.5470881462097,"bootstrap",46.0030179023743,NA
159,"rf","two_stage","m1",616,56.506908158224,6.50690815822401,NA,NA,6.49116093095297,-6.67120029784266,63.1781084560667,43.7844665157027,69.2293498007453,50.4556668135453,75.900550098588,1,0,0,1,46.7335195541382,"bootstrap",47.2045056819916,NA
160,"rf","two_stage","m1",601,53.7481244084394,3.74812440843941,NA,NA,7.23401063756304,-8.41166750376054,62.1597919121999,39.5697240950362,67.9265247218426,47.9813915987968,76.3381922256031,1,1,0,1,45.6044189929962,"bootstrap",46.0808205604553,NA
161,"rf","two_stage","m1",579,58.7819670228606,8.78196702286063,NA,NA,6.55953423691499,-4.63515404402811,63.4171210668887,45.9255161631498,71.6384178825714,50.5606702071779,76.2735719265996,1,0,0,1,44.6542060375214,"bootstrap",45.1094319820404,NA
162,"rf","two_stage","m1",559,45.4087985607402,-4.59120143925981,NA,NA,8.17408064590242,-6.10123705551121,51.5100356162514,29.3878948880456,61.4297022334348,35.4891319435568,67.530939288946,1,1,0,1,43.4831647872925,"bootstrap",43.9332139492035,NA
163,"rf","two_stage","m1",617,61.0014809490417,11.0014809490417,NA,NA,8.50746866675203,-7.04550144129286,68.0469823903346,44.3271487626048,77.6758131354787,51.3726502038976,84.7213145767716,1,0,0,1,46.7177305221558,"bootstrap",47.2255525588989,NA
164,"rf","two_stage","m1",604,47.5156895787882,-2.48431042121181,NA,NA,6.62883840462611,-6.46775381234923,53.9834433911374,34.5234050463851,60.5079741111913,40.9911588587343,66.9757279235405,1,1,0,1,45.700257062912,"bootstrap",46.1463115215302,NA
165,"rf","two_stage","m1",587,41.6871489066845,-8.31285109331551,NA,NA,6.97531138542416,-7.7961283523335,49.483277259018,28.015789810301,55.358508003068,35.8119181626345,63.1546363554015,1,1,0,1,45.548556804657,"bootstrap",46.0256412029266,NA
166,"rf","two_stage","m1",627,49.0033073814137,-0.99669261858633,NA,NA,6.74742735716618,-6.4278982527598,55.4312056341735,35.7785927730677,62.2280219897597,42.2064910258275,68.6559202425195,1,1,0,1,47.429426908493,"bootstrap",47.9082758426666,NA
167,"rf","two_stage","m1",605,57.7305057425315,7.73050574253151,NA,NA,7.18764085398933,-3.49274717573013,61.2232529182616,43.6429885349037,71.8180229501593,47.1357357106338,75.3107701258894,1,1,0,1,45.852338552475,"bootstrap",46.3201451301575,NA
168,"rf","two_stage","m1",607,51.2068173892534,1.20681738925341,NA,NA,6.7175626543571,-5.09390572035988,56.3007231096133,38.0406365228222,64.3729982556846,43.1345422431821,69.4669039760445,1,1,0,1,46.5542352199554,"bootstrap",47.0369296073914,NA
169,"rf","two_stage","m1",635,45.8319972111513,-4.16800278884867,NA,NA,6.81189762045767,-4.38294227482792,50.2149394859793,32.4809232086802,59.1830712136225,36.8638654835081,63.5660134884504,1,1,0,1,48.3992564678192,"bootstrap",48.8682749271393,NA
170,"rf","two_stage","m1",631,57.2204063162483,7.22040631624825,NA,NA,6.58861276687949,-8.04587514633899,65.2662814625872,44.3069625850837,70.1338500474128,52.3528377314227,78.1797251937518,1,0,0,1,47.1535708904266,"bootstrap",47.6649539470673,NA
171,"rf","two_stage","m1",616,56.5038272678119,6.50382726781195,NA,NA,5.94837033300036,-7.92018953724403,64.424016805056,44.8452356484247,68.1624188871992,52.7654251856688,76.0826084244432,1,0,0,1,46.6024649143219,"bootstrap",47.0897018909454,NA
172,"rf","two_stage","m1",608,57.7403168356349,7.74031683563489,NA,NA,6.9560301552653,-5.46894416568311,63.209261001318,44.1067482559403,71.3738854153294,49.5756924216235,76.8428295810126,1,1,0,1,45.8835699558258,"bootstrap",46.3493454456329,NA
173,"rf","two_stage","m1",610,58.8709586020739,8.8709586020739,NA,NA,6.56838943753897,-7.80982645337915,66.680785055453,45.9971518680642,71.7447653360836,53.8069783214434,79.5545917894627,1,0,0,1,46.8917729854584,"bootstrap",47.352382183075,NA
174,"rf","two_stage","m1",601,51.2536513319857,1.25365133198567,NA,NA,5.53240697711085,-6.77219869016107,58.0258500221467,40.4103329090303,62.096969754941,47.1825315991914,68.8691684451021,1,1,0,1,45.863646030426,"bootstrap",46.3192863464355,NA
175,"rf","two_stage","m1",604,44.5563708922273,-5.44362910777269,NA,NA,5.81436563129306,-7.09763746153358,51.6540083537609,33.1604236619454,55.9523181225092,40.258061123479,63.0499555840428,1,1,0,1,46.8229012489319,"bootstrap",47.3004562854767,NA
176,"rf","two_stage","m1",597,59.8493471140629,9.84934711406294,NA,NA,6.6953840265825,-6.66232069742139,66.5116678114843,46.7266355592965,72.9720586688294,53.3889562567179,79.6343793662508,1,0,0,1,46.2315011024475,"bootstrap",46.7057383060455,NA
177,"rf","two_stage","m1",609,42.431510829657,-7.56848917034301,NA,NA,7.07701704906025,-4.51412243060474,46.9456332602617,28.560812295523,56.302209363791,33.0749347261277,60.8163317943958,1,1,0,1,46.888632774353,"bootstrap",47.4020147323608,NA
178,"rf","two_stage","m1",594,54.9001945246683,4.90019452466833,NA,NA,6.94962618841853,-11.0679314300817,65.96812595475,41.2791774893516,68.521211559985,52.3471089194333,79.5891429900667,1,0,0,1,45.2253382205963,"bootstrap",45.6890540122986,NA
179,"rf","two_stage","m1",603,54.7171944661773,4.71719446617726,NA,NA,6.66760928242196,-6.52328609101678,61.240480557194,41.6489204096453,67.7854685227092,48.1722065006621,74.308754613726,1,1,0,1,46.1617143154144,"bootstrap",46.6200535297394,NA
180,"rf","two_stage","m1",606,49.5347021721114,-0.465297827888641,NA,NA,5.85599178073122,-7.35317998880652,56.8878821609179,38.0571691881156,61.0122351561071,45.4103491769221,68.3654151449136,1,1,0,1,46.3744339942932,"bootstrap",46.836220741272,NA
181,"rf","two_stage","m1",612,46.2787297741049,-3.72127022589509,NA,NA,5.52008889402238,-2.13448882191522,48.4132185960201,35.4595543503615,57.0979051978483,37.5940431722767,59.2323940197635,1,1,0,1,46.5358736515045,"bootstrap",47.0229780673981,NA
182,"rf","two_stage","m1",635,65.5625559753581,15.5625559753581,NA,NA,7.11448981443574,-7.46950378211814,73.0320597574762,51.618412170687,79.5066997800292,59.0879159528051,86.9762035621473,0,0,1,1,47.5596656799316,"bootstrap",48.0395629405975,NA
183,"rf","two_stage","m1",571,41.070571941798,-8.92942805820196,NA,NA,6.58548647526783,-3.80969192884176,44.8802638706398,28.1632556295975,53.9778882539986,31.9729475584392,57.7875801828404,1,1,0,1,44.3354167938232,"bootstrap",44.7605910301208,NA
184,"rf","two_stage","m1",586,50.2035775919626,0.203577591962585,NA,NA,6.30311111936264,-6.14701667673899,56.3505942687016,37.8497068074579,62.5574483764673,43.9967234841969,68.7044650532063,1,1,0,1,45.2716472148895,"bootstrap",45.7803380489349,NA
185,"rf","two_stage","m1",585,54.2923071760272,4.29230717602719,NA,NA,7.4047592268624,-6.31055077986406,60.6028579558913,39.7792457771862,68.8053685748681,46.0897965570503,75.1159193547322,1,1,0,1,45.3068311214447,"bootstrap",45.7720546722412,NA
186,"rf","two_stage","m1",634,59.6054316598908,9.60543165989085,NA,NA,7.05366840991302,-9.79429938825626,69.3997310481471,45.7804956175734,73.4303677022083,55.5747950058297,83.2246670904645,1,0,0,1,48.06716132164,"bootstrap",48.5484998226166,NA
187,"rf","two_stage","m1",634,53.5216866414147,3.52168664141475,NA,NA,6.34826982990498,-6.33298262014134,59.8546692615561,41.0793064106588,65.9640668721707,47.4122890308001,72.2970494923121,1,1,0,1,47.298602104187,"bootstrap",47.8054332733154,NA
188,"rf","two_stage","m1",624,46.9015792147362,-3.09842078526383,NA,NA,7.36316874174581,-6.02352669514423,52.9251059098804,32.4700336688233,61.3331247606491,38.4935603639675,67.3566514557933,1,1,0,1,47.3114528656006,"bootstrap",47.8314890861511,NA
189,"rf","two_stage","m1",624,59.9899663046416,9.98996630464156,NA,NA,7.59650104442857,-8.50997090043469,68.4999372050763,45.1010978490407,74.8788347602425,53.6110687494754,83.3888056606771,1,0,0,1,47.1040580272675,"bootstrap",47.5866260528564,NA
190,"rf","two_stage","m1",619,60.7534439059905,10.7534439059905,NA,NA,6.68328640857756,-9.50127583881308,70.2547197448035,47.6544432468124,73.8524445651685,57.1557190856255,83.3537204039816,1,0,0,1,46.4879057407379,"bootstrap",46.9511201381683,NA
191,"rf","two_stage","m1",611,57.6191199203058,7.61911992030581,NA,NA,7.06923060998874,-6.16841350467175,63.7875334249776,43.7636825263198,71.4745573142918,49.9320960309915,77.6429708189636,1,1,0,1,46.1790990829468,"bootstrap",46.7016596794128,NA
192,"rf","two_stage","m1",601,47.1438877828163,-2.85611221718369,NA,NA,7.03072480502602,-6.22021007867905,53.3640978614954,33.3639203797529,60.9238551858797,39.584130458432,67.1440652645587,1,1,0,1,45.7755281925201,"bootstrap",46.246753692627,NA
193,"rf","two_stage","m1",597,56.7996220834151,6.79962208341506,NA,NA,7.41873843639562,-5.7297439635341,62.5293660469492,42.2591619373567,71.3400822294735,47.9889059008907,77.0698261930076,1,1,0,1,45.911928653717,"bootstrap",46.4056828022003,NA
194,"rf","two_stage","m1",604,66.1454445153509,16.1454445153509,NA,NA,6.76356768192079,-5.05490773310098,71.2003522484519,52.8890954517871,79.4017935789147,57.9440031848881,84.4567013120157,0,0,1,1,46.9553167819977,"bootstrap",47.413720369339,NA
195,"rf","two_stage","m1",623,57.5349400061992,7.5349400061992,NA,NA,6.82411555597802,-6.37761311534337,63.9125531215426,44.1599192901428,70.9099607222556,50.5375324054861,77.287573837599,1,0,0,1,47.5864374637604,"bootstrap",48.0634109973907,NA
196,"rf","two_stage","m1",591,65.1154858016748,15.1154858016748,NA,NA,6.73406624377904,-9.34690705580589,74.4623928574807,51.916958494361,78.3140131089887,61.2638655501669,87.6609201647945,0,0,1,1,44.9592459201813,"bootstrap",45.424503326416,NA
197,"rf","two_stage","m1",618,63.0763054021778,13.0763054021778,NA,NA,7.62465116626682,-6.38188824052862,69.4581936427064,48.1322637216135,78.020347082742,54.5141519621421,84.4022353232706,1,0,0,1,46.9486510753632,"bootstrap",47.4186313152313,NA
198,"rf","two_stage","m1",597,58.0179424748078,8.01794247480781,NA,NA,7.83972891106832,-10.7362807533333,68.7542232281411,42.6523561605565,73.3835287890591,53.3886369138898,84.1198095423924,1,0,0,1,45.1641497612,"bootstrap",45.626305103302,NA
199,"rf","two_stage","m1",627,55.3890121879965,5.38901218799655,NA,NA,7.60110500265631,-6.17415232806089,61.5631645160574,40.491120140083,70.2869042359101,46.6652724681438,76.461056563971,1,1,0,1,47.5369873046875,"bootstrap",48.0386078357697,NA
200,"rf","two_stage","m1",610,50.2160973325619,0.216097332561894,NA,NA,6.02176763901706,-8.1659969309484,58.3820942635103,38.4136496368197,62.0185450283041,46.5796465677681,70.1845419592525,1,1,0,1,46.515068769455,"bootstrap",46.9976680278778,NA
201,"rf","two_stage","m1",603,55.6468862499505,5.64688624995051,NA,NA,6.50816020744754,-5.1266163290589,60.7735025790094,42.8911266377366,68.4026458621644,48.0177429667955,73.5292621912233,1,1,0,1,46.3473315238953,"bootstrap",46.8494341373444,NA
202,"rf","two_stage","m1",621,64.3969985962019,14.3969985962019,NA,NA,8.46494854308169,-10.3661358729904,74.7631344691923,47.806004320777,80.9879928716268,58.1721401937673,91.3541287446172,1,0,0,1,47.5262327194214,"bootstrap",48.0417726039886,NA
203,"rf","two_stage","m1",607,62.3050530139228,12.3050530139228,NA,NA,6.04937000364553,-7.18828424541308,69.4933372593358,50.4485056776206,74.1616003502249,57.6367899230337,81.349884595638,0,0,1,1,46.1903927326202,"bootstrap",46.6502294540405,NA
204,"rf","two_stage","m1",602,56.3944430436769,6.39444304367689,NA,NA,7.04705011878536,-7.65720833669864,64.0516513803755,42.5824786136089,70.2064074737449,50.2396869503075,77.8636158104435,1,0,0,1,45.910258769989,"bootstrap",46.3584272861481,NA
205,"rf","two_stage","m1",620,51.1760003287957,1.17600032879572,NA,NA,6.65991156158869,-6.76586977885996,57.9418701076557,38.12281352786,64.2291871297315,44.8886833067199,70.9950569085914,1,1,0,1,46.7413244247437,"bootstrap",47.239714384079,NA
206,"rf","two_stage","m1",602,47.2239933822894,-2.77600661771063,NA,NA,6.20710981675579,-6.62413309879337,53.8481264810827,35.058281693363,59.3897050712157,41.6824147921564,66.0138381700091,1,1,0,1,46.615142583847,"bootstrap",47.0905611515045,NA
207,"rf","two_stage","m1",620,53.6417604473482,3.64176044734818,NA,NA,6.39281280767288,-8.9040682651262,62.5458287124744,41.1120775844029,66.1714433102934,50.0161458495291,75.0755115754196,1,0,0,1,46.4614276885986,"bootstrap",46.9442937374115,NA
208,"rf","two_stage","m1",615,51.5762873523415,1.57628735234145,NA,NA,7.04693265774206,-8.99843516808085,60.5747225204223,37.7645531416879,65.388021562995,46.7629883097688,74.3864567310759,1,1,0,1,46.4808754920959,"bootstrap",46.9613666534424,NA
209,"rf","two_stage","m1",598,55.9284694233373,5.92846942333735,NA,NA,6.856459383893,-5.29169154206364,61.220160965401,42.4900559694454,69.3668828772293,47.781747511509,74.6585744192929,1,1,0,1,46.0199189186096,"bootstrap",46.4677596092224,NA
210,"rf","two_stage","m1",606,55.4758214300235,5.47582143002351,NA,NA,7.11715324787161,-7.74817771400458,63.2239991440281,41.5264573917429,69.4251854683041,49.2746351057475,77.1733631823087,1,1,0,1,46.1827812194824,"bootstrap",46.6673085689545,NA
211,"rf","two_stage","m1",604,50.384714552839,0.384714552838993,NA,NA,6.89607908521783,-4.93678170293482,55.3214962557738,36.8686479112721,63.9007811944059,41.8054296142069,68.8375628973407,1,1,0,1,46.5619249343872,"bootstrap",47.0512387752533,NA
212,"rf","two_stage","m1",627,53.8479446123264,3.8479446123264,NA,NA,7.722276333775,-4.6023731425222,58.4503177548486,38.7125611194614,68.9833281051914,43.3149342619836,73.5857012477136,1,1,0,1,47.223801612854,"bootstrap",47.7120599746704,NA
213,"rf","two_stage","m1",622,52.4897470454167,2.48974704541671,NA,NA,7.69364397942838,-7.86898732589975,60.3587343713165,37.4104819358637,67.5690121549698,45.2794692617634,75.4379994808695,1,1,0,1,47.2577602863312,"bootstrap",47.7597780227661,NA
214,"rf","two_stage","m1",597,52.4687786110316,2.46877861103157,NA,NA,6.35640849102746,-6.05517243310776,58.5239510441393,40.0104468975932,64.92711032447,46.0656193307009,70.9822827575777,1,1,0,1,45.65003657341,"bootstrap",46.1564121246338,NA
215,"rf","two_stage","m1",615,50.3477010800361,0.347701080036138,NA,NA,5.58900035694451,-4.56906156617692,54.9167626462131,39.3934616708434,61.3019404892289,43.9625232370203,65.8710020554058,1,1,0,1,46.5293266773224,"bootstrap",47.0207402706146,NA
216,"rf","two_stage","m1",612,66.4459015525001,16.4459015525001,NA,NA,6.46784637663164,-4.29658301146034,70.7424845639604,53.7691555967642,79.122647508236,58.0657386082245,83.4192305196963,0,0,1,1,46.1192181110382,"bootstrap",46.6103577613831,NA
217,"rf","two_stage","m1",613,49.0900254652423,-0.90997453475773,NA,NA,6.78813163636622,-7.22916668224725,56.3191921474895,35.7855319356475,62.394518994837,43.0146986178948,69.6236856770843,1,1,0,1,46.2430582046509,"bootstrap",46.7358083724976,NA
218,"rf","two_stage","m1",611,67.7936479516614,17.7936479516614,NA,NA,7.90249139478198,-5.77532166020514,73.5689696118665,52.305049429751,83.2822464735718,58.0803710899562,89.0575681337769,0,0,1,1,46.7997081279755,"bootstrap",47.2637836933136,NA
219,"rf","two_stage","m1",626,55.5018430645889,5.50184306458894,NA,NA,5.86653851567028,-5.48967874010366,60.9915218046926,44.0036388599581,67.0000472692198,49.4933176000618,72.4897260093234,1,1,0,1,47.0773928165436,"bootstrap",47.5631124973297,NA
220,"rf","two_stage","m1",617,54.4438329029517,4.44383290295166,NA,NA,6.84262928282824,-9.60688213988303,64.0507150428347,41.0325259490492,67.8551398568542,50.6394080889322,77.4620219967372,1,0,0,1,46.7862317562103,"bootstrap",47.2405047416687,NA
221,"rf","two_stage","m1",619,45.685383390956,-4.31461660904397,NA,NA,6.60648154947301,-10.8421482800248,56.5275316709808,32.7369174894606,58.6338492924515,43.5790657694853,69.4759975724762,1,1,0,1,46.6793479919434,"bootstrap",47.1424834728241,NA
222,"rf","two_stage","m1",617,54.3799833899839,4.37998338998391,NA,NA,7.80532736121429,-5.40792336432673,59.7879067543106,39.0818228744588,69.678143905509,44.4897462387856,75.0860672698357,1,1,0,1,46.7295620441437,"bootstrap",47.2146048545837,NA
223,"rf","two_stage","m1",596,52.8938030150669,2.89380301506691,NA,NA,6.63457164778508,-4.45985656805317,57.3536595831201,39.8902815325576,65.8973244975762,44.3501381006108,70.3571810656294,1,1,0,1,44.8588962554932,"bootstrap",45.3483624458313,NA
224,"rf","two_stage","m1",656,57.1511263339365,7.1511263339365,NA,NA,7.26540401462537,-6.31634517378048,63.467471507717,42.9111961321381,71.3910565357349,49.2275413059185,77.7074017095154,1,1,0,1,48.192015171051,"bootstrap",48.6788189411163,NA
225,"rf","two_stage","m1",627,46.9610182477832,-3.03898175221678,NA,NA,6.14953400615217,-6.81144545645601,53.7724637042392,34.9081530740207,59.0138834215458,41.7195985304767,65.8253288780018,1,1,0,1,47.0322341918945,"bootstrap",47.5221352577209,NA
226,"rf","two_stage","m1",626,55.6702829888847,5.6702829888847,NA,NA,6.53622468385969,-6.87232439062112,62.5426073795058,42.859518013658,68.4810479641114,49.7318424042791,75.3533723547325,1,1,0,1,46.9570286273956,"bootstrap",47.4469888210297,NA
227,"rf","two_stage","m1",609,57.5867911090907,7.58679110909075,NA,NA,6.85286289519652,-7.51530941553121,65.102100524622,44.1554266435147,71.0181555746668,51.6707360590459,78.533464990198,1,0,0,1,45.994687795639,"bootstrap",46.4963145256042,NA
228,"rf","two_stage","m1",607,56.3357095150626,6.33570951506256,NA,NA,6.32286353139975,-5.25701526277094,61.5927247778335,43.9431247143573,68.7282943157678,49.2001399771283,73.9853095785388,1,1,0,1,45.8158357143402,"bootstrap",46.3163764476776,NA
229,"rf","two_stage","m1",589,56.8232224697682,6.82322246976819,NA,NA,7.772015030322,-5.42283388790616,62.2460563576743,41.5903529230331,72.0560920165033,47.0131868109393,77.4789259044094,1,1,0,1,45.3343980312347,"bootstrap",45.8251497745514,NA
230,"rf","two_stage","m1",634,55.3895850119785,5.38958501197846,NA,NA,7.09957378175952,-7.35320829841792,62.7427933103964,41.474676094145,69.3044939298119,48.8278843925629,76.6577022282299,1,1,0,1,47.3912310600281,"bootstrap",47.8592791557312,NA
231,"rf","two_stage","m1",628,56.9266370929524,6.9266370929524,NA,NA,7.19507718674251,-8.29232770228291,65.2189647952353,42.8245449409513,71.0287292449535,51.1168726432342,79.3210569472364,1,0,0,1,47.6236169338226,"bootstrap",48.1442303657532,NA
232,"rf","two_stage","m1",625,67.402545806872,17.402545806872,NA,NA,7.88036907906598,-8.94160159257726,76.3441473994493,51.9573062270196,82.8477853867244,60.8989078195969,91.7893869793017,0,0,1,1,47.2121005058289,"bootstrap",47.6897616386414,NA
233,"rf","two_stage","m1",630,50.3914417899867,0.391441789986665,NA,NA,6.0083811549235,-6.63751335868903,57.0289551486757,38.6152311209474,62.1676524590259,45.2527444796365,68.8051658177149,1,1,0,1,47.4628202915192,"bootstrap",47.9496545791626,NA
234,"rf","two_stage","m1",610,51.2123536146775,1.21235361467751,NA,NA,6.64344075382445,-8.65787730226105,59.8702309169386,38.191449003756,64.233258225599,46.849326306017,72.8911355278601,1,1,0,1,46.3869886398315,"bootstrap",46.840428352356,NA
235,"rf","two_stage","m1",602,53.454546471287,3.45454647128698,NA,NA,7.184220358851,-9.52814110688801,62.982687578175,39.3737333109396,67.5353596316344,48.9018744178276,77.0635007385224,1,1,0,1,45.5494844913483,"bootstrap",46.0830664634705,NA
236,"rf","two_stage","m1",603,40.1849795217186,-9.81502047828143,NA,NA,6.30786393536336,-5.58379641564088,45.7687759373595,27.8217933890273,52.5481656544098,33.4055898046682,58.1319620700507,1,1,0,1,45.9990057945251,"bootstrap",46.4859049320221,NA
237,"rf","two_stage","m1",605,52.5187222457806,2.5187222457806,NA,NA,5.54000681768162,-6.69963816518148,59.2183604109621,41.6605084090183,63.3769360825429,48.3601465741997,70.0765742477244,1,1,0,1,45.6553666591644,"bootstrap",46.1381943225861,NA
238,"rf","two_stage","m1",613,76.4307026757959,26.4307026757959,NA,NA,6.61092535404518,-7.71209335923959,84.1427960350355,63.4735270773847,89.3878782742072,71.1856204366243,97.0999716334468,0,0,1,1,45.9324290752411,"bootstrap",46.3893773555756,NA
239,"rf","two_stage","m1",610,51.4994332229942,1.49943322299417,NA,NA,6.82249341743293,-9.14677046241814,60.6462036854123,38.127591840064,64.8712746059243,47.2743623024822,74.0180450683424,1,1,0,1,46.3573386669159,"bootstrap",46.852472782135,NA
240,"rf","two_stage","m1",632,46.2477318297991,-3.7522681702009,NA,NA,6.53520571360158,-8.55612927290756,54.8038611027067,33.4389639995796,59.0564996600186,41.9950932724872,67.6126289329261,1,1,0,1,47.3441581726074,"bootstrap",47.8242607116699,NA
241,"rf","two_stage","m1",603,60.2797726038896,10.2797726038896,NA,NA,6.58716213797503,-6.57958538046366,66.8593579843533,47.3691720531327,73.1903731546466,53.9487574335964,79.7699585351102,1,0,0,1,45.5794084072113,"bootstrap",46.0828101634979,NA
242,"rf","two_stage","m1",623,53.7803867142508,3.78038671425075,NA,NA,6.96709045804516,-5.96150944513032,59.7418961593811,40.1251403394496,67.4356330890519,46.0866497845799,73.3971425341822,1,1,0,1,46.2711710929871,"bootstrap",46.7248604297638,NA
243,"rf","two_stage","m1",597,45.719564620955,-4.28043537904497,NA,NA,6.39298060760248,-5.2462893990018,50.9658540199568,33.1895528761912,58.2495763657189,38.435842275193,63.4958657647207,1,1,0,1,45.8911633491516,"bootstrap",46.3556501865387,NA
244,"rf","two_stage","m1",622,56.7935138503369,6.79351385033693,NA,NA,7.0521940253927,-9.45703343239575,66.2505472827327,42.9714675485787,70.6155601520952,52.4285009809744,80.0725935844909,1,0,0,1,46.9411833286285,"bootstrap",47.4101312160492,NA
245,"rf","two_stage","m1",625,54.4975937844112,4.49759378441116,NA,NA,6.59729789490872,-8.51840052268477,63.0159943070959,41.5671275151082,67.4280600537141,50.0855280377929,75.9464605763989,1,0,0,1,47.0468988418579,"bootstrap",47.5589385032654,NA
246,"rf","two_stage","m1",631,54.5627703831213,4.56277038312133,NA,NA,6.18295290692587,-7.50821687979147,62.0709872629128,42.4444053674394,66.6811353988033,49.9526222472309,74.1893522785947,1,1,0,1,47.1749258041382,"bootstrap",47.6982889175415,NA
247,"rf","two_stage","m1",593,50.8481950834472,0.848195083447202,NA,NA,7.67644033503539,-6.99835180924418,57.8465468926914,35.8026484973073,65.8937416695871,42.8010003065514,72.8920934788313,1,1,0,1,45.3182916641235,"bootstrap",45.7872393131256,NA
248,"rf","two_stage","m1",593,52.7534663173012,2.75346631730119,NA,NA,7.33890612174744,-8.49247698589124,61.2459433031924,38.3694746327557,67.1374580018467,46.8619516186469,75.6299349877379,1,1,0,1,45.1303255558014,"bootstrap",45.5907242298126,NA
249,"rf","two_stage","m1",581,51.3967335771162,1.39673357711617,NA,NA,5.74876541384023,-5.89206628568639,57.2887998628026,40.1293604104198,62.6641067438125,46.0214266961062,68.5561730294989,1,1,0,1,45.1103241443634,"bootstrap",45.5572774410248,NA
250,"rf","two_stage","m1",600,49.5223087230029,-0.477691276997078,NA,NA,6.06488532543984,-5.03441949353439,54.5567282165373,37.6353519147754,61.4092655312305,42.6697714083097,66.4436850247649,1,1,0,1,45.5779094696045,"bootstrap",46.056923866272,NA
251,"rf","two_stage","m1",606,54.893038864917,4.89303886491702,NA,NA,6.95779279944651,-7.4280355354523,62.3210744003693,41.2560155661097,68.5300621637243,48.684051101562,75.9580976991766,1,1,0,1,45.9213924407959,"bootstrap",46.3982050418854,NA
252,"rf","two_stage","m1",602,49.8958217369982,-0.104178263001756,NA,NA,6.51660291133653,-4.54889371742158,54.4447154544198,37.1235147292298,62.6681287447667,41.6724084466514,67.2170224621883,1,1,0,1,46.0332639217377,"bootstrap",46.4881489276886,NA
253,"rf","two_stage","m1",608,60.4128265187276,10.4128265187276,NA,NA,6.68666555334043,-6.9426024366244,67.355428955352,47.3072028575158,73.5184501799394,54.2498052941401,80.4610526165638,1,0,0,1,46.3807697296143,"bootstrap",46.9063894748688,NA
254,"rf","two_stage","m1",612,49.6638440122037,-0.336155987796261,NA,NA,5.67221692516834,-3.47794997583667,53.1417939880404,38.5465031263753,60.7811848980322,42.024453102212,64.2591348738689,1,1,0,1,46.2622718811035,"bootstrap",46.725662946701,NA
255,"rf","two_stage","m1",586,57.2801192724263,7.28011927242635,NA,NA,7.69270599013938,-7.24727981115689,64.5273990835832,42.2026925880976,72.3575459567551,49.4499723992545,79.6048257679119,1,1,0,1,45.0310087203979,"bootstrap",45.5179073810577,NA
256,"rf","two_stage","m1",607,46.7665906094299,-3.23340939057012,NA,NA,6.22084971048506,-9.2949509942185,56.0615416036484,34.5739492236427,58.959231995217,43.8689002178612,68.2541829894355,1,1,0,1,46.2323627471924,"bootstrap",46.7089700698853,NA
257,"rf","two_stage","m1",586,37.3427852189982,-12.6572147810018,NA,NA,6.00115889025398,-6.19147289413447,43.5342581131326,25.580729928598,49.1048405093983,31.7722028227325,55.2963134035328,0,1,1,1,44.9356110095978,"bootstrap",45.4341647624969,NA
258,"rf","two_stage","m1",587,45.6463642813381,-4.35363571866192,NA,NA,5.92749464944018,-5.86557124663788,51.511935527976,34.0286882498815,57.2640403127947,39.8942594965193,63.1296115594326,1,1,0,1,44.3982591629028,"bootstrap",44.8635103702545,NA
259,"rf","two_stage","m1",626,61.2215948252023,11.2215948252023,NA,NA,6.02292380191456,-4.51497236711212,65.7365671923145,49.4168810918207,73.0263085585839,53.9318534589329,77.541280925696,1,0,0,1,47.628915309906,"bootstrap",48.1198153495789,NA
260,"rf","two_stage","m1",611,55.3061025100078,5.30610251000783,NA,NA,7.60666834630545,-4.55654378468793,59.8626462946958,40.3973065089083,70.2148985111074,44.9538502935962,74.7714422957953,1,1,0,1,46.2431757450104,"bootstrap",46.7211372852325,NA
261,"rf","two_stage","m1",595,49.5073414638936,-0.492658536106418,NA,NA,6.91147254505712,-4.38219030644799,53.8895317703416,35.9611041954442,63.0535787323429,40.3432945018922,67.4357690387909,1,1,0,1,45.7322356700897,"bootstrap",46.2113516330719,NA
262,"rf","two_stage","m1",632,56.0615635289731,6.06156352897307,NA,NA,6.28655715153446,-4.11281596900962,60.1743794979827,43.7401379252128,68.3829891327333,47.8529538942224,72.4958051017429,1,1,0,1,47.4004602432251,"bootstrap",47.8914937973022,NA
263,"rf","two_stage","m1",631,46.6352354467886,-3.36476455321144,NA,NA,5.88358689823691,-4.24139782477952,50.8766332715681,35.1036170263325,58.1668538672446,39.345014851112,62.4082516920242,1,1,0,1,47.1711275577545,"bootstrap",47.6542174816132,NA
264,"rf","two_stage","m1",616,55.552796171337,5.55279617133699,NA,NA,6.81448445877032,-7.0185850783469,62.5713812496839,42.1966520589392,68.9089402837347,49.2152371372861,75.9275253620816,1,1,0,1,46.1781742572784,"bootstrap",46.6538991928101,NA
265,"rf","two_stage","m1",615,54.1773449015081,4.17734490150808,NA,NA,6.35256839665691,-4.98962742860863,59.1669723301167,41.7265396347332,66.628150168283,46.7161670633418,71.6177775968916,1,1,0,1,46.3970830440521,"bootstrap",46.8877739906311,NA
266,"rf","two_stage","m1",599,58.6862133053219,8.68621330532186,NA,NA,6.95964295077477,-5.68787629497229,64.3740896002942,45.0455637765453,72.3268628340985,50.7334400715175,78.0147391290708,1,0,0,1,46.2342789173126,"bootstrap",46.6994442939758,NA
267,"rf","two_stage","m1",607,50.6889221206008,0.688922120600758,NA,NA,6.07147486259798,-5.26390097510498,55.9528230957057,38.7890500568684,62.5887941843331,44.0529510319734,67.852695159438,1,1,0,1,46.4205827713013,"bootstrap",46.8701560497284,NA
268,"rf","two_stage","m1",575,59.4209862672686,9.42098626726864,NA,NA,8.1123215009225,-11.3002690246907,70.7212552919594,43.5211282944506,75.3208442400866,54.8213973191413,86.6211132647774,1,0,0,1,43.8955435752869,"bootstrap",44.3500244617462,NA
269,"rf","two_stage","m1",584,61.4272545223473,11.4272545223473,NA,NA,8.28055494535651,-7.77374899550658,69.2010035178538,45.1976650574435,77.6568439872511,52.9714140529501,85.4305929827576,1,0,0,1,44.8244109153748,"bootstrap",45.2824561595917,NA
270,"rf","two_stage","m1",630,43.7499298971925,-6.25007010280755,NA,NA,5.92256230812718,-5.62075848342643,49.3706883806189,32.1419210770688,55.3579387173161,37.7626795604952,60.9786972007426,1,1,0,1,47.2968406677246,"bootstrap",47.7525062561035,NA
271,"rf","two_stage","m1",622,52.8072591917807,2.80725919178069,NA,NA,6.33193296118448,-5.37123544177622,58.1784946335569,40.3968986353371,65.2176197482243,45.7681340771133,70.5888551900005,1,1,0,1,46.4262180328369,"bootstrap",46.8619067668915,NA
272,"rf","two_stage","m1",608,52.3470043442938,2.34700434429384,NA,NA,5.61449208401602,-7.47972410647449,59.8267284507683,41.3428020681372,63.3512066204505,48.8225261746117,70.830930726925,1,1,0,1,46.6297428607941,"bootstrap",47.0925648212433,NA
273,"rf","two_stage","m1",603,48.8795721433902,-1.12042785660978,NA,NA,7.59903421044609,-5.74606374057207,54.6256358839623,33.9857387736281,63.7734055131523,39.7318025142002,69.5194692537244,1,1,0,1,45.5280270576477,"bootstrap",45.9968023300171,NA
274,"rf","two_stage","m1",618,53.2487379633001,3.24873796330012,NA,NA,7.0293681936637,-7.50940792599803,60.7581458892981,39.4714294696479,67.0260464569523,46.9808373956459,74.5354543829504,1,1,0,1,47.0754656791687,"bootstrap",47.5468513965607,NA
275,"rf","two_stage","m1",612,58.5276604928695,8.52766049286945,NA,NA,5.46580531259985,-5.06880400788324,63.5964645007527,47.8148789336661,69.2404420520729,52.8836829415493,74.3092460599561,1,0,0,1,46.3351762294769,"bootstrap",46.8111503124237,NA
276,"rf","two_stage","m1",605,73.4892972307523,23.4892972307523,NA,NA,6.41060027124338,-7.31631051959356,80.8056077503459,60.9247515798326,86.053842881672,68.2410620994262,93.3701534012656,0,0,1,1,45.4985241889954,"bootstrap",45.9530999660492,NA
277,"rf","two_stage","m1",613,55.2416228035482,5.24162280354825,NA,NA,5.82320146942319,-6.67269610217132,61.9143189057196,43.8283576487581,66.6548879583384,50.5010537509294,73.3275840605097,1,0,0,1,46.3425307273865,"bootstrap",46.851352930069,NA
278,"rf","two_stage","m1",593,49.3799521380695,-0.62004786193053,NA,NA,5.96830690890797,-7.79744401361224,57.1773961516817,37.6822855479283,61.0776187282107,45.4797295615405,68.8750627418229,1,1,0,1,45.3626580238342,"bootstrap",45.8337953090668,NA
279,"rf","two_stage","m1",635,39.0244495086836,-10.9755504913164,NA,NA,4.95187708166238,-6.6321284076605,45.6565779163441,29.3189487727561,48.7299502446112,35.9510771804166,55.3620786522717,0,1,1,1,47.5690004825592,"bootstrap",48.0869972705841,NA
280,"rf","two_stage","m1",601,45.3775432014422,-4.62245679855778,NA,NA,6.98545647377612,-7.74548481771352,53.1230280191557,31.6863000972689,59.0687863056156,39.4317849149824,66.8142711233291,1,1,0,1,45.882063627243,"bootstrap",46.3486487865448,NA
281,"rf","two_stage","m1",601,60.2739556646748,10.2739556646748,NA,NA,7.13964559128536,-5.18637357172616,65.4603292364009,46.2805074433753,74.2674038859742,51.4668810151015,79.4537774577004,1,0,0,1,45.8844079971313,"bootstrap",46.3900594711304,NA
282,"rf","two_stage","m1",621,59.4732401178055,9.47324011780553,NA,NA,5.95121821466057,-5.09219632540006,64.5654364432056,47.8090667529321,71.137413482679,52.9012630783321,76.2296098080791,1,0,0,1,46.3347103595734,"bootstrap",46.8207166194916,NA
283,"rf","two_stage","m1",603,46.4404185093766,-3.55958149062342,NA,NA,6.30607499613201,-5.65160231935429,52.0920208287309,34.0807386331493,58.8000983856039,39.7323409525036,64.4517007049582,1,1,0,1,45.7784743309021,"bootstrap",46.2869188785553,NA
284,"rf","two_stage","m1",599,51.6356078410289,1.63560784102887,NA,NA,6.62138971328829,-6.07999743470086,57.7156052757297,38.6579224753798,64.6132932066779,44.7379199100807,70.6932906413788,1,1,0,1,45.5255901813507,"bootstrap",45.9626655578613,NA
285,"rf","two_stage","m1",633,53.4304131173962,3.4304131173962,NA,NA,6.19070238501893,-2.92147975099249,56.3518928683887,41.2968594037529,65.5639668310395,44.2183391547454,68.485446582032,1,1,0,1,46.8811407089233,"bootstrap",47.3835997581482,NA
286,"rf","two_stage","m1",601,47.0287737695423,-2.9712262304577,NA,NA,7.31025112140462,-6.45434299696189,53.4831167665042,32.7009448536457,61.3566026854389,39.1552878506076,67.8109456824008,1,1,0,1,46.3014070987701,"bootstrap",46.7915561199188,NA
287,"rf","two_stage","m1",620,56.9740342183406,6.97403421834059,NA,NA,7.44140490074513,-10.7178279755125,67.6918621938531,42.3891486185003,71.5589198181809,53.1069765940128,82.2767477936934,1,0,0,1,46.8505325317383,"bootstrap",47.3608996868134,NA
288,"rf","two_stage","m1",593,59.8357347872139,9.83573478721385,NA,NA,7.28802243356908,-7.51742705143244,67.3531618386463,45.5514732988985,74.1199962755292,53.0689003503309,81.6374233269616,1,0,0,1,45.5627858638763,"bootstrap",46.0364077091217,NA
289,"rf","two_stage","m1",594,48.8495014821119,-1.15049851788807,NA,NA,7.68151527245733,-8.1874541382751,57.036955620387,33.7940082014012,63.9049947628227,41.9814623396763,72.0924489010978,1,1,0,1,45.4253044128418,"bootstrap",45.8707196712494,NA
290,"rf","two_stage","m1",591,61.8137853224218,11.8137853224218,NA,NA,6.41178480458349,-4.97330589359719,66.787091216019,49.246918028817,74.3806526160266,54.2202239224142,79.3539585096238,1,0,0,1,45.1369318962097,"bootstrap",45.6282668113708,NA
291,"rf","two_stage","m1",623,61.8224071856756,11.8224071856756,NA,NA,6.62336062889442,-4.71188243075368,66.5342896164293,48.840858896422,74.8039554749292,53.5527413271757,79.5158379056829,1,0,0,1,46.8913469314575,"bootstrap",47.3739538192749,NA
292,"rf","two_stage","m1",605,57.0035471269452,7.0035471269452,NA,NA,7.63761896696913,-8.42454028206376,65.428087409009,42.0340890240457,71.9730052298447,50.4586293061095,80.3975455119084,1,0,0,1,45.8826122283936,"bootstrap",46.3515284061432,NA
293,"rf","two_stage","m1",632,58.295057692587,8.29505769258697,NA,NA,7.04654310561991,-6.86205849232817,65.1571161849151,44.4840869900629,72.106028395111,51.3461454823911,78.9680868874392,1,0,0,1,46.8929092884064,"bootstrap",47.3929715156555,NA
294,"rf","two_stage","m1",589,40.9786762402996,-9.02132375970038,NA,NA,6.48074705892597,-7.88148231096689,48.8601585512665,28.2766454118908,53.6807070687084,36.1581277228577,61.5621893796753,1,1,0,1,44.8317654132843,"bootstrap",45.3045597076416,NA
295,"rf","two_stage","m1",615,52.018171860553,2.01817186055301,NA,NA,6.59408048271577,-5.25698370448359,57.2751555650366,39.0940116032716,64.9423321178344,44.3509953077552,70.199315822318,1,1,0,1,46.0304367542267,"bootstrap",46.5124876499176,NA
296,"rf","two_stage","m1",600,70.220515584845,20.220515584845,NA,NA,9.72017485931827,-7.92927155078729,78.1497871356323,51.1693229371495,89.2717082325405,59.0985944879368,97.2009797833278,0,0,1,1,45.8257598876953,"bootstrap",46.3022210597992,NA
297,"rf","two_stage","m1",593,56.4688574508418,6.46885745084182,NA,NA,6.69476825770293,-10.0424467943518,66.5113042451936,43.3473527809021,69.5903621207815,53.3897995752539,79.6328089151333,1,0,0,1,45.5069208145142,"bootstrap",45.9792618751526,NA
298,"rf","two_stage","m1",614,47.4390470066105,-2.5609529933895,NA,NA,6.69945531743578,-8.70039504885951,56.13944205547,34.308355868401,60.56973814482,43.0087509172605,69.2701331936795,1,1,0,1,46.076295375824,"bootstrap",46.5528495311737,NA
299,"rf","two_stage","m1",588,50.348330004325,0.348330004324978,NA,NA,7.84683190471361,-6.10292114798958,56.4512511523146,34.9688220783465,65.7278379303035,41.0717432263361,71.8307590782931,1,1,0,1,45.0352745056152,"bootstrap",45.5205972194672,NA
300,"rf","two_stage","m1",610,61.8665975413204,11.8665975413204,NA,NA,7.76956153476563,-7.33354099352412,69.2001385348445,46.638536757512,77.0946583251287,53.9720777510361,84.4281993186529,1,0,0,1,45.698299407959,"bootstrap",46.1828939914703,NA
301,"rf","two_stage","m1",617,58.2561180847845,8.25611808478445,NA,NA,6.37843862632198,-3.58983510308283,61.8459531878673,45.7546080995942,70.7576280699747,49.3444432026771,74.3474631730575,1,1,0,1,46.288444519043,"bootstrap",46.765287399292,NA
302,"rf","two_stage","m1",630,58.609295426469,8.60929542646897,NA,NA,5.70755959893826,-4.80470022582902,63.413995652298,47.4226841729341,69.7959066800038,52.2273843987631,74.6006069058329,1,0,0,1,46.9630556106567,"bootstrap",47.4505798816681,NA
303,"rf","two_stage","m1",625,58.3320610589567,8.33206105895667,NA,NA,6.94150907896014,-7.09176423719779,65.4238252961545,44.726953265837,71.9371688520763,51.8187175030348,79.0289330892741,1,0,0,1,46.9138200283051,"bootstrap",47.4185981750488,NA
304,"rf","two_stage","m1",603,64.8179123032622,14.8179123032622,NA,NA,8.63794742877317,-6.4599274140684,71.2778397173306,47.8878464425164,81.7479781640079,54.3477738565848,88.2079055780763,1,0,0,1,45.715213060379,"bootstrap",46.1890325546265,NA
305,"rf","two_stage","m1",599,51.9640678489228,1.96406784892282,NA,NA,7.45994835182575,-7.98018627898642,59.9442541279092,37.3428377528154,66.5852979450302,45.3230240318019,74.5654842240166,1,1,0,1,45.5965027809143,"bootstrap",46.0275974273682,NA
306,"rf","two_stage","m1",601,46.695407417366,-3.30459258263396,NA,NA,6.12976210328095,-6.58063384843477,53.2760412658008,34.6812944611369,58.7095203735952,41.2619283095717,65.29015422203,1,1,0,1,46.039318561554,"bootstrap",46.5189163684845,NA
307,"rf","two_stage","m1",579,51.7603822622845,1.76038226228454,NA,NA,5.74753564594192,-5.31410373314869,57.0744859954332,40.4954193963782,63.0253451281908,45.8095231295269,68.3394488613395,1,1,0,1,44.6564409732819,"bootstrap",45.1132798194885,NA
308,"rf","two_stage","m1",596,67.7544135868172,17.7544135868172,NA,NA,7.09594310718532,-9.31176153269013,77.0661751195073,53.8466206603887,81.6622065132456,63.1583821930788,90.9739680459358,0,0,1,1,45.1068081855774,"bootstrap",45.5990979671478,NA
309,"rf","two_stage","m1",614,47.7461426689794,-2.25385733102056,NA,NA,5.82223019447314,-9.12272179330017,56.8688644622796,36.3347811781104,59.1575041598484,45.4575029714106,68.2802259531486,1,1,0,1,46.3367931842804,"bootstrap",46.8163778781891,NA
310,"rf","two_stage","m1",627,53.6023667816169,3.60236678161687,NA,NA,5.99054465698917,-4.73787590417617,58.340242685793,41.8611150061393,65.3436185570945,46.5989909103154,70.0814944612707,1,1,0,1,47.0595533847809,"bootstrap",47.5293159484863,NA
311,"rf","two_stage","m1",603,54.0051928937416,4.00519289374157,NA,NA,6.08777030794885,-7.7631466583796,61.7683395521212,42.0733823440095,65.9370034434736,49.8365290023891,73.7001501018532,1,1,0,1,45.2620940208435,"bootstrap",45.7507557868958,NA
312,"rf","two_stage","m1",629,51.7362539485547,1.73625394855473,NA,NA,7.79413236513056,-6.10073355570226,57.836987504257,36.4600352221608,67.0124726749486,42.5607687778631,73.1132062306509,1,1,0,1,46.2249190807343,"bootstrap",46.7378425598145,NA
313,"rf","two_stage","m1",605,59.8920260885812,9.89202608858122,NA,NA,6.28043575563518,-6.61655635586833,66.5085824444495,47.5825982003187,72.2014539768438,54.199154556187,78.8180103327121,1,0,0,1,44.8115198612213,"bootstrap",45.3028528690338,NA
314,"rf","two_stage","m1",609,46.887352615191,-3.11264738480896,NA,NA,5.47985784657167,-3.89722195426303,50.7845745694541,36.1470285955114,57.6276766348707,40.0442505497744,61.5248985891338,1,1,0,1,45.293274641037,"bootstrap",45.7444107532501,NA
315,"rf","two_stage","m1",627,65.8853097711466,15.8853097711466,NA,NA,7.17898234828928,-6.26911599206709,72.1544257632137,51.8147629228508,79.9558566194424,58.0838789149179,86.2249726115095,0,0,1,1,45.3968577384949,"bootstrap",45.8967020511627,NA
316,"rf","two_stage","m1",608,46.8467775959378,-3.1532224040622,NA,NA,5.16609730379221,-5.77086101028957,52.6176386062274,36.7214129398756,56.972142252,42.4922739501652,62.7430032622896,1,1,0,1,44.6333675384521,"bootstrap",45.1020991802216,NA
317,"rf","two_stage","m1",611,58.8383033209894,8.83830332098939,NA,NA,7.4848579999764,-5.54451787914136,64.3828212001307,44.1682512116392,73.5083554303396,49.7127690907805,79.052873309481,1,1,0,1,44.9849104881287,"bootstrap",45.4505517482758,NA
318,"rf","two_stage","m1",605,50.7471860581691,0.747186058169071,NA,NA,7.09241160960165,-8.28022331049092,59.02740936866,36.8463147398161,64.6480573765221,45.126538050307,72.928280687013,1,1,0,1,44.834269285202,"bootstrap",45.3158087730408,NA
319,"rf","two_stage","m1",602,56.8037657543066,6.80376575430657,NA,NA,6.95370155021189,-6.7813150493684,63.585080803675,43.1747611566509,70.4327703519622,49.9560762060193,77.2140854013306,1,1,0,1,44.6924359798431,"bootstrap",45.1621468067169,NA
320,"rf","two_stage","m1",617,53.5661610664303,3.5661610664303,NA,NA,6.63408720874119,-5.49833355891509,59.0644946253454,40.5635890669997,66.5687330658609,46.0619226259148,72.067066624776,1,1,0,1,45.5634195804596,"bootstrap",46.0616793632507,NA
321,"rf","two_stage","m1",595,66.2006678789728,16.2006678789728,NA,NA,6.7053334518982,-4.21988011204557,70.4205479910184,53.0584558089207,79.3428799490249,57.2783359209663,83.5627600610705,0,0,1,1,44.6920154094696,"bootstrap",45.1424448490143,NA
322,"rf","two_stage","m1",607,62.5056847491331,12.5056847491331,NA,NA,7.56216030681784,-7.48341360525762,69.9890983543907,47.6841229024518,77.3272465958144,55.1675365077094,84.810660201072,1,0,0,1,45.3394286632538,"bootstrap",45.7855432033539,NA
323,"rf","two_stage","m1",608,63.811684363707,13.811684363707,NA,NA,6.72162957622539,-4.41225481096434,68.2239391746713,50.637532476886,76.985836250528,55.0497872878504,81.3980910614923,0,0,1,1,45.4997835159302,"bootstrap",45.990184545517,NA
324,"rf","two_stage","m1",618,52.8110020346228,2.81100203462278,NA,NA,6.18759284911379,-5.08807473493592,57.8990767695587,40.6835428993622,64.9384611698834,45.7716176342981,70.0265359048193,1,1,0,1,46.169440984726,"bootstrap",46.6077547073364,NA
325,"rf","two_stage","m1",615,59.6701839002129,9.6701839002129,NA,NA,6.0548236214236,-8.67998758290119,68.3501714831141,47.8029476694803,71.5374201309455,56.4829352523815,80.2174077138467,1,0,0,1,45.8314747810364,"bootstrap",46.2844121456146,NA
326,"rf","two_stage","m1",588,66.5794964374265,16.5794964374265,NA,NA,8.09409549600277,-8.88530431366419,75.4648007510907,50.7153607778332,82.4436320970198,59.6006650914974,91.328936410684,0,0,1,1,44.6610379219055,"bootstrap",45.1085052490234,NA
327,"rf","two_stage","m1",624,64.2823561330518,14.2823561330518,NA,NA,6.61723760512724,-3.17059415268314,67.4529502857349,51.3128087498583,77.2519035162452,54.4834029025415,80.4224976689284,0,0,1,1,46.4393043518066,"bootstrap",46.8745136260986,NA
328,"rf","two_stage","m1",626,47.5971541835272,-2.40284581647285,NA,NA,6.06363525866529,-7.50260131507688,55.099755498604,35.712647461156,59.4816609058983,43.2152487762329,66.9842622209752,1,1,0,1,45.4499561786652,"bootstrap",45.9019827842712,NA
329,"rf","two_stage","m1",608,42.5633606735614,-7.43663932643859,NA,NA,5.39422057300904,-6.99744095071676,49.5608016242782,31.9908826257987,53.1358387213241,38.9883235765154,60.1332796720409,1,1,0,1,46.3374629020691,"bootstrap",46.819052696228,NA
330,"rf","two_stage","m1",586,47.9512424407194,-2.04875755928065,NA,NA,6.82630948563633,-7.57227710250678,55.5235195432261,34.571921701548,61.3305631798907,42.1441988040548,68.9028402823975,1,1,0,1,44.1387844085693,"bootstrap",44.615496635437,NA
331,"rf","two_stage","m1",605,45.8568225153956,-4.14317748460438,NA,NA,5.45194420294247,-5.20756561361297,51.0643881290086,35.1712082319065,56.5424367988848,40.3787738455194,61.7500024124978,1,1,0,1,45.8569293022156,"bootstrap",46.3457717895508,NA
332,"rf","two_stage","m1",629,54.1755669497954,4.17556694979537,NA,NA,7.08997208546574,-7.40894094205483,61.5845078918502,40.2794770108882,68.0716568887026,47.688417952943,75.4805978307574,1,1,0,1,47.8517074584961,"bootstrap",48.3682684898376,NA
333,"rf","two_stage","m1",620,49.1281088404547,-0.871891159545285,NA,NA,5.93995970133658,-4.23339087223712,53.3614997126918,37.4860017562157,60.7702159246937,41.7193926284528,65.0036067969308,1,1,0,1,46.7190663814545,"bootstrap",47.1750202178955,NA
334,"rf","two_stage","m1",587,62.0893278547448,12.0893278547448,NA,NA,6.9605361595225,-4.25016645433193,66.3394943090767,48.446927668992,75.7317280404976,52.6970941233239,79.9818944948296,1,0,0,1,44.8438899517059,"bootstrap",45.3167617321014,NA
335,"rf","two_stage","m1",617,50.4414850843676,0.441485084367606,NA,NA,6.89307691140284,-1.05689392980839,51.498379014176,36.9313025953535,63.9516675733818,37.9881965251618,65.0085615031902,1,1,0,1,47.3437535762787,"bootstrap",47.8228762149811,NA
336,"rf","two_stage","m1",632,62.8148330171313,12.8148330171313,NA,NA,6.46232647951323,-9.56348314562121,72.3783161627525,50.1489058609459,75.4807601733168,59.7123890065671,85.044243318938,0,0,1,1,46.9627847671509,"bootstrap",47.4507915973663,NA
337,"rf","two_stage","m1",603,53.3430362904562,3.3430362904562,NA,NA,7.07826105253525,-9.23198736601729,62.5750236564735,39.4698995543145,67.2161730265979,48.7018869203318,76.4481603926152,1,1,0,1,45.9450538158417,"bootstrap",46.3851532936096,NA
338,"rf","two_stage","m1",609,48.6956113704652,-1.30438862953476,NA,NA,5.93775690397327,-6.94238912510612,55.6380004955714,37.0578216897236,60.3334010512069,44.0002108148297,67.275790176313,1,1,0,1,46.2068059444427,"bootstrap",46.7036986351013,NA
339,"rf","two_stage","m1",624,52.1050790518725,2.10507905187252,NA,NA,6.41127955860046,-6.42635400470112,58.5314330565736,39.5392020221978,64.6709560815473,45.9655560268989,71.0973100862484,1,1,0,1,46.2866306304932,"bootstrap",46.7759916782379,NA
340,"rf","two_stage","m1",643,57.3622698612962,7.36226986129625,NA,NA,7.74219942610683,-6.39299913446208,63.7552689957583,42.1878378250002,72.5367018975923,48.5808369594623,78.9297010320544,1,1,0,1,48.3749964237213,"bootstrap",48.843142747879,NA
341,"rf","two_stage","m1",620,52.0955067606024,2.09550676060243,NA,NA,7.27113767925122,-8.18676510478956,60.282271865392,37.8443387826379,66.346674738567,46.0311038874274,74.5334398433565,1,1,0,1,47.2947297096252,"bootstrap",47.7931308746338,NA
342,"rf","two_stage","m1",599,45.844666292578,-4.15533370742202,NA,NA,6.25498115992665,-8.5064061740843,54.3510724666623,33.5851284951452,58.1042040900108,42.0915346692295,66.6106102640951,1,1,0,1,45.5012600421906,"bootstrap",45.9969508647919,NA
343,"rf","two_stage","m1",601,55.3135702300487,5.31357023004875,NA,NA,6.22398836589561,-5.95792817489744,61.2714984049462,43.114777192697,67.5123632674004,49.0727053675945,73.4702914422979,1,1,0,1,45.1313374042511,"bootstrap",45.5659639835358,NA
344,"rf","two_stage","m1",599,52.303609414545,2.30360941454497,NA,NA,6.70484503841186,-5.47367001591547,57.7772794304604,39.1623546173356,65.4448642117543,44.6360246332511,70.9185342276698,1,1,0,1,45.440288066864,"bootstrap",45.9176223278046,NA
345,"rf","two_stage","m1",600,56.8500794673555,6.85007946735555,NA,NA,6.54529652286674,-7.62793685134898,64.4780163187045,44.0215340144015,69.6786249203096,51.6494708657505,77.3065617716586,1,0,0,1,45.4826545715332,"bootstrap",45.9381959438324,NA
346,"rf","two_stage","m1",602,55.9844783488413,5.9844783488413,NA,NA,6.95304461380251,-9.89168865908992,65.8761670079312,42.3567613228882,69.6121953747944,52.2484499819781,79.5038840338843,1,0,0,1,45.4138524532318,"bootstrap",45.8934948444366,NA
347,"rf","two_stage","m1",606,62.0569176015053,12.0569176015053,NA,NA,6.44373705974179,-6.48974036946313,68.5466579709684,49.4274250385653,74.6864101644452,55.9171654080285,81.1761505339083,1,0,0,1,45.5624048709869,"bootstrap",46.0242419242859,NA
348,"rf","two_stage","m1",609,49.0414100198256,-0.958589980174416,NA,NA,6.37168886244851,-6.11498160764264,55.1563916274682,36.5531293287315,61.5296907109196,42.6681109363742,67.6446723185623,1,1,0,1,46.2843499183655,"bootstrap",46.7572302818298,NA
349,"rf","two_stage","m1",612,53.7805008515011,3.78050085150107,NA,NA,7.00194617014881,-3.34014901310361,57.1206498646047,40.0569385363212,67.5040631666809,43.3970875494249,70.8442121797845,1,1,0,1,46.3270084857941,"bootstrap",46.8172123432159,NA
350,"rf","two_stage","m1",620,45.8819915756873,-4.11800842431267,NA,NA,4.90124997478364,-5.559875145358,51.4418667210453,36.2757181458836,55.4882650054911,41.8355932912416,61.0481401508491,1,1,0,1,45.9562208652496,"bootstrap",46.4650297164917,NA
351,"rf","two_stage","m1",595,49.5069940723568,-0.493005927643196,NA,NA,6.21841605994178,-6.20137634464554,55.7083704170023,37.3191225539855,61.6948655907281,43.520498898631,67.8962419353737,1,1,0,1,45.0915744304657,"bootstrap",45.5918810367584,NA
352,"rf","two_stage","m1",605,64.1124951605411,14.1124951605411,NA,NA,6.60849433368292,-7.96583197754617,72.0783271380872,51.1600842744855,77.0649060465966,59.1259162520317,85.0307380241428,0,0,1,1,45.4961121082306,"bootstrap",45.9627878665924,NA
353,"rf","two_stage","m1",629,53.2615444686558,3.26154446865583,NA,NA,7.11642128074395,-8.87012765116768,62.1316721198235,39.3136150595833,67.2094738777284,48.183742710751,76.0796015288961,1,1,0,1,47.0660877227783,"bootstrap",47.552898645401,NA
354,"rf","two_stage","m1",611,46.7445057103337,-3.25549428966632,NA,NA,6.4101702015709,-10.3551377275172,57.0996434378509,34.1808029804829,59.3082084401845,44.5359407080001,69.6633461677017,1,1,0,1,45.9068524837494,"bootstrap",46.4030158519745,NA
355,"rf","two_stage","m1",622,54.8187423144322,4.81874231443219,NA,NA,5.58918828361763,-4.44406905570701,59.2628113701392,43.8641345757284,65.773350053136,48.3082036314354,70.217419108843,1,1,0,1,47.1392841339111,"bootstrap",47.6073732376099,NA
356,"rf","two_stage","m1",596,54.1414914335811,4.14149143358111,NA,NA,6.22040328627195,-3.94448268396537,58.0859741175465,41.9497250231735,66.3332578439887,45.8942077071389,70.2777405279541,1,1,0,1,45.8164188861847,"bootstrap",46.2860155105591,NA
357,"rf","two_stage","m1",611,71.336673744434,21.336673744434,NA,NA,7.25166556648877,-6.10247458729729,77.4391483317312,57.1236704061867,85.5496770826812,63.226144993484,91.6521516699785,0,0,1,1,46.2586438655853,"bootstrap",46.7330050468445,NA
358,"rf","two_stage","m1",611,60.5932329623644,10.5932329623644,NA,NA,6.8568122927074,-5.07060462786472,65.6638375902291,47.1541278199063,74.0323381048224,52.2247324477711,79.1029427326871,1,0,0,1,46.1065182685852,"bootstrap",46.6043148040771,NA
359,"rf","two_stage","m1",610,53.7023128376078,3.70231283760781,NA,NA,6.53880280873322,-7.49368965101277,61.1960024886206,40.8864948304814,66.5181308447343,48.3801844814941,74.011820495747,1,1,0,1,45.6786873340607,"bootstrap",46.1584401130676,NA
360,"rf","two_stage","m1",630,66.9649191571361,16.9649191571361,NA,NA,7.00287326313903,-7.64389009060383,74.60880924774,53.2395397730852,80.6902985411871,60.883429863689,88.334188631791,0,0,1,1,47.1337866783142,"bootstrap",47.6337249279022,NA
361,"rf","two_stage","m1",616,47.5711310873118,-2.42886891268818,NA,NA,6.79645944380958,-5.58514081024736,53.1562718975592,34.2503153550579,60.8919468195657,39.8354561653053,66.4770876298131,1,1,0,1,46.1273970603943,"bootstrap",46.6527252197266,NA
362,"rf","two_stage","m1",629,49.6626724145158,-0.337327585484182,NA,NA,6.24380703567063,-4.35146262506051,54.0141350395763,37.4250354981836,61.900309330848,41.7764981232441,66.2517719559086,1,1,0,1,46.9760038852692,"bootstrap",47.4306769371033,NA
363,"rf","two_stage","m1",617,41.0546100611536,-8.9453899388464,NA,NA,5.4689831522647,-4.49731319471151,45.5519232558651,30.3356000506585,51.7736200716487,34.83291324537,56.2709332663602,1,1,0,1,45.9377288818359,"bootstrap",46.4379858970642,NA
364,"rf","two_stage","m1",586,63.4071292617603,13.4071292617603,NA,NA,7.01703684773419,-7.21774891272087,70.6248781744812,49.6539897620109,77.1602687615098,56.8717386747317,84.3780176742307,1,0,0,1,44.9802117347717,"bootstrap",45.4054043292999,NA
365,"rf","two_stage","m1",574,52.5533896168993,2.55338961689927,NA,NA,6.68676422338561,-6.45073820835537,59.0041278252546,39.4475725659525,65.659206667846,45.8983107743079,72.1099448762014,1,1,0,1,44.5851392745972,"bootstrap",45.054624080658,NA
366,"rf","two_stage","m1",622,55.018853560902,5.01885356090204,NA,NA,6.15228654844283,-4.97108596308332,59.9899395239854,42.9605935033839,67.0771136184202,47.9316794664672,72.0481995815036,1,1,0,1,47.0840356349945,"bootstrap",47.5665197372437,NA
367,"rf","two_stage","m1",621,57.5957280582595,7.59572805825953,NA,NA,6.79736773081147,-5.63308949402204,63.2288175522816,44.2731321161943,70.9183240003248,49.9062216102163,76.5514134943468,1,1,0,1,46.2651827335358,"bootstrap",46.7261879444122,NA
368,"rf","two_stage","m1",590,47.8362912480545,-2.16370875194553,NA,NA,6.35786307773945,-6.34865760391488,54.1849488519693,35.3751085970482,60.2974738990608,41.723766200963,66.6461315029756,1,1,0,1,45.0153431892395,"bootstrap",45.4861581325531,NA
369,"rf","two_stage","m1",605,48.6755445028118,-1.32445549718819,NA,NA,6.99087112279527,-7.12359971205582,55.7991442148676,34.973688881572,62.3774001240516,42.0972885936278,69.5009998361074,1,1,0,1,45.9035067558289,"bootstrap",46.4158041477203,NA
370,"rf","two_stage","m1",578,64.7029810952884,14.7029810952884,NA,NA,7.56770357367256,-7.46496515714753,72.167946252436,49.8705546452152,79.5354075453617,57.3355198023627,87.0003727025092,1,0,0,1,44.1026477813721,"bootstrap",44.5714082717896,NA
371,"rf","two_stage","m1",572,55.0996395365497,5.09963953654967,NA,NA,7.42352194237994,-6.77681815505287,61.8764576916025,40.5498038910422,69.6494751820572,47.326622046095,76.4262933371101,1,1,0,1,44.2479939460754,"bootstrap",44.7160522937775,NA
372,"rf","two_stage","m1",592,58.4926366882005,8.49263668820048,NA,NA,7.920487345998,-8.99472306246933,67.4873597506698,42.9687667500392,74.0165066263618,51.9634898125085,83.0112296888311,1,0,0,1,44.7886364459991,"bootstrap",45.2788045406342,NA
373,"rf","two_stage","m1",610,42.704495421339,-7.29550457866096,NA,NA,5.93743212757918,-6.34144670432295,49.045942125662,31.0673422906328,54.3416485520453,37.4087889949558,60.6830952563682,1,1,0,1,45.3707182407379,"bootstrap",45.8493297100067,NA
374,"rf","two_stage","m1",605,53.7865817968392,3.78658179683924,NA,NA,7.25376821488729,-7.97715683411367,61.7637386309529,39.5694573434588,68.0037062502197,47.5466141775724,75.9808630843334,1,1,0,1,46.0556819438934,"bootstrap",46.5367515087128,NA
375,"rf","two_stage","m1",603,52.856029969239,2.85602996923896,NA,NA,6.79177950873744,-4.72918307175753,57.5852130409965,39.5443867411764,66.1676731973015,44.273569812934,70.896856269059,1,1,0,1,45.491527557373,"bootstrap",45.9604361057281,NA
376,"rf","two_stage","m1",618,57.5527254086105,7.55272540861055,NA,NA,5.7456387195169,-5.02604053748732,62.5787659460979,46.2914804501786,68.8139703670425,51.3175209876659,73.8400109045298,1,0,0,1,46.197772026062,"bootstrap",46.6710031032562,NA
377,"rf","two_stage","m1",595,54.1593236449945,4.15932364499449,NA,NA,6.09799711975522,-6.10516843462921,60.2644920796237,42.2074689124453,66.1111783775437,48.3126373470745,72.2163468121729,1,1,0,1,44.911191701889,"bootstrap",45.3750021457672,NA
378,"rf","two_stage","m1",599,55.7883504098352,5.78835040983515,NA,NA,7.59197144273878,-11.0088582123749,66.79720862221,40.9083598104106,70.6683410092597,51.9172180227854,81.6771992216346,1,0,0,1,45.7371945381165,"bootstrap",46.2424118518829,NA
379,"rf","two_stage","m1",593,57.9214210525081,7.9214210525081,NA,NA,7.6038795200809,-6.95970569033894,64.881126742847,43.0180910503678,72.8247510546484,49.9777967407068,79.7844567449873,1,1,0,1,45.2458655834198,"bootstrap",45.7365548610687,NA
380,"rf","two_stage","m1",616,52.253730173778,2.25373017377795,NA,NA,7.45476639437322,-8.48131874703252,60.7350489208105,37.6426565276469,66.864803819909,46.1239752746795,75.3461225669415,1,1,0,1,46.3602488040924,"bootstrap",46.8490843772888,NA
381,"rf","two_stage","m1",640,55.6081668204286,5.60816682042859,NA,NA,6.76741142622146,-6.55390751842607,62.1620743388547,42.3442841564697,68.8720494843875,48.8981916748958,75.4259570028136,1,1,0,1,47.5463387966156,"bootstrap",48.0386776924133,NA
382,"rf","two_stage","m1",643,47.2451435925673,-2.75485640743271,NA,NA,5.56030318779806,-5.19009465203715,52.4352382446044,36.3471496013598,58.1431375837747,41.537244253397,63.3332322358119,1,1,0,1,47.9903130531311,"bootstrap",48.4530191421509,NA
383,"rf","two_stage","m1",626,50.2569555477982,0.256955547798185,NA,NA,5.7846731243218,-5.83844514002246,56.0954006878206,38.9192045617907,61.5947065338057,44.7576497018131,67.4331516738282,1,1,0,1,46.9577181339264,"bootstrap",47.4627480506897,NA
384,"rf","two_stage","m1",605,54.7126813301857,4.71268133018567,NA,NA,6.7521309948619,-4.49827355674714,59.2109548869328,41.4787477613597,67.9466148990116,45.9770213181069,72.4448884557587,1,1,0,1,45.8226659297943,"bootstrap",46.324449300766,NA
385,"rf","two_stage","m1",601,55.9159455488361,5.91594554883606,NA,NA,6.724587872592,-10.0554013517229,65.971346900559,42.7359955076809,69.0958955899912,52.7913968594038,79.1512969417141,1,0,0,1,45.7013700008392,"bootstrap",46.1895205974579,NA
386,"rf","two_stage","m1",606,42.2712127137414,-7.72878728625864,NA,NA,6.06732494621233,-7.37258518628835,49.6437979000297,30.3794743366638,54.162951090819,37.7520595229521,61.5355362771073,1,1,0,1,45.8084559440613,"bootstrap",46.2705860137939,NA
387,"rf","two_stage","m1",589,68.4837197061604,18.4837197061604,NA,NA,7.74714876502762,-11.5236688647471,80.0073885709075,53.2995871438323,83.6678522684885,64.8232560085794,95.1915211332356,0,0,1,1,44.8561425209045,"bootstrap",45.3140325546265,NA
388,"rf","two_stage","m1",623,60.1388079207744,10.1388079207744,NA,NA,6.99503562788726,-7.76899672885584,67.9078046496303,46.4287900195409,73.848825822008,54.1977867483967,81.6178225508638,1,0,0,1,46.9598548412323,"bootstrap",47.4579749107361,NA
389,"rf","two_stage","m1",594,45.468754647399,-4.53124535260098,NA,NA,5.69201946030033,-4.76044975469608,50.2292044020951,34.3126015059093,56.6249077888888,39.0730512606053,61.3853575435849,1,1,0,1,44.8707404136658,"bootstrap",45.3492879867554,NA
390,"rf","two_stage","m1",613,48.1466446805353,-1.85335531946466,NA,NA,6.77261391753785,-6.67181443599544,54.8184591165308,34.8725653209664,61.4207240401042,41.5443797569619,68.0925384760997,1,1,0,1,46.3602766990662,"bootstrap",46.8553905487061,NA
391,"rf","two_stage","m1",587,53.6751601155015,3.67516011550149,NA,NA,6.8173991243991,-6.13476305714999,59.8099231726515,40.3133033634443,67.0370168675586,46.4480664205943,73.1717799247086,1,1,0,1,45.3600215911865,"bootstrap",45.8191485404968,NA
392,"rf","two_stage","m1",600,58.4214779733913,8.42147797339134,NA,NA,6.78522639836506,-7.34184458779674,65.7633225611881,45.1226786056454,71.7202773411373,52.4645231934421,79.062121928934,1,0,0,1,45.6961874961853,"bootstrap",46.1748504638672,NA
393,"rf","two_stage","m1",605,49.3696266530762,-0.630373346923818,NA,NA,5.49520729155165,-3.70152891830705,53.0711555713832,38.5992182740531,60.1400350320993,42.3007471923601,63.8415639504064,1,1,0,1,45.7986249923706,"bootstrap",46.2321300506592,NA
394,"rf","two_stage","m1",611,70.6559986864246,20.6559986864246,NA,NA,7.03973915775045,-8.43109895896236,79.087097645387,56.8583634766774,84.4536338961718,65.2894624356398,92.8847328551342,0,0,1,1,46.1142547130585,"bootstrap",46.5603203773499,NA
395,"rf","two_stage","m1",631,43.0532296489153,-6.94677035108472,NA,NA,6.20175781725246,-10.4369257885145,53.4901554374298,30.8980076862607,55.2084516115698,41.3349334747752,65.6453774000843,1,1,0,1,47.1336691379547,"bootstrap",47.6262338161469,NA
396,"rf","two_stage","m1",592,46.8483761202918,-3.15162387970823,NA,NA,7.38262608733403,-4.31686410179603,51.1652402220878,32.3786948777912,61.3180573627923,36.6955589795873,65.6349214645883,1,1,0,1,45.7721815109253,"bootstrap",46.2468004226685,NA
397,"rf","two_stage","m1",585,53.609101873034,3.60910187303397,NA,NA,6.40630650228701,-7.00769699329814,60.6167988663321,41.0529718546267,66.1652318914413,48.0606688479248,73.1729288847394,1,1,0,1,44.9148080348969,"bootstrap",45.3559634685516,NA
398,"rf","two_stage","m1",590,54.9590617655251,4.95906176552513,NA,NA,7.41061108812945,-4.33453987936403,59.2936016448892,40.4345309293582,69.483592601692,44.7690708087223,73.8181324810561,1,1,0,1,45.008172750473,"bootstrap",45.4866528511047,NA
399,"rf","two_stage","m1",597,54.8660150072223,4.86601500722228,NA,NA,6.15367453956874,-9.32024536020198,64.1862603674243,42.8050345370864,66.9269954773581,52.1252798972884,76.2472408375601,1,0,0,1,45.6232399940491,"bootstrap",46.0756633281708,NA
400,"rf","two_stage","m1",613,59.1020275077914,9.10202750779145,NA,NA,6.98501465930717,-9.13320593145377,68.2352334392452,45.4116503440651,72.7924046715178,54.5448562755188,81.9256106029716,1,0,0,1,46.0334267616272,"bootstrap",46.5159885883331,NA
401,"rf","two_stage","m1",631,59.9518112015324,9.95181120153237,NA,NA,6.47480193113809,-5.33711970617978,65.2889309077121,47.2614326094713,72.6421897935934,52.5985523156511,77.9793094997732,1,0,0,1,47.8375747203827,"bootstrap",48.3286480903625,NA
402,"rf","two_stage","m1",628,68.4471397792255,18.4471397792255,NA,NA,7.16201404374541,-10.371286421196,78.8184262004215,54.4098501967145,82.4844293617366,64.7811366179105,92.8557157829326,0,0,1,1,46.7758741378784,"bootstrap",47.2483022212982,NA
403,"rf","two_stage","m1",624,47.9101039042668,-2.08989609573322,NA,NA,6.38280566172515,-3.89462724977557,51.8047311540424,35.4000346869671,60.4201731215664,39.2946619367427,64.314800371342,1,1,0,1,46.5953159332275,"bootstrap",47.1077353954315,NA
404,"rf","two_stage","m1",621,51.0076216118145,1.00762161181447,NA,NA,7.10038546079973,-8.29052559547402,59.2981472072885,37.0911218322952,64.9241213913338,45.3816474277692,73.2146469868078,1,1,0,1,46.0549561977386,"bootstrap",46.5706725120544,NA
405,"rf","two_stage","m1",589,47.6599885879023,-2.34001141209774,NA,NA,7.02756097077027,-6.11803008373766,53.7780186716399,33.8862221860332,61.4337549897713,40.0042522697709,67.551785073509,1,1,0,1,44.8910186290741,"bootstrap",45.3738861083984,NA
406,"rf","two_stage","m1",609,48.3798339745699,-1.62016602543011,NA,NA,7.11324413950651,-4.26090893588456,52.6407429104544,34.4381316478965,62.3215363012433,38.6990405837811,66.5824452371278,1,1,0,1,46.4094820022583,"bootstrap",46.9006719589233,NA
407,"rf","two_stage","m1",582,56.1807113551137,6.18071135511371,NA,NA,6.95132827141957,-8.25495121613078,64.4356625712445,42.5563582984163,69.8050644118111,50.8113095145471,78.0600156279419,1,0,0,1,44.4823698997498,"bootstrap",44.9309439659119,NA
408,"rf","two_stage","m1",610,49.9367367059928,-0.0632632940072071,NA,NA,8.35746232161351,-6.5166153735483,56.4533520795411,33.5564115534798,66.3170618585058,40.0730269270281,72.8336772320541,1,1,0,1,46.0327777862549,"bootstrap",46.5257251262665,NA
409,"rf","two_stage","m1",612,60.7889224350244,10.7889224350244,NA,NA,7.49371299644337,-5.09311819247971,65.8820406275041,46.1015148515157,75.4763300185331,51.1946330439954,80.5694482110129,1,0,0,1,45.8800487518311,"bootstrap",46.3426957130432,NA
410,"rf","two_stage","m1",622,55.5424170806941,5.54241708069409,NA,NA,6.55476208883405,-7.68288283780098,63.2252999184951,42.6953194593508,68.3895147020374,50.3782022971518,76.0723975398383,1,0,0,1,47.6037700176239,"bootstrap",48.0738875865936,NA
411,"rf","two_stage","m1",580,42.8284125710065,-7.17158742899347,NA,NA,6.89704635381619,-4.98017311318178,47.8085856841883,29.3104501178235,56.3463750241896,34.2906232310053,61.3265481373713,1,1,0,1,44.11874127388,"bootstrap",44.5925371646881,NA
412,"rf","two_stage","m1",605,48.4629404552769,-1.53705954472311,NA,NA,6.86217043340031,-3.61538149657176,52.0783219518487,35.0133335500367,61.9125473605171,38.6287150466084,65.5279288570889,1,1,0,1,45.976035118103,"bootstrap",46.46892619133,NA
413,"rf","two_stage","m1",597,63.6686368745139,13.6686368745139,NA,NA,6.64185739991605,-8.01048530819835,71.6791221827123,50.6508355802276,76.6864381688002,58.661320888426,84.6969234769986,0,0,1,1,44.8744351863861,"bootstrap",45.3182830810547,NA
414,"rf","two_stage","m1",603,53.4598969015376,3.45989690153762,NA,NA,7.77096266452006,-6.33563237824781,59.7955292797854,38.2290899538729,68.6907038492024,44.5647223321207,75.0263362274501,1,1,0,1,45.8006501197815,"bootstrap",46.2543950080872,NA
415,"rf","two_stage","m1",607,54.8113937825828,4.81139378258277,NA,NA,5.94685330683748,-9.38087612438247,64.1922699069652,43.1557754798384,66.4670120853272,52.5366516042209,75.8478882097096,1,0,0,1,45.9044239521027,"bootstrap",46.3810687065125,NA
416,"rf","two_stage","m1",627,55.7447030309059,5.7447030309059,NA,NA,6.52841287133654,-4.19895549897324,59.9436585298791,42.9492489268786,68.5401571349332,47.1482044258518,72.7391126339065,1,1,0,1,46.7278115749359,"bootstrap",47.2064440250397,NA
417,"rf","two_stage","m1",605,61.501134068132,11.501134068132,NA,NA,6.6426731880697,-5.67478162652377,67.1759156946558,48.4817338584456,74.5205342778185,54.1565154849693,80.1953159043423,1,0,0,1,46.0276703834534,"bootstrap",46.5379166603088,NA
418,"rf","two_stage","m1",611,51.9487917172065,1.94879171720646,NA,NA,5.96113534640617,-5.27186179998095,57.2206535171874,40.2651811312817,63.6324023031313,45.5370429312626,68.9042641031122,1,1,0,1,45.9227426052094,"bootstrap",46.3902697563171,NA
419,"rf","two_stage","m1",608,55.3798864199582,5.37988641995823,NA,NA,5.95963587565527,-3.37213154364668,58.7520179636049,43.6992147427011,67.0605580972154,47.0713462863478,70.4326896408621,1,1,0,1,45.517569065094,"bootstrap",45.9781947135925,NA
420,"rf","two_stage","m1",584,58.0479535462533,8.04795354625328,NA,NA,6.10178340432722,-7.94128314390421,65.9892366901575,46.0886778323077,70.0072292601988,54.029960976212,77.948512404103,1,0,0,1,44.9163355827332,"bootstrap",45.4225602149963,NA
421,"rf","two_stage","m1",605,60.8892863988677,10.8892863988677,NA,NA,6.27961158165267,-5.86645769305959,66.7557440919273,48.5814738619278,73.1970989358075,54.4479315549874,79.0635566288671,1,0,0,1,45.9514992237091,"bootstrap",46.4193556308746,NA
422,"rf","two_stage","m1",608,55.1633272004107,5.16332720041071,NA,NA,6.97654612238375,-10.0381860452106,65.2015132456213,41.489548064056,68.8371063367654,51.5277341092666,78.875292381976,1,0,0,1,45.6532216072083,"bootstrap",46.1144578456879,NA
423,"rf","two_stage","m1",617,61.0688035561454,11.0688035561454,NA,NA,7.69812323764721,-10.33130661817,71.4001101743154,45.980759261806,76.1568478504848,56.312065879976,86.4881544686549,1,0,0,1,46.2222721576691,"bootstrap",46.695424079895,NA
424,"rf","two_stage","m1",629,61.1134928879529,11.1134928879529,NA,NA,8.07788779138319,-7.2788504037395,68.3923432916924,45.2811237456861,76.9458620302198,52.5599741494256,84.2247124339593,1,0,0,1,46.8555517196655,"bootstrap",47.3129425048828,NA
425,"rf","two_stage","m1",609,58.0516830160198,8.05168301601979,NA,NA,6.35418015562213,-8.34891061767587,66.4005936336957,45.5977187597213,70.5056472723183,53.9466293773972,78.8545578899941,1,0,0,1,46.0908732414246,"bootstrap",46.5641338825226,NA
426,"rf","two_stage","m1",599,54.7954581260147,4.79545812601468,NA,NA,7.50346649364745,-5.98795016153931,60.783408287554,40.0889340392626,69.5019822127667,46.0768842008019,75.489932374306,1,1,0,1,45.5917499065399,"bootstrap",46.062784910202,NA
427,"rf","two_stage","m1",606,52.3388542495219,2.33885424952193,NA,NA,6.0970419287431,-5.82389443739402,58.162748686916,40.3888716569548,64.288836842089,46.2127660943489,70.1127312794831,1,1,0,1,45.5138785839081,"bootstrap",45.9951264858246,NA
428,"rf","two_stage","m1",617,51.5244735899762,1.52447358997618,NA,NA,6.07080014318476,-5.15294030216088,56.6774138921371,39.6259239519935,63.4230232279589,44.7788642541543,68.5759635301198,1,1,0,1,45.8569662570953,"bootstrap",46.3438613414764,NA
429,"rf","two_stage","m1",602,51.4689717400737,1.46897174007369,NA,NA,6.95882279214351,-6.26343446692827,57.732406207002,37.829929692676,65.1080137874714,44.0933641596042,71.3714482543997,1,1,0,1,45.3222281932831,"bootstrap",45.7897169589996,NA
430,"rf","two_stage","m1",610,62.6764393666674,12.6764393666674,NA,NA,7.5540513181365,-11.0736909521313,73.7501303187987,47.8707708457526,77.4821078875823,58.9444617978838,88.5557988397135,1,0,0,1,45.7873711585999,"bootstrap",46.2725822925568,NA
431,"rf","two_stage","m1",600,45.6358925748143,-4.36410742518568,NA,NA,6.7533943455718,-3.92046637240904,49.5563589472234,32.3994828840972,58.8723022655315,36.3199492565062,62.7927686379405,1,1,0,1,45.8101215362549,"bootstrap",46.2940700054169,NA
432,"rf","two_stage","m1",643,55.9186333973641,5.91863339736408,NA,NA,6.75576773291061,-8.29820629131242,64.2168396886765,42.6775719529415,69.1596948417867,50.9757782442539,77.4579011330991,1,0,0,1,47.6658012866974,"bootstrap",48.1699488162994,NA
433,"rf","two_stage","m1",602,59.9806341575236,9.98063415752358,NA,NA,8.16243689801807,-8.610310464883,68.5909446224066,43.9825518113273,75.9787165037198,52.5928622762103,84.5890269686028,1,0,0,1,45.57634973526,"bootstrap",46.0608689785004,NA
434,"rf","two_stage","m1",626,46.0282648463774,-3.97173515362264,NA,NA,6.10577615185342,-5.63240379513501,51.6606686415124,34.0611634910811,57.9953662016736,39.6935672862161,63.6277699968086,1,1,0,1,46.9136207103729,"bootstrap",47.4009213447571,NA
435,"rf","two_stage","m1",615,61.384375422404,11.384375422404,NA,NA,6.90255223734346,-9.56861036131071,70.9529857837147,47.8556216358045,74.9131292090036,57.4242319971152,84.4817395703143,1,0,0,1,45.9742677211761,"bootstrap",46.4751706123352,NA
436,"rf","two_stage","m1",621,55.9373334505272,5.93733345052718,NA,NA,5.07381049059269,-5.97294567076032,61.9102791212875,45.992847624584,65.8818192764704,51.9657932953443,71.8547649472307,1,0,0,1,46.3660938739777,"bootstrap",46.8563368320465,NA
437,"rf","two_stage","m1",623,48.6691892792385,-1.33081072076151,NA,NA,7.16336893738173,-3.31970048557645,51.9888897648149,34.6292441539973,62.7091344044796,37.9489446395738,66.0288348900561,1,1,0,1,46.800178527832,"bootstrap",47.2694184780121,NA
438,"rf","two_stage","m1",578,62.2926537926159,12.2926537926159,NA,NA,7.65775989403062,-9.67072501786583,71.9633788104817,47.2837201980606,77.3015873871712,56.9544452159265,86.972312405037,1,0,0,1,44.8532693386078,"bootstrap",45.3150248527527,NA
439,"rf","two_stage","m1",615,42.6832299578109,-7.31677004218908,NA,NA,5.85435701510486,-6.40998778576614,49.0932177435771,31.208901055566,54.1575588600559,37.6188888413321,60.567546645822,1,1,0,1,46.5361421108246,"bootstrap",47.0327968597412,NA
440,"rf","two_stage","m1",598,60.9009121665545,10.9009121665545,NA,NA,6.85781742980824,-7.96514280392172,68.8660549704762,47.4598369915793,74.3419873415297,55.424979795501,82.3071301454514,1,0,0,1,45.4801590442657,"bootstrap",45.9637084007263,NA
441,"rf","two_stage","m1",613,41.1496225626093,-8.85037743739068,NA,NA,7.70807967749417,-4.87158570883753,46.0212082714468,26.0420640047556,56.257181120463,30.9136497135932,61.1287668293005,1,1,0,1,45.9635539054871,"bootstrap",46.4267456531525,NA
442,"rf","two_stage","m1",579,57.103896584112,7.10389658411204,NA,NA,7.74777046857296,-7.07092579945271,64.1748223835648,41.918545505226,72.2892476629981,48.9894713046788,79.3601734624508,1,1,0,1,44.1710131168365,"bootstrap",44.6592960357666,NA
443,"rf","two_stage","m1",624,51.2142509760242,1.21425097602422,NA,NA,7.14626680401141,-6.00776616163989,57.2220171376641,37.2078254162477,65.2206765358007,43.2155915778876,71.2284426974406,1,1,0,1,46.5626490116119,"bootstrap",47.0207724571228,NA
444,"rf","two_stage","m1",609,48.9261385085049,-1.07386149149505,NA,NA,7.20303594952525,-5.58871127986398,54.5148497883689,34.8084474680882,63.0438295489217,40.3971587479522,68.6325408287857,1,1,0,1,45.865905046463,"bootstrap",46.3455274105072,NA
445,"rf","two_stage","m1",571,55.3449139981874,5.34491399818737,NA,NA,6.14800642009856,-8.46645060786098,63.8113646060484,43.2950428380732,67.3947851583016,51.7614934459341,75.8612357661626,1,0,0,1,43.77361369133,"bootstrap",44.2188155651093,NA
446,"rf","two_stage","m1",618,63.8484642803862,13.8484642803862,NA,NA,7.11143436362668,-8.51483337202326,72.3632976524094,49.9103090492574,77.786619511515,58.4251424212806,86.3014528835382,1,0,0,1,46.4950604438782,"bootstrap",46.9848072528839,NA
447,"rf","two_stage","m1",598,42.9987900410447,-7.00120995895531,NA,NA,6.16978828738807,-8.30621915804382,51.3050091990885,30.906227205527,55.0913528765624,39.2124463635708,63.3975720346062,1,1,0,1,45.7641072273254,"bootstrap",46.2283847332001,NA
448,"rf","two_stage","m1",593,47.2757261081064,-2.72427389189356,NA,NA,6.51069920537284,-3.64953914044181,50.9252652485482,34.5149901514021,60.0364620648107,38.1645292918439,63.6860012052526,1,1,0,1,44.6833391189575,"bootstrap",45.18337059021,NA
449,"rf","two_stage","m1",631,45.495076070758,-4.50492392924204,NA,NA,5.46163023522904,-8.75447908078259,54.2495551515405,34.790477512834,56.1996746286819,43.5449565936166,64.9541537094645,1,1,0,1,47.6700792312622,"bootstrap",48.1908938884735,NA
450,"rf","two_stage","m1",581,42.9848091514258,-7.01519084857416,NA,NA,5.81547824239817,-8.67065033910531,51.6554594905311,31.5866812434491,54.3829370594025,40.2573315825544,63.0535873985079,1,1,0,1,44.7758824825287,"bootstrap",45.2204654216766,NA
451,"rf","two_stage","m1",605,50.6193289440453,0.619328944045314,NA,NA,6.79333341861457,-5.1634647620039,55.7827937060492,37.3046401085884,63.9340177795022,42.4681048705923,69.0974825415061,1,1,0,1,45.7935035228729,"bootstrap",46.2426414489746,NA
452,"rf","two_stage","m1",598,47.9906658420309,-2.00933415796915,NA,NA,7.36837375213106,-5.07979782536761,53.0704636673985,33.5489186632237,62.432413020838,38.6287164885913,67.5122108462056,1,1,0,1,45.4203510284424,"bootstrap",45.874653339386,NA
453,"rf","two_stage","m1",604,56.8009957592681,6.8009957592681,NA,NA,6.52365822494649,-4.05997139753493,60.860967156803,44.0148605909245,69.5871309276117,48.0748319884594,73.6471023251466,1,1,0,1,46.5523390769958,"bootstrap",47.0673110485077,NA
454,"rf","two_stage","m1",633,53.7560091915996,3.75600919159964,NA,NA,7.22555314992977,-6.18314105092994,59.9391502425296,39.5941852493574,67.9178331338419,45.7773263002873,74.1009741847719,1,1,0,1,47.4859323501587,"bootstrap",47.97909116745,NA
455,"rf","two_stage","m1",600,57.5364707290722,7.53647072907221,NA,NA,6.36902225510881,-3.02159609329517,60.5580668223674,45.0534164923249,70.0195249658196,48.0750125856201,73.0411210591147,1,1,0,1,45.8643782138824,"bootstrap",46.3539955615997,NA
456,"rf","two_stage","m1",617,63.4678725822897,13.4678725822897,NA,NA,7.99049483145451,-6.07640513532912,69.5442777176189,47.8067904939854,79.128954670594,53.8831956293146,85.2053598059232,1,0,0,1,46.9149658679962,"bootstrap",47.4046370983124,NA
457,"rf","two_stage","m1",607,59.1118345722359,9.11183457223593,NA,NA,7.09810656051697,-8.69177116034633,67.8036057325823,45.1998013551952,73.0238677892767,53.8915725155415,81.715638949623,1,0,0,1,45.6561188697815,"bootstrap",46.1211478710175,NA
458,"rf","two_stage","m1",596,45.0930410590369,-4.90695894096308,NA,NA,6.69999391953548,-4.17476701689479,49.2678080759317,31.96129428011,58.2247878379638,36.1360612970048,62.3995548548586,1,1,0,1,45.2768824100494,"bootstrap",45.7495145797729,NA
459,"rf","two_stage","m1",617,47.5543937968211,-2.44560620317889,NA,NA,7.03221413779458,-5.68707693126758,53.2414707280887,33.7715073551704,61.3372802384719,39.4585842864379,67.0243571697394,1,1,0,1,46.3101487159729,"bootstrap",46.7579543590546,NA
460,"rf","two_stage","m1",609,64.0259202096403,14.0259202096403,NA,NA,6.75029388282521,-8.13909681559122,72.1650170252315,50.7955873142418,77.2562531050387,58.9346841298331,85.39534992063,0,0,1,1,46.1827116012573,"bootstrap",46.6474850177765,NA
461,"rf","two_stage","m1",618,53.3864635364063,3.38646353640634,NA,NA,5.89820484549216,-9.56829067420296,62.9547542106093,41.8261944658021,64.9467326070106,51.394485140005,74.5150232812136,1,0,0,1,46.1685392856598,"bootstrap",46.6283686161041,NA
462,"rf","two_stage","m1",575,47.7783081213925,-2.22169187860754,NA,NA,6.87648604273876,-6.6569327358874,54.4352408572799,34.3006431374321,61.2559731053528,40.9575758733195,67.9129058412402,1,1,0,1,43.6084415912628,"bootstrap",44.0663447380066,NA
463,"rf","two_stage","m1",573,51.9757304962094,1.97573049620942,NA,NA,8.26636285992554,-10.3671157661287,62.3428462623382,35.7739570076158,68.177503984803,46.1410727737446,78.5446197509317,1,1,0,1,43.6692585945129,"bootstrap",44.0995254516602,NA
464,"rf","two_stage","m1",642,54.7805032354899,4.78050323548988,NA,NA,6.83258336254521,-6.6205601426661,61.401063378156,41.3888859235337,68.1721205474461,48.0094460661998,74.7926806901122,1,1,0,1,46.9536402225494,"bootstrap",47.4568154811859,NA
465,"rf","two_stage","m1",596,60.1485584095393,10.1485584095393,NA,NA,7.30298713306403,-8.1305158693068,68.2790742788461,45.8349666491744,74.4621501699042,53.9654825184812,82.592666039211,1,0,0,1,45.1981935501099,"bootstrap",45.6912291049957,NA
466,"rf","two_stage","m1",583,52.3223265393365,2.32232653933647,NA,NA,6.94117655552468,-9.9632263987927,62.2855529381292,38.7178704801743,65.9267825984986,48.681096878967,75.8900089972913,1,1,0,1,43.6619868278503,"bootstrap",44.1049017906189,NA
467,"rf","two_stage","m1",597,53.7824371656833,3.78243716568331,NA,NA,6.59594960555736,-8.60512539403079,62.3875625597141,40.8546134949497,66.7102608364169,49.4597388889805,75.3153862304477,1,1,0,1,46.0244038105011,"bootstrap",46.5259516239166,NA
468,"rf","two_stage","m1",627,45.824344564589,-4.17565543541096,NA,NA,6.69515096968902,-7.39697781185606,53.2213223764451,32.7020897929401,58.9465993362379,40.0990676047962,66.343577148094,1,1,0,1,46.9932622909546,"bootstrap",47.5040864944458,NA
469,"rf","two_stage","m1",608,58.5654764582102,8.56547645821018,NA,NA,6.1816650918484,-6.80633592203461,65.3718123802448,46.4496355136988,70.6813174027215,53.2559714357334,77.4876533247561,1,0,0,1,45.0402727127075,"bootstrap",45.5091950893402,NA
470,"rf","two_stage","m1",621,60.7209150026411,10.7209150026411,NA,NA,7.25647100565734,-7.11452320126198,67.8354382039031,46.4984931766936,74.9433368285886,53.6130163779555,82.0578600298506,1,0,0,1,46.1418581008911,"bootstrap",46.6181011199951,NA
471,"rf","two_stage","m1",607,51.6454802075158,1.64548020751575,NA,NA,5.6566929075605,-4.94607222463706,56.5915524321528,40.558565837094,62.7323945779375,45.5046380617311,67.6784668025745,1,1,0,1,44.7808101177216,"bootstrap",45.2561221122742,NA
472,"rf","two_stage","m1",585,53.449395549191,3.44939554919097,NA,NA,6.12998523584931,-4.41177222327818,57.8611677724692,41.4348452611641,65.4639458372179,45.8466174844422,69.8757180604961,1,1,0,1,43.6644902229309,"bootstrap",44.0946829319,NA
473,"rf","two_stage","m1",637,52.0760434438817,2.07604344388166,NA,NA,5.38586120021322,-4.38733351584032,56.463376959722,41.5199494657321,62.6321374220312,45.9072829815724,67.0194709378715,1,1,0,1,46.519106388092,"bootstrap",46.9740915298462,NA
474,"rf","two_stage","m1",621,54.9701794089744,4.97017940897435,NA,NA,6.56120968289254,-5.21347406851467,60.183653477489,42.1104447354895,67.8299140824592,47.3239188040042,73.0433881509739,1,1,0,1,45.0812196731567,"bootstrap",45.5508847236633,NA
475,"rf","two_stage","m1",617,54.8938082801026,4.89380828010257,NA,NA,5.94351778444362,-8.44085332577686,63.3346616058794,43.2447274811198,66.5428890790854,51.6855808068966,74.9837424048622,1,0,0,1,45.0311212539673,"bootstrap",45.4895279407501,NA
476,"rf","two_stage","m1",593,53.7250826940342,3.72508269403423,NA,NA,6.5185811100002,-7.71643176115907,61.4415144551933,40.9488984881307,66.5012668999377,48.6653302492898,74.2176986610968,1,1,0,1,44.4724452495575,"bootstrap",44.9302866458893,NA
477,"rf","two_stage","m1",632,56.1507255061036,6.15072550610356,NA,NA,6.44058125578475,-7.53019268996114,63.6809181960647,43.5274182052617,68.7740328069454,51.0576108952228,76.3042254969066,1,0,0,1,45.7555000782013,"bootstrap",46.23592877388,NA
478,"rf","two_stage","m1",601,57.9629230115781,7.96292301157814,NA,NA,8.32618817554437,-8.35272954871734,66.3156525602955,41.6438940590079,74.2819519641484,49.9966236077253,82.6346815128657,1,1,0,1,44.0761077404022,"bootstrap",44.5574626922607,NA
479,"rf","two_stage","m1",607,67.6001995739721,17.6001995739721,NA,NA,6.27403498015972,-4.86650213197301,72.4667017059451,55.3033169751146,79.8970821728296,60.1698191070876,84.7635843048026,0,0,1,1,44.6820199489594,"bootstrap",45.1379776000977,NA
480,"rf","two_stage","m1",607,59.7176313053932,9.71763130539319,NA,NA,8.02258751771311,-10.5053560093365,70.2229873147297,43.9936487078549,75.4416139029315,54.4990047171914,85.946969912268,1,0,0,1,45.0342357158661,"bootstrap",45.4787850379944,NA
481,"rf","two_stage","m1",620,63.808944195822,13.808944195822,NA,NA,7.58600340510568,-7.35614921350749,71.1650934093295,48.9406507352167,78.6772376564274,56.2967999487242,86.0333868699348,1,0,0,1,46.8654592037201,"bootstrap",47.3792896270752,NA
482,"rf","two_stage","m1",611,53.2557753900528,3.2557753900528,NA,NA,6.87298317268947,-8.21396105386724,61.46973644392,39.7849759052316,66.726574874874,47.9989369590988,74.9405359287412,1,1,0,1,46.0575571060181,"bootstrap",46.5493066310883,NA
483,"rf","two_stage","m1",625,53.7095535296884,3.7095535296884,NA,NA,6.8590872963205,-4.80268584778828,58.5122393774767,40.265989462084,67.1531175972928,45.0686753098723,71.9558034450811,1,1,0,1,46.9279482364655,"bootstrap",47.3803291320801,NA
484,"rf","two_stage","m1",600,45.2438277680476,-4.75617223195243,NA,NA,6.02341130540337,-3.70639144693693,48.9502192149845,33.4381585453856,57.0494969907096,37.1445499923225,60.7558884376465,1,1,0,1,45.7890682220459,"bootstrap",46.2737202644348,NA
485,"rf","two_stage","m1",617,46.9297352272938,-3.07026477270617,NA,NA,6.92080991699173,-5.7159710583924,52.6457062856862,33.3651970461424,60.4942734084453,39.0811681045348,66.2102444668377,1,1,0,1,46.3724491596222,"bootstrap",46.8801760673523,NA
486,"rf","two_stage","m1",583,69.1177262514262,19.1177262514262,NA,NA,8.51913881166244,-7.57076504220496,76.6884912936312,52.4205210012705,85.814931501582,59.9912860434755,93.3856965437869,0,0,1,1,44.8503406047821,"bootstrap",45.3040719032288,NA
487,"rf","two_stage","m1",613,38.8025744835195,-11.1974255164805,NA,NA,6.63807163508747,-3.19744837674853,42.000022860268,25.7921931519511,51.8129558150878,28.9896415286996,55.0104041918364,1,1,0,1,46.1875171661377,"bootstrap",46.6572577953339,NA
488,"rf","two_stage","m1",606,47.0758479855028,-2.92415201449725,NA,NA,6.12440172779459,-6.21812026495678,53.2939682504595,35.0722411721705,59.079454798835,41.2903614371273,65.2975750637918,1,1,0,1,45.9527645111084,"bootstrap",46.4278275966644,NA
489,"rf","two_stage","m1",609,43.288880783148,-6.71111921685198,NA,NA,5.26581077532221,-3.97740305996779,47.2662838431158,32.9680813141135,53.6096802521825,36.9454843740813,57.5870833121503,1,1,0,1,45.9916551113129,"bootstrap",46.4635083675385,NA
490,"rf","two_stage","m1",607,55.2772104049053,5.27721040490535,NA,NA,6.58111535343381,-8.35798154642831,63.6351919513337,42.3784613340715,68.1759594757392,50.7364428804998,76.5339410221675,1,0,0,1,45.8176853656769,"bootstrap",46.3116645812988,NA
491,"rf","two_stage","m1",646,39.587975040364,-10.412024959636,NA,NA,6.42341456113232,-6.26482944163743,45.8528044820015,26.9983138427745,52.1776362379535,33.263143284412,58.442465679591,1,1,0,1,46.7484979629517,"bootstrap",47.2171468734741,NA
492,"rf","two_stage","m1",599,61.5669234885478,11.5669234885478,NA,NA,7.42728975974745,-7.39234845017704,68.9592719387248,47.0097030566996,76.1241439203959,54.4020515068766,83.5164923705729,1,0,0,1,44.4598135948181,"bootstrap",44.9406034946442,NA
493,"rf","two_stage","m1",603,50.9480773053821,0.948077305382135,NA,NA,6.80310968472713,-8.20438401100431,59.1524613163864,37.6142273404413,64.281927270323,45.8186113514456,72.4863112813273,1,1,0,1,44.4607775211334,"bootstrap",44.9006757736206,NA
494,"rf","two_stage","m1",597,62.4579723743121,12.4579723743121,NA,NA,8.01788631320262,-3.73527521718258,66.1932475914946,46.7432039682983,78.1727407803258,50.4784791854809,81.9080159975084,1,0,0,1,44.5386297702789,"bootstrap",44.9989573955536,NA
495,"rf","two_stage","m1",616,60.0456162771256,10.0456162771256,NA,NA,6.65483106448204,-5.67784260217512,65.7234588793007,47.0023870675425,73.0888454867088,52.6802296697176,78.7666880888839,1,0,0,1,45.3623049259186,"bootstrap",45.848819732666,NA
496,"rf","two_stage","m1",606,55.33709987181,5.33709987181,NA,NA,5.47910821552921,-5.8525966871752,61.1896965589852,44.5982451019752,66.0759546416448,50.4508417891504,71.92855132882,1,0,0,1,45.6012868881226,"bootstrap",46.0873365402222,NA
497,"rf","two_stage","m1",610,54.1490282853087,4.14902828530875,NA,NA,6.43179681957009,-5.3532044563771,59.5022327416858,41.5429381630721,66.7551184075454,46.8961426194492,72.1083228639225,1,1,0,1,45.429087638855,"bootstrap",45.9223802089691,NA
498,"rf","two_stage","m1",620,53.3170460821436,3.31704608214356,NA,NA,5.56078121225765,-8.02661530235088,61.3436613844944,42.4181151802116,64.2159769840755,50.4447304825625,72.2425922864264,1,0,0,1,46.6521134376526,"bootstrap",47.1000757217407,NA
499,"rf","two_stage","m1",600,50.6711857037431,0.671185703743078,NA,NA,7.05322659296404,-6.11606660504597,56.787252308789,36.8471156067334,64.4952558007527,42.9631822117794,70.6113224057987,1,1,0,1,44.7721374034882,"bootstrap",45.228839635849,NA
500,"rf","two_stage","m1",610,36.2337762345104,-13.7662237654896,NA,NA,6.1952433474788,-3.62021753945606,39.8539937739664,24.0913223979906,48.3762300710302,27.7115399374466,51.9964476104862,0,1,1,1,44.8848121166229,"bootstrap",45.3591616153717,NA
