"replicate","Estimator","Procedure","ModelSpec","n_obs","estimate","bias","eif_var","eif_se","bootstrap_se","bootstrap_bias","bc_estimate","ci_lower","ci_upper","bc_ci_lower","bc_ci_upper","covered_true_95","covered_true_95_bc","reject_h0_effect","reject_h0_null","bootstrap_time_sec","se_method","replicate_time_sec","covered_mc_mean_95"
1,"unadj","two_stage","m1",619,61.7272340278999,11.7272340278999,NA,NA,6.94333766411571,0.898765367721822,60.828468660178,48.1185422737326,75.3359257820671,47.2197769060108,74.4371604143453,1,1,0,1,0.75464653968811,"bootstrap",0.755939483642578,NA
2,"unadj","two_stage","m1",612,62.1468029951211,12.1468029951211,NA,NA,6.39035165846425,-0.534382710027522,62.6811857051487,49.6219438959854,74.6716620942569,50.1563266060129,75.2060448042844,1,0,0,1,0.75725531578064,"bootstrap",0.758545160293579,NA
3,"unadj","two_stage","m1",603,55.6719148992402,5.67191489924025,NA,NA,7.4968852994536,-0.0208113453556891,55.6927262445959,40.9782897160834,70.3655400823971,40.9991010614391,70.3863514277528,1,1,0,1,0.756690263748169,"bootstrap",0.758072137832642,NA
4,"unadj","two_stage","m1",617,51.7244074232054,1.72440742320538,NA,NA,7.67193078923277,-0.0779947586140466,51.8024021818194,36.6876993844252,66.7611154619856,36.7656941430393,66.8391102205996,1,1,0,1,0.753879070281982,"bootstrap",0.75513768196106,NA
5,"unadj","two_stage","m1",611,52.3040349540363,2.3040349540363,NA,NA,6.43864650821621,-0.995525226177598,53.2995601802139,39.684519688748,64.9235502193246,40.6800449149256,65.9190754455022,1,1,0,1,0.753821849822998,"bootstrap",0.755052328109741,NA
6,"unadj","two_stage","m1",611,54.7237512728974,4.72375127289743,NA,NA,7.95422100399108,0.0897801473584252,54.633971125539,39.1337645800029,70.313737965792,39.0439844326445,70.2239578184335,1,1,0,1,0.754683971405029,"bootstrap",0.755916833877563,NA
7,"unadj","two_stage","m1",611,59.0494213597583,9.04942135975833,NA,NA,7.14929222287659,1.59841792886964,57.4510034308887,45.0370660879679,73.0617766315488,43.4386481590983,71.4633587026791,1,1,0,1,0.753624677658081,"bootstrap",0.755040645599365,NA
8,"unadj","two_stage","m1",613,76.9102999799999,26.9102999799999,NA,NA,8.08474134108535,0.467719363008555,76.4425806169913,61.0644981271506,92.7561018328492,60.596778764142,92.2883824698407,0,0,1,1,0.760680437088013,"bootstrap",0.761980295181274,NA
9,"unadj","two_stage","m1",603,66.2166878826598,16.2166878826598,NA,NA,7.39655821682843,0.433790477698594,65.7828974049612,51.7197001681222,80.7136755971973,51.2859096904237,80.2798851194987,0,0,1,1,0.755506753921509,"bootstrap",0.756695508956909,NA
10,"unadj","two_stage","m1",621,64.0188198865397,14.0188198865397,NA,NA,6.84059234056121,-0.524624588697868,64.5434444752376,50.6115052661192,77.4261345069603,51.1361298548171,77.9507590956581,0,0,1,1,0.754270076751709,"bootstrap",0.755387306213379,NA
11,"unadj","two_stage","m1",610,52.7805451585632,2.78054515856317,NA,NA,6.74062597382981,0.605734619203083,52.1748105393601,39.5691610166015,65.9919293005248,38.9634263973984,65.3861946813217,1,1,0,1,0.0850892066955566,"bootstrap",0.085594654083252,NA
12,"unadj","two_stage","m1",603,65.6765871006271,15.6765871006271,NA,NA,8.53946722736062,0.132850942648432,65.5437361579787,48.9395388878402,82.4136353134141,48.8066879451918,82.2807843707656,1,1,0,1,0.085376501083374,"bootstrap",0.0860028266906738,NA
13,"unadj","two_stage","m1",598,65.969524753702,15.969524753702,NA,NA,7.00657190282101,0.886631943981115,65.0828928097209,52.2368961690826,79.7021533383215,51.3502642251015,78.8155213943404,0,0,1,1,0.085230827331543,"bootstrap",0.0857317447662354,NA
14,"unadj","two_stage","m1",578,59.860318360569,9.86031836056904,NA,NA,7.88085459273452,-0.906090520799729,60.7664088813688,44.4141271914123,75.3065095297258,45.320217712212,76.2126000505255,1,1,0,1,0.0843300819396973,"bootstrap",0.0848064422607422,NA
15,"unadj","two_stage","m1",601,54.5337092792411,4.53370927924109,NA,NA,7.30532010366662,-1.09129932416293,55.625008603404,40.2155449805181,68.8518735779641,41.3068443046811,69.943172902127,1,1,0,1,0.0847873687744141,"bootstrap",0.0852622985839844,NA
16,"unadj","two_stage","m1",611,68.6693278599015,18.6693278599015,NA,NA,7.73704178028471,0.7879802857247,67.8813475741768,53.5050046236618,83.8336510961412,52.7170243379371,83.0456708104165,0,0,1,1,0.0846626758575439,"bootstrap",0.0851385593414307,NA
17,"unadj","two_stage","m1",618,67.4259665225152,17.4259665225152,NA,NA,7.59735713933144,-0.381770836965444,67.8077373594807,52.5354201517373,82.3165128932931,52.9171909887028,82.6982837302585,0,0,1,1,0.0854499340057373,"bootstrap",0.0859348773956299,NA
18,"unadj","two_stage","m1",615,74.6950353080672,24.6950353080672,NA,NA,6.99547061899149,0.728984531646248,73.966050776421,60.9841648399358,88.4059057761987,60.2551803082896,87.6769212445524,0,0,1,1,0.0851426124572754,"bootstrap",0.0856318473815918,NA
19,"unadj","two_stage","m1",611,51.8393170317323,1.83931703173235,NA,NA,7.05473724466093,0.0755347635391743,51.7637822681932,38.0122861118036,65.6663479516611,37.9367513482644,65.5908131881219,1,1,0,1,0.0849411487579346,"bootstrap",0.0853893756866455,NA
20,"unadj","two_stage","m1",613,60.9469575739973,10.9469575739973,NA,NA,6.51392271008218,0.052754893395317,60.894202680602,48.1799036641587,73.714011483836,48.1271487707634,73.6612565904406,1,1,0,1,0.0857512950897217,"bootstrap",0.0862164497375488,NA
21,"unadj","two_stage","m1",631,54.7939885576879,4.79398855768792,NA,NA,7.86635205403686,-0.290075453384567,55.0840640110725,39.376221842063,70.2117552733128,39.6662972954476,70.5018307266974,1,1,0,1,0.0917513370513916,"bootstrap",0.0921897888183594,NA
22,"unadj","two_stage","m1",574,57.5383774621602,7.53837746216024,NA,NA,6.64688671012574,-0.68540408047194,58.2237815426322,44.5107189009959,70.5660360233246,45.1961229814678,71.2514401037965,1,1,0,1,0.0915701389312744,"bootstrap",0.0920319557189941,NA
23,"unadj","two_stage","m1",593,58.5054920459833,8.50549204598326,NA,NA,7.33076150779536,0.305106861779748,58.2003851842035,44.1374635114518,72.8735205805147,43.8323566496721,72.568413718735,1,1,0,1,0.0913553237915039,"bootstrap",0.0918593406677246,NA
24,"unadj","two_stage","m1",595,50.188098523297,0.188098523297043,NA,NA,6.09749448784204,-1.65798085683904,51.8460793801361,38.2372289311952,62.1389681153989,39.8952097880342,63.796948972238,1,1,0,1,0.0913064479827881,"bootstrap",0.09175705909729,NA
25,"unadj","two_stage","m1",617,50.8019924723916,0.801992472391646,NA,NA,7.4836734013642,0.151675769503782,50.6503167028879,36.1342621336574,65.4697228111258,35.9825863641537,65.3180470416221,1,1,0,1,0.090693473815918,"bootstrap",0.0911662578582764,NA
26,"unadj","two_stage","m1",616,65.4323954472307,15.4323954472307,NA,NA,7.80636897521033,0.90152405250241,64.5308713947283,50.1321934057876,80.7325974886738,49.2306693532852,79.8310734361714,0,1,1,1,0.09153151512146,"bootstrap",0.0920023918151855,NA
27,"unadj","two_stage","m1",613,51.7677683293894,1.76776832938941,NA,NA,7.32572769590553,0.190733942379403,51.57703438701,37.409605884867,66.1259307739118,37.2188719424876,65.9351968315325,1,1,0,1,0.0912609100341797,"bootstrap",0.0917277336120605,NA
28,"unadj","two_stage","m1",607,60.1992334757477,10.1992334757477,NA,NA,7.8022451985069,0.852551165305016,59.3466823104427,44.9071138881236,75.4913530633718,44.0545627228186,74.6388018980668,1,1,0,1,0.0914876461029053,"bootstrap",0.0919826030731201,NA
29,"unadj","two_stage","m1",630,57.5147009146869,7.5147009146869,NA,NA,7.65596119325214,0.363404704704443,57.1512962099825,42.5092927088764,72.5201091204974,42.145888004172,72.1567044157929,1,1,0,1,0.0917599201202393,"bootstrap",0.0922067165374756,NA
30,"unadj","two_stage","m1",608,59.3585575951533,9.35855759515326,NA,NA,7.18881749893968,0.0696357566234056,59.2889218385299,45.2687342058002,73.4483809845063,45.1990984491768,73.3787452278829,1,1,0,1,0.0915749073028564,"bootstrap",0.0920383930206299,NA
31,"unadj","two_stage","m1",594,57.0368262761886,7.03682627618863,NA,NA,7.47008001903556,-0.338802953910722,57.3756292300994,42.3957384772467,71.6779140751306,42.7345414311574,72.0167170290413,1,1,0,1,0.0897376537322998,"bootstrap",0.0901949405670166,NA
32,"unadj","two_stage","m1",623,60.2356708191412,10.2356708191412,NA,NA,6.5847168295724,-0.0742531715682588,60.3099239907095,47.3298629847845,73.1414786534979,47.4041161563528,73.2157318250661,1,1,0,1,0.0884954929351807,"bootstrap",0.0889809131622314,NA
33,"unadj","two_stage","m1",609,63.3234900349311,13.3234900349311,NA,NA,7.32393555650154,0.903006466110782,62.4204835688203,48.9688401190957,77.6781399507664,48.0658336529849,76.7751334846556,1,1,0,1,0.0886480808258057,"bootstrap",0.0891504287719727,NA
34,"unadj","two_stage","m1",585,54.5617217062101,4.56172170621014,NA,NA,6.35603116567061,0.411454986042351,54.1502667201678,42.1041295368816,67.0193138755387,41.6926745508393,66.6078588894963,1,1,0,1,0.0903003215789795,"bootstrap",0.0907533168792725,NA
35,"unadj","two_stage","m1",628,63.8375082398604,13.8375082398604,NA,NA,8.02490203559983,-0.36601453461423,64.2035227744746,48.1089892706225,79.5660272090982,48.4750038052368,79.9320417437124,1,1,0,1,0.0885858535766602,"bootstrap",0.0890777111053467,NA
36,"unadj","two_stage","m1",602,64.7767836433258,14.7767836433258,NA,NA,7.8916365354859,0.835503831048086,63.9412798122777,49.309460254693,80.2441070319586,48.4739564236449,79.4086032009105,1,1,0,1,0.0904600620269775,"bootstrap",0.0909333229064941,NA
37,"unadj","two_stage","m1",611,75.2890905986682,25.2890905986682,NA,NA,7.15737404414016,-0.0298624038623956,75.3189530025306,61.2608952482717,89.3172859490647,61.2907576521341,89.3471483529271,0,0,1,1,0.0908539295196533,"bootstrap",0.0913131237030029,NA
38,"unadj","two_stage","m1",568,56.9740870664798,6.97408706647983,NA,NA,7.3498293364713,-1.65702151027828,58.6311085767581,42.5686862744802,71.3794878584795,44.2257077847584,73.0365093687578,1,1,0,1,0.0909566879272461,"bootstrap",0.0914347171783447,NA
39,"unadj","two_stage","m1",620,47.9965735339621,-2.00342646603792,NA,NA,7.10225552773631,0.280273976125834,47.7162995578362,34.0764084905984,61.9167385773258,33.7961345144726,61.6364646011999,1,1,0,1,0.0912292003631592,"bootstrap",0.0917153358459473,NA
40,"unadj","two_stage","m1",581,64.083815682344,14.083815682344,NA,NA,6.04105496307465,1.22865617081693,62.855159511527,52.2435655260907,75.9240658385972,51.0149093552738,74.6954096677803,0,0,1,1,0.0908689498901367,"bootstrap",0.0913238525390625,NA
41,"unadj","two_stage","m1",599,77.0114541489155,27.0114541489155,NA,NA,8.18463476012764,-0.0986704301538452,77.1101245790693,60.9698647924507,93.0530435053803,61.0685352226045,93.1517139355341,0,0,1,1,0.0833005905151367,"bootstrap",0.0837526321411133,NA
42,"unadj","two_stage","m1",612,67.0803574183174,17.0803574183174,NA,NA,7.44641458404159,0.636388022181833,66.4439693961356,52.4856530196421,81.6750618169928,51.8492649974603,81.0386737948109,0,0,1,1,0.0840566158294678,"bootstrap",0.0845370292663574,NA
43,"unadj","two_stage","m1",594,79.0581726012302,29.0581726012302,NA,NA,7.98434469598283,1.39932633828779,77.6588462629424,63.4091445569504,94.7072006455099,62.0098182186626,93.3078743072221,0,0,1,1,0.0844748020172119,"bootstrap",0.0849308967590332,NA
44,"unadj","two_stage","m1",591,58.3895967895706,8.38959678957062,NA,NA,7.37976855818642,-0.385956253907501,58.7755530434781,43.9255162012842,72.8536773778571,44.3114724551917,73.2396336317646,1,1,0,1,0.0829126834869385,"bootstrap",0.083381175994873,NA
45,"unadj","two_stage","m1",611,66.6110574918109,16.6110574918109,NA,NA,7.73982872771578,0.196024239339309,66.4150332524716,51.4412719389795,81.7808430446423,51.2452476996402,81.5848188053029,0,0,1,1,0.083172082901001,"bootstrap",0.0836210250854492,NA
46,"unadj","two_stage","m1",599,64.1264380029445,14.1264380029445,NA,NA,6.66316443477081,-0.303456947902205,64.4298949508467,51.0668756877256,77.1860003181635,51.3703326356278,77.4894572660657,0,0,1,1,0.0829875469207764,"bootstrap",0.0834500789642334,NA
47,"unadj","two_stage","m1",614,70.9315235829226,20.9315235829226,NA,NA,7.1350165481155,0.229498176357495,70.7020254065651,56.9471481195189,84.9158990463262,56.7176499431614,84.6864008699687,0,0,1,1,0.0834283828735352,"bootstrap",0.0839283466339111,NA
48,"unadj","two_stage","m1",618,57.5314045664073,7.53140456640728,NA,NA,8.2353830045558,-0.247061050355704,57.778465616763,41.3903504785847,73.6724586542299,41.6374115289404,73.9195197045856,1,1,0,1,0.0832555294036865,"bootstrap",0.0837609767913818,NA
49,"unadj","two_stage","m1",601,68.4654664824035,18.4654664824035,NA,NA,7.70244090692009,-0.569973706893705,69.0354401892972,53.3689597117921,83.5619732530149,53.9389334186858,84.1319469599086,0,0,1,1,0.0833718776702881,"bootstrap",0.0838332176208496,NA
50,"unadj","two_stage","m1",623,60.6997294641061,10.6997294641061,NA,NA,7.37707037184814,0.246519845587478,60.4532096185186,46.2409372238662,75.1585217043459,45.9944173782787,74.9120018587585,1,1,0,1,0.0833919048309326,"bootstrap",0.0838429927825928,NA
51,"unadj","two_stage","m1",595,47.2340034283321,-2.76599657166787,NA,NA,7.23952969854306,-1.16950501125195,48.4035084395841,33.0447859541796,61.4232209024846,34.2142909654316,62.5927259137366,1,1,0,1,0.0835659503936768,"bootstrap",0.0840423107147217,NA
52,"unadj","two_stage","m1",593,54.987632126539,4.98763212653904,NA,NA,7.82473050369218,-0.939820626763797,55.9274527533028,39.6514421505704,70.3238221025077,40.5912627773342,71.2636427292715,1,1,0,1,0.0916893482208252,"bootstrap",0.0921878814697266,NA
53,"unadj","two_stage","m1",603,61.6992051887251,11.6992051887251,NA,NA,6.53716421063517,0.955856891878661,60.7433482968464,48.886598774856,74.5118116025942,47.9307418829773,73.5559547107156,1,1,0,1,0.0919222831726074,"bootstrap",0.0923876762390137,NA
54,"unadj","two_stage","m1",611,53.8859425492427,3.88594254924274,NA,NA,6.39025363651961,-0.301385095213107,54.1873276444558,41.3612755695882,66.4106095288973,41.6626606648013,66.7119946241104,1,1,0,1,0.082313060760498,"bootstrap",0.0828039646148682,NA
55,"unadj","two_stage","m1",630,74.0311197764978,24.0311197764978,NA,NA,6.98303044759042,0.00950138746419782,74.0216183890336,60.3446315962739,87.7176079567216,60.3351302088097,87.7081065692574,0,0,1,1,0.0831935405731201,"bootstrap",0.0837161540985107,NA
56,"unadj","two_stage","m1",624,59.3023305968377,9.30233059683772,NA,NA,6.78569161530852,0.241449344296683,59.060881252541,46.0026194206376,72.6020417730378,45.7611700763409,72.3605924287412,1,1,0,1,0.0827193260192871,"bootstrap",0.0832302570343018,NA
57,"unadj","two_stage","m1",611,56.5388910270021,6.53889102700211,NA,NA,6.71526640161232,-0.357140651225322,56.8960316782274,43.3772107332501,69.7005713207541,43.7343513844754,70.0577119719795,1,1,0,1,0.0827343463897705,"bootstrap",0.083207368850708,NA
58,"unadj","two_stage","m1",633,60.7705561101341,10.7705561101341,NA,NA,7.65216936993141,1.10851232979785,59.6620437803362,45.7725797414679,75.7685324788002,44.6640674116701,74.6600201490023,1,1,0,1,0.0829780101776123,"bootstrap",0.0834872722625732,NA
59,"unadj","two_stage","m1",623,62.6993768603157,12.6993768603157,NA,NA,7.86691894709438,-0.448010091408236,63.147386951724,47.280499054715,78.1182546659165,47.7285091461232,78.5662647573247,1,1,0,1,0.0830667018890381,"bootstrap",0.0835466384887695,NA
60,"unadj","two_stage","m1",616,62.7204668920261,12.7204668920261,NA,NA,6.73836700171273,0.540136629450977,62.1803302625751,49.513510254056,75.9274235299962,48.973373624605,75.3872869005452,1,1,0,1,0.0828192234039307,"bootstrap",0.083294153213501,NA
61,"unadj","two_stage","m1",625,47.9651820496558,-2.03481795034421,NA,NA,7.21584288147063,-0.0788930148515021,48.0440750645073,33.8223898838736,62.1079742154379,33.9012828987251,62.1868672302895,1,1,0,1,0.0910017490386963,"bootstrap",0.0914711952209473,NA
62,"unadj","two_stage","m1",603,62.939893780108,12.939893780108,NA,NA,8.10252122587606,-0.496812775055311,63.4367065551633,47.0592439934195,78.8205435667964,47.5560567684749,79.3173563418517,1,1,0,1,0.0930964946746826,"bootstrap",0.0935859680175781,NA
63,"unadj","two_stage","m1",601,51.391969824304,1.39196982430403,NA,NA,6.93433283106409,0.111685551551325,51.2802842727527,37.8009272186047,64.9830124300033,37.6892416670534,64.871326878452,1,1,0,1,0.0936057567596436,"bootstrap",0.0941054821014404,NA
64,"unadj","two_stage","m1",594,59.8005656633108,9.80056566331081,NA,NA,7.9202559881176,0.660519437912463,59.1400462253983,44.2771491782626,75.323982148359,43.6166297403501,74.6634627104465,1,1,0,1,0.0912046432495117,"bootstrap",0.0916872024536133,NA
65,"unadj","two_stage","m1",614,63.4420631874233,13.4420631874233,NA,NA,7.8690019344913,-0.641637213943206,64.0837004013665,48.0191028015443,78.8650235733023,48.6607400154875,79.5066607872455,1,1,0,1,0.0908486843109131,"bootstrap",0.0913724899291992,NA
66,"unadj","two_stage","m1",600,58.9242736375735,8.92427363757346,NA,NA,6.1774187961914,-0.129181728268627,59.0534553658421,46.8167552796175,71.0317919955294,46.9459370078862,71.160973723798,1,1,0,1,0.0911023616790771,"bootstrap",0.0915875434875488,NA
67,"unadj","two_stage","m1",611,53.3654733584595,3.3654733584595,NA,NA,8.27172500729785,0.425985842666748,52.9394875157927,37.1531902541364,69.5777564627826,36.7272044114697,69.1517706201158,1,1,0,1,0.091517448425293,"bootstrap",0.0919866561889648,NA
68,"unadj","two_stage","m1",630,58.4574969961364,8.4574969961364,NA,NA,6.73839560251002,0.490521067386723,57.9669759287497,45.2504843016337,71.6645096906391,44.759963234247,71.1739886232524,1,1,0,1,0.0915732383728027,"bootstrap",0.0920343399047852,NA
69,"unadj","two_stage","m1",613,64.5748464136784,14.5748464136784,NA,NA,8.4708024234941,-0.939748560366276,65.5145949740446,47.9723787434753,81.1773140838814,48.9121273038416,82.1170626442477,1,1,0,1,0.0914793014526367,"bootstrap",0.0919399261474609,NA
70,"unadj","two_stage","m1",611,72.1869710997264,22.1869710997264,NA,NA,7.01497693398882,0.977088614500531,71.2098824852259,58.4378689567291,85.9360732427237,57.4607803422286,84.9589846282232,0,0,1,1,0.0916314125061035,"bootstrap",0.0921838283538818,NA
71,"unadj","two_stage","m1",599,54.9009869299253,4.90098692992527,NA,NA,6.32569226550543,-1.6025387620254,56.5035256919507,42.5028579122511,67.2991159475995,44.1053966742764,68.9016547096249,1,1,0,1,0.0908241271972656,"bootstrap",0.0912630558013916,NA
72,"unadj","two_stage","m1",623,50.7043283442705,0.704328344270493,NA,NA,7.19889865570053,-0.0924583904120979,50.7967867346826,36.5947462507436,64.8139104377973,36.6872046411557,64.9063688282094,1,1,0,1,0.09140944480896,"bootstrap",0.091890811920166,NA
73,"unadj","two_stage","m1",601,68.9430307573874,18.9430307573874,NA,NA,7.39811092866472,-1.7321869593855,70.6752177167729,54.4429997835724,83.4430617312025,56.1751867429579,85.175248690588,0,0,1,1,0.0913717746734619,"bootstrap",0.0918450355529785,NA
74,"unadj","two_stage","m1",628,65.445915513755,15.445915513755,NA,NA,7.51060274913969,0.785620481914492,64.6602950318405,50.7254046232536,80.1664264042563,49.9397841413392,79.3808059223418,0,1,1,1,0.0899379253387451,"bootstrap",0.0904092788696289,NA
75,"unadj","two_stage","m1",591,55.8648079579597,5.8648079579597,NA,NA,7.91127485237653,0.39272516198595,55.4720827959737,40.3589941755043,71.3706217404151,39.9662690135183,70.9778965784292,1,1,0,1,0.0905413627624512,"bootstrap",0.0909914970397949,NA
76,"unadj","two_stage","m1",585,51.1293051821379,1.12930518213787,NA,NA,6.99056556360018,0.520968359753653,50.6083368223842,37.4280484459156,64.8305619183602,36.9070800861619,64.3095935586065,1,1,0,1,0.0902664661407471,"bootstrap",0.0907256603240967,NA
77,"unadj","two_stage","m1",605,58.9454529320298,8.94545293202981,NA,NA,6.88632271337014,-1.09013311453774,60.0355860465675,45.4485084279042,72.4423974361554,46.5386415424419,73.5325305506932,1,1,0,1,0.0911290645599365,"bootstrap",0.091588020324707,NA
78,"unadj","two_stage","m1",613,62.9306210638335,12.9306210638335,NA,NA,7.37622586510152,0.919735982591476,62.010885081242,48.4734840264017,77.3877581012653,47.5537480438102,76.4680221186738,1,1,0,1,0.0908055305480957,"bootstrap",0.0912795066833496,NA
79,"unadj","two_stage","m1",597,57.8756473980501,7.87564739805006,NA,NA,6.58850018442571,-0.0465844342846751,57.9222318323347,44.9624243244402,70.78887047166,45.0090087587248,70.8354549059446,1,1,0,1,0.0913822650909424,"bootstrap",0.0918557643890381,NA
80,"unadj","two_stage","m1",602,52.9583739372879,2.95837393728786,NA,NA,7.2213845497474,-1.1769153999966,54.1352893372845,38.804720301269,67.1120275733067,39.9816357012656,68.2889429733033,1,1,0,1,0.0907235145568848,"bootstrap",0.091200590133667,NA
81,"unadj","two_stage","m1",619,63.2864009569197,13.2864009569197,NA,NA,7.23420145373732,0.948484010847224,62.3379169460725,49.1076266506873,77.4651752631521,48.15914263984,76.5166912523049,1,1,0,1,0.0907893180847168,"bootstrap",0.0912773609161377,NA
82,"unadj","two_stage","m1",616,74.1985550939329,24.1985550939329,NA,NA,7.88179347719078,0.534404666973742,73.6641504269592,58.7505237450563,89.6465864428096,58.2161190780825,89.1121817758358,0,0,1,1,0.0905883312225342,"bootstrap",0.0910959243774414,NA
83,"unadj","two_stage","m1",620,53.7908786936132,3.79087869361317,NA,NA,8.44102988869393,0.67670846552258,53.1141702280906,37.2467641193469,70.3349932678794,36.5700556538243,69.6582848023568,1,1,0,1,0.0908768177032471,"bootstrap",0.0913670063018799,NA
84,"unadj","two_stage","m1",614,48.1045935694932,-1.89540643050677,NA,NA,6.78780004262874,0.566840714041163,47.5377528554521,34.8007499516815,61.408437187305,34.2339092376403,60.8415964732638,1,1,0,1,0.0901341438293457,"bootstrap",0.0905914306640625,NA
85,"unadj","two_stage","m1",622,66.0912213259543,16.0912213259543,NA,NA,7.96326627350127,1.3438975992219,64.7473237267324,50.4835062305893,81.6989364213193,49.1396086313674,80.3550388220974,0,1,1,1,0.0900957584381104,"bootstrap",0.0905771255493164,NA
86,"unadj","two_stage","m1",594,63.795373254876,13.795373254876,NA,NA,7.96831596087835,0.0280012142623534,63.7673720406137,48.1777609541188,79.4129855556333,48.1497597398564,79.3849843413709,1,1,0,1,0.0902464389801025,"bootstrap",0.0907418727874756,NA
87,"unadj","two_stage","m1",600,62.5430062878139,12.5430062878139,NA,NA,8.10748782184948,0.0668482951869649,62.4761579926269,46.6526221518918,78.433390423736,46.5857738567049,78.366542128549,1,1,0,1,0.0907628536224365,"bootstrap",0.0913219451904297,NA
88,"unadj","two_stage","m1",591,49.2617594866221,-0.738240513377889,NA,NA,6.92214423570797,1.93064792780402,47.3311115588181,35.694606088843,62.8289128844013,33.7639581610389,60.8982649565972,1,1,0,1,0.091094970703125,"bootstrap",0.0915851593017578,NA
89,"unadj","two_stage","m1",629,63.7054997734246,13.7054997734246,NA,NA,8.2532133813848,-0.745733792875804,64.4512335663004,47.5294987891864,79.8815007576628,48.2752325820622,80.6272345505386,1,1,0,1,0.0910806655883789,"bootstrap",0.0915675163269043,NA
90,"unadj","two_stage","m1",618,60.8819742293321,10.8819742293321,NA,NA,8.11437036110853,0.513455279016206,60.3685189503159,44.9781005643401,76.7858478943241,44.4646452853239,76.2723926153079,1,1,0,1,0.0911574363708496,"bootstrap",0.0916414260864258,NA
91,"unadj","two_stage","m1",568,55.1107446643007,5.11074466430065,NA,NA,7.50992645464902,-0.153248158983814,55.2639928232845,40.391559286644,69.8299300419573,40.5448074456278,69.9831782009411,1,1,0,1,0.0835962295532227,"bootstrap",0.0841214656829834,NA
92,"unadj","two_stage","m1",603,61.1665312363185,11.1665312363185,NA,NA,6.43485408427887,0.353619639054592,60.8129115972639,48.5544489853614,73.7786134872755,48.2008293463068,73.4249938482209,1,1,0,1,0.0831964015960693,"bootstrap",0.0836617946624756,NA
93,"unadj","two_stage","m1",624,60.4882516476534,10.4882516476534,NA,NA,6.38188022462434,-0.531441312927434,61.0196929605808,47.9799962537413,72.9965070415655,48.5114375666687,73.5279483544929,1,1,0,1,0.0835638046264648,"bootstrap",0.0840647220611572,NA
94,"unadj","two_stage","m1",602,54.3666335366797,4.36663353667973,NA,NA,6.17941499942183,-1.29178889271798,55.6584224293977,42.2552026922864,66.4780643810731,43.5469915850043,67.7698532737911,1,1,0,1,0.0810184478759766,"bootstrap",0.0815443992614746,NA
95,"unadj","two_stage","m1",588,52.7857824187884,2.78578241878841,NA,NA,7.30555173343058,1.13819538914044,51.647587029648,38.4671641340703,67.1044007035065,37.3289687449299,65.9662053143661,1,1,0,1,0.0829033851623535,"bootstrap",0.0834312438964844,NA
96,"unadj","two_stage","m1",599,64.030991341817,14.030991341817,NA,NA,7.16502086323202,0.262095202248773,63.7688961395683,49.9878085014042,78.0741741822299,49.7257132991554,77.8120789799811,1,1,0,1,0.0804870128631592,"bootstrap",0.080970287322998,NA
97,"unadj","two_stage","m1",607,60.618420756373,10.618420756373,NA,NA,6.83011051342568,0.591948373694102,60.0264723826789,47.2316501396303,74.0051913731157,46.6397017659362,73.4132429994216,1,1,0,1,0.0910801887512207,"bootstrap",0.0916454792022705,NA
98,"unadj","two_stage","m1",604,61.0362389552695,11.0362389552695,NA,NA,6.70658776477716,-0.864277671811926,61.9005166270814,47.8915684771492,74.1809094333897,48.7558461489612,75.0451871052016,1,1,0,1,0.0898973941802979,"bootstrap",0.0903675556182861,NA
99,"unadj","two_stage","m1",609,53.5505961309849,3.55059613098493,NA,NA,7.60762480351578,0.475300910776681,53.0752952202082,38.6399255082004,68.4612667537695,38.1646245974237,67.9859658429928,1,1,0,1,0.0916862487792969,"bootstrap",0.092153787612915,NA
100,"unadj","two_stage","m1",601,69.661373518152,19.661373518152,NA,NA,7.39115604512175,-1.00850539921323,70.6698789173652,55.1749738655979,84.1477731707061,56.1834792648111,85.1562785699194,0,0,1,1,0.0812504291534424,"bootstrap",0.0817432403564453,NA
101,"unadj","two_stage","m1",615,66.401188889299,16.401188889299,NA,NA,7.48473154870105,0.268350562407349,66.1328383268916,51.7313846198942,81.0709931587037,51.4630340574869,80.8026425962964,0,0,1,1,0.0834836959838867,"bootstrap",0.0839660167694092,NA
102,"unadj","two_stage","m1",594,54.1966400047432,4.19664000474324,NA,NA,6.67543012162074,0.122141925563895,54.0744980791793,41.1130373850528,67.2802426244337,40.9908954594889,67.1581006988698,1,1,0,1,0.0835502147674561,"bootstrap",0.08402419090271,NA
103,"unadj","two_stage","m1",621,59.4927810169511,9.49278101695106,NA,NA,6.40816487800946,0.286175219297121,59.2066057976539,46.933008649058,72.0525533848441,46.6468334297609,71.766378165547,1,1,0,1,0.0836775302886963,"bootstrap",0.0841338634490967,NA
104,"unadj","two_stage","m1",613,51.9374130596021,1.93741305960214,NA,NA,5.71968161874348,0.276546140183463,51.6608669194187,40.7270430838292,63.1477830353751,40.4504969436457,62.8712368951916,1,1,0,1,0.0829906463623047,"bootstrap",0.0834732055664062,NA
105,"unadj","two_stage","m1",610,60.5960847196268,10.5960847196268,NA,NA,6.24395658603929,1.12769356592352,59.4683911537033,48.3581546899581,72.8340147492955,47.2304611240346,71.706321183372,1,1,0,1,0.0831561088562012,"bootstrap",0.0836441516876221,NA
106,"unadj","two_stage","m1",628,66.9329375189936,16.9329375189936,NA,NA,9.22430618800122,1.17629112416154,65.7566463948321,48.8536296081413,85.012245429846,47.6773384839797,83.8359543056844,1,1,0,1,0.0828788280487061,"bootstrap",0.0834453105926514,NA
107,"unadj","two_stage","m1",613,52.7790199739413,2.77901997394127,NA,NA,7.54779604545991,-0.0384174746372707,52.8174374485785,37.985611562186,67.5724283856965,38.0240290368233,67.6108458603338,1,1,0,1,0.0838675498962402,"bootstrap",0.0843396186828613,NA
108,"unadj","two_stage","m1",617,49.0565187065531,-0.943481293446894,NA,NA,7.0808986801722,0.306556250507427,48.7499624560457,35.1782123152384,62.9348250978678,34.871656064731,62.6282688473604,1,1,0,1,0.0854728221893311,"bootstrap",0.0859417915344238,NA
109,"unadj","two_stage","m1",616,65.9052164798983,15.9052164798983,NA,NA,8.03626318815155,-0.45143736313733,66.3566538430357,50.1544300608363,81.6560028989604,50.6058674239736,82.1074402620977,0,0,1,1,0.0855860710144043,"bootstrap",0.0860474109649658,NA
110,"unadj","two_stage","m1",591,63.8752532455312,13.8752532455312,NA,NA,6.98396547717212,0.554854408559578,63.3203988369716,50.1869324410027,77.5635740500596,49.6320780324431,77.0087196415,0,1,1,1,0.0832889080047607,"bootstrap",0.08376145362854,NA
111,"unadj","two_stage","m1",601,58.6024622067114,8.60246220671144,NA,NA,8.24176261039551,-0.818300063507401,59.4207622702188,42.4489043212074,74.7560200922155,43.2672043847148,75.5743201557229,1,1,0,1,0.0912151336669922,"bootstrap",0.0916969776153564,NA
112,"unadj","two_stage","m1",592,73.6328497731683,23.6328497731683,NA,NA,6.5053599310321,-0.216980231390153,73.8498300045584,60.8825786018754,86.3831209444612,61.0995588332655,86.6001011758513,0,0,1,1,0.0910284519195557,"bootstrap",0.0915048122406006,NA
113,"unadj","two_stage","m1",602,45.7734607831028,-4.22653921689718,NA,NA,6.31044364002882,0.413782837791445,45.3596779453114,33.4052185221765,58.1417030440291,32.9914356843851,57.7279202062377,1,1,0,1,0.0910232067108154,"bootstrap",0.0914986133575439,NA
114,"unadj","two_stage","m1",589,71.1955590648331,21.1955590648331,NA,NA,8.13489484263375,-1.37784986533326,72.5734089301664,55.2514581552504,87.1396599744159,56.6293080205836,88.5175098397492,0,0,1,1,0.0907232761383057,"bootstrap",0.0912208557128906,NA
115,"unadj","two_stage","m1",606,60.963965764741,10.963965764741,NA,NA,7.92519422731276,0.524917947454178,60.4390478172868,45.4308705087233,76.4970610207587,44.9059525612691,75.9721430733046,1,1,0,1,0.0903613567352295,"bootstrap",0.0908308029174805,NA
116,"unadj","two_stage","m1",614,48.2902204112277,-1.70977958877228,NA,NA,6.70427898268502,-0.317966486595992,48.6081868978237,35.1500750628562,61.4303657595992,35.4680415494522,61.7483322461952,1,1,0,1,0.0908114910125732,"bootstrap",0.0912919044494629,NA
117,"unadj","two_stage","m1",614,59.3707803660774,9.37078036607741,NA,NA,7.5856135089775,0.0758130617333208,59.2949673043441,44.503251087841,74.2383096443138,44.4274380261077,74.1624965825805,1,1,0,1,0.0829601287841797,"bootstrap",0.0834789276123047,NA
118,"unadj","two_stage","m1",598,72.8101793066585,22.8101793066585,NA,NA,7.32789912891808,-0.189591105390633,72.9997704120492,58.4477609316367,87.1725976816804,58.6373520370273,87.362188787071,0,0,1,1,0.0832498073577881,"bootstrap",0.0837287902832031,NA
119,"unadj","two_stage","m1",599,42.0067433622667,-7.99325663773331,NA,NA,7.42041272291833,-0.422421808966035,42.4291651712327,27.463001674924,56.5504850496094,27.88542348389,56.9729068585754,1,1,0,1,0.0832781791687012,"bootstrap",0.0838110446929932,NA
120,"unadj","two_stage","m1",613,44.4882399149814,-5.51176008501864,NA,NA,7.0305409280371,0.0640225281769631,44.4242173868044,30.7086329041939,58.2678469257689,30.6446103760169,58.2038243975919,1,1,0,1,0.0914523601531982,"bootstrap",0.0919070243835449,NA
121,"unadj","two_stage","m1",621,75.0915162807497,25.0915162807497,NA,NA,7.20872440347071,0.00974939513626794,75.0817668856135,60.9626760754722,89.2203564860273,60.9529266803359,89.210607090891,0,0,1,1,0.0917520523071289,"bootstrap",0.0922260284423828,NA
122,"unadj","two_stage","m1",596,54.6381411954302,4.63814119543017,NA,NA,6.94458079406038,0.551812898869656,54.0863282965605,41.0270129513433,68.2492694395171,40.4752000524736,67.6974565406474,1,1,0,1,0.0917036533355713,"bootstrap",0.0921821594238281,NA
123,"unadj","two_stage","m1",617,68.3265401128238,18.3265401128238,NA,NA,8.6991553614828,0.921606829811196,67.4049332830126,51.276508908399,85.3765713172486,50.3549020785878,84.4549644874374,0,0,1,1,0.0912518501281738,"bootstrap",0.0917134284973145,NA
124,"unadj","two_stage","m1",610,54.9777698004701,4.97776980047007,NA,NA,7.42344174472557,0.504257205626139,54.4735125948439,40.4280913394768,69.5274482614634,39.9238341338506,69.0231910558372,1,1,0,1,0.090811014175415,"bootstrap",0.0913121700286865,NA
125,"unadj","two_stage","m1",590,60.427506758395,10.427506758395,NA,NA,7.14416808475783,0.557789991439982,59.869716766955,46.4251946127692,74.4298189040209,45.8674046213292,73.8720289125809,1,1,0,1,0.0907595157623291,"bootstrap",0.0913000106811523,NA
126,"unadj","two_stage","m1",595,51.3845950252897,1.38459502528968,NA,NA,6.87013524488768,-0.815054617142117,52.1996496424318,37.9193773763906,64.8498126741888,38.7344319935327,65.6648672913309,1,1,0,1,0.090160608291626,"bootstrap",0.0906646251678467,NA
127,"unadj","two_stage","m1",607,58.0292505464375,8.02925054643748,NA,NA,6.96399392066514,-0.190395879375671,58.2196464258132,44.3800732733779,71.678427819497,44.5704691527536,71.8688236988727,1,1,0,1,0.0902228355407715,"bootstrap",0.0907163619995117,NA
128,"unadj","two_stage","m1",591,67.2435490655685,17.2435490655685,NA,NA,6.64518922515918,-0.446299408306913,67.6898484738754,54.2192175138029,80.2678806173341,54.6655169221098,80.714180025641,0,0,1,1,0.0904688835144043,"bootstrap",0.0909857749938965,NA
129,"unadj","two_stage","m1",605,59.3152494347519,9.31524943475188,NA,NA,8.69704925643604,-0.541239996112061,59.8564894308639,42.2693461203664,76.3611527491374,42.8105861164785,76.9023927452494,1,1,0,1,0.0910196304321289,"bootstrap",0.0915062427520752,NA
130,"unadj","two_stage","m1",590,61.5051634057193,11.5051634057193,NA,NA,7.27692143133718,0.213991900598423,61.2911715051208,47.2426594819707,75.7676673294678,47.0286675813723,75.5536754288694,1,1,0,1,0.0907068252563477,"bootstrap",0.0911743640899658,NA
131,"unadj","two_stage","m1",609,60.7218748255992,10.7218748255992,NA,NA,7.53841786498244,1.04023012627778,59.6816446993214,45.9468473098203,75.4969023413781,44.9066171835425,74.4566722151003,1,1,0,1,0.0909004211425781,"bootstrap",0.0914144515991211,NA
132,"unadj","two_stage","m1",612,55.9601470559366,5.9601470559366,NA,NA,7.58116987280563,0.488384712235025,55.4717623437016,41.1013271445575,70.8189669673157,40.6129424323224,70.3305822550807,1,1,0,1,0.0942008495330811,"bootstrap",0.0946769714355469,NA
133,"unadj","two_stage","m1",591,67.2294697159736,17.2294697159736,NA,NA,7.91126087768013,0.0622206075818497,67.1672491083917,51.7236833234198,82.7352561085274,51.6614627158379,82.6730355009455,0,0,1,1,0.093970775604248,"bootstrap",0.0944256782531738,NA
134,"unadj","two_stage","m1",636,70.8203239243014,20.8203239243014,NA,NA,7.07355945055883,-1.08697291626918,71.9072968405706,56.9564021587031,84.6842456898996,58.0433750749723,85.7712186061688,0,0,1,1,0.09377121925354,"bootstrap",0.0942766666412354,NA
135,"unadj","two_stage","m1",608,53.9116791419272,3.91167914192715,NA,NA,6.96793270440785,-1.27231251316339,55.1839916550905,40.254781994589,67.5685762892653,41.5270945077524,68.8408888024287,1,1,0,1,0.0933520793914795,"bootstrap",0.0939195156097412,NA
136,"unadj","two_stage","m1",607,61.4455727355516,11.4455727355516,NA,NA,7.05006425496895,0.636632143134499,60.8089405924171,47.6277007071193,75.263444763984,46.9910685639848,74.6268126208495,1,1,0,1,0.0933747291564941,"bootstrap",0.0938923358917236,NA
137,"unadj","two_stage","m1",589,48.2319620244131,-1.76803797558694,NA,NA,6.61694759049865,-1.17596397454597,49.407925998959,35.2629830594466,61.2009409893795,36.4389470339926,62.3769049639255,1,1,0,1,0.0905976295471191,"bootstrap",0.0910990238189697,NA
138,"unadj","two_stage","m1",627,66.2278331857531,16.2278331857531,NA,NA,6.96632071085197,-0.633238947224399,66.8610721329775,52.5740954877277,79.8815708837784,53.2073344349521,80.5148098310028,0,0,1,1,0.0914809703826904,"bootstrap",0.0919935703277588,NA
139,"unadj","two_stage","m1",623,65.5727618703898,15.5727618703898,NA,NA,6.59796103476315,0.655639369890011,64.9171225004998,52.6409958708554,78.5045278699242,51.9853565009654,77.8488885000342,0,0,1,1,0.0911397933959961,"bootstrap",0.091594934463501,NA
140,"unadj","two_stage","m1",609,74.6292853180588,24.6292853180588,NA,NA,8.9814890304047,0.745176385208808,73.88410893285,57.025890290924,92.2326803451936,56.2807139057152,91.4875039599848,0,0,1,1,0.0913646221160889,"bootstrap",0.0918276309967041,NA
141,"unadj","two_stage","m1",588,60.3846559342446,10.3846559342446,NA,NA,7.43491754100207,-0.189764943177558,60.5744208774222,45.8124853258555,74.9568265426338,46.002250269033,75.1465914858113,1,1,0,1,0.09140944480896,"bootstrap",0.0919065475463867,NA
142,"unadj","two_stage","m1",634,63.177173130095,13.177173130095,NA,NA,7.42880766054062,-0.693701273669539,63.8708744037645,48.6169776673601,77.7373685928298,49.3106789410296,78.4310698664994,1,1,0,1,0.0908465385437012,"bootstrap",0.091336727142334,NA
143,"unadj","two_stage","m1",601,61.2552485866684,11.2552485866684,NA,NA,7.091882975649,0.151488113282369,61.1037604733861,47.3554133718237,75.1550838015132,47.2039252585413,75.0035956882309,1,1,0,1,0.0909631252288818,"bootstrap",0.0915262699127197,NA
144,"unadj","two_stage","m1",606,72.4673909930567,22.4673909930567,NA,NA,7.72935837234848,-0.202600789482744,72.6699917825395,57.3181269596506,87.6166550264629,57.5207277491333,87.8192558159456,0,0,1,1,0.0883815288543701,"bootstrap",0.0888588428497314,NA
145,"unadj","two_stage","m1",600,65.2902424713951,15.2902424713951,NA,NA,7.31784648048799,-0.361090695144412,65.6513331665396,50.9475269252455,79.6329580175448,51.3086176203899,79.9940487126892,0,0,1,1,0.0909249782562256,"bootstrap",0.0914087295532227,NA
146,"unadj","two_stage","m1",583,55.9263272971065,5.92632729710647,NA,NA,9.26217820162507,-0.195436297286804,56.1217635943933,37.7727916035294,74.0798629906836,37.9682279008162,74.2752992879704,1,1,0,1,0.088045597076416,"bootstrap",0.0885369777679443,NA
147,"unadj","two_stage","m1",596,67.2066571697916,17.2066571697916,NA,NA,7.27529643894821,-0.960726591249269,68.1673837610409,52.9473381726006,81.4659761669826,53.9080647638499,82.4267027582318,0,0,1,1,0.0900557041168213,"bootstrap",0.0905210971832275,NA
148,"unadj","two_stage","m1",619,67.9217489494376,17.9217489494376,NA,NA,6.62239013326971,-1.14455592930568,69.0663048787432,54.9421027966555,80.9013951022196,56.0866587259612,82.0459510315253,0,0,1,1,0.0893497467041016,"bootstrap",0.0898177623748779,NA
149,"unadj","two_stage","m1",595,57.9301469242378,7.93014692423785,NA,NA,6.90845377783516,-0.923181857824005,58.8533287820619,44.3898263308213,71.4704675176544,45.3130081886453,72.3936493754784,1,1,0,1,0.0906362533569336,"bootstrap",0.0911023616790771,NA
150,"unadj","two_stage","m1",587,58.8765890372387,8.87658903723874,NA,NA,7.04593788062919,0.0525187099680622,58.8240703272707,45.0668045538991,72.6863735205784,45.014285843931,72.6338548106104,1,1,0,1,0.0892207622528076,"bootstrap",0.0897243022918701,NA
151,"unadj","two_stage","m1",593,59.6486998510875,9.64869985108754,NA,NA,7.63543972701642,-0.0901472566166035,59.7388471077041,44.683512980009,74.6138867221661,44.7736602366256,74.7040339787827,1,1,0,1,0.0923507213592529,"bootstrap",0.0928382873535156,NA
152,"unadj","two_stage","m1",592,68.0496364186758,18.0496364186758,NA,NA,9.53396260000088,0.0945182268833804,67.9551181917925,49.3634130927223,86.7358597446294,49.2688948658389,86.641341517746,1,1,0,1,0.0916304588317871,"bootstrap",0.0920953750610352,NA
153,"unadj","two_stage","m1",591,62.901676390443,12.901676390443,NA,NA,7.18151300320161,-0.22007349586449,63.1217498863075,48.8261695496618,76.9771832312243,49.0462430455263,77.1972567270888,1,1,0,1,0.0915307998657227,"bootstrap",0.0919883251190186,NA
154,"unadj","two_stage","m1",631,69.4366736562902,19.4366736562902,NA,NA,7.79193435167731,-0.325286079796768,69.761959736087,54.1647629571022,84.7085843554782,54.490049036899,85.0338704352749,0,0,1,1,0.0913617610931396,"bootstrap",0.091822624206543,NA
155,"unadj","two_stage","m1",612,52.5764367126641,2.5764367126641,NA,NA,6.62400227704847,0.605080764844296,51.9713559478198,39.5936308161378,65.5592426091904,38.9885500512935,64.9541618443461,1,1,0,1,0.0912740230560303,"bootstrap",0.0917484760284424,NA
156,"unadj","two_stage","m1",615,54.9439499692576,4.94394996925757,NA,NA,7.51452949575401,-0.389606593497831,55.3335565627554,40.2157427968158,69.6721571416994,40.6053493903136,70.0617637351972,1,1,0,1,0.0895733833312988,"bootstrap",0.0900311470031738,NA
157,"unadj","two_stage","m1",622,61.8341613951551,11.8341613951551,NA,NA,7.06909403968293,-0.399543669885169,62.2337050650403,47.9789916740499,75.6893311162604,48.378535343935,76.0888747861456,1,1,0,1,0.0913949012756348,"bootstrap",0.091853141784668,NA
158,"unadj","two_stage","m1",588,60.267406242425,10.267406242425,NA,NA,8.13860460888182,0.046902316648108,60.2205039257768,44.3160343246049,76.218778160245,44.2691320079568,76.1718758435969,1,1,0,1,0.0908479690551758,"bootstrap",0.0913081169128418,NA
159,"unadj","two_stage","m1",616,62.7327091487352,12.7327091487352,NA,NA,7.66702689521698,-0.219641238021083,62.9523503867563,47.70561256561,77.7598057318604,47.9252538036311,77.9794469698815,1,1,0,1,0.0923709869384766,"bootstrap",0.0928566455841064,NA
160,"unadj","two_stage","m1",601,63.6350637559244,13.6350637559244,NA,NA,7.29356122308213,-0.102702406632936,63.7377661625574,49.3399464396456,77.9301810722033,49.4426488462785,78.0328834788363,1,1,0,1,0.091005802154541,"bootstrap",0.0914721488952637,NA
161,"unadj","two_stage","m1",579,69.8912477940033,19.8912477940033,NA,NA,7.5277116815273,0.886615065708781,69.0046327282945,55.1372040122083,84.6452915757982,54.2505889464995,83.7586765100895,0,0,1,1,0.0917966365814209,"bootstrap",0.092289924621582,NA
162,"unadj","two_stage","m1",559,52.8681077107485,2.86810771074855,NA,NA,8.05147408468243,-0.59042271276649,53.458530423515,37.0875084823134,68.6487069391837,37.6779311950799,69.2391296519502,1,1,0,1,0.0919396877288818,"bootstrap",0.0924458503723145,NA
163,"unadj","two_stage","m1",617,70.0470470453768,20.0470470453768,NA,NA,8.15205581659288,0.0310049241803938,70.0160421211964,54.0693112448945,86.0247828458591,54.0383063207142,85.9937779216787,0,0,1,1,0.092339038848877,"bootstrap",0.092806339263916,NA
164,"unadj","two_stage","m1",604,56.3708804241127,6.37088042411267,NA,NA,6.77628554191308,0.442329932743057,55.9285504913696,43.0896048130036,69.6521560352218,42.6472748802605,69.2098261024787,1,1,0,1,0.0912063121795654,"bootstrap",0.0916905403137207,NA
165,"unadj","two_stage","m1",587,50.1526078586637,0.152607858663657,NA,NA,6.75848730604682,-0.406283638320758,50.5588914969844,36.9062161488408,63.3989995684866,37.3124997871615,63.8052832068073,1,1,0,1,0.09165358543396,"bootstrap",0.0921082496643066,NA
166,"unadj","two_stage","m1",627,53.5930893503104,3.59308935031044,NA,NA,7.28345332741142,-0.749448262608475,54.3425376129189,39.3177831455056,67.8683955551152,40.0672314081141,68.6178438177237,1,1,0,1,0.0912683010101318,"bootstrap",0.0917420387268066,NA
167,"unadj","two_stage","m1",605,65.4719342870223,15.4719342870223,NA,NA,7.98346125707041,0.0588397610578255,65.4130945259645,49.8246377511935,81.1192308228512,49.7657979901357,81.0603910617934,1,1,0,1,0.0911345481872559,"bootstrap",0.0915944576263428,NA
168,"unadj","two_stage","m1",607,62.7735170720563,12.7735170720563,NA,NA,5.83232076782601,-0.181138990586106,62.9546560626424,51.3423784208323,74.2046557232802,51.5235174114184,74.3857947138663,0,0,1,1,0.0921452045440674,"bootstrap",0.0925939083099365,NA
169,"unadj","two_stage","m1",635,58.3810704344259,8.38107043442588,NA,NA,8.19720308818887,0.805581686677087,57.5754887477488,42.3148476076152,74.4472932612366,41.5092659209381,73.6417115745595,1,1,0,1,0.0916993618011475,"bootstrap",0.0921647548675537,NA
170,"unadj","two_stage","m1",631,66.4268226842815,16.4268226842815,NA,NA,7.12971575856562,0.0959898956388798,66.3308327886427,52.4528365774853,80.4008087910778,52.3568466818464,80.304818895439,0,0,1,1,0.0916552543640137,"bootstrap",0.0921742916107178,NA
171,"unadj","two_stage","m1",616,67.5510151909282,17.5510151909282,NA,NA,7.39871006970519,-2.3460448178724,69.8970600088006,53.0498099222523,82.0522204596042,55.3958547401246,84.3982652774766,0,0,1,1,0.092179536819458,"bootstrap",0.0926663875579834,NA
172,"unadj","two_stage","m1",608,65.4226434601811,15.4226434601811,NA,NA,7.21981773451496,0.131661618125023,65.2909818420561,51.2720607255883,79.573226194774,51.1403991074633,79.441564576649,0,0,1,1,0.0922460556030273,"bootstrap",0.0927762985229492,NA
173,"unadj","two_stage","m1",610,64.771507558383,14.771507558383,NA,NA,7.42958416216637,0.517319885165904,64.2541876732171,50.2097901804278,79.3332249363383,49.6924702952619,78.8159050511724,0,1,1,1,0.0918986797332764,"bootstrap",0.0923950672149658,NA
174,"unadj","two_stage","m1",601,56.2441550519491,6.24415505194909,NA,NA,6.35170473849067,-0.473450852366334,56.7176059043154,43.795042524075,68.6932675798232,44.2684933764413,69.1667184321895,1,1,0,1,0.0915875434875488,"bootstrap",0.092069149017334,NA
175,"unadj","two_stage","m1",604,52.4862516700215,2.48625167002146,NA,NA,6.53045058373534,-0.548667587954498,53.034919257976,39.6868037230816,65.2856996169613,40.2354713110361,65.8343672049158,1,1,0,1,0.0919861793518066,"bootstrap",0.0925204753875732,NA
176,"unadj","two_stage","m1",597,66.2826607164878,16.2826607164878,NA,NA,7.60804325351275,0.0624395407914449,66.2202211756963,51.3711699467798,81.1941514861957,51.3087304059884,81.1317119454042,0,0,1,1,0.0914709568023682,"bootstrap",0.0919947624206543,NA
177,"unadj","two_stage","m1",609,50.3870686661529,0.387068666152857,NA,NA,8.64831593649266,0.625084353711962,49.7619843124409,33.4366809037034,67.3374564286023,32.8115965499915,66.7123720748903,1,1,0,1,0.0913960933685303,"bootstrap",0.0919058322906494,NA
178,"unadj","two_stage","m1",594,62.3588944716021,12.3588944716021,NA,NA,7.05461759311294,-1.3621110987629,63.721005570365,48.5320980643981,76.1856908788061,49.894209163161,77.547801977569,1,1,0,1,0.0914568901062012,"bootstrap",0.091954231262207,NA
179,"unadj","two_stage","m1",603,61.3257651109008,11.3257651109008,NA,NA,7.44280478453861,0.171761736199208,61.1540033747016,46.7381357892428,75.9133944325589,46.5663740530435,75.7416326963597,1,1,0,1,0.0917136669158936,"bootstrap",0.0921695232391357,NA
180,"unadj","two_stage","m1",606,57.0107436241061,7.01074362410608,NA,NA,6.83030727263914,-0.158175086976229,57.1689187110823,43.6235873663914,70.3978998818208,43.7817624533676,70.556074968797,1,1,0,1,0.0915188789367676,"bootstrap",0.092041015625,NA
181,"unadj","two_stage","m1",612,50.4265034727955,0.426503472795474,NA,NA,6.99124604545175,0.12539869568527,50.3011047771102,36.723913016652,64.129093928939,36.5985143209667,64.0036952332537,1,1,0,1,0.0924668312072754,"bootstrap",0.0929489135742188,NA
182,"unadj","two_stage","m1",635,74.5042678891406,24.5042678891406,NA,NA,7.14158817968063,0.0958362698149386,74.4084316193256,60.5070122645496,88.5015235137315,60.4111759947346,88.4056872439166,0,0,1,1,0.0919485092163086,"bootstrap",0.092432975769043,NA
183,"unadj","two_stage","m1",571,49.1006264305224,-0.899373569477632,NA,NA,7.2508815772735,0.201548728743077,48.8990777017793,34.8891596829013,63.3120931781434,34.6876109541583,63.1105444494003,1,1,0,1,0.0913360118865967,"bootstrap",0.0918459892272949,NA
184,"unadj","two_stage","m1",586,56.8480214219082,6.84802142190821,NA,NA,6.88887571760349,-0.772268764106904,57.6202901860151,43.3460731214329,70.3499697223836,44.1183418855398,71.1222384864905,1,1,0,1,0.0907523632049561,"bootstrap",0.0912647247314453,NA
185,"unadj","two_stage","m1",585,60.0820417882482,10.0820417882482,NA,NA,7.42020405622938,-1.11046966146446,61.1925114497127,45.5387090801006,74.6253744963958,46.6491787415651,75.7358441578603,1,1,0,1,0.0915145874023438,"bootstrap",0.0920255184173584,NA
186,"unadj","two_stage","m1",634,67.1693537669294,17.1693537669294,NA,NA,7.74554688325841,0.380809236549297,66.7885445303802,51.9883608351765,82.3503466986824,51.6075515986272,81.9695374621331,0,0,1,1,0.0918138027191162,"bootstrap",0.0923182964324951,NA
187,"unadj","two_stage","m1",634,67.2945039140175,17.2945039140175,NA,NA,6.78651250030803,-0.125305558071972,67.4198094720895,53.9931838327829,80.5958239952521,54.1184893908549,80.7211295533241,0,0,1,1,0.0910181999206543,"bootstrap",0.0914864540100098,NA
188,"unadj","two_stage","m1",624,52.8037320306179,2.80373203061785,NA,NA,7.24317120311135,-0.370952238317678,53.1746842689355,38.607377338662,67.0000867225738,38.9783295769796,67.3710389608914,1,1,0,1,0.0913975238800049,"bootstrap",0.0919342041015625,NA
189,"unadj","two_stage","m1",624,71.4779338119029,21.4779338119029,NA,NA,7.52235079900733,0.11188473182527,71.3660490800776,56.7343971667724,86.2214704570333,56.6225124349472,86.1095857252081,0,0,1,1,0.0903871059417725,"bootstrap",0.0909075736999512,NA
190,"unadj","two_stage","m1",619,66.1207752542947,16.1207752542947,NA,NA,6.95621953756582,-1.46332990680149,67.5841051610962,52.4868354921119,79.7547150164776,53.9501653989133,81.2180449232791,0,0,1,1,0.0919983386993408,"bootstrap",0.0924553871154785,NA
191,"unadj","two_stage","m1",611,67.5754796391803,17.5754796391803,NA,NA,6.55798271917046,0.0773032733025758,67.4981763658777,54.7220696983702,80.4288895799905,54.6447664250676,80.3515863066879,0,0,1,1,0.0938789844512939,"bootstrap",0.0946331024169922,NA
192,"unadj","two_stage","m1",601,54.7400968684956,4.74009686849564,NA,NA,7.46842518198965,-0.165074673369659,54.9051715418653,40.1022524905639,69.3779412464274,40.2673271639336,69.543015919797,1,1,0,1,0.0950157642364502,"bootstrap",0.0954892635345459,NA
193,"unadj","two_stage","m1",597,60.9814905499971,10.9814905499971,NA,NA,7.9207823951326,-0.673655356959209,61.6551459069563,45.4570423261583,76.5059387738359,46.1306976831175,77.1795941307951,1,1,0,1,0.0971298217773438,"bootstrap",0.0976219177246094,NA
194,"unadj","two_stage","m1",604,70.8960578453045,20.8960578453045,NA,NA,7.24515705591385,0.567679391131875,70.3283784541726,56.6958109533771,85.0963047372318,56.1281315622452,84.5286253461,0,0,1,1,0.0942835807800293,"bootstrap",0.0947566032409668,NA
195,"unadj","two_stage","m1",623,64.0621983513799,14.0621983513799,NA,NA,8.20996196054416,2.7549724913106,61.3072258600693,47.9709685942695,80.1534281084903,45.2159961029589,77.3984556171797,1,1,0,1,0.0941033363342285,"bootstrap",0.0946049690246582,NA
196,"unadj","two_stage","m1",591,70.5857501006036,20.5857501006036,NA,NA,7.64789089591455,0.915164751192961,69.6705853494107,55.5961593869193,85.5753408142879,54.6809946357264,84.660176063095,0,0,1,1,0.095233678817749,"bootstrap",0.0957300662994385,NA
197,"unadj","two_stage","m1",618,70.3686958716255,20.3686958716255,NA,NA,8.7869652676688,-0.375558786891489,70.744254658517,53.1465604135903,87.5908313296607,53.5221192004818,87.9663901165522,0,0,1,1,0.0957143306732178,"bootstrap",0.0961718559265137,NA
198,"unadj","two_stage","m1",597,62.9898599128431,12.9898599128431,NA,NA,8.24951023982839,0.477298794331944,62.5125611185112,46.8211169526851,79.1586028730012,46.3438181583532,78.6813040786692,1,1,0,1,0.0947797298431396,"bootstrap",0.0952789783477783,NA
199,"unadj","two_stage","m1",627,63.2962630049702,13.2962630049702,NA,NA,8.06789328925345,0.40918516341403,62.8870778415562,47.4834827269211,79.1090432830193,47.074297563507,78.6998581196053,1,1,0,1,0.0947797298431396,"bootstrap",0.0953311920166016,NA
200,"unadj","two_stage","m1",610,58.1533649725934,8.15336497259335,NA,NA,6.65007763828382,-1.15406745863459,59.3074324312279,45.1194523071619,71.1872776380248,46.2735197657965,72.3413450966594,1,1,0,1,0.095869779586792,"bootstrap",0.0963892936706543,NA
201,"unadj","two_stage","m1",603,58.5207646796306,8.52076467963062,NA,NA,7.03379750832713,0.615707888180935,57.9050567914497,44.7347748887619,72.3067544704994,44.1190670005809,71.6910465823184,1,1,0,1,0.0845584869384766,"bootstrap",0.0850217342376709,NA
202,"unadj","two_stage","m1",621,73.4113016824151,23.4113016824151,NA,NA,9.39102230712747,-0.507874657739393,73.9191763401545,55.005236182433,91.8173671823972,55.5131108401724,92.3252418401366,0,0,1,1,0.084338903427124,"bootstrap",0.0848243236541748,NA
203,"unadj","two_stage","m1",607,66.4259476446918,16.4259476446918,NA,NA,7.17372144010185,-1.67124332452607,68.0971909692179,52.3657119869694,80.4861833024142,54.0369553114954,82.1574266269403,0,0,1,1,0.0844941139221191,"bootstrap",0.0849997997283936,NA
204,"unadj","two_stage","m1",602,63.6520607757813,13.6520607757813,NA,NA,7.11086485802045,-0.831961281348782,64.4840220571301,49.7150217551297,77.5890997964329,50.5469830364785,78.4210610777817,1,0,0,1,0.0923850536346436,"bootstrap",0.092864990234375,NA
205,"unadj","two_stage","m1",620,56.4196264483519,6.41962644835195,NA,NA,8.17678643113432,-0.389018978326447,56.8086454266784,40.3934195340529,72.445833362651,40.7824385123793,72.8348523409774,1,1,0,1,0.0843057632446289,"bootstrap",0.08479905128479,NA
206,"unadj","two_stage","m1",602,54.0679920687823,4.0679920687823,NA,NA,7.4786990589985,-0.554403873019503,54.6223959418018,39.4100112619317,68.7259728756329,39.9644151349512,69.2803767486525,1,1,0,1,0.0932652950286865,"bootstrap",0.0937273502349854,NA
207,"unadj","two_stage","m1",620,59.2447860071744,9.24478600717438,NA,NA,7.09666284703125,0.723590553927522,58.5211954532469,45.3355824165697,73.1539895977791,44.6119918626421,72.4303990438516,1,1,0,1,0.0930640697479248,"bootstrap",0.0935649871826172,NA
208,"unadj","two_stage","m1",615,60.6115588090677,10.6115588090677,NA,NA,7.47321459941877,2.03006157760964,58.5814972314581,45.964327345468,75.2587902726674,43.9342657678584,73.2287286950578,1,1,0,1,0.0923371315002441,"bootstrap",0.0928292274475098,NA
209,"unadj","two_stage","m1",598,63.7855840596318,13.7855840596318,NA,NA,6.87721517579655,0.558298436774052,63.2272856228578,50.3064900011383,77.2646781181254,49.7481915643643,76.7063796813513,0,1,1,1,0.0927245616912842,"bootstrap",0.0932214260101318,NA
210,"unadj","two_stage","m1",606,64.1773008685902,14.1773008685902,NA,NA,7.32833393061894,0.655896754110486,63.5214041144797,49.8140302978942,78.5405714392861,49.1581335437837,77.8846746851756,1,1,0,1,0.0925085544586182,"bootstrap",0.0930013656616211,NA
211,"unadj","two_stage","m1",604,56.8832964078023,6.88329640780231,NA,NA,6.92723397416414,1.57849513654497,55.3048012712573,43.3061673059583,70.4604255096463,41.7276721694134,68.8819303731013,1,1,0,1,0.0847699642181396,"bootstrap",0.0852446556091309,NA
212,"unadj","two_stage","m1",627,58.4951880499529,8.49518804995293,NA,NA,6.69078462883145,0.300700577342369,58.1944874726106,45.3814911491291,71.6088849507768,45.0807905717867,71.3081843734344,1,1,0,1,0.0850048065185547,"bootstrap",0.0855510234832764,NA
213,"unadj","two_stage","m1",622,63.921141392638,13.921141392638,NA,NA,7.57445909554101,1.71295160663652,62.2081897860015,49.0754743630058,78.7668084222702,47.3625227563693,77.0538568156337,1,1,0,1,0.0848286151885986,"bootstrap",0.0853064060211182,NA
214,"unadj","two_stage","m1",597,57.1542578527809,7.15425785278086,NA,NA,6.97960055413914,0.730781336198604,56.4234765165823,43.4744921401923,70.8340235653694,42.7437108039937,70.1032422291708,1,1,0,1,0.0839247703552246,"bootstrap",0.0844326019287109,NA
215,"unadj","two_stage","m1",615,57.6564201402098,7.6564201402098,NA,NA,7.27992410642657,-0.199984439080353,57.8564045792902,43.3880310814288,71.9248091989908,43.5880155205091,72.1247936380712,1,1,0,1,0.0846037864685059,"bootstrap",0.0850639343261719,NA
216,"unadj","two_stage","m1",612,68.4428864049903,18.4428864049903,NA,NA,7.62178570017708,-0.58347676351022,69.0263631685005,53.5044609347608,83.3813118752198,54.0879376982711,83.96478863873,0,0,1,1,0.0923581123352051,"bootstrap",0.0928740501403809,NA
217,"unadj","two_stage","m1",613,52.8676820012224,2.86768200122236,NA,NA,6.96940751356809,0.537091405283761,52.3305905959386,39.2078942810461,66.5274697213987,38.6708028757623,65.9903783161149,1,1,0,1,0.0935747623443604,"bootstrap",0.0940830707550049,NA
218,"unadj","two_stage","m1",611,75.1934956746726,25.1934956746726,NA,NA,7.74474990204252,0.808435261995569,74.385060412677,60.0140647973991,90.3729265519461,59.2056295354036,89.5644912899505,0,0,1,1,0.0933260917663574,"bootstrap",0.0938148498535156,NA
219,"unadj","two_stage","m1",626,63.3338281126639,13.3338281126639,NA,NA,7.17100263869619,-0.815081807281778,64.1489099199457,49.2789212077777,77.3887350175501,50.0940030150595,78.2038168248319,1,0,0,1,0.0929818153381348,"bootstrap",0.0934600830078125,NA
220,"unadj","two_stage","m1",617,58.1997343748464,8.1997343748464,NA,NA,7.58090103213693,0.412120597070853,57.7876137777755,43.3414413814955,73.0580273681973,42.9293207844246,72.6459067711264,1,1,0,1,0.092099666595459,"bootstrap",0.0926170349121094,NA
221,"unadj","two_stage","m1",619,49.7065402971986,-0.293459702801414,NA,NA,7.98676412813357,-0.673885944929722,50.3804262421283,34.0527702530404,65.3603103413568,34.7266561979701,66.0341962862865,1,1,0,1,0.0842978954315186,"bootstrap",0.0847835540771484,NA
222,"unadj","two_stage","m1",617,64.4034706604211,14.4034706604211,NA,NA,7.80522541479869,-0.764865220635343,65.1683358810565,49.105509956199,79.7014313646433,49.8703751768344,80.4662965852786,1,1,0,1,0.0844728946685791,"bootstrap",0.0849673748016357,NA
223,"unadj","two_stage","m1",596,64.1427993957125,14.1427993957125,NA,NA,7.43567132787343,0.318323520016705,63.8244758756958,49.5691513922035,78.7164473992216,49.2508278721868,78.3981238792049,1,1,0,1,0.084632396697998,"bootstrap",0.0851614475250244,NA
224,"unadj","two_stage","m1",656,64.9317016940978,14.9317016940978,NA,NA,8.0414017035109,-0.786814267299064,65.7185159613969,49.1708439699974,80.6925594181982,49.9576582372965,81.4793736854973,1,1,0,1,0.0845506191253662,"bootstrap",0.085059642791748,NA
225,"unadj","two_stage","m1",627,50.9014131742827,0.901413174282737,NA,NA,8.24091100485708,0.37354762926185,50.5278655450209,34.7495244049631,67.0533019436024,34.3759767757012,66.6797543143405,1,1,0,1,0.0846171379089355,"bootstrap",0.0850949287414551,NA
226,"unadj","two_stage","m1",626,65.0420947475871,15.0420947475871,NA,NA,6.4475487280195,-1.16225727891791,66.204352026505,52.4051314521018,77.6790580430724,53.5673887310197,78.8413153219903,0,0,1,1,0.092914342880249,"bootstrap",0.0933952331542969,NA
227,"unadj","two_stage","m1",609,61.8081182022857,11.8081182022857,NA,NA,8.54060497601413,-0.41477972656611,62.2228979288518,45.0688400431144,78.5473963614569,45.4836197696805,78.962176088023,1,1,0,1,0.0917873382568359,"bootstrap",0.092266321182251,NA
228,"unadj","two_stage","m1",607,58.0155995044372,8.01559950443718,NA,NA,6.4985122408419,0.164348409533112,57.8512510949041,45.2787495592944,70.75244944958,45.1144011497613,70.5881010400469,1,1,0,1,0.0907614231109619,"bootstrap",0.0912642478942871,NA
229,"unadj","two_stage","m1",589,62.6345584491947,12.6345584491947,NA,NA,7.14210622697993,1.08196516500874,61.552593284186,48.6362874705548,76.6328294278347,47.5543223055461,75.5508642628259,1,1,0,1,0.0911731719970703,"bootstrap",0.0916352272033691,NA
230,"unadj","two_stage","m1",634,62.6860468493631,12.6860468493631,NA,NA,7.72450352215132,-0.557245786305543,63.2432926356686,47.5462981474937,77.8257955512325,48.1035439337993,78.383041337538,1,1,0,1,0.0903122425079346,"bootstrap",0.0911505222320557,NA
231,"unadj","two_stage","m1",628,65.8933343789611,15.8933343789611,NA,NA,7.2843265396324,-0.0417324934790031,65.9350668724401,51.6163167096523,80.1703520482699,51.6580492031313,80.2120845417489,0,0,1,1,0.0852489471435547,"bootstrap",0.0857555866241455,NA
232,"unadj","two_stage","m1",625,71.6635043652942,21.6635043652942,NA,NA,8.01633233171423,-0.584654966119118,72.2481593314134,55.9517817070304,87.3752270235581,56.5364366731495,87.9598819896773,0,0,1,1,0.0849683284759521,"bootstrap",0.085519552230835,NA
233,"unadj","two_stage","m1",630,59.6145277724736,9.61452777247359,NA,NA,6.33359065812364,0.711856497635047,58.9026712748385,47.2009181897319,72.0281373552153,46.4890616920969,71.3162808575802,1,1,0,1,0.0852141380310059,"bootstrap",0.0856778621673584,NA
234,"unadj","two_stage","m1",610,57.1139799941269,7.11397999412691,NA,NA,7.39066094358181,-0.206463550711966,57.3204435448389,42.6285507227598,71.5994092654941,42.8350142734717,71.805872816206,1,1,0,1,0.0848438739776611,"bootstrap",0.0853254795074463,NA
235,"unadj","two_stage","m1",602,61.5828127553551,11.5828127553551,NA,NA,7.48170243474478,0.802169348348343,60.7806434070068,46.9189454402098,76.2466800705005,46.1167760918614,75.4445107221522,1,1,0,1,0.0846552848815918,"bootstrap",0.0851550102233887,NA
236,"unadj","two_stage","m1",603,45.8560333629915,-4.14396663700853,NA,NA,7.03239284268427,-0.214719112028241,46.0707524750197,32.0727966661931,59.6392700597899,32.2875157782213,59.8539891718181,1,1,0,1,0.0926496982574463,"bootstrap",0.0931546688079834,NA
237,"unadj","two_stage","m1",605,59.7715801406962,9.77158014069616,NA,NA,7.02478739125443,-0.478393957434349,60.2499740981305,46.0032498547864,73.5399104266059,46.4816438122208,74.0183043840403,1,1,0,1,0.0935611724853516,"bootstrap",0.0940592288970947,NA
238,"unadj","two_stage","m1",613,81.3669678046768,31.3669678046768,NA,NA,6.93092134914416,0.86886139768248,80.4981064069943,67.7826115806745,94.9513240286791,66.913750182992,94.0824626309966,0,0,1,1,0.0926177501678467,"bootstrap",0.0931222438812256,NA
239,"unadj","two_stage","m1",610,57.1755275094278,7.17552750942781,NA,NA,7.58176400073164,0.383254144074435,56.7922733653534,42.3155431287115,72.0355118901441,41.932288984637,71.6522577460697,1,1,0,1,0.0932033061981201,"bootstrap",0.093705415725708,NA
240,"unadj","two_stage","m1",632,52.0391734519405,2.03917345194054,NA,NA,5.79301046591827,-1.05545490028076,53.0946283522213,40.6850815766771,63.3932653272039,41.7405364769579,64.4487202274847,1,1,0,1,0.093209981918335,"bootstrap",0.0937268733978271,NA
241,"unadj","two_stage","m1",603,62.6134267783605,12.6134267783605,NA,NA,8.9345493152208,-0.655672924349268,63.2690997027097,45.1020319024307,80.1248216542902,45.75770482678,80.7804945786395,1,1,0,1,0.0850648880004883,"bootstrap",0.0855600833892822,NA
242,"unadj","two_stage","m1",623,62.4684332820465,12.4684332820465,NA,NA,6.41753208816173,-0.388315307280195,62.8567485893267,49.8903015196194,75.0465650444736,50.2786168268996,75.4348803517538,1,0,0,1,0.0851454734802246,"bootstrap",0.0856249332427979,NA
243,"unadj","two_stage","m1",597,58.0025722112911,8.0025722112911,NA,NA,7.3105784160458,-0.0351952944880196,58.0377675057791,43.6741018096855,72.3310426128967,43.7092971041735,72.3662379073847,1,1,0,1,0.0849320888519287,"bootstrap",0.0854213237762451,NA
244,"unadj","two_stage","m1",622,65.2612729896101,15.2612729896101,NA,NA,7.40267008423218,0.506393768186911,64.7548792214232,50.7523062350829,79.7702397441372,50.245912466896,79.2638459759503,0,0,1,1,0.0919702053070068,"bootstrap",0.0928158760070801,NA
245,"unadj","two_stage","m1",625,61.7756666711303,11.7756666711303,NA,NA,7.19638972762541,0.861440713005329,60.914225958125,47.6710019862705,75.8803313559901,46.8095612732652,75.0188906429848,1,1,0,1,0.0848171710968018,"bootstrap",0.0853085517883301,NA
246,"unadj","two_stage","m1",631,59.4688601796008,9.46886017960077,NA,NA,7.12209898375828,0.90995927473179,58.558900904869,45.5098026771052,73.4279176820963,44.5998434023734,72.5179584073645,1,1,0,1,0.0929079055786133,"bootstrap",0.0934066772460938,NA
247,"unadj","two_stage","m1",593,60.4647654276253,10.4647654276253,NA,NA,8.39367614159898,1.650091849559,58.8146735780662,44.0134624921981,76.9160683630524,42.3633706426391,75.2659765134934,1,1,0,1,0.0865168571472168,"bootstrap",0.0869724750518799,NA
248,"unadj","two_stage","m1",593,60.9935030351647,10.9935030351647,NA,NA,8.02653578353131,0.82218200171549,60.1713210334492,45.2617819788213,76.725224091508,44.4395999771058,75.9030420897925,1,1,0,1,0.0854060649871826,"bootstrap",0.0858674049377441,NA
249,"unadj","two_stage","m1",581,54.9669350895495,4.96693508954948,NA,NA,7.14244575709058,0.0135151339082569,54.9534199556412,40.967998644121,68.9658715349779,40.9544835102128,68.9523564010697,1,1,0,1,0.0859415531158447,"bootstrap",0.0863926410675049,NA
250,"unadj","two_stage","m1",600,54.2222652919451,4.22226529194512,NA,NA,6.81524434163057,-0.0105935795372929,54.2328588714824,40.8646318365088,67.5798987473814,40.8752254160461,67.5904923269187,1,1,0,1,0.0861520767211914,"bootstrap",0.0866363048553467,NA
251,"unadj","two_stage","m1",606,61.4163727601475,11.4163727601475,NA,NA,7.91597307225052,-0.625174089930887,62.0415468500784,45.9013506359476,76.9313948843474,46.5265247258785,77.5565689742783,1,1,0,1,0.0790855884552002,"bootstrap",0.0795280933380127,NA
252,"unadj","two_stage","m1",602,59.1064444291985,9.10644442919855,NA,NA,7.83925729536157,0.421575609048674,58.6848688201499,43.741782464747,74.4711063936501,43.3202068556983,74.0495307846014,1,1,0,1,0.0786106586456299,"bootstrap",0.0790510177612305,NA
253,"unadj","two_stage","m1",608,66.8632621028496,16.8632621028496,NA,NA,7.17476275885991,0.493545393332354,66.3697167095173,52.800985497865,80.9255387078343,52.3074401045326,80.4319933145019,0,0,1,1,0.0786707401275635,"bootstrap",0.0791158676147461,NA
254,"unadj","two_stage","m1",612,60.6177969157263,10.6177969157263,NA,NA,6.90529860662254,0.172279071994012,60.4455178437323,47.0836603442515,74.1519334872011,46.9113812722575,73.9796544152071,1,1,0,1,0.0857532024383545,"bootstrap",0.0861985683441162,NA
255,"unadj","two_stage","m1",586,64.98423165389,14.98423165389,NA,NA,8.50894302671446,-0.246367197093321,65.2305988509833,48.3070097750265,81.6614535327536,48.5533769721198,81.9078207298469,1,1,0,1,0.0785608291625977,"bootstrap",0.0790133476257324,NA
256,"unadj","two_stage","m1",607,53.5471128627566,3.54711286275665,NA,NA,6.00200170022715,-0.377397596258092,53.9245104590147,41.7834056951633,65.31082003035,42.1608032914214,65.6882176266081,1,1,0,1,0.0855233669281006,"bootstrap",0.0859589576721191,NA
257,"unadj","two_stage","m1",586,43.7882045717728,-6.21179542822722,NA,NA,7.30224314392742,-0.100825816206559,43.8890303879793,29.4760710033205,58.100338140225,29.5768968195271,58.2011639564316,1,1,0,1,0.0877423286437988,"bootstrap",0.0881941318511963,NA
258,"unadj","two_stage","m1",587,52.8978144726269,2.89781447262692,NA,NA,7.22845256714014,1.19676573515002,51.7010487374769,38.7303077770762,67.0653211681777,37.5335420419261,65.8685554330277,1,1,0,1,0.0867466926574707,"bootstrap",0.0872123241424561,NA
259,"unadj","two_stage","m1",626,65.3710644940189,15.3710644940189,NA,NA,6.99702833771741,-0.678233336587866,66.0492978306068,51.6571409532866,79.0849880347512,52.3353742898745,79.7632213713391,0,0,1,1,0.0869019031524658,"bootstrap",0.0873398780822754,NA
260,"unadj","two_stage","m1",611,65.361218218864,15.361218218864,NA,NA,7.59351522316614,-0.167433732432698,65.5286519512967,50.4782018654018,80.2442345723263,50.6456355978345,80.411668304759,0,0,1,1,0.0857257843017578,"bootstrap",0.0861794948577881,NA
261,"unadj","two_stage","m1",595,55.5738535534608,5.57385355346082,NA,NA,7.53929487452808,-0.311178408989484,55.8850319624503,40.7971071305584,70.3505999763633,41.1082855395479,70.6617783853528,1,1,0,1,0.0815584659576416,"bootstrap",0.082042932510376,NA
262,"unadj","two_stage","m1",632,61.3705206745871,11.3705206745871,NA,NA,6.68372219730287,-0.794849577082282,62.1653702516693,48.2706658852025,74.4703754639716,49.0655154622848,75.2652250410539,1,1,0,1,0.0804064273834229,"bootstrap",0.0808773040771484,NA
263,"unadj","two_stage","m1",631,49.4935935882693,-0.506406411730666,NA,NA,7.22477094974637,-0.607877941219748,50.1014715294891,35.3333027302152,63.6538844463235,35.941180671435,64.2617623875432,1,1,0,1,0.0806992053985596,"bootstrap",0.081193208694458,NA
264,"unadj","two_stage","m1",616,62.2846641027976,12.2846641027976,NA,NA,7.0202138763017,0.186190824990142,62.0984732778075,48.525297741478,76.0440304641173,48.3391069164878,75.8578396391272,1,1,0,1,0.088815450668335,"bootstrap",0.0892984867095947,NA
265,"unadj","two_stage","m1",615,59.1396871950231,9.13968719502307,NA,NA,7.21066597178619,-0.194579500647301,59.3342666956704,45.0070415857736,73.2723328042725,45.2016210864209,73.4669123049198,1,1,0,1,0.0817923545837402,"bootstrap",0.0822539329528809,NA
266,"unadj","two_stage","m1",599,65.8431100076803,15.8431100076803,NA,NA,8.39357010295924,-1.42764555129529,67.2707555589756,49.3920149041681,82.2942051111926,50.8196604554634,83.7218506624879,1,0,0,1,0.0891010761260986,"bootstrap",0.0895695686340332,NA
267,"unadj","two_stage","m1",607,56.4808194160338,6.48081941603377,NA,NA,7.23765545985197,-0.244468793613208,56.725288209647,42.2952753822142,70.6663634498533,42.5397441758274,70.9108322434665,1,1,0,1,0.089240550994873,"bootstrap",0.0897054672241211,NA
268,"unadj","two_stage","m1",575,68.1565125616304,18.1565125616304,NA,NA,8.64267872782231,0.730448271372097,67.4260642902583,51.2171735251482,85.0958515981125,50.4867252537761,84.3654033267404,0,0,1,1,0.0881397724151611,"bootstrap",0.08860182762146,NA
269,"unadj","two_stage","m1",584,73.2782565136854,23.2782565136854,NA,NA,8.26051623662101,0.0250047407315748,73.2532517729538,57.0879421961998,89.4685708311709,57.0629374554683,89.4435660904393,0,0,1,1,0.0892837047576904,"bootstrap",0.0897519588470459,NA
270,"unadj","two_stage","m1",630,52.1715118921219,2.17151189212194,NA,NA,6.19011237029216,-0.475539703225813,52.6470515953478,40.0391145860934,64.3039091981504,40.5146542893192,64.7794489013763,1,1,0,1,0.0889444351196289,"bootstrap",0.0894367694854736,NA
271,"unadj","two_stage","m1",622,57.8591067828107,7.85910678281073,NA,NA,6.7877587663041,0.0778114806445771,57.7812953021661,44.5553440651087,71.1628695005128,44.4775325844641,71.0850580198682,1,1,0,1,0.0815715789794922,"bootstrap",0.0820381641387939,NA
272,"unadj","two_stage","m1",608,55.3668048927129,5.36680489271293,NA,NA,6.45691530347687,0.414708065815191,54.9520968268977,42.7114834466728,68.0221263387531,42.2967753808576,67.6074182729379,1,1,0,1,0.0890066623687744,"bootstrap",0.0894613265991211,NA
273,"unadj","two_stage","m1",603,63.5461305717635,13.5461305717635,NA,NA,8.1487565361944,-0.92671773458769,64.4728483063512,47.5748612420372,79.5173999014899,48.5015789766249,80.4441176360776,1,1,0,1,0.0812857151031494,"bootstrap",0.0817604064941406,NA
274,"unadj","two_stage","m1",618,52.5029690293964,2.50296902939641,NA,NA,7.69923702059892,-0.167423304991772,52.6703923343882,37.4127417605851,67.5931962982077,37.5801650655768,67.7606196031995,1,1,0,1,0.088742733001709,"bootstrap",0.0892212390899658,NA
275,"unadj","two_stage","m1",612,59.7108115559909,9.71081155599086,NA,NA,6.94737433295697,-1.54292314219114,61.253734698182,46.0942080762772,73.3274150357045,47.6371312184684,74.8703381778956,1,1,0,1,0.088670015335083,"bootstrap",0.0894272327423096,NA
276,"unadj","two_stage","m1",605,77.9511578860698,27.9511578860698,NA,NA,6.16856831781809,-0.654735765293736,78.6058936513635,65.8609861469715,90.041329625168,66.5157219122652,90.6960653904618,0,0,1,1,0.0887687206268311,"bootstrap",0.0892114639282227,NA
277,"unadj","two_stage","m1",613,62.985739949874,12.985739949874,NA,NA,6.97191539086667,-0.234131919861909,63.2198718697359,49.3210368805148,76.6504430192331,49.5551688003767,76.884574939095,1,1,0,1,0.0888664722442627,"bootstrap",0.0893137454986572,NA
278,"unadj","two_stage","m1",593,56.4177792000334,6.41777920003341,NA,NA,7.67403687348626,0.582735641814303,55.8350435582191,41.376943311968,71.4586150880988,40.7942076701537,70.8758794462845,1,1,0,1,0.0882713794708252,"bootstrap",0.0887229442596436,NA
279,"unadj","two_stage","m1",635,48.6501849259078,-1.34981507409216,NA,NA,6.55238343206797,-0.637823058360958,49.2880079842688,35.8077493861577,61.492620465658,36.4455724445186,62.130443524019,1,1,0,1,0.0893027782440186,"bootstrap",0.0897712707519531,NA
280,"unadj","two_stage","m1",601,58.4065946982539,8.40659469825385,NA,NA,8.97471254990876,-0.0990419296606859,58.5056366279145,40.8164813288331,75.9967080676746,40.9155232584937,76.0957499973353,1,1,0,1,0.0890402793884277,"bootstrap",0.0895116329193115,NA
281,"unadj","two_stage","m1",601,71.4102006221065,21.4102006221065,NA,NA,6.69998475551929,0.816549042043775,70.5936515800627,58.2784718043213,84.5419294398917,57.4619227622775,83.7253803978479,0,0,1,1,0.089261531829834,"bootstrap",0.0897235870361328,NA
282,"unadj","two_stage","m1",621,62.7081270684461,12.7081270684461,NA,NA,7.10279744038903,1.10915740412262,61.5989696643235,48.7868998958003,76.6293542410919,47.6777424916777,75.5201968369692,1,1,0,1,0.0886924266815186,"bootstrap",0.0891599655151367,NA
283,"unadj","two_stage","m1",603,55.63057811247,5.63057811246998,NA,NA,6.73371231980453,0.366238437644235,55.2643396748257,42.4327444833994,68.8284117415405,42.0665060457552,68.4621733038963,1,1,0,1,0.0892963409423828,"bootstrap",0.0897643566131592,NA
284,"unadj","two_stage","m1",599,54.8663311175896,4.8663311175896,NA,NA,6.92229535772106,-0.0408977383692672,54.9072288559589,41.2988815261075,68.4337807090717,41.3397792644768,68.474678447441,1,1,0,1,0.0884461402893066,"bootstrap",0.0889182090759277,NA
285,"unadj","two_stage","m1",633,61.7425840184862,11.7425840184862,NA,NA,6.65699850475991,1.10858808397703,60.6339959345092,48.6951067040198,74.7900613329526,47.5865186200428,73.6814732489756,1,1,0,1,0.0895891189575195,"bootstrap",0.0900554656982422,NA
286,"unadj","two_stage","m1",601,54.2413067515421,4.24130675154208,NA,NA,7.92433069430265,0.35934224405905,53.881964507483,38.7099039891236,69.7727095139605,38.3505617450646,69.4133672699015,1,1,0,1,0.0891544818878174,"bootstrap",0.0896210670471191,NA
287,"unadj","two_stage","m1",620,68.4705337889414,18.4705337889414,NA,NA,7.94699329324351,-0.838213010744767,69.3087467996861,52.8947131488027,84.04635442908,53.7329261595475,84.8845674398248,0,0,1,1,0.0897388458251953,"bootstrap",0.0901923179626465,NA
288,"unadj","two_stage","m1",593,71.6101364552385,21.6101364552385,NA,NA,8.24727623922346,1.73653918326731,69.8735972719712,55.4457720558076,87.7745008546695,53.7092328725403,86.0379616714022,0,0,1,1,0.0888760089874268,"bootstrap",0.0893330574035645,NA
289,"unadj","two_stage","m1",594,53.2908173499423,3.29081734994227,NA,NA,7.76551901661925,-0.793402164631352,54.0842195145736,38.0706797561077,68.5109549437769,38.864081920739,69.3043571084082,1,1,0,1,0.0893065929412842,"bootstrap",0.0897581577301025,NA
290,"unadj","two_stage","m1",591,72.8622090196058,22.8622090196058,NA,NA,8.23406568600079,0.624774883098993,72.2374341365068,56.7237368287071,89.0006812105044,56.0989619456081,88.3759063274054,0,0,1,1,0.0888035297393799,"bootstrap",0.0892605781555176,NA
291,"unadj","two_stage","m1",623,66.4399005397084,16.4399005397084,NA,NA,6.86907867049069,1.24127391567745,65.198626624031,52.9767537385744,79.9030473408424,51.7354798228969,78.661773425165,0,0,1,1,0.0895028114318848,"bootstrap",0.0899903774261475,NA
292,"unadj","two_stage","m1",605,62.6403781274095,12.6403781274095,NA,NA,7.15316283040162,-0.0387043687349831,62.6790824961445,48.6204366042717,76.6603196505473,48.6591409730067,76.6990240192822,1,1,0,1,0.0891952514648438,"bootstrap",0.0896682739257812,NA
293,"unadj","two_stage","m1",632,64.1104986095177,14.1104986095177,NA,NA,7.52736231228976,-1.52987887991517,65.6403774894329,49.3571395788457,78.8638576401898,50.8870184587608,80.393736520105,1,0,0,1,0.0899467468261719,"bootstrap",0.0904161930084229,NA
294,"unadj","two_stage","m1",589,49.7922448066935,-0.207755193306468,NA,NA,7.26626970252172,0.73331390801728,49.0589308986763,35.5506178877964,64.0338717255907,34.8173039797791,63.3005578175734,1,1,0,1,0.0890324115753174,"bootstrap",0.0895001888275146,NA
295,"unadj","two_stage","m1",615,63.2600893995657,13.2600893995657,NA,NA,6.27021873832035,0.141939563736386,63.1181498358293,50.9706864972697,75.5494923018618,50.8287469335333,75.4075527381254,0,0,1,1,0.0899653434753418,"bootstrap",0.0904295444488525,NA
296,"unadj","two_stage","m1",600,77.3654632863763,27.3654632863763,NA,NA,9.79297927087238,0.317095535233321,77.048367751143,58.1715766141191,96.5593499586335,57.8544810788858,96.2422544234002,0,0,1,1,0.0892081260681152,"bootstrap",0.0896618366241455,NA
297,"unadj","two_stage","m1",593,65.0167234229698,15.0167234229698,NA,NA,7.35681797479403,0.480399776507895,64.5363236464619,50.5976251515566,79.435821694383,50.1172253750487,78.9554219178751,0,0,1,1,0.0884337425231934,"bootstrap",0.0888981819152832,NA
298,"unadj","two_stage","m1",614,52.5367840238351,2.53678402383511,NA,NA,7.40356476457713,0.494965814140158,52.041818209695,38.0260637280542,67.0475043196161,37.531097913914,66.5525385054759,1,1,0,1,0.0886731147766113,"bootstrap",0.0891454219818115,NA
299,"unadj","two_stage","m1",588,56.343108615514,6.34310861551401,NA,NA,7.83839216334366,0.139780377954132,56.2033282375599,40.9801422786594,71.7060749523686,40.8403619007053,71.5662945744145,1,1,0,1,0.0885896682739258,"bootstrap",0.0890827178955078,NA
300,"unadj","two_stage","m1",610,79.483376922642,29.483376922642,NA,NA,9.98277215610246,1.09618299098739,78.3871939316547,59.917503030812,99.0492508144721,58.8213200398246,97.9530678234847,0,0,1,1,0.0891664028167725,"bootstrap",0.0896267890930176,NA
301,"unadj","two_stage","m1",617,67.4667090083492,17.4667090083492,NA,NA,7.21102984078239,-0.733344378100881,68.2000533864501,53.3333502289722,81.6000677877263,54.066694607073,82.3334121658272,0,0,1,1,0.0933442115783691,"bootstrap",0.0938084125518799,NA
302,"unadj","two_stage","m1",630,60.9010732464056,10.9010732464056,NA,NA,6.89728267582478,-0.850228443324838,61.7513016897304,47.382647610597,74.4194988822142,48.2328760539218,75.2697273255391,1,1,0,1,0.093681812286377,"bootstrap",0.0941605567932129,NA
303,"unadj","two_stage","m1",625,61.8809105857744,11.8809105857744,NA,NA,7.53911255498585,-0.0617890786048889,61.9426996643793,47.1045215026084,76.6572996689404,47.1663105812133,76.7190887475453,1,1,0,1,0.0935978889465332,"bootstrap",0.094066858291626,NA
304,"unadj","two_stage","m1",603,67.6517063191493,17.6517063191493,NA,NA,8.37640228624548,0.510905143715405,67.1408011754339,51.2342595180892,84.0691531202094,50.7233543743738,83.558247976494,0,0,1,1,0.0929684638977051,"bootstrap",0.0934500694274902,NA
305,"unadj","two_stage","m1",599,58.9065218327258,8.90652183272579,NA,NA,7.90359443610236,-0.0623407564268206,58.9688625891526,43.415761389554,74.3972822758976,43.4781021459808,74.4596230323244,1,1,0,1,0.0928874015808105,"bootstrap",0.0933833122253418,NA
306,"unadj","two_stage","m1",601,50.1465712931622,0.146571293162168,NA,NA,6.76449897158548,-0.284123404610064,50.4306946977722,36.8883969353964,63.4047456509279,37.1725203400065,63.688869055538,1,1,0,1,0.0936355590820312,"bootstrap",0.0941329002380371,NA
307,"unadj","two_stage","m1",579,55.2108862271643,5.21088622716428,NA,NA,6.89170069244405,0.425100841462488,54.7857853857018,41.7034010777442,68.7183713765844,41.2783002362817,68.2932705351219,1,1,0,1,0.0928981304168701,"bootstrap",0.0933797359466553,NA
308,"unadj","two_stage","m1",596,70.6553468160575,20.6553468160575,NA,NA,7.56046297968421,-0.166483650691248,70.8218304667487,55.837111669428,85.4735819626869,56.0035953201193,85.6400656133781,0,0,1,1,0.0926148891448975,"bootstrap",0.0930819511413574,NA
309,"unadj","two_stage","m1",614,53.0819712931629,3.08197129316292,NA,NA,7.33482426700402,-0.54586309180953,53.6278343849725,38.7059798969047,67.4579626894212,39.2518429887142,68.0038257812307,1,1,0,1,0.0928535461425781,"bootstrap",0.0933322906494141,NA
310,"unadj","two_stage","m1",627,57.6801750852646,7.68017508526464,NA,NA,6.75664742111337,0.0122096239502767,57.6679654613144,44.437389483647,70.9229606868823,44.4251798596967,70.910751062932,1,1,0,1,0.0926704406738281,"bootstrap",0.0931735038757324,NA
311,"unadj","two_stage","m1",603,55.7795959478559,5.77959594785588,NA,NA,7.06099116171357,0.231319926232693,55.5482760216232,41.9403075757417,69.6188843199701,41.708987649509,69.3875643937374,1,1,0,1,0.0944583415985107,"bootstrap",0.0949532985687256,NA
312,"unadj","two_stage","m1",629,57.6736614916432,7.67366149164323,NA,NA,7.57470353534158,-0.796427681291775,58.470089172935,42.8275153688055,72.519807614481,43.6239430500973,73.3162352957727,1,1,0,1,0.0933191776275635,"bootstrap",0.0937933921813965,NA
313,"unadj","two_stage","m1",605,65.5421219149306,15.5421219149306,NA,NA,7.60092665389012,1.30493030160169,64.237191613329,50.6445794241755,80.4396644056858,49.3396491225738,79.1347341040841,0,1,1,1,0.0938804149627686,"bootstrap",0.0943799018859863,NA
314,"unadj","two_stage","m1",609,52.0499601954848,2.04996019548477,NA,NA,6.68660217241131,0.943684010982537,51.1062761845022,38.9444607586113,65.1554596323582,38.0007767476288,64.2117756213757,1,1,0,1,0.0935425758361816,"bootstrap",0.0940418243408203,NA
315,"unadj","two_stage","m1",627,73.2644819156919,23.2644819156919,NA,NA,6.94922555090495,0.0532971936294473,73.2111847220625,59.6442501154727,86.8847137159111,59.5909529218433,86.8314165222817,0,0,1,1,0.0933458805084229,"bootstrap",0.0938174724578857,NA
316,"unadj","two_stage","m1",608,54.3475787867459,4.34757878674588,NA,NA,7.88603348621054,0.176512348569311,54.1710664381766,38.8912371728964,69.8039204005954,38.7147248243271,69.6274080520261,1,1,0,1,0.0930583477020264,"bootstrap",0.0935873985290527,NA
317,"unadj","two_stage","m1",611,66.0529823460071,16.0529823460071,NA,NA,8.69588822382668,1.10598620794786,64.9469961380593,49.0093546137209,83.0966100782934,47.903368405773,81.9906238703455,1,1,0,1,0.0840325355529785,"bootstrap",0.084519624710083,NA
318,"unadj","two_stage","m1",605,56.4860151102472,6.48601511024717,NA,NA,7.29313257241432,0.501193268361952,55.9848218418852,42.1917379338391,70.7802922866552,41.6905446654772,70.2790990182932,1,1,0,1,0.0928030014038086,"bootstrap",0.0933318138122559,NA
319,"unadj","two_stage","m1",602,59.9272294919088,9.92722949190878,NA,NA,6.53850281345147,0.851227652265166,59.0760018396436,47.1119994647301,72.7424595190875,46.2607718124649,71.8912318668223,1,1,0,1,0.0840351581573486,"bootstrap",0.0845479965209961,NA
320,"unadj","two_stage","m1",617,60.1012608478181,10.1012608478181,NA,NA,6.88421141792277,0.826176919737101,59.275083928081,46.60845440673,73.5940672889061,45.7822774869929,72.767890369169,1,1,0,1,0.0929358005523682,"bootstrap",0.0934526920318604,NA
321,"unadj","two_stage","m1",595,72.2585896279481,22.2585896279481,NA,NA,6.72294858314296,-0.384064969164456,72.6426545971125,59.0818525350733,85.4353267208228,59.4659175042377,85.8193916899873,0,0,1,1,0.0944480895996094,"bootstrap",0.094947338104248,NA
322,"unadj","two_stage","m1",607,69.5175370641959,19.5175370641959,NA,NA,8.37693850277379,0.399928324484051,69.1176087397119,53.0990392980524,85.9360348303395,52.6991109735684,85.5361065058554,0,0,1,1,0.0937402248382568,"bootstrap",0.0942168235778809,NA
323,"unadj","two_stage","m1",608,72.6947233353571,22.6947233353571,NA,NA,6.87085588783514,0.514358750294946,72.1803645850622,59.2280932522353,86.161353418479,58.7137345019403,85.646994668184,0,0,1,1,0.0942807197570801,"bootstrap",0.0947933197021484,NA
324,"unadj","two_stage","m1",618,56.8311906249279,6.83119062492787,NA,NA,7.06933680849246,-0.00535207435803642,56.8365426992859,42.9755450856993,70.6868361641564,42.9808971600574,70.6921882385145,1,1,0,1,0.0928492546081543,"bootstrap",0.0933668613433838,NA
325,"unadj","two_stage","m1",615,66.1009384754904,16.1009384754904,NA,NA,6.82766707932224,0.234557313873069,65.8663811616173,52.718956901589,79.4829200493917,52.4843995877159,79.2483627355187,0,0,1,1,0.0939197540283203,"bootstrap",0.094402551651001,NA
326,"unadj","two_stage","m1",588,75.9446798880881,25.9446798880881,NA,NA,7.6414512248244,-1.28268674011025,77.2273666281984,60.9677106978128,90.9216490783634,62.2503974379231,92.2043358184737,0,0,1,1,0.0833430290222168,"bootstrap",0.083843469619751,NA
327,"unadj","two_stage","m1",624,72.1268504153338,22.1268504153338,NA,NA,6.90858971771451,1.71212266430092,70.4147277510328,58.5862633846496,85.6674374460179,56.8741407203487,83.955314781717,0,0,1,1,0.0932745933532715,"bootstrap",0.0937609672546387,NA
328,"unadj","two_stage","m1",626,56.2796233069711,6.2796233069711,NA,NA,6.72682892510877,0.175453694298561,56.1041696126725,43.0952808835956,69.4639657303466,42.9198271892971,69.288512036048,1,1,0,1,0.0822851657867432,"bootstrap",0.0897896289825439,NA
329,"unadj","two_stage","m1",608,43.4582199447259,-6.54178005527413,NA,NA,5.99978129392895,1.1231646540549,42.335055290671,31.698864693508,55.2175751959437,30.5757000394531,54.0944105418888,1,1,0,1,0.0846812725067139,"bootstrap",0.085179328918457,NA
330,"unadj","two_stage","m1",586,53.084316183566,3.08431618356605,NA,NA,7.85142324896027,3.2178124866773,49.8665036968887,37.6958093882235,68.4728229789086,34.4779969015462,65.2550104922313,1,1,0,1,0.0836987495422363,"bootstrap",0.0841948986053467,NA
331,"unadj","two_stage","m1",605,50.7160478792134,0.71604787921342,NA,NA,6.51814960405834,-0.119680935147429,50.8357288143608,37.9407094094151,63.4913863490118,38.0603903445625,63.6110672841592,1,1,0,1,0.0932323932647705,"bootstrap",0.093780517578125,NA
332,"unadj","two_stage","m1",629,59.0851146617423,9.08511466174232,NA,NA,7.70099117786768,0.224750301998746,58.8603643597436,43.991449307861,74.1787800156237,43.7666990058622,73.9540297136249,1,1,0,1,0.0923144817352295,"bootstrap",0.0927841663360596,NA
333,"unadj","two_stage","m1",620,56.2766637356207,6.27666373562067,NA,NA,5.68463129236921,-0.417978229770114,56.6946419653908,45.1349911371876,67.4183363340537,45.5529693669578,67.8363145638238,1,1,0,1,0.0934245586395264,"bootstrap",0.0939016342163086,NA
334,"unadj","two_stage","m1",587,66.4066566666999,16.4066566666999,NA,NA,6.85869046793621,-0.11003332718731,66.5166899938873,52.9638703684368,79.8494429649631,53.0739036956241,79.9594762921504,0,0,1,1,0.0841467380523682,"bootstrap",0.0846271514892578,NA
335,"unadj","two_stage","m1",617,57.183442160375,7.18344216037497,NA,NA,6.58279321633247,0.662276443220399,56.5211657171546,44.2814045386887,70.0854797820612,43.6191280954683,69.4232033388408,1,1,0,1,0.092421293258667,"bootstrap",0.0929050445556641,NA
336,"unadj","two_stage","m1",632,66.6071474767444,16.6071474767444,NA,NA,6.72862430935874,-0.119040417073833,66.7261878938183,53.4192861649006,79.7950087885883,53.5383265819745,79.9140492056621,0,0,1,1,0.0846683979034424,"bootstrap",0.0851578712463379,NA
337,"unadj","two_stage","m1",603,63.0496245566708,13.0496245566708,NA,NA,7.74439526329191,0.171788574438182,62.8778359822326,47.870888758576,78.2283603547655,47.6991001841378,78.0565717803273,1,1,0,1,0.0956110954284668,"bootstrap",0.096097469329834,NA
338,"unadj","two_stage","m1",609,55.2531664386879,5.25316643868786,NA,NA,6.73984614922731,-0.688106152091784,55.9412725907796,42.0433107248614,68.4630221525143,42.7314168769531,69.1511283046061,1,1,0,1,0.0836117267608643,"bootstrap",0.084132194519043,NA
339,"unadj","two_stage","m1",624,58.9796578155206,8.97965781552062,NA,NA,7.24068702231762,-0.0513101672863954,59.030967982807,44.7881720284515,73.1711436025897,44.8394821957379,73.2224537698761,1,1,0,1,0.0937626361846924,"bootstrap",0.0942788124084473,NA
340,"unadj","two_stage","m1",643,66.0865260244592,16.0865260244592,NA,NA,7.50728355000843,-0.0254085565295696,66.1119345809887,51.3725206447127,80.8005314042057,51.3979292012422,80.8259399607353,0,0,1,1,0.0848004817962646,"bootstrap",0.0852949619293213,NA
341,"unadj","two_stage","m1",620,59.9228229703394,9.92282297033935,NA,NA,6.43918665264617,0.288002874078082,59.6348200962613,47.3022490414218,72.5433968992569,47.0142461673437,72.2553940251788,1,1,0,1,0.0838422775268555,"bootstrap",0.0843210220336914,NA
342,"unadj","two_stage","m1",599,55.2634704825271,5.26347048252708,NA,NA,7.8914519324607,1.30410599602303,53.9593644865041,39.7965089091751,70.7304320558791,38.4924029131521,69.426326059856,1,1,0,1,0.0841789245605469,"bootstrap",0.0846679210662842,NA
343,"unadj","two_stage","m1",601,67.5117373240712,17.5117373240712,NA,NA,7.43745298998629,0.827776664990495,66.6839606590808,52.9345973269884,82.0888773211541,52.1068206619979,81.2611006561636,0,0,1,1,0.0840041637420654,"bootstrap",0.0845074653625488,NA
344,"unadj","two_stage","m1",599,56.2549529621984,6.25495296219844,NA,NA,6.96154961942798,-0.240826391069653,56.4957793532681,42.6105664315311,69.8993394928658,42.8513928226007,70.1401658839355,1,1,0,1,0.0918686389923096,"bootstrap",0.0928113460540771,NA
345,"unadj","two_stage","m1",600,63.6682637404433,13.6682637404433,NA,NA,8.05130530932695,-0.0700584211223116,63.7383221615656,47.8879953056264,79.4485321752603,47.9580537267487,79.5185905963826,1,1,0,1,0.0836772918701172,"bootstrap",0.0842278003692627,NA
346,"unadj","two_stage","m1",602,64.5948756373256,14.5948756373256,NA,NA,7.08946999268674,1.2134415000145,63.3814341373111,50.6997697821822,78.4899814924691,49.4863282821677,77.2765399924546,0,1,1,1,0.0924785137176514,"bootstrap",0.0929651260375977,NA
347,"unadj","two_stage","m1",606,67.3412069283447,17.3412069283447,NA,NA,6.34494872048477,0.947078894178517,66.3941280341661,54.905335952441,79.7770779042483,53.9582570582625,78.8299990100698,0,0,1,1,0.0958340167999268,"bootstrap",0.0963578224182129,NA
348,"unadj","two_stage","m1",609,52.4250558109692,2.42505581096918,NA,NA,6.88506294203152,-0.291006342807599,52.7160621537768,38.930580413296,65.9195312086423,39.2215867561036,66.2105375514499,1,1,0,1,0.0929646492004395,"bootstrap",0.0934758186340332,NA
349,"unadj","two_stage","m1",612,58.3923900804091,8.39239008040906,NA,NA,7.65968154994178,0.774728593284443,57.6176614871246,43.3796901094772,73.4050900513409,42.6049615161928,72.6303614580564,1,1,0,1,0.0953164100646973,"bootstrap",0.0959131717681885,NA
350,"unadj","two_stage","m1",620,54.3413119916195,4.34131199161951,NA,NA,6.64749403937155,0.304393202051102,54.0369187895684,41.3124630870066,67.3701608962324,41.0080698849555,67.0657676941813,1,1,0,1,0.0941493511199951,"bootstrap",0.0946586132049561,NA
351,"unadj","two_stage","m1",595,57.2361051389687,7.2361051389687,NA,NA,7.19774175268571,-0.72894359136,57.9650487303287,43.1287905336845,71.3434197442529,43.8577341250445,72.0723633356129,1,1,0,1,0.0838515758514404,"bootstrap",0.0843393802642822,NA
352,"unadj","two_stage","m1",605,68.0647337252043,18.0647337252043,NA,NA,7.30933678967078,0.252773090754317,67.81196063445,53.738696866576,82.3907705838327,53.4859237758217,82.1379974930783,0,0,1,1,0.0931763648986816,"bootstrap",0.0937418937683105,NA
353,"unadj","two_stage","m1",629,61.0402280595681,11.0402280595681,NA,NA,7.61455421426991,-0.584122677926914,61.624350737495,46.1159760412713,75.9644800778648,46.7000987191982,76.5486027557917,1,1,0,1,0.0847899913787842,"bootstrap",0.0852665901184082,NA
354,"unadj","two_stage","m1",611,58.428935409666,8.42893540966602,NA,NA,6.66312503718533,-0.043387166557622,58.4723225762236,45.3694503122957,71.4884205070364,45.4128374788533,71.531807673594,1,1,0,1,0.0922451019287109,"bootstrap",0.0927355289459229,NA
355,"unadj","two_stage","m1",622,55.8925116777698,5.89251167776985,NA,NA,5.46120735628125,0.813931332117988,55.0785803456519,45.1887419473534,66.5962814081863,44.3748106152354,65.7823500760683,1,1,0,1,0.0906081199645996,"bootstrap",0.091355562210083,NA
356,"unadj","two_stage","m1",596,62.5869181913455,12.5869181913455,NA,NA,5.961304896469,0.137759710998267,62.4491584803472,50.902975293404,74.270861089287,50.7652155824057,74.1331013782887,0,0,1,1,0.0925559997558594,"bootstrap",0.0930352210998535,NA
357,"unadj","two_stage","m1",611,69.2762266717016,19.2762266717016,NA,NA,8.29549091648795,-1.7899950036597,71.0662216753613,53.0173632413061,85.5350901020971,54.8073582449658,87.3250851057568,0,0,1,1,0.0946574211120605,"bootstrap",0.0952029228210449,NA
358,"unadj","two_stage","m1",611,67.9502112460925,17.9502112460925,NA,NA,7.01378929094894,-0.139654814966349,68.0898660610589,54.2034368406799,81.6969856515052,54.3430916556462,81.8366404664715,0,0,1,1,0.0944874286651611,"bootstrap",0.0950179100036621,NA
359,"unadj","two_stage","m1",610,57.2957610717047,7.2957610717047,NA,NA,7.1174831299297,0.333745633349153,56.9620154383556,43.3457504764711,71.2457716669383,43.0120048431219,70.9120260335892,1,1,0,1,0.0935153961181641,"bootstrap",0.0940077304840088,NA
360,"unadj","two_stage","m1",630,71.5094126232739,21.5094126232739,NA,NA,8.32582403984091,0.595823869832884,70.913588753441,55.191097363568,87.8277278829799,54.5952734937351,87.231904013147,0,0,1,1,0.0953013896942139,"bootstrap",0.095797061920166,NA
361,"unadj","two_stage","m1",616,55.9734498595587,5.97344985955874,NA,NA,7.09068501784294,-0.480470221494926,56.4539200810537,42.0759625988688,69.8709371202486,42.5564328203638,70.3514073417436,1,1,0,1,0.0947072505950928,"bootstrap",0.0951933860778809,NA
362,"unadj","two_stage","m1",629,56.125012998848,6.12501299884798,NA,NA,7.07021036044759,1.0190780035764,55.1059349952716,42.2676553292487,69.9823706684472,41.2485773256723,68.9632926648708,1,1,0,1,0.0953631401062012,"bootstrap",0.0958478450775146,NA
363,"unadj","two_stage","m1",617,44.5605417935364,-5.4394582064636,NA,NA,7.13371928969753,0.515901770532764,44.0446400230036,30.5787089099106,58.5423746771622,30.0628071393778,58.0264729066294,1,1,0,1,0.0956037044525146,"bootstrap",0.0960824489593506,NA
364,"unadj","two_stage","m1",586,67.1542066882352,17.1542066882352,NA,NA,7.64423374910668,-1.57907655931416,68.7332832475493,52.1717838505805,82.1366295258899,53.7508604098947,83.715706085204,0,0,1,1,0.0940320491790771,"bootstrap",0.0945191383361816,NA
365,"unadj","two_stage","m1",574,57.7231439474908,7.72314394749077,NA,NA,7.14661579587001,-1.52386866538752,59.2470126128783,43.7160343762405,71.730253518741,45.239903041628,73.2541221841285,1,1,0,1,0.0954322814941406,"bootstrap",0.0959837436676025,NA
366,"unadj","two_stage","m1",622,65.5961863985756,15.5961863985756,NA,NA,7.02475774641146,-0.0252675549228059,65.6214539534984,51.8279142154904,79.3644585816608,51.8531817704132,79.3897261365836,0,0,1,1,0.0939815044403076,"bootstrap",0.0944862365722656,NA
367,"unadj","two_stage","m1",621,60.0441348912083,10.0441348912083,NA,NA,7.12917522555672,0.512946176384197,59.5311887148241,46.0712082096419,74.0170615727747,45.5582620332577,73.5041153963905,1,1,0,1,0.0845773220062256,"bootstrap",0.085050106048584,NA
368,"unadj","two_stage","m1",590,54.3046948195453,4.30469481954532,NA,NA,7.38667911629592,-0.712051551570369,55.0167463711157,39.8270697862512,68.7823198528395,40.5391213378215,69.4943714044098,1,1,0,1,0.0934972763061523,"bootstrap",0.0939733982086182,NA
369,"unadj","two_stage","m1",605,55.6736172577988,5.67361725779875,NA,NA,6.99004993733623,0.828415626883768,54.845201630915,41.9733711304833,69.3738633851142,41.1449555035995,68.5454477582305,1,1,0,1,0.0838298797607422,"bootstrap",0.0843234062194824,NA
370,"unadj","two_stage","m1",578,70.1719770269416,20.1719770269416,NA,NA,7.26808002890389,-0.00731364081015329,70.1792906677517,55.9268019335351,84.417152120348,55.9341155743453,84.4244657611582,0,0,1,1,0.0932095050811768,"bootstrap",0.093700647354126,NA
371,"unadj","two_stage","m1",572,61.1727211242558,11.1727211242558,NA,NA,7.95084140298898,0.545359952105322,60.6273611721505,45.5893583276075,76.7560839209041,45.0439983755021,76.2107239687988,1,1,0,1,0.0943078994750977,"bootstrap",0.0948073863983154,NA
372,"unadj","two_stage","m1",592,69.4543958691079,19.4543958691079,NA,NA,8.31685553399033,-0.76116399531621,70.2155598644241,53.1536585578642,85.7551331803516,53.9148225531804,86.5162971756678,0,0,1,1,0.094085693359375,"bootstrap",0.0945975780487061,NA
373,"unadj","two_stage","m1",610,49.7272100763096,-0.272789923690368,NA,NA,6.6202346555502,0.254955397435751,49.4722546788739,36.7517885822273,62.7026315703919,36.4968331847916,62.4476761729562,1,1,0,1,0.094111442565918,"bootstrap",0.0945949554443359,NA
374,"unadj","two_stage","m1",605,60.5586100617644,10.5586100617644,NA,NA,6.17010793146747,-1.3750503644337,61.9336604261981,48.4654207353633,72.6517993881656,49.840471099797,74.0268497525993,1,1,0,1,0.0929739475250244,"bootstrap",0.0934484004974365,NA
375,"unadj","two_stage","m1",603,59.5186053394781,9.51860533947814,NA,NA,8.86464232290912,0.423304615410871,59.0953007240673,42.1442256507468,76.8929850282095,41.7209210353359,76.4696804127986,1,1,0,1,0.0941224098205566,"bootstrap",0.0946433544158936,NA
376,"unadj","two_stage","m1",618,67.0331811064618,17.0331811064618,NA,NA,7.80015863747761,0.316695501876467,66.7164856045853,51.7451511033066,82.3212111096169,51.4284556014302,82.0045156077404,0,0,1,1,0.0926861763000488,"bootstrap",0.0931744575500488,NA
377,"unadj","two_stage","m1",595,59.7685503150224,9.7685503150224,NA,NA,6.34033848192551,0.613483202075813,59.1550671129466,47.341715240655,72.1953853893897,46.7282320385792,71.5819021873139,1,1,0,1,0.0924346446990967,"bootstrap",0.0929064750671387,NA
378,"unadj","two_stage","m1",599,67.4069757034287,17.4069757034287,NA,NA,9.01664965831619,0.380853475071234,67.0261222283575,49.7346671119136,85.0792842949438,49.3538136368423,84.6984308198726,1,1,0,1,0.0921752452850342,"bootstrap",0.0926492214202881,NA
379,"unadj","two_stage","m1",593,65.7190470525676,15.7190470525676,NA,NA,8.12923867779315,0.10845938038301,65.6105876721846,49.786032022363,81.6520620827721,49.67757264198,81.5436027023891,1,1,0,1,0.0822441577911377,"bootstrap",0.0827281475067139,NA
380,"unadj","two_stage","m1",616,59.9436054490632,9.9436054490632,NA,NA,7.53996855901661,0.223556171681892,59.7200492773813,45.1655386288263,74.7216722693001,44.9419824571444,74.4981160976182,1,1,0,1,0.0844395160675049,"bootstrap",0.0849401950836182,NA
381,"unadj","two_stage","m1",640,64.4894638268291,14.4894638268291,NA,NA,6.06636900001079,-0.171149675203907,64.660613502033,52.5995990698777,76.3793285837805,52.7707487450816,76.5504782589844,0,0,1,1,0.0931496620178223,"bootstrap",0.0936431884765625,NA
382,"unadj","two_stage","m1",643,52.6174627392598,2.61746273925982,NA,NA,6.19834536862488,0.664151832228072,51.9533109070317,40.4689290530144,64.7659964255052,39.8047772207863,64.1018445932771,1,1,0,1,0.0930852890014648,"bootstrap",0.0935766696929932,NA
383,"unadj","two_stage","m1",626,54.2711312966894,4.27113129668945,NA,NA,6.11394537544038,1.18043566372087,53.0906956329686,42.2880185573811,66.2542440359978,41.1075828936602,65.0738083722769,1,1,0,1,0.0933146476745605,"bootstrap",0.0937869548797607,NA
384,"unadj","two_stage","m1",605,59.8377424637277,9.83774246372775,NA,NA,6.62421598808193,0.649682846744966,59.1880596169828,46.8545177012728,72.8209672261827,46.2048348545278,72.1712843794378,1,1,0,1,0.0841498374938965,"bootstrap",0.0846316814422607,NA
385,"unadj","two_stage","m1",601,62.4042999680786,12.4042999680786,NA,NA,6.8333402309325,-0.00759375861820644,62.4118937266968,49.0111992213423,75.7974007148149,49.0187929799605,75.8049944734331,1,1,0,1,0.0925018787384033,"bootstrap",0.0929999351501465,NA
386,"unadj","two_stage","m1",606,53.2265188962226,3.22651889622259,NA,NA,5.82099959060277,-0.578382840043027,53.8049017362656,41.8175693446188,64.6354684478264,42.3959521846618,65.2138512878694,1,1,0,1,0.0846431255340576,"bootstrap",0.0851325988769531,NA
387,"unadj","two_stage","m1",589,74.7502644953448,24.7502644953448,NA,NA,6.84207039615811,-0.62778910921962,75.3780536045644,61.3400529391872,88.1604760515024,61.9678420484068,88.788265160722,0,0,1,1,0.102457523345947,"bootstrap",0.103003740310669,NA
388,"unadj","two_stage","m1",623,68.1055390252047,18.1055390252047,NA,NA,7.18779085980971,1.43372031471165,66.671818710493,54.0177278115715,82.1933502388379,52.5840074968598,80.7596299241262,0,0,1,1,0.0841395854949951,"bootstrap",0.0846717357635498,NA
389,"unadj","two_stage","m1",594,53.1613852725652,3.16138527256524,NA,NA,7.00123371841145,0.00952021945029458,53.1518650531149,39.4392193371314,66.8835512079991,39.4296991176811,66.8740309885488,1,1,0,1,0.10378098487854,"bootstrap",0.104305982589722,NA
390,"unadj","two_stage","m1",613,58.7644584684819,8.76445846848188,NA,NA,7.53489526717446,0.715619867972336,58.0488386005095,43.9963351175386,73.5325818194251,43.2807152495663,72.8169619514528,1,1,0,1,0.100869655609131,"bootstrap",0.101404905319214,NA
391,"unadj","two_stage","m1",587,63.8285311685479,13.8285311685479,NA,NA,7.40072186488199,0.155247041825319,63.6732841267225,49.3233828537811,78.3336794833147,49.1681358119558,78.1784324414893,1,1,0,1,0.0841033458709717,"bootstrap",0.0846941471099854,NA
392,"unadj","two_stage","m1",600,63.2963364477597,13.2963364477597,NA,NA,6.92457269192396,-1.10188999714671,64.3982264449064,49.7244233632592,76.8682495322603,50.8263133604059,77.970139529407,1,0,0,1,0.085397481918335,"bootstrap",0.0858883857727051,NA
393,"unadj","two_stage","m1",605,57.3856573215044,7.38565732150442,NA,NA,6.86950455003097,0.000126041018532419,57.3855312804859,43.9216758118097,70.8496388311992,43.9215497707912,70.8495127901806,1,1,0,1,0.0842351913452148,"bootstrap",0.0847780704498291,NA
394,"unadj","two_stage","m1",611,70.753758878194,20.753758878194,NA,NA,8.20969569813949,1.78198747068845,68.9717714075056,54.6630509858072,86.8444667705809,52.8810635151188,85.0624792998924,0,0,1,1,0.0953781604766846,"bootstrap",0.0958795547485352,NA
395,"unadj","two_stage","m1",631,49.7159162120169,-0.284083787983064,NA,NA,6.33222599424996,0.422927535951054,49.2929886760659,37.3049813213187,62.1268511027152,36.8820537853676,61.7039235667641,1,1,0,1,0.0850081443786621,"bootstrap",0.0855269432067871,NA
396,"unadj","two_stage","m1",592,50.9475698217468,0.947569821746839,NA,NA,6.8660664533598,-0.0191981792965379,50.9667680010434,37.490326857703,64.4048127857907,37.5095250369995,64.4240109650872,1,1,0,1,0.439797401428223,"bootstrap",0.440312623977661,NA
397,"unadj","two_stage","m1",585,60.1594249555253,10.1594249555253,NA,NA,6.23235467335809,-1.99418730022288,62.1536122557482,47.9442342568636,72.3746156541871,49.9384215570864,74.3688029544099,1,1,0,1,0.0975627899169922,"bootstrap",0.0980548858642578,NA
398,"unadj","two_stage","m1",590,65.4637394790339,15.4637394790339,NA,NA,7.45712910315296,0.629750391658661,64.8339890873753,50.8480350087887,80.0794439492792,50.21828461713,79.4496935576205,0,0,1,1,0.434382200241089,"bootstrap",0.434901714324951,NA
399,"unadj","two_stage","m1",597,64.898530525899,14.898530525899,NA,NA,8.15018384090271,0.106123988682995,64.7924065372161,48.9244637303494,80.8725973214487,48.8183397416664,80.7664733327657,1,1,0,1,0.098304271697998,"bootstrap",0.0987999439239502,NA
400,"unadj","two_stage","m1",613,64.933436050922,14.933436050922,NA,NA,7.16298541498543,0.750419654756598,64.1830163961654,50.8942426157649,78.9726294860792,50.1438229610083,78.2222098313226,0,0,1,1,0.0984687805175781,"bootstrap",0.0989990234375,NA
401,"unadj","two_stage","m1",631,65.7463441819332,15.7463441819332,NA,NA,6.63059690971893,1.35652880558226,64.3898153763509,52.7506130428815,78.7420753209848,51.3940842372992,77.3855465154026,0,0,1,1,0.0854392051696777,"bootstrap",0.08591628074646,NA
402,"unadj","two_stage","m1",628,71.9151577489519,21.9151577489519,NA,NA,7.95346405205043,-0.138712638545115,72.0538703874971,56.3266546545991,87.5036608433048,56.4653672931442,87.6423734818499,0,0,1,1,0.0950894355773926,"bootstrap",0.0956015586853027,NA
403,"unadj","two_stage","m1",624,52.1950243710692,2.19502437106917,NA,NA,6.68204124492144,0.29832805040116,51.896696320668,39.098464187812,65.2915845543264,38.8001361374108,64.9932565039252,1,1,0,1,0.0860006809234619,"bootstrap",0.086578369140625,NA
404,"unadj","two_stage","m1",621,63.746096444056,13.746096444056,NA,NA,7.78943538492587,-0.26376015524518,64.0098565993012,48.4790836296995,79.0131092584126,48.7428437849446,79.2768694136578,1,1,0,1,0.429844856262207,"bootstrap",0.430343866348267,NA
405,"unadj","two_stage","m1",589,59.8092735602118,9.80927356021181,NA,NA,7.02109394671134,-0.584557591346496,60.3938311515583,46.0481822925854,73.5703648278382,46.6327398839319,74.1549224191847,1,1,0,1,0.0935306549072266,"bootstrap",0.0940372943878174,NA
406,"unadj","two_stage","m1",609,53.7239329461104,3.72393294611044,NA,NA,6.82510364927176,0.300992202601918,53.4229407435085,40.3469756027849,67.100890289436,40.045983400183,66.799898086834,1,1,0,1,0.0865509510040283,"bootstrap",0.0870475769042969,NA
407,"unadj","two_stage","m1",582,61.6197700059401,11.6197700059401,NA,NA,6.74331717531309,-0.182924121948275,61.8026941278883,48.403111205996,74.8364288058841,48.5860353279443,75.0193529278324,1,1,0,1,0.0837664604187012,"bootstrap",0.0842690467834473,NA
408,"unadj","two_stage","m1",610,56.6737006592446,6.67370065924462,NA,NA,7.86010823659997,-0.135295996168395,56.808996655413,41.2681716009221,72.0792297175672,41.4034675970905,72.2145257137356,1,1,0,1,0.0846066474914551,"bootstrap",0.0851082801818848,NA
409,"unadj","two_stage","m1",612,65.4163343446953,15.4163343446953,NA,NA,7.30103255024452,0.500725084524404,64.9156092601709,51.1065734962614,79.7260951931291,50.605848411737,79.2253701086047,0,0,1,1,0.0987875461578369,"bootstrap",0.0992667675018311,NA
410,"unadj","two_stage","m1",622,64.6563689059994,14.6563689059994,NA,NA,7.05628639078904,0.313186815378245,64.3431820906212,50.8263017154528,78.4864360965461,50.5131149000745,78.1732492811678,0,0,1,1,0.0974256992340088,"bootstrap",0.0979127883911133,NA
411,"unadj","two_stage","m1",580,51.9159676908648,1.91596769086485,NA,NA,7.51618020838433,1.05828637742013,50.8576813134447,37.1845251811188,66.6474102006109,36.1262388036987,65.5891238231907,1,1,0,1,0.0975420475006104,"bootstrap",0.098050594329834,NA
412,"unadj","two_stage","m1",605,57.8014614415157,7.80146144151573,NA,NA,6.39932565452159,0.149030245478365,57.6524311960374,45.2590136333102,70.3439092497212,45.1099833878318,70.1948790042429,1,1,0,1,0.09747314453125,"bootstrap",0.0980143547058105,NA
413,"unadj","two_stage","m1",597,69.1592234350679,19.1592234350679,NA,NA,6.58321803202529,-1.06125150632714,70.2204749413951,56.2563531899237,82.0620936802121,57.3176046962509,83.1233451865393,0,0,1,1,0.0992484092712402,"bootstrap",0.0997891426086426,NA
414,"unadj","two_stage","m1",603,55.1222492521805,5.12224925218052,NA,NA,7.52224564701962,-0.698833471301143,55.8210827234817,40.3789187011589,69.8655798032022,41.07775217246,70.5644132745033,1,1,0,1,0.0848934650421143,"bootstrap",0.0853776931762695,NA
415,"unadj","two_stage","m1",607,58.6502612399111,8.65026123991112,NA,NA,6.55983705869434,-0.216279375542342,58.8665406154535,45.7932168604191,71.5073056194032,46.0094962359614,71.7235849949455,1,1,0,1,0.0978507995605469,"bootstrap",0.0983531475067139,NA
416,"unadj","two_stage","m1",627,62.6268676289603,12.6268676289603,NA,NA,7.1996409601727,0.40346225310536,62.2234053758549,48.5158306454024,76.7379046125182,48.1123683922971,76.3344423594128,1,1,0,1,0.0855607986450195,"bootstrap",0.0860488414764404,NA
417,"unadj","two_stage","m1",605,65.4159505733975,15.4159505733975,NA,NA,8.95873080272243,0.871981457587552,64.54396911581,47.857160852872,82.9747402939231,46.9851793952844,82.1027588363356,1,1,0,1,0.0986623764038086,"bootstrap",0.0991477966308594,NA
418,"unadj","two_stage","m1",611,54.5240018077766,4.52400180777661,NA,NA,7.07163467315761,-0.695231086250047,55.2192328940267,40.663852536563,68.3841510789902,41.3590836228131,69.0793821652402,1,1,0,1,0.0834221839904785,"bootstrap",0.0839526653289795,NA
419,"unadj","two_stage","m1",608,64.0857692452911,14.0857692452911,NA,NA,6.62422003586288,0.154023236911939,63.9317460083791,51.1025365493312,77.0690019412509,50.9485133124193,76.914978704339,0,0,1,1,0.0854959487915039,"bootstrap",0.0859785079956055,NA
420,"unadj","two_stage","m1",584,61.9890987560379,11.9890987560379,NA,NA,7.88780982729621,0.102844877878113,61.8862538781598,46.5292755776363,77.4489219344396,46.4264306997581,77.3460770565615,1,1,0,1,0.0947308540344238,"bootstrap",0.095200777053833,NA
421,"unadj","two_stage","m1",605,66.8345973610035,16.8345973610035,NA,NA,7.77631989070662,1.12153364782638,65.7130637131771,51.593290442956,82.0759042790509,50.4717567951297,80.9543706312245,0,0,1,1,0.0943965911865234,"bootstrap",0.0948691368103027,NA
422,"unadj","two_stage","m1",608,62.3836115596241,12.3836115596241,NA,NA,6.88836189294166,-1.06493656958715,63.4485481292112,48.8826703369803,75.8845527822679,49.9476069065674,76.949489351855,1,1,0,1,0.0976738929748535,"bootstrap",0.0982303619384766,NA
423,"unadj","two_stage","m1",617,68.097680674653,18.097680674653,NA,NA,8.3902825768692,0.186723454937848,67.9109572197151,51.6530290038754,84.5423323454305,51.4663055489376,84.3556088904927,0,0,1,1,0.0975100994110107,"bootstrap",0.0979866981506348,NA
424,"unadj","two_stage","m1",629,66.3862950867029,16.3862950867029,NA,NA,7.49888401086799,0.567865100449481,65.8184299862534,51.6887525011584,81.0838376722474,51.1208874007089,80.515972571798,0,0,1,1,0.0843489170074463,"bootstrap",0.0848379135131836,NA
425,"unadj","two_stage","m1",609,64.9874271179623,14.9874271179623,NA,NA,8.03954725460723,-0.374076913343217,65.3615040313055,49.2302040469243,80.7446501890003,49.6042809602675,81.1187271023436,1,1,0,1,0.0971722602844238,"bootstrap",0.0976908206939697,NA
426,"unadj","two_stage","m1",599,60.9989972109921,10.9989972109921,NA,NA,7.6624488390307,-0.144093727937566,61.1430909389297,45.9808734531112,76.0171209688731,46.1249671810488,76.1612146968106,1,1,0,1,0.0938491821289062,"bootstrap",0.0943386554718018,NA
427,"unadj","two_stage","m1",606,58.0522534876564,8.05225348765637,NA,NA,6.49982142437072,0.0726687309801406,57.9795847566762,45.3128375899479,70.7916693853648,45.2401688589678,70.7190006543847,1,1,0,1,0.0850515365600586,"bootstrap",0.0855374336242676,NA
428,"unadj","two_stage","m1",617,62.8253790632771,12.8253790632771,NA,NA,7.74990095073891,0.238806891388208,62.5865721718889,47.6358523160761,78.0149058104781,47.3970454246879,77.7760989190899,1,1,0,1,0.0940992832183838,"bootstrap",0.0945761203765869,NA
429,"unadj","two_stage","m1",602,55.3583209649394,5.3583209649394,NA,NA,7.81405083410542,0.637366960339691,54.7209540045997,40.0430627567276,70.6735791731512,39.4056957963879,70.0362122128115,1,1,0,1,0.0947973728179932,"bootstrap",0.0953402519226074,NA
430,"unadj","two_stage","m1",610,69.7404697698295,19.7404697698295,NA,NA,8.17292439975661,-0.690227352415619,70.4306971222451,53.7218322979379,85.7591072417211,54.4120596503536,86.4493345941367,0,0,1,1,0.083798885345459,"bootstrap",0.0842623710632324,NA
431,"unadj","two_stage","m1",600,54.9286010080127,4.92860100801269,NA,NA,6.7472984502639,0.540135662799592,54.3884653452131,41.7041390525525,68.1530629634728,41.1640033897529,67.6129273006732,1,1,0,1,0.0980122089385986,"bootstrap",0.098513126373291,NA
432,"unadj","two_stage","m1",643,67.6671642147347,17.6671642147347,NA,NA,6.91043825962704,0.57749180307421,67.0896724116605,54.122954108478,81.2113743209913,53.5454623054038,80.6338825179171,0,0,1,1,0.0855369567871094,"bootstrap",0.0860154628753662,NA
433,"unadj","two_stage","m1",602,68.9689318825833,18.9689318825833,NA,NA,7.52501535145686,-0.385850248316331,69.3547821308997,54.2201728106169,83.7176909545498,54.6060230589332,84.1035412028661,0,0,1,1,0.0977113246917725,"bootstrap",0.0981929302215576,NA
434,"unadj","two_stage","m1",626,52.6923142806305,2.69231428063051,NA,NA,6.02143971647124,0.55769207685843,52.1346222037721,40.8905093012678,64.4941192599932,40.3328172244094,63.9364271831348,1,1,0,1,0.0948684215545654,"bootstrap",0.0953629016876221,NA
435,"unadj","two_stage","m1",615,73.3166952960508,23.3166952960508,NA,NA,6.17714143058896,-1.85382111473929,75.1705164107901,61.2097205646862,85.4236700274153,63.0635416794255,87.2774911421546,0,0,1,1,0.0880701541900635,"bootstrap",0.0887155532836914,NA
436,"unadj","two_stage","m1",621,64.253059133669,14.253059133669,NA,NA,6.49599578221275,-0.469815598595915,64.7228747322649,51.5211413568079,76.9849769105301,51.9909569554039,77.454792509126,0,0,1,1,0.0855097770690918,"bootstrap",0.0860080718994141,NA
437,"unadj","two_stage","m1",623,58.8176260893082,8.81762608930822,NA,NA,7.91590857401871,0.214316248259678,58.6033098410485,43.3027303793197,74.3325217992967,43.0884141310601,74.118205551037,1,1,0,1,0.0843687057495117,"bootstrap",0.0848441123962402,NA
438,"unadj","two_stage","m1",578,69.6770199268837,19.6770199268837,NA,NA,7.93754473867106,-0.168194802522649,69.8452147294064,54.1197181134131,85.2343217403544,54.2879129159357,85.4025165428771,0,0,1,1,0.0839822292327881,"bootstrap",0.0844650268554688,NA
439,"unadj","two_stage","m1",615,53.7844355148328,3.78443551483278,NA,NA,7.00218214688233,-0.00997937109479352,53.7944148859276,40.0604106937541,67.5084603359115,40.0703900648489,67.5184397070063,1,1,0,1,0.0965170860290527,"bootstrap",0.0970256328582764,NA
440,"unadj","two_stage","m1",598,65.2835219080592,15.2835219080592,NA,NA,7.65030202595171,0.485719860094918,64.7978020479643,50.2892054663401,80.2778383497784,49.8034856062451,79.7921184896835,0,1,1,1,0.0986125469207764,"bootstrap",0.0991542339324951,NA
441,"unadj","two_stage","m1",613,46.6442472981727,-3.35575270182727,NA,NA,6.91247140855215,-0.433034995119158,47.0772822932919,33.0960522932477,60.1924423030978,33.5290872883668,60.6254772982169,1,1,0,1,0.0848004817962646,"bootstrap",0.0852804183959961,NA
442,"unadj","two_stage","m1",579,64.7390513863512,14.7390513863512,NA,NA,7.74664478672091,0.131716135533651,64.6073352508175,49.5559066033532,79.9221961693491,49.4241904678196,79.7904800338155,1,1,0,1,0.0964086055755615,"bootstrap",0.0969169139862061,NA
443,"unadj","two_stage","m1",624,57.8618930906505,7.86189309065045,NA,NA,6.27665422774203,0.0922021595400579,57.7696909311104,45.559876860865,70.1639093204359,45.4676747013249,70.0717071608958,1,1,0,1,0.0843522548675537,"bootstrap",0.084857702255249,NA
444,"unadj","two_stage","m1",609,52.9292091226699,2.92920912266993,NA,NA,8.18379802129496,0.549989577210653,52.3792195454593,36.8892597441817,68.9691585011582,36.339270166971,68.4191689239476,1,1,0,1,0.0841562747955322,"bootstrap",0.0846295356750488,NA
445,"unadj","two_stage","m1",571,61.1515620429158,11.1515620429158,NA,NA,5.71978168420086,-0.84585508820826,61.9974171311241,49.9409959424503,72.3621281433813,50.7868510306585,73.2079832315896,1,0,0,1,0.0847172737121582,"bootstrap",0.0851809978485107,NA
446,"unadj","two_stage","m1",618,69.4804492258464,19.4804492258464,NA,NA,6.91194676791056,-0.451110437162001,69.9315596630084,55.9332824976837,83.0276159540091,56.3843929348457,83.4787263911712,0,0,1,1,0.0852794647216797,"bootstrap",0.0857605934143066,NA
447,"unadj","two_stage","m1",598,51.0679791489215,1.06797914892147,NA,NA,7.36049864513626,-0.24632414273951,51.314303291661,36.6416668961985,65.4942914016444,36.8879910389381,65.7406155443839,1,1,0,1,0.0953686237335205,"bootstrap",0.0958662033081055,NA
448,"unadj","two_stage","m1",593,48.3525897997665,-1.64741020023351,NA,NA,7.58316936357084,-0.43553494824058,48.7881247480071,33.4898509585001,63.2153286410329,33.9253859067407,63.6508635892734,1,1,0,1,0.0841264724731445,"bootstrap",0.084625244140625,NA
449,"unadj","two_stage","m1",631,51.5583221820041,1.55832218200408,NA,NA,5.18767758768988,-0.444918930945882,52.00324111295,41.3906609467263,61.7259834172819,41.8355798776722,62.1709023482277,1,1,0,1,0.0959506034851074,"bootstrap",0.0964241027832031,NA
450,"unadj","two_stage","m1",581,50.1949588938083,0.194958893808348,NA,NA,6.18558477857884,-0.165506954678257,50.3604658484866,38.0714355044747,62.318482283142,38.2369424591529,62.4839892378203,1,1,0,1,0.0958082675933838,"bootstrap",0.0962867736816406,NA
451,"unadj","two_stage","m1",605,60.1476750383908,10.1476750383908,NA,NA,6.29580811388159,0.420206624340707,59.7274684140501,47.8081178816079,72.4872321951738,47.3879112572672,72.0670255708331,1,1,0,1,0.0988099575042725,"bootstrap",0.0993454456329346,NA
452,"unadj","two_stage","m1",598,56.1280694529717,6.12806945297166,NA,NA,8.08044167713392,3.12366418424007,53.0044052687316,40.2906947866127,71.9654441193306,37.1670306023727,68.8417799350905,1,1,0,1,0.0969805717468262,"bootstrap",0.0974843502044678,NA
453,"unadj","two_stage","m1",604,62.7179096433712,12.7179096433712,NA,NA,7.6972084402245,-0.127499909044275,62.8454095524155,47.6316583190335,77.8041609677089,47.7591582280777,77.9316608767532,1,1,0,1,0.0986032485961914,"bootstrap",0.0991106033325195,NA
454,"unadj","two_stage","m1",633,59.6148548610138,9.61485486101384,NA,NA,8.4443381291799,0.702730521770263,58.9121243392436,43.0642562545429,76.1654534674848,42.3615257327726,75.4627229457145,1,1,0,1,0.0849063396453857,"bootstrap",0.0854153633117676,NA
455,"unadj","two_stage","m1",600,61.4169482822654,11.4169482822654,NA,NA,6.39593463616041,0.179634600768509,61.2373136814969,48.8811467479187,73.9527498166121,48.7015121471502,73.7731152158436,1,1,0,1,0.0972554683685303,"bootstrap",0.0977649688720703,NA
456,"unadj","two_stage","m1",617,69.3508876828359,19.3508876828359,NA,NA,8.21752807331107,-0.233902235272751,69.5847899181087,53.2448286171994,85.4569467484725,53.4787308524722,85.6908489837452,0,0,1,1,0.0956618785858154,"bootstrap",0.096172571182251,NA
457,"unadj","two_stage","m1",607,72.4455321899654,22.4455321899654,NA,NA,7.56879771023133,-0.671090161708491,73.1166223516739,57.6109612716427,87.280103108288,58.2820514333512,87.9511932699965,0,0,1,1,0.085017204284668,"bootstrap",0.0855033397674561,NA
458,"unadj","two_stage","m1",596,53.055457520673,3.05545752067303,NA,NA,6.2969275040957,0.437886319611636,52.6175712010614,40.7137063993858,65.3972086419603,40.2758200797741,64.9593223223486,1,1,0,1,0.0947785377502441,"bootstrap",0.0952887535095215,NA
459,"unadj","two_stage","m1",617,54.2648646896073,4.26486468960732,NA,NA,6.89755656224722,-0.98180309875351,55.2466677883608,40.7459022462749,67.7838271329398,41.7277053450284,68.7656302316933,1,1,0,1,0.0855038166046143,"bootstrap",0.0860154628753662,NA
460,"unadj","two_stage","m1",609,66.2103635711003,16.2103635711003,NA,NA,7.16892489935854,-1.12924062454574,67.3396041956461,52.1595289604852,80.2611981817155,53.2887695850309,81.3904388062613,0,0,1,1,0.0970244407653809,"bootstrap",0.0975000858306885,NA
461,"unadj","two_stage","m1",618,64.1814030291942,14.1814030291942,NA,NA,6.48282651231506,0.387038199567215,63.794364829627,51.4752965470352,76.8875095113531,51.088258347468,76.5004713117859,0,0,1,1,0.0980749130249023,"bootstrap",0.0985450744628906,NA
462,"unadj","two_stage","m1",575,58.2936048389206,8.29360483892063,NA,NA,7.31218034726615,1.24880629348591,57.0447985454347,43.9619947098174,72.6252149680239,42.7131884163315,71.3764086745379,1,1,0,1,0.0974414348602295,"bootstrap",0.0979106426239014,NA
463,"unadj","two_stage","m1",573,57.0134065243141,7.01340652431406,NA,NA,7.24869119716393,0.189870094596579,56.8235364297175,42.8062328428202,71.2205802058079,42.6163627482237,71.0307101112113,1,1,0,1,0.0976927280426025,"bootstrap",0.0981786251068115,NA
464,"unadj","two_stage","m1",642,68.7435537204098,18.7435537204098,NA,NA,7.76424472570045,-0.506939257740754,69.2504929781506,53.5259136908819,83.9611937499378,54.0328529486226,84.4681330076785,0,0,1,1,0.097299337387085,"bootstrap",0.0977926254272461,NA
465,"unadj","two_stage","m1",596,64.5981667780723,14.5981667780723,NA,NA,8.12330223919473,-0.1106690141402,64.7088357922125,48.6767869537171,80.5195466024276,48.7874559678573,80.6302156165678,1,1,0,1,0.0975768566131592,"bootstrap",0.098132848739624,NA
466,"unadj","two_stage","m1",583,60.0215286686688,10.0215286686688,NA,NA,8.14642612313242,1.19411842004164,58.8274102486272,44.054826864613,75.9882304727246,42.8607084445714,74.794112052683,1,1,0,1,0.0831224918365479,"bootstrap",0.0836143493652344,NA
467,"unadj","two_stage","m1",597,62.1899316874288,12.1899316874288,NA,NA,6.64910756206387,0.41488091348625,61.7750507739426,49.1579203364507,75.2219430384069,48.7430394229645,74.8070621249207,1,1,0,1,0.0850210189819336,"bootstrap",0.0855326652526855,NA
468,"unadj","two_stage","m1",627,52.5045738545889,2.50457385458893,NA,NA,5.74222144012841,-0.538154462253431,53.0427283168424,41.2500266406835,63.7591210684943,41.788181102937,64.2972755307478,1,1,0,1,0.0849995613098145,"bootstrap",0.0855011940002441,NA
469,"unadj","two_stage","m1",608,59.08773835326,9.08773835326002,NA,NA,6.83766545960643,1.0454154750844,58.0423228781756,45.6861603140979,72.4893163924221,44.6407448390135,71.4439009173377,1,1,0,1,0.0963366031646729,"bootstrap",0.0968673229217529,NA
470,"unadj","two_stage","m1",621,67.0626835878641,17.0626835878641,NA,NA,7.43752390100188,-0.101158662027771,67.1638422498919,52.4854046077446,81.6399625679837,52.5865632697724,81.7411212300114,0,0,1,1,0.0944993495941162,"bootstrap",0.0949821472167969,NA
471,"unadj","two_stage","m1",607,57.5842147828168,7.58421478281679,NA,NA,7.13535656857505,-0.627375214619271,58.2115899974361,43.5991728915584,71.5692566740752,44.2265481061777,72.1966318886945,1,1,0,1,0.0848987102508545,"bootstrap",0.0853860378265381,NA
472,"unadj","two_stage","m1",585,59.9960440496,9.99604404959999,NA,NA,7.16082369453974,-0.58053610881025,60.5765801584102,45.9610875086611,74.0310005905389,46.5416236174713,74.6115366993492,1,1,0,1,0.0850253105163574,"bootstrap",0.0855653285980225,NA
473,"unadj","two_stage","m1",637,55.935629407051,5.93562940705098,NA,NA,7.1752499820243,-0.183446007481891,56.1190754145329,41.8723978622117,69.9988609518903,42.0558438696936,70.1823069593722,1,1,0,1,0.0852217674255371,"bootstrap",0.085695743560791,NA
474,"unadj","two_stage","m1",621,61.9355518503226,11.9355518503226,NA,NA,7.00313637294131,-0.0146961626463593,61.950248012969,48.2096567805352,75.6614469201101,48.2243529431816,75.6761430827564,1,1,0,1,0.0849080085754395,"bootstrap",0.0854029655456543,NA
475,"unadj","two_stage","m1",617,60.2458781892882,10.2458781892882,NA,NA,7.03994356515491,0.637332876622501,59.6085453126657,46.4478423483901,74.0439140301863,45.8105094717676,73.4065811535638,1,1,0,1,0.0853695869445801,"bootstrap",0.0858545303344727,NA
476,"unadj","two_stage","m1",593,59.9322012374714,9.93220123747145,NA,NA,6.75543063353327,-0.292816180122792,60.2250174175942,46.6918004956876,73.1726019792552,46.9846166758104,73.465418159378,1,1,0,1,0.0852298736572266,"bootstrap",0.0857231616973877,NA
477,"unadj","two_stage","m1",632,62.7044552222278,12.7044552222278,NA,NA,8.43857683439102,0.146987420490156,62.5574678017377,46.1651485460474,79.2437618984082,46.0181611255572,79.0967744779181,1,1,0,1,0.0945277214050293,"bootstrap",0.0950355529785156,NA
478,"unadj","two_stage","m1",601,66.3115430743726,16.3115430743726,NA,NA,8.46669652004119,-1.1296765981056,67.4412196724782,49.7171228270613,82.9059633216839,50.8467994251669,84.0356399197895,1,0,0,1,0.0838830471038818,"bootstrap",0.0843703746795654,NA
479,"unadj","two_stage","m1",607,76.4088426800371,26.4088426800371,NA,NA,7.19842498457973,-0.756152127583903,77.164994807621,62.3001889648475,90.5174963952266,63.0563410924314,91.2736485228105,0,0,1,1,0.0973653793334961,"bootstrap",0.0978491306304932,NA
480,"unadj","two_stage","m1",607,65.7525102784866,15.7525102784866,NA,NA,8.08478631875272,-0.407150688515557,66.1596609670021,49.9066202710291,81.5984002859441,50.3137709595446,82.0055509744596,1,0,0,1,0.0975003242492676,"bootstrap",0.0980563163757324,NA
481,"unadj","two_stage","m1",620,69.5405862837722,19.5405862837722,NA,NA,8.51831903140891,-0.0982098430423406,69.6387961268145,52.8449877733886,86.2361847941557,52.9431976164309,86.3343946371981,0,0,1,1,0.0977659225463867,"bootstrap",0.0982358455657959,NA
482,"unadj","two_stage","m1",611,60.2970026619948,10.2970026619948,NA,NA,8.51874620407438,0.195850996764548,60.1011516652303,43.6005669085717,76.9934384154179,43.4047159118072,76.7975874186533,1,1,0,1,0.097437858581543,"bootstrap",0.0979464054107666,NA
483,"unadj","two_stage","m1",625,56.2311494050075,6.23114940500747,NA,NA,7.44679001497035,0.840413805569369,55.3907355994381,41.6357091752331,70.8265896347818,40.7952953696637,69.9861758292125,1,1,0,1,0.0991191864013672,"bootstrap",0.0995967388153076,NA
484,"unadj","two_stage","m1",600,55.871377848808,5.87137784880798,NA,NA,7.4992707368401,0.761895191698073,55.1094826571099,41.1730772942862,70.5696784033297,40.4111821025882,69.8077832116316,1,1,0,1,0.0841696262359619,"bootstrap",0.0847196578979492,NA
485,"unadj","two_stage","m1",617,51.957411875178,1.95741187517802,NA,NA,6.92261381715848,-0.141650016235268,52.0990618914133,38.3893381146681,65.525485635688,38.5309881309033,65.6671356519232,1,1,0,1,0.0981464385986328,"bootstrap",0.0986359119415283,NA
486,"unadj","two_stage","m1",583,72.4669442393197,22.4669442393197,NA,NA,8.57903084969898,-0.538035951771462,73.0049801910912,55.6523527516517,89.2815357269877,56.1903887034231,89.8195716787592,0,0,1,1,0.103794574737549,"bootstrap",0.104255676269531,NA
487,"unadj","two_stage","m1",613,49.6101639076934,-0.389836092306609,NA,NA,7.90974690345314,-0.705031067729436,50.3151949754228,34.107344850098,65.1129829652888,34.8123759178275,65.8180140330182,1,1,0,1,0.0841450691223145,"bootstrap",0.0846540927886963,NA
488,"unadj","two_stage","m1",606,55.3721027829662,5.37210278296615,NA,NA,5.88331107950705,0.102890560221148,55.269212222745,43.8410249572869,66.9031806086454,43.7381343970657,66.8002900484243,1,1,0,1,0.0967521667480469,"bootstrap",0.0972943305969238,NA
489,"unadj","two_stage","m1",609,52.3380520905766,2.33805209057664,NA,NA,7.61675034901502,0.862881992817933,51.4751700977587,37.4094957272743,67.266608453879,36.5466137344564,66.403726461061,1,1,0,1,0.0840916633605957,"bootstrap",0.0846185684204102,NA
490,"unadj","two_stage","m1",607,61.8430235585984,11.8430235585984,NA,NA,7.59618009021786,-1.22947058539736,63.0724941439958,46.9547841616912,76.7312629555057,48.1842547470886,77.960733540903,1,1,0,1,0.0967316627502441,"bootstrap",0.0971934795379639,NA
491,"unadj","two_stage","m1",646,51.2149975375656,1.21499753756561,NA,NA,6.79530196250413,0.305536924044993,50.9094606135206,37.8964504269832,64.5335446481481,37.5909135029382,64.2280077241031,1,1,0,1,0.0983564853668213,"bootstrap",0.0988543033599854,NA
492,"unadj","two_stage","m1",599,74.2184361688219,24.2184361688219,NA,NA,7.42614273076301,-1.21784320376949,75.4362793725914,59.6634638724725,88.7734084651714,60.881307076242,89.9912516689409,0,0,1,1,0.0974764823913574,"bootstrap",0.0979881286621094,NA
493,"unadj","two_stage","m1",603,61.3858720256733,11.3858720256733,NA,NA,7.42077356721139,0.899519325250537,60.4863527004227,46.8414230965121,75.9303209548344,45.9419037712616,75.0308016295838,1,1,0,1,0.096250057220459,"bootstrap",0.0967247486114502,NA
494,"unadj","two_stage","m1",597,66.3756743945247,16.3756743945247,NA,NA,7.06501473706474,-0.455120786750669,66.8307951812754,52.5284999596331,80.2228488294163,52.9836207463838,80.677969616167,0,0,1,1,0.0949430465698242,"bootstrap",0.0954914093017578,NA
495,"unadj","two_stage","m1",616,67.2750762122054,17.2750762122054,NA,NA,6.50273860244015,0.160745957288981,67.1143302549165,54.5299427505444,80.0202096738665,54.3691967932554,79.8594637165775,0,0,1,1,0.0975584983825684,"bootstrap",0.09804368019104,NA
496,"unadj","two_stage","m1",606,58.8817074787579,8.88170747875787,NA,NA,6.28332163226346,0.0967787890282494,58.7849286897296,46.5666233762401,71.1967915812757,46.4698445872118,71.1000127922474,1,1,0,1,0.0857589244842529,"bootstrap",0.0862338542938232,NA
497,"unadj","two_stage","m1",610,62.399821856004,12.399821856004,NA,NA,6.90793418127363,-0.54329785244758,62.9431197084516,48.8605196531345,75.9391240588735,49.4038175055821,76.4824219113211,1,1,0,1,0.087287425994873,"bootstrap",0.0877883434295654,NA
498,"unadj","two_stage","m1",620,58.6121819882109,8.61218198821086,NA,NA,6.09726258758469,0.082580417887435,58.5296015703234,46.6617669122614,70.5625970641604,46.5791864943739,70.4800166462729,1,1,0,1,0.0851082801818848,"bootstrap",0.0856237411499023,NA
499,"unadj","two_stage","m1",600,52.0883264449654,2.08832644496545,NA,NA,8.32892161431529,0.196171074661294,51.8921553703042,35.7639400508503,68.4127128390806,35.567768976189,68.2165417644193,1,1,0,1,0.0984539985656738,"bootstrap",0.0989720821380615,NA
500,"unadj","two_stage","m1",610,44.0145321346166,-5.98546786538344,NA,NA,7.62193573805478,-0.141384706807948,44.1559168414245,29.0758125955505,58.9532516736826,29.2171973023584,59.0946363804906,1,1,0,1,0.0968873500823975,"bootstrap",0.097409725189209,NA
