"replicate","Estimator","Procedure","ModelSpec","n_obs","estimate","bias","eif_var","eif_se","bootstrap_se","bootstrap_bias","bc_estimate","ci_lower","ci_upper","bc_ci_lower","bc_ci_upper","covered_true_95","covered_true_95_bc","reject_h0_effect","reject_h0_null","bootstrap_time_sec","se_method","replicate_time_sec","covered_mc_mean_95"
1,"xgboost","two_stage","m1",619,54.7610430627411,4.76104306274107,NA,NA,6.72646440070434,-3.80479860082214,58.5658416635632,41.5774150940698,67.9446710314124,45.3822136948919,71.7494696322345,1,1,0,1,170.564319610596,"bootstrap",172.58252954483,NA
2,"xgboost","two_stage","m1",612,55.5692867287164,5.56928672871641,NA,NA,7.6823136480885,-5.2162073198083,60.7854940485247,40.5122286605224,70.6263447969104,45.7284359803308,75.8425521167187,1,1,0,1,172.139986276627,"bootstrap",173.998532772064,NA
3,"xgboost","two_stage","m1",603,51.5211613196591,1.52116131965906,NA,NA,6.65499145416829,-4.70646299022093,56.22762430988,38.4776177520674,64.5647048872508,43.1840807422883,69.2711678774717,1,1,0,1,171.721501350403,"bootstrap",173.525517225266,NA
4,"xgboost","two_stage","m1",617,51.3097902892614,1.30979028926136,NA,NA,6.5212964659643,-4.03633325520931,55.3461235444707,38.528284083463,64.0912964950597,42.5646173386723,68.127629750269,1,1,0,1,173.306825876236,"bootstrap",175.107019424438,NA
5,"xgboost","two_stage","m1",611,49.8337537955511,-0.16624620444891,NA,NA,6.35593421278016,-8.59659210902055,58.4303459045716,37.376351650396,62.2911559407061,45.9729437594166,70.8877480497267,1,1,0,1,173.918341636658,"bootstrap",175.832916975021,NA
6,"xgboost","two_stage","m1",611,47.7156421174988,-2.2843578825012,NA,NA,7.41166516928811,-5.11124526920985,52.8268873867086,33.1890453202241,62.2422389147735,38.300290589434,67.3534841839833,1,1,0,1,172.322036743164,"bootstrap",174.202958106995,NA
7,"xgboost","two_stage","m1",611,54.3037696839408,4.30376968394085,NA,NA,7.07280885119201,-7.01523812837111,61.319007812312,40.4413190660684,68.1662203018133,47.4565571944395,75.1814584301844,1,1,0,1,172.930756568909,"bootstrap",174.866161346436,NA
8,"xgboost","two_stage","m1",613,68.2247558774119,18.2247558774119,NA,NA,8.77279728713059,-4.72548763415617,72.950243511568,51.0303891509652,85.4191226038585,55.7558767851214,90.1446102380147,0,0,1,1,172.152200698853,"bootstrap",174.35636472702,NA
9,"xgboost","two_stage","m1",603,63.7441894674972,13.7441894674972,NA,NA,7.59234787206619,-6.17474347858656,69.9189329460837,48.8634610801481,78.6249178548462,55.0382045587347,84.7996613334328,1,0,0,1,171.472602844238,"bootstrap",173.486047029495,NA
10,"xgboost","two_stage","m1",621,59.2604888463215,9.26048884632145,NA,NA,6.4558232351353,-5.80557409095933,65.0660629372808,46.6073078148994,71.9136698777435,52.4128819058587,77.7192439687028,1,0,0,1,173.373648166656,"bootstrap",176.196014881134,NA
11,"xgboost","two_stage","m1",610,49.9879618333156,-0.012038166684377,NA,NA,6.75689812808044,-4.86734783524835,54.855309668564,36.7446848550719,63.2312388115594,41.6120326903202,68.0985866468077,1,1,0,1,173.063864469528,"bootstrap",174.688949584961,NA
12,"xgboost","two_stage","m1",603,60.316802897612,10.316802897612,NA,NA,8.31866140477881,-10.6980759493181,71.0148788469302,44.0125261446622,76.6210796505619,54.7106020939803,87.31915559988,1,0,0,1,170.798371553421,"bootstrap",172.556674957275,NA
13,"xgboost","two_stage","m1",598,60.6793295314835,10.6793295314835,NA,NA,6.87695633900164,-2.90583247465528,63.5851620061388,47.2007427837859,74.1579162791811,50.1065752584412,77.0637487538364,1,0,0,1,171.073598146439,"bootstrap",173.127621889114,NA
14,"xgboost","two_stage","m1",578,56.2405892459597,6.24058924595965,NA,NA,6.71225851335179,-7.81329907227808,64.0538883182377,43.0848043048678,69.3963741870515,50.8981033771459,77.2096732593296,1,0,0,1,172.746403455734,"bootstrap",174.466472387314,NA
15,"xgboost","two_stage","m1",601,52.1534929654019,2.15349296540192,NA,NA,6.18469040547861,-6.52833713905598,58.6818301044579,40.0317225151334,64.2752634156704,46.5600596541894,70.8036005547264,1,1,0,1,172.263183116913,"bootstrap",173.87789607048,NA
16,"xgboost","two_stage","m1",611,67.3326654868617,17.3326654868617,NA,NA,6.89559823483023,-6.54391402238814,73.8765795092499,53.8175412947365,80.8477896789869,60.3614553171246,87.3917037013751,0,0,1,1,172.079768896103,"bootstrap",173.695633411407,NA
17,"xgboost","two_stage","m1",618,61.2519341073192,11.2519341073192,NA,NA,6.11993037980533,-2.58320476987565,63.8351388771949,49.2570909750083,73.2467772396302,51.8402957448839,75.8299820095059,1,0,0,1,171.446486711502,"bootstrap",173.193686485291,NA
18,"xgboost","two_stage","m1",615,71.6445413797754,21.6445413797754,NA,NA,6.97247748220151,-7.02209744885948,78.6666388286349,57.9787366316439,85.3103461279069,65.0008340805034,92.3324435767663,0,0,1,1,172.873553276062,"bootstrap",174.812448501587,NA
19,"xgboost","two_stage","m1",611,48.8009379102061,-1.1990620897939,NA,NA,6.15905301037018,-2.79945118250239,51.6003890927085,36.7294158310076,60.8724599894047,39.5288670135099,63.671911171907,1,1,0,1,171.339704990387,"bootstrap",172.92128610611,NA
20,"xgboost","two_stage","m1",613,56.9971429357352,6.99714293573521,NA,NA,6.32352219555848,-4.99167587973317,61.9888188154684,44.603267177001,69.3910186944695,49.5949430567341,74.3826945742026,1,1,0,1,171.182836532593,"bootstrap",173.223699569702,NA
21,"xgboost","two_stage","m1",631,50.1463697666422,0.146369766642238,NA,NA,6.88618156398195,-5.51387778575443,55.6602475523967,36.6497019102339,63.6430376230506,42.1635796959884,69.156915408805,1,1,0,1,170.467109680176,"bootstrap",172.104906320572,NA
22,"xgboost","two_stage","m1",574,52.5334246374655,2.53342463746547,NA,NA,6.63519878397334,-5.10765007053681,57.6410747080023,39.5286739906138,65.5381752843172,44.6363240611506,70.645825354854,1,1,0,1,171.398140907288,"bootstrap",173.094957113266,NA
23,"xgboost","two_stage","m1",593,52.5574461694252,2.55744616942524,NA,NA,6.83202089128802,-1.15962493848223,53.7170711079075,39.1669312808755,65.947961057975,40.3265562193577,67.1075859964572,1,1,0,1,169.17603635788,"bootstrap",170.8957259655,NA
24,"xgboost","two_stage","m1",595,43.8125952180727,-6.18740478192726,NA,NA,6.4503945777146,-4.45361293511928,48.266208153192,31.1700541596797,56.4551362764658,35.623667094799,60.9087492115851,1,1,0,1,171.411653518677,"bootstrap",172.831033468246,NA
25,"xgboost","two_stage","m1",617,45.6945440617121,-4.30545593828789,NA,NA,7.27389186576249,-6.62700193645421,52.3215459981663,31.4379779773788,59.9511101460454,38.064979913833,66.5781120824996,1,1,0,1,170.315289735794,"bootstrap",172.029525995255,NA
26,"xgboost","two_stage","m1",616,58.3017241013903,8.30172410139026,NA,NA,7.12421025393639,-9.70041458644334,68.0021386878336,44.338528585384,72.2649196173965,54.0389431718273,81.9653342038399,1,0,0,1,169.146116733551,"bootstrap",170.619200706482,NA
27,"xgboost","two_stage","m1",613,46.707385158383,-3.292614841617,NA,NA,5.91177271997126,-6.28337395006348,52.9907591084465,35.1205235424529,58.2942467743131,41.4038974925164,64.5776207243765,1,1,0,1,171.637687683105,"bootstrap",173.177458763123,NA
28,"xgboost","two_stage","m1",607,54.5001822369358,4.50018223693579,NA,NA,7.48978733942617,-2.7007816311661,57.2009638681019,39.8204687997964,69.1798956740751,42.5212504309625,71.8806773052412,1,1,0,1,172.743337154388,"bootstrap",174.319559812546,NA
29,"xgboost","two_stage","m1",630,51.9249859716501,1.9249859716501,NA,NA,6.74693637794652,-4.23952733394523,56.1645133055953,38.7012336648918,65.1487382784084,42.940760998837,69.3882656123536,1,1,0,1,173.051265239716,"bootstrap",174.831311225891,NA
30,"xgboost","two_stage","m1",608,57.5815745976115,7.58157459761147,NA,NA,6.45117701416208,-5.80105099333654,63.382625590948,44.9374999919612,70.2256492032618,50.7385509852977,76.0267001965983,1,0,0,1,172.569447994232,"bootstrap",174.44494342804,NA
31,"xgboost","two_stage","m1",594,48.0801387740345,-1.91986122596546,NA,NA,7.84083435019205,-6.57340954250445,54.653548316539,32.7123858389136,63.4478917091555,39.2857953814181,70.0213012516599,1,1,0,1,171.299545764923,"bootstrap",173.048292636871,NA
32,"xgboost","two_stage","m1",623,56.614923290589,6.61492329058903,NA,NA,6.1873314194592,-6.21653062205039,62.8314539126394,44.4879765480359,68.7418700331421,50.7045071700863,74.9584006551925,1,0,0,1,170.808130502701,"bootstrap",172.571467876434,NA
33,"xgboost","two_stage","m1",609,62.8875099450165,12.8875099450165,NA,NA,7.46463675050323,-9.78158608444897,72.6690960294655,48.2570907563561,77.517929133677,58.0386768408051,87.2995152181259,1,0,0,1,169.647072076797,"bootstrap",171.514860630035,NA
34,"xgboost","two_stage","m1",585,49.1187234816942,-0.881276518305839,NA,NA,6.77102793333551,-4.99690752238638,54.1156310040805,35.8477525940419,62.3896943693464,40.8446601164283,67.3866018917328,1,1,0,1,171.517203807831,"bootstrap",173.12527513504,NA
35,"xgboost","two_stage","m1",628,58.6955354053028,8.69553540530278,NA,NA,9.27240249721503,-8.02095044476477,66.7164858500676,40.5219604606021,76.8691103500035,48.5429109053668,84.8900607947683,1,1,0,1,173.003790855408,"bootstrap",174.775459289551,NA
36,"xgboost","two_stage","m1",602,57.0369592473712,7.03695924737121,NA,NA,7.95583227861138,-5.78705928722761,62.8240185345988,41.4438145142517,72.6301039804907,47.2308738014793,78.4171632677184,1,1,0,1,169.104915857315,"bootstrap",170.8304438591,NA
37,"xgboost","two_stage","m1",611,74.8263731446017,24.8263731446017,NA,NA,7.33539893527694,-7.50963399297812,82.3360071375799,60.4492554192255,89.203490869978,67.9588894122036,96.7131248629561,0,0,1,1,171.878134489059,"bootstrap",173.700365066528,NA
38,"xgboost","two_stage","m1",568,53.5180800445364,3.51808004453638,NA,NA,6.74125641084972,-3.25075412446153,56.7688341689979,40.3054602687212,66.7306998203516,43.5562143931827,69.9814539448131,1,1,0,1,169.618430137634,"bootstrap",171.147676229477,NA
39,"xgboost","two_stage","m1",620,44.7414638572209,-5.25853614277906,NA,NA,6.00548329738629,-4.7272642380103,49.4687280952312,32.970932884587,56.5119948298549,37.6981971225973,61.2392590678652,1,1,0,1,172.064435482025,"bootstrap",173.85337972641,NA
40,"xgboost","two_stage","m1",581,60.5483323294176,10.5483323294176,NA,NA,6.24363537108077,-4.25408664575558,64.8024189751732,48.3110318694989,72.7856327893363,52.5651185152545,77.0397194350919,1,0,0,1,173.04508638382,"bootstrap",174.813452243805,NA
41,"xgboost","two_stage","m1",599,72.6640550575428,22.6640550575428,NA,NA,8.04038542127113,-7.8962158262574,80.5602708838002,56.9051892100305,88.4229209050551,64.8014050362879,96.3191367313125,0,0,1,1,167.054179906845,"bootstrap",168.879482507706,NA
42,"xgboost","two_stage","m1",612,62.6334474033342,12.6334474033342,NA,NA,7.40365492629681,-4.79068224184282,67.4241296451771,48.1225503938299,77.1443444128385,52.9132326356728,81.9350266546814,1,0,0,1,169.905366897583,"bootstrap",171.639338254929,NA
43,"xgboost","two_stage","m1",594,71.4891051234348,21.4891051234348,NA,NA,8.39786754272832,-8.78935726210221,80.278462385537,55.0295871927494,87.9486230541202,63.8189444548516,96.7379803162224,0,0,1,1,173.122834920883,"bootstrap",174.916444540024,NA
44,"xgboost","two_stage","m1",591,53.8067310121643,3.80673101216428,NA,NA,6.69415849912088,-4.61919163629602,58.4259226484603,40.6864214470847,66.9270405772439,45.3056130833807,71.5462322135399,1,1,0,1,171.85284113884,"bootstrap",173.437004566193,NA
45,"xgboost","two_stage","m1",611,65.9863195267205,15.9863195267205,NA,NA,7.59824907024745,-9.7484965312456,75.7348160579661,51.0940250034706,80.8786140499705,60.8425215347162,90.6271105812161,0,0,1,1,171.903034687042,"bootstrap",173.6654047966,NA
46,"xgboost","two_stage","m1",599,59.140554187986,9.14055418798601,NA,NA,7.09131966174841,-3.90676369237998,63.047317880366,45.2418230480984,73.0392853278736,49.1485867404784,76.9460490202536,1,1,0,1,173.539345264435,"bootstrap",175.373482942581,NA
47,"xgboost","two_stage","m1",614,67.6954094174067,17.6954094174067,NA,NA,6.93102285800896,-4.27510285240309,71.9705122698097,54.1108542396852,81.2799645951281,58.3859570920883,85.5550674475312,0,0,1,1,170.135065793991,"bootstrap",171.77942442894,NA
48,"xgboost","two_stage","m1",618,49.109437095768,-0.890562904232048,NA,NA,7.66282512663102,-8.15327241717735,57.2627095129453,34.0905758277426,64.1282983637933,42.2438482449199,72.2815707809707,1,1,0,1,171.039320230484,"bootstrap",172.55503988266,NA
49,"xgboost","two_stage","m1",601,61.8102788988557,11.8102788988557,NA,NA,7.55646083823096,-7.0141491535598,68.8244280524155,46.9998878053357,76.6206699923758,54.0140369588955,83.6348191459356,1,0,0,1,170.717710494995,"bootstrap",172.476016759872,NA
50,"xgboost","two_stage","m1",623,56.1874824034985,6.18748240349849,NA,NA,6.61474949124748,-4.39079054362802,60.5782729471265,43.2228116338988,69.1521531730982,47.6136021775268,73.5429437167262,1,1,0,1,172.569627761841,"bootstrap",174.424064874649,NA
51,"xgboost","two_stage","m1",595,38.9889366461606,-11.0110633538394,NA,NA,6.9175591350027,-6.43698629731996,45.4259229434806,25.4307698806293,52.547103411692,31.8677561779493,58.9840897090119,1,1,0,1,169.234824895859,"bootstrap",170.935870885849,NA
52,"xgboost","two_stage","m1",593,47.1383450894965,-2.86165491050353,NA,NA,6.52914859554572,-5.31715391333848,52.4554990028349,34.3414489925166,59.9352411864764,39.6586029058551,65.2523950998148,1,1,0,1,170.509840726852,"bootstrap",172.239216804504,NA
53,"xgboost","two_stage","m1",603,59.3773565720191,9.37735657201912,NA,NA,6.58165493454658,-5.2207612654301,64.5981178374492,46.4775499416375,72.2771632024007,51.6983112070676,77.4979244678308,1,0,0,1,173.606444597244,"bootstrap",175.377375602722,NA
54,"xgboost","two_stage","m1",611,50.5370630359746,0.537063035974626,NA,NA,7.68354120933225,-8.87034102323445,59.4074040592091,35.4775989919541,65.5965270799952,44.3479400151885,74.4668681032296,1,1,0,1,170.461896657944,"bootstrap",172.248176813126,NA
55,"xgboost","two_stage","m1",630,69.7082193410255,19.7082193410255,NA,NA,6.67925685240953,-9.86401125511751,79.572230596143,56.6171164668104,82.7993222152405,66.4811277219279,92.663333470358,0,0,1,1,169.562955617905,"bootstrap",171.252996444702,NA
56,"xgboost","two_stage","m1",624,53.1393882183069,3.13938821830695,NA,NA,7.52340740927889,-6.8850528868094,60.0244411051163,38.3937806550985,67.8849957815154,45.2788335419079,74.7700486683248,1,1,0,1,170.382025957108,"bootstrap",172.174736976624,NA
57,"xgboost","two_stage","m1",611,50.918716871863,0.918716871863005,NA,NA,6.51777104284252,-5.00322940916848,55.9219462810315,38.1441203684136,63.6933133753124,43.1473497775821,68.6965427844809,1,1,0,1,170.009114027023,"bootstrap",171.678995847702,NA
58,"xgboost","two_stage","m1",633,55.4455369124223,5.44553691242232,NA,NA,7.23445254717923,-4.06826275820259,59.5137996706249,41.266270472087,69.6248033527577,45.3345332302896,73.6930661109603,1,1,0,1,173.254186153412,"bootstrap",175.119336843491,NA
59,"xgboost","two_stage","m1",623,63.6195244926911,13.6195244926911,NA,NA,6.64803238876484,-6.39956775594968,70.0190922486407,50.5896204426562,76.6494285427259,56.9891881986059,83.0489962986756,0,0,1,1,172.068345069885,"bootstrap",173.567303657532,NA
60,"xgboost","two_stage","m1",616,57.891109939223,7.891109939223,NA,NA,6.51149917685778,-3.48640799500137,61.3775179342244,45.1288060672195,70.6534138112265,48.6152140622209,74.1398218062278,1,1,0,1,172.656658411026,"bootstrap",174.338814258575,NA
61,"xgboost","two_stage","m1",625,46.9200969411415,-3.07990305885849,NA,NA,6.32563435113382,-6.96932349902138,53.8894204401629,34.5220814335498,59.3181124487332,41.4914049325712,66.2874359477546,1,1,0,1,170.825689315796,"bootstrap",172.548258781433,NA
62,"xgboost","two_stage","m1",603,58.6709774993278,8.67097749932776,NA,NA,7.59358638719937,-8.55633767362999,67.2273151729578,43.7878216669234,73.5541333317321,52.3441593405534,82.1104710053621,1,0,0,1,169.335962295532,"bootstrap",170.937678337097,NA
63,"xgboost","two_stage","m1",601,50.6858143092165,0.685814309216468,NA,NA,6.1491541162443,-3.83437145875246,54.5201857679689,38.6336937059914,62.7379349124415,42.4680651647439,66.572306371194,1,1,0,1,171.782955408096,"bootstrap",173.567216396332,NA
64,"xgboost","two_stage","m1",594,57.0228637257396,7.02286372573959,NA,NA,7.30245779697638,-4.65535179810998,61.6782155238496,42.7103094450422,71.335418006437,47.3656612431522,75.990769804547,1,1,0,1,173.691515922546,"bootstrap",175.390837907791,NA
65,"xgboost","two_stage","m1",614,57.4268515241564,7.42685152415637,NA,NA,6.78333915573103,-6.05946880121785,63.4863203253742,44.1317510840032,70.7219519643095,50.1912198852211,76.7814207655274,1,0,0,1,172.064941644669,"bootstrap",173.922322750092,NA
66,"xgboost","two_stage","m1",600,56.520633482697,6.52063348269704,NA,NA,6.77868940397515,-8.852998905079,65.373632387776,43.2346463885225,69.8066205768716,52.0876452936015,78.6596194819506,1,0,0,1,169.944588422775,"bootstrap",171.836818695068,NA
67,"xgboost","two_stage","m1",611,49.3658329743206,-0.634167025679368,NA,NA,7.28048879355839,-3.93391254938176,53.2997455237024,35.0963371490987,63.6353287995425,39.0302496984805,67.5692413489243,1,1,0,1,171.6711602211,"bootstrap",173.455933332443,NA
68,"xgboost","two_stage","m1",630,54.2177192672438,4.21771926724375,NA,NA,7.70281270840682,-8.45471202390689,62.6724312911506,39.120483779109,69.3149547553785,47.5751958030159,77.7696667792854,1,1,0,1,170.600367307663,"bootstrap",172.4581823349,NA
69,"xgboost","two_stage","m1",613,63.6144394440044,13.6144394440044,NA,NA,8.18247967298175,-5.21034551273915,68.8247849567435,47.5770739807291,79.6518049072797,52.7874194934682,84.8621504200188,1,0,0,1,171.125132322311,"bootstrap",172.862391471863,NA
70,"xgboost","two_stage","m1",611,65.643939526301,15.643939526301,NA,NA,6.63332374877341,-3.4638247044188,69.1077642307198,52.6428638809109,78.6450151716911,56.1066885853297,82.1088398761099,0,0,1,1,171.827800750732,"bootstrap",173.505576372147,NA
71,"xgboost","two_stage","m1",599,49.291543495168,-0.708456504832014,NA,NA,6.86563293507614,-4.94207556388663,54.2336190590546,35.8351502113467,62.7479367789892,40.7772257752334,67.6900123428759,1,1,0,1,169.774663209915,"bootstrap",171.619617462158,NA
72,"xgboost","two_stage","m1",623,46.4559830753083,-3.54401692469168,NA,NA,6.53355917093613,-6.44796314256681,52.9039462178751,33.6504424094121,59.2615237412045,40.0984055519789,65.7094868837713,1,1,0,1,169.437659502029,"bootstrap",171.038242816925,NA
73,"xgboost","two_stage","m1",601,60.0589019235569,10.0589019235569,NA,NA,8.65089142511998,-7.29413197296734,67.3530338965242,43.1034662961554,77.0143375509584,50.3975982691227,84.3084695239258,1,0,0,1,174.000329017639,"bootstrap",175.503167629242,NA
74,"xgboost","two_stage","m1",628,60.4330067507122,10.4330067507122,NA,NA,7.02051091986436,-10.9591491450316,71.3921558957439,46.6730581947079,74.1929553067166,57.6322073397396,85.1521044517482,1,0,0,1,170.844569683075,"bootstrap",172.559365272522,NA
75,"xgboost","two_stage","m1",591,52.3663403528282,2.3663403528282,NA,NA,7.91947974139505,-6.77555568715969,59.1418960399879,36.8444452833993,67.8882354222571,43.620000970559,74.6637911094168,1,1,0,1,169.294646978378,"bootstrap",170.985676765442,NA
76,"xgboost","two_stage","m1",585,48.3473931958591,-1.65260680414093,NA,NA,6.30027506809432,-8.45734124667469,56.8047344425338,35.9990809696986,60.6957054220196,44.4564222163733,69.1530466686943,1,1,0,1,171.969269752502,"bootstrap",173.593125581741,NA
77,"xgboost","two_stage","m1",605,52.9867331725961,2.98673317259607,NA,NA,6.46879761620669,-3.42306498193447,56.4097981545305,40.3081228215524,65.6653435236397,43.7311878034869,69.0884085055742,1,1,0,1,173.075204610825,"bootstrap",174.633948087692,NA
78,"xgboost","two_stage","m1",613,58.9485594723621,8.94855947236214,NA,NA,7.3881066484368,-3.33367858185581,62.282238054218,44.4681365274851,73.4289824172392,47.8018151093409,76.762660999095,1,1,0,1,173.480758666992,"bootstrap",175.217075586319,NA
79,"xgboost","two_stage","m1",597,54.862913709415,4.86291370941502,NA,NA,6.52524013155021,-6.85724156130979,61.7201552707248,42.0736780611012,67.6521493577288,48.930919622411,74.5093909190386,1,1,0,1,170.826608657837,"bootstrap",172.778518915176,NA
80,"xgboost","two_stage","m1",602,51.0681432661984,1.0681432661984,NA,NA,7.69934277995238,-6.49998647470562,57.568129740904,35.9777087128633,66.1585778195335,42.4776951875689,72.6585642942392,1,1,0,1,171.088209152222,"bootstrap",172.881108283997,NA
81,"xgboost","two_stage","m1",619,59.1496218662781,9.14962186627807,NA,NA,7.08914035013974,-8.51615788877924,67.6657797550573,45.2551620986545,73.0440816339016,53.7713199874338,81.5602395226809,1,0,0,1,169.412848472595,"bootstrap",171.249016284943,NA
82,"xgboost","two_stage","m1",616,69.440564959961,19.440564959961,NA,NA,7.04900189058385,-7.25750741202124,76.6980723719822,55.6247751274619,83.2563547924601,62.8822825394831,90.5138622044813,0,0,1,1,169.694761753082,"bootstrap",171.498888492584,NA
83,"xgboost","two_stage","m1",620,47.7664782932107,-2.23352170678929,NA,NA,6.96521031466834,-6.30510067305333,54.071578966264,34.1149169317139,61.4180396547076,40.4200176047672,67.7231403277609,1,1,0,1,171.115197896957,"bootstrap",172.88361120224,NA
84,"xgboost","two_stage","m1",614,42.7556877691748,-7.24431223082518,NA,NA,6.22881654106529,-1.87740643855647,44.6330942077313,30.5474316823795,54.9639438559701,32.424838120936,56.8413502945266,1,1,0,1,170.579642295837,"bootstrap",172.424707174301,NA
85,"xgboost","two_stage","m1",622,60.206769502372,10.206769502372,NA,NA,7.18196439542004,-6.06469159528987,66.2714610976618,46.1303779490997,74.2831610556442,52.1950695443896,80.3478526509341,1,0,0,1,173.352415561676,"bootstrap",175.036931276321,NA
86,"xgboost","two_stage","m1",594,61.7641476129747,11.7641476129747,NA,NA,7.91046543023161,-8.31900044099658,70.0831480539712,46.2599202687716,77.2683749571778,54.5789207097682,85.5873753981743,1,0,0,1,169.829931735992,"bootstrap",172.191220283508,NA
87,"xgboost","two_stage","m1",600,58.9332508979128,8.93325089791281,NA,NA,6.06310165216377,-7.7199526615826,66.6532035594954,47.0497900250665,70.8167117707591,54.7697426866491,78.5366644323417,1,0,0,1,169.272802591324,"bootstrap",170.817933797836,NA
88,"xgboost","two_stage","m1",591,45.523829135815,-4.47617086418504,NA,NA,5.18786184341617,-10.5401544197286,56.0639835555435,35.3558067659497,55.6918515056802,45.8959611856783,66.2320059254088,1,1,0,1,171.759251832962,"bootstrap",173.721775531769,NA
89,"xgboost","two_stage","m1",629,58.6090669213579,8.60906692135794,NA,NA,8.44831072556358,-5.30980462269918,63.9188715440571,42.0506821690499,75.167451673666,47.3604867917491,80.4772562963652,1,1,0,1,173.054086685181,"bootstrap",174.757583856583,NA
90,"xgboost","two_stage","m1",618,54.2135346288922,4.21353462889223,NA,NA,6.98508217660115,-7.20048033494817,61.4140149638404,40.5230251337013,67.9040441240831,47.7235054686495,75.1045244590313,1,1,0,1,172.049931049347,"bootstrap",173.809838056564,NA
91,"xgboost","two_stage","m1",568,52.1575079488245,2.15750794882453,NA,NA,6.77710618612659,-5.65006428442182,57.8075722332463,38.8746239046128,65.4403919930363,44.5246881890346,71.0904562774581,1,1,0,1,171.678762197495,"bootstrap",173.602721214294,NA
92,"xgboost","two_stage","m1",603,58.8029964309065,8.80299643090654,NA,NA,6.57197667051707,-4.39347252561183,63.1964689565184,45.9221588494556,71.6838340123575,50.3156313750675,76.0773065379693,1,0,0,1,169.636134624481,"bootstrap",171.556180000305,NA
93,"xgboost","two_stage","m1",624,57.9495021763177,7.94950217631769,NA,NA,7.08864976820549,-3.72621373417427,61.675715910492,44.0560039316167,71.8430004210186,47.782217665791,75.5692141551929,1,1,0,1,167.122003793716,"bootstrap",169.010060787201,NA
94,"xgboost","two_stage","m1",602,53.2156848364718,3.21568483647179,NA,NA,6.26931350869652,-6.01317990992798,59.2288647463998,40.9280561516362,65.5033135213074,46.9412360615642,71.5164934312354,1,1,0,1,169.741494655609,"bootstrap",171.664798498154,NA
95,"xgboost","two_stage","m1",588,44.8478102177958,-5.15218978220415,NA,NA,7.16411937812865,-5.1650906364703,50.0129008542661,30.8063942557182,58.8892261798735,35.9714848921885,64.0543168163438,1,1,0,1,170.406793355942,"bootstrap",171.903755903244,NA
96,"xgboost","two_stage","m1",599,61.4452281637273,11.4452281637273,NA,NA,7.62335021619888,-8.5658809878194,70.0111091515467,46.5037362984418,76.3867200290127,55.0696172862612,84.9526010168321,1,0,0,1,171.468623161316,"bootstrap",173.222522497177,NA
97,"xgboost","two_stage","m1",607,61.6668569608757,11.6668569608757,NA,NA,6.77914184567424,-6.66946746516511,68.3363244260408,48.3799830972658,74.9537308244856,55.0494505624309,81.6231982896507,1,0,0,1,171.731539726257,"bootstrap",173.528704166412,NA
98,"xgboost","two_stage","m1",604,56.3975483698426,6.39754836984264,NA,NA,7.46111569254038,-4.89398447020157,61.2915328400442,41.7740303279769,71.0210664117084,46.6680147981784,75.91505088191,1,1,0,1,171.912604093552,"bootstrap",173.535437822342,NA
99,"xgboost","two_stage","m1",609,51.5954324174771,1.59543241747713,NA,NA,5.56446607669075,-6.00337596846683,57.598808385944,40.6892793139684,62.5015855209859,46.6926552824352,68.5049614894527,1,1,0,1,173.736034870148,"bootstrap",175.335001707077,NA
100,"xgboost","two_stage","m1",601,65.1861005419322,15.1861005419322,NA,NA,7.89213251521006,-5.50035726317544,70.6864578051077,49.717805050903,80.6543960329615,55.2181623140785,86.1547532961369,1,0,0,1,170.896542787552,"bootstrap",172.907953023911,NA
101,"xgboost","two_stage","m1",615,61.6158786355456,11.6158786355456,NA,NA,7.41653421185388,-5.92252705721015,67.5384056927558,47.0797386902029,76.1520185808884,53.002265747413,82.0745456380985,1,0,0,1,169.934830665588,"bootstrap",171.923797369003,NA
102,"xgboost","two_stage","m1",594,54.5511295091443,4.55112950914427,NA,NA,7.35058348168705,-5.97614007850019,60.5272695876445,40.1442506196826,68.9580083986059,46.1203906981828,74.9341484771061,1,1,0,1,170.966066598892,"bootstrap",172.55241060257,NA
103,"xgboost","two_stage","m1",621,54.5135907375054,4.51359073750542,NA,NA,6.19875391023721,-4.04824865860729,58.5618393961127,42.3642563244137,66.6629251505972,46.412504983021,70.7111738092045,1,1,0,1,167.966027736664,"bootstrap",170.12034034729,NA
104,"xgboost","two_stage","m1",613,49.777955378649,-0.222044621350989,NA,NA,5.85208729757485,-5.54122731149592,55.3191826901449,38.308075041018,61.2478357162801,43.8493023525139,66.789063027776,1,1,0,1,170.252699136734,"bootstrap",172.293520689011,NA
105,"xgboost","two_stage","m1",610,53.7351715248912,3.73517152489121,NA,NA,5.94613277176563,-3.31628061885677,57.051452143748,42.0809654449373,65.3893776048452,45.397246063794,68.7056582237019,1,1,0,1,172.663379192352,"bootstrap",174.570789337158,NA
106,"xgboost","two_stage","m1",628,58.2993120864334,8.29931208643336,NA,NA,7.13625249171087,-7.48893804410076,65.7882501305341,44.3125142180958,72.2861099547709,51.8014522621966,79.7750479988716,1,0,0,1,170.651083946228,"bootstrap",172.500186681747,NA
107,"xgboost","two_stage","m1",613,46.361449299819,-3.63855070018097,NA,NA,7.1072984825119,-2.87390939771899,49.235358697538,32.4314002467195,60.2914983529185,35.3053096444385,63.1654077506375,1,1,0,1,172.374107122421,"bootstrap",174.290050029755,NA
108,"xgboost","two_stage","m1",617,42.2046758228357,-7.79532417716425,NA,NA,6.09060870918384,-5.03352190863443,47.2381977314702,30.2673021089094,54.1420495367621,35.3008240175439,59.1755714453965,1,1,0,1,172.002271413803,"bootstrap",173.861665010452,NA
109,"xgboost","two_stage","m1",616,59.4868693184763,9.48686931847631,NA,NA,7.23628548821112,-6.37655556711712,65.8634248855934,45.3040103797327,73.6697282572199,51.6805659468498,80.046283824337,1,0,0,1,171.039288520813,"bootstrap",172.715725660324,NA
110,"xgboost","two_stage","m1",591,56.3313166957753,6.33131669577534,NA,NA,7.88389095388664,-6.55275166617425,62.8840683619496,40.8791743681164,71.7834590234343,47.4319260342906,78.3362106896085,1,1,0,1,173.203150033951,"bootstrap",175.104924201965,NA
111,"xgboost","two_stage","m1",601,51.7986575311698,1.79865753116976,NA,NA,6.92906011139471,-6.02879609322558,57.8274536243953,38.217949266123,65.3793657962165,44.2467453593486,71.4081618894421,1,1,0,1,168.549351453781,"bootstrap",170.256283998489,NA
112,"xgboost","two_stage","m1",592,69.1232832170326,19.1232832170326,NA,NA,6.57396589935384,-6.29891711458045,75.422200331613,56.2385468187046,82.0080196153606,62.537463933285,88.306936729941,0,0,1,1,171.578303575516,"bootstrap",173.333579063416,NA
113,"xgboost","two_stage","m1",602,42.3004355837761,-7.69956441622389,NA,NA,5.24429974010917,-6.59982494873566,48.9002605325118,32.0217969690294,52.5790741985228,38.621621917765,59.1788991472585,1,1,0,1,168.660049438477,"bootstrap",170.13952255249,NA
114,"xgboost","two_stage","m1",589,69.500796866314,19.500796866314,NA,NA,7.85900824719252,-8.59262704317607,78.0934239094901,54.0974237476134,84.9041699850146,62.6900507907895,93.4967970281907,0,0,1,1,170.360419750214,"bootstrap",172.001250505447,NA
115,"xgboost","two_stage","m1",606,56.5503263589624,6.5503263589624,NA,NA,6.70871254782189,-7.42649514282971,63.9768215017921,43.4014913825996,69.6991613353252,50.8279865254293,77.125656478155,1,0,0,1,174.569193601608,"bootstrap",176.245871305466,NA
116,"xgboost","two_stage","m1",614,46.73487100348,-3.26512899651999,NA,NA,6.51316910456152,-6.205462293469,52.940333296949,33.9692941333204,59.5004478736396,40.1747564267894,65.7059101671086,1,1,0,1,172.086689949036,"bootstrap",173.796909570694,NA
117,"xgboost","two_stage","m1",614,50.6858365719986,0.685836571998628,NA,NA,7.24066312519773,-9.85220567694341,60.538042248942,36.4943976224239,64.8772755215734,46.3466032993673,74.7294811985168,1,1,0,1,171.314496040344,"bootstrap",172.997990131378,NA
118,"xgboost","two_stage","m1",598,68.2996699549708,18.2996699549708,NA,NA,7.90078857192424,-6.57715073514917,74.87682069012,52.8144089045336,83.7849310054079,59.3915596396828,90.3620817405571,0,0,1,1,170.984599113464,"bootstrap",172.648004055023,NA
119,"xgboost","two_stage","m1",599,38.4087410779014,-11.5912589220986,NA,NA,6.34766773417256,-5.06008183734129,43.4688229152427,25.9675409330962,50.8499412227066,31.0276227704375,55.9100230600479,1,1,0,1,169.135117769241,"bootstrap",171.295963287354,NA
120,"xgboost","two_stage","m1",613,41.0107022922184,-8.98929770778162,NA,NA,6.19501510231767,-1.3609321820711,42.3716344742895,28.868695807994,53.1527087764427,30.2296279900651,54.5136409585138,1,1,0,1,172.426074504852,"bootstrap",174.220585107803,NA
121,"xgboost","two_stage","m1",621,70.3993219563703,20.3993219563703,NA,NA,7.65564244353756,-5.6239495407096,76.0232714970799,55.3945384885205,85.4041054242201,61.0184880292301,91.0280549649297,0,0,1,1,171.732279062271,"bootstrap",173.790578365326,NA
122,"xgboost","two_stage","m1",596,46.8906469122705,-3.10935308772952,NA,NA,6.13405715592137,-2.5514817276438,49.4421286399143,34.8681158075544,58.9131780169865,37.4195975351982,61.4646597446304,1,1,0,1,169.108746051788,"bootstrap",170.610386610031,NA
123,"xgboost","two_stage","m1",617,64.8378042482722,14.8378042482722,NA,NA,8.16522627905281,-8.22044781842302,73.0582520666952,48.8342548157087,80.8413536808357,57.0547026341317,89.0618014992587,1,0,0,1,168.331223011017,"bootstrap",170.050211191177,NA
124,"xgboost","two_stage","m1",610,50.4124952559837,0.412495255983664,NA,NA,8.01958425951385,-3.80922757871924,54.2217228347029,34.6943989363522,66.1305915756151,38.5036265150715,69.9398191543343,1,1,0,1,169.2133705616,"bootstrap",170.943661689758,NA
125,"xgboost","two_stage","m1",590,54.1685709992218,4.16857099922178,NA,NA,7.26224499967741,-5.27913117803075,59.4477021772525,39.934832352948,68.4023096454956,45.2139635309787,73.6814408235263,1,1,0,1,169.657269477844,"bootstrap",171.338462591171,NA
126,"xgboost","two_stage","m1",595,44.6291221830515,-5.37087781694849,NA,NA,7.14372433969271,-4.98695343779417,49.6160756208457,30.6276797617716,58.6305646043314,35.6146331995658,63.6175180421256,1,1,0,1,170.45722413063,"bootstrap",172.083131313324,NA
127,"xgboost","two_stage","m1",607,53.4720141160634,3.47201411606338,NA,NA,6.41691598102789,-8.30084673180871,61.7728608478721,40.8950899014292,66.0489383306976,49.1959366332379,74.3497850625063,1,1,0,1,174.987218141556,"bootstrap",176.909927606583,NA
128,"xgboost","two_stage","m1",591,63.8690518461307,13.8690518461307,NA,NA,6.99430287694367,-8.8238631537803,72.692914999911,50.1604701103563,77.5776335819052,58.9843332641366,86.4014967356855,0,0,1,1,170.664848089218,"bootstrap",172.71534371376,NA
129,"xgboost","two_stage","m1",605,55.0560522328172,5.05605223281724,NA,NA,8.13456468085764,-6.54060029459492,61.5966525274122,39.1125984284247,70.9995060372098,45.6531987230196,77.5401063318047,1,1,0,1,174.45941567421,"bootstrap",176.387585878372,NA
130,"xgboost","two_stage","m1",590,56.375312593807,6.37531259380702,NA,NA,7.2764704934869,-8.88908797662564,65.2644005704327,42.1136924920043,70.6369326956097,51.00278046863,79.5260206722354,1,0,0,1,171.632934331894,"bootstrap",174.007837057114,NA
131,"xgboost","two_stage","m1",609,53.2259972783963,3.22599727839631,NA,NA,7.54711581622381,-7.04897563552669,60.274972913923,38.433922091445,68.0180724653476,45.4828977269717,75.0670481008743,1,1,0,1,170.189729690552,"bootstrap",171.677962779999,NA
132,"xgboost","two_stage","m1",612,46.3117438835051,-3.68825611649486,NA,NA,6.9443540279708,-8.48540220952694,54.7971460930321,32.7010600927867,59.9224276742236,41.1864623023137,68.4078298837505,1,1,0,1,171.429095983505,"bootstrap",173.117489337921,NA
133,"xgboost","two_stage","m1",591,60.3623924907029,10.3623924907029,NA,NA,8.06524741595942,-3.15784196156716,63.5202344522701,44.5547980290177,76.1699869523881,47.7126399905849,79.3278289139552,1,1,0,1,169.190432071686,"bootstrap",171.168132781982,NA
134,"xgboost","two_stage","m1",636,64.0810428507593,14.0810428507593,NA,NA,6.27721652894168,-4.49621343776934,68.5772562885286,51.777924530874,76.3841611706445,56.2741379686434,80.8803746084138,0,0,1,1,169.47811460495,"bootstrap",171.01735663414,NA
135,"xgboost","two_stage","m1",608,48.5588495721613,-1.44115042783872,NA,NA,6.69366852155996,-7.4778394248473,56.0366889970086,35.4395003454543,61.6781987988683,42.9173397703016,69.1560382237156,1,1,0,1,170.102661132812,"bootstrap",171.753506660461,NA
136,"xgboost","two_stage","m1",607,58.120456206838,8.12045620683803,NA,NA,7.21141001546747,-7.22430500006833,65.3447612069064,43.9863522987704,72.2545601149057,51.2106572988387,79.478865114974,1,0,0,1,169.639959812164,"bootstrap",171.271476268768,NA
137,"xgboost","two_stage","m1",589,45.1539868733392,-4.84601312666078,NA,NA,5.96277337547015,-5.42813023631675,50.582117109656,33.4671658094434,56.840807937235,38.8952960457602,62.2689381735518,1,1,0,1,171.827976703644,"bootstrap",173.682188510895,NA
138,"xgboost","two_stage","m1",627,61.7301566524804,11.7301566524804,NA,NA,8.63178872859629,-5.47109043989288,67.2012470923733,44.8121616222729,78.6481516826879,50.2832520621658,84.1192421225808,1,0,0,1,171.990688800812,"bootstrap",173.652720451355,NA
139,"xgboost","two_stage","m1",623,61.7709063228799,11.7709063228799,NA,NA,6.76258893762029,-4.86170837898091,66.6326147018608,48.5164755628951,75.0253370828646,53.378183941876,79.8870454618455,1,0,0,1,171.191608667374,"bootstrap",172.820710659027,NA
140,"xgboost","two_stage","m1",609,66.9688014993711,16.9688014993711,NA,NA,8.67972702005699,-11.350328229323,78.3191297286941,49.9568491444203,83.980753854322,61.3071773737433,95.331082083645,1,0,0,1,169.737140655518,"bootstrap",171.573011398315,NA
141,"xgboost","two_stage","m1",588,59.7877305110124,9.78773051101238,NA,NA,6.82351571525555,-6.59929881887662,66.387029329889,46.4138854611684,73.1615755608563,53.0131842800451,79.7608743797329,1,0,0,1,169.115100860596,"bootstrap",170.665395975113,NA
142,"xgboost","two_stage","m1",634,61.8700521143122,11.8700521143122,NA,NA,7.64296051416471,-8.04517911154433,69.9152312258565,46.8901247712876,76.8499794573368,54.935303882832,84.8951585688811,1,0,0,1,166.967085599899,"bootstrap",168.588567256927,NA
143,"xgboost","two_stage","m1",601,52.8283079308566,2.8283079308566,NA,NA,7.01821581486172,-1.32309384763135,54.1514017784879,39.0728576979982,66.583758163715,40.3959515456296,67.9068520113463,1,1,0,1,170.237565040588,"bootstrap",172.252802371979,NA
144,"xgboost","two_stage","m1",606,67.9387854081617,17.9387854081617,NA,NA,7.52301472006895,-4.17073880453916,72.1095242127009,53.1939475016619,82.6836233146615,57.3646863062011,86.8543621192007,0,0,1,1,172.474095106125,"bootstrap",174.143980026245,NA
145,"xgboost","two_stage","m1",600,63.2427554588771,13.2427554588771,NA,NA,7.39551166681683,-5.76377611843154,69.0065315773086,48.7478189446703,77.7376919730839,54.5115950631019,83.5014680915154,1,0,0,1,172.043658018112,"bootstrap",173.85601401329,NA
146,"xgboost","two_stage","m1",583,51.653064616191,1.65306461619097,NA,NA,8.38149206091109,-7.93695740462511,59.5900220208161,35.2256420400968,68.0804871922851,43.162599444722,76.0174445969102,1,1,0,1,170.377060174942,"bootstrap",172.179005622864,NA
147,"xgboost","two_stage","m1",596,63.0458457040112,13.0458457040112,NA,NA,7.75779573811139,-5.14497001523711,68.1908157192484,47.8408454578946,78.2508459501279,52.9858154731317,83.395815965365,1,0,0,1,171.875951528549,"bootstrap",173.474419593811,NA
148,"xgboost","two_stage","m1",619,65.9063792704295,15.9063792704295,NA,NA,7.33473219873404,-7.27151156742745,73.1778908378569,51.5305683246645,80.2821902161945,58.8020798920919,87.5537017836219,0,0,1,1,170.943560600281,"bootstrap",172.688670396805,NA
149,"xgboost","two_stage","m1",595,59.0056712641419,9.00567126414187,NA,NA,5.9547516335452,-9.44140906081557,68.4470803249574,47.3345725255122,70.6767700027715,56.7759815863278,80.1181790635871,1,0,0,1,169.825033187866,"bootstrap",171.553545236588,NA
150,"xgboost","two_stage","m1",587,52.8053864067401,2.80538640674015,NA,NA,7.07831310813226,-3.86384515837779,56.6692315651179,38.9321476435032,66.6786251699771,42.7959928018809,70.5424703283549,1,1,0,1,170.282784461975,"bootstrap",172.171323537827,NA
151,"xgboost","two_stage","m1",593,54.1032116037965,4.10321160379648,NA,NA,7.6108825320134,-10.0196837268493,64.1228953306458,39.1861559504852,69.0202672571077,49.2058396773345,79.0399509839571,1,1,0,1,169.447725534439,"bootstrap",171.241363048553,NA
152,"xgboost","two_stage","m1",592,67.9073676469492,17.9073676469492,NA,NA,9.69051762187895,-8.26423348618876,76.171601133138,48.9143021165157,86.9004331773827,57.1785356027045,95.1646666635714,1,0,0,1,168.898563861847,"bootstrap",170.896362066269,NA
153,"xgboost","two_stage","m1",591,57.9218468721566,7.92184687215657,NA,NA,6.98635964021971,-8.50037597941948,66.4222228515761,44.2288335942817,71.6148601500314,52.7292095737012,80.1152361294509,1,0,0,1,167.204216003418,"bootstrap",168.795263290405,NA
154,"xgboost","two_stage","m1",631,62.0930225860875,12.0930225860875,NA,NA,7.50775132272282,-5.45282391951055,67.545846505598,47.3781003886678,76.8079447835071,52.8309243081783,82.2607687030177,1,0,0,1,169.355823755264,"bootstrap",171.299498796463,NA
155,"xgboost","two_stage","m1",612,48.5896480847005,-1.41035191529954,NA,NA,8.07868891146646,-4.83695565096571,53.4266037356662,32.7557087759231,64.4235873934778,37.5926644268888,69.2605430444435,1,1,0,1,172.428580284119,"bootstrap",174.019907474518,NA
156,"xgboost","two_stage","m1",615,49.6015563623502,-0.398443637649841,NA,NA,6.65109428285025,-5.26072618552011,54.8622825478703,36.5656511101834,62.6374616145169,41.8263772957035,67.898187800037,1,1,0,1,169.993441343307,"bootstrap",172.026617050171,NA
157,"xgboost","two_stage","m1",622,60.252699619498,10.252699619498,NA,NA,7.00680449734984,-5.04245018582139,65.2951498053194,46.5196151579791,73.985784081017,51.5620653438005,79.0282342668384,1,0,0,1,171.473689317703,"bootstrap",173.165332078934,NA
158,"xgboost","two_stage","m1",588,56.7231007162304,6.72310071623039,NA,NA,7.54787665679167,-7.88129366176261,64.604394377993,41.9295343091681,71.5166671232926,49.8108279709307,79.3979607850553,1,1,0,1,171.50882935524,"bootstrap",173.1460044384,NA
159,"xgboost","two_stage","m1",616,56.1696513887487,6.16965138874872,NA,NA,6.88638334370193,-3.22797747997855,59.3976288687273,42.6725880513564,69.666714726141,45.900565531335,72.8946922061196,1,1,0,1,173.471101284027,"bootstrap",175.050390958786,NA
160,"xgboost","two_stage","m1",601,55.3014077381982,5.30140773819824,NA,NA,7.27054234246312,-5.46606363424403,60.7674713724423,41.051406598897,69.5514088774994,46.5174702331411,75.0174725117434,1,1,0,1,171.982657909393,"bootstrap",173.83688044548,NA
161,"xgboost","two_stage","m1",579,63.1083439617479,13.1083439617479,NA,NA,8.35362475386902,-6.93678987669193,70.0451338384399,46.7355403038024,79.4811476196935,53.6723301804943,86.4179374963854,1,0,0,1,168.722640752792,"bootstrap",170.425971984863,NA
162,"xgboost","two_stage","m1",559,49.0218948282217,-0.978105171778296,NA,NA,7.02713919087417,-7.35671758569234,56.378612413914,35.2489550997584,62.794834556685,42.6056726854507,70.1515521423774,1,1,0,1,168.613318443298,"bootstrap",170.361582040787,NA
163,"xgboost","two_stage","m1",617,65.2467118462134,15.2467118462134,NA,NA,7.80242949815498,-7.00042755259856,72.2471393988119,49.9542310379167,80.5391926545101,56.9546585905152,87.5396202071086,1,0,0,1,171.563660621643,"bootstrap",173.299989700317,NA
164,"xgboost","two_stage","m1",604,52.3530977242952,2.35309772429521,NA,NA,6.90488654309393,-7.62876788755416,59.9818656118494,38.8197687824958,65.8864266660946,46.44853667005,73.5151945536487,1,1,0,1,169.553148508072,"bootstrap",171.313848018646,NA
165,"xgboost","two_stage","m1",587,45.4672706853876,-4.53272931461243,NA,NA,6.94464584189243,-9.36910586105355,54.8363765464411,31.8560149498926,59.0785264208826,41.2251208109461,68.4476322819361,1,1,0,1,169.145746231079,"bootstrap",170.647493600845,NA
166,"xgboost","two_stage","m1",627,51.0612988301691,1.06129883016908,NA,NA,6.29879859867822,-6.85566923923533,57.9169680694044,38.7158804308884,63.4067172294497,45.5715496701237,70.2623864686851,1,1,0,1,169.31648683548,"bootstrap",171.045439481735,NA
167,"xgboost","two_stage","m1",605,63.3387581709229,13.3387581709229,NA,NA,6.58417447136062,-7.87492217546237,71.2136803463853,50.4340133391281,76.2435030027178,58.3089355145904,84.1184251781802,0,0,1,1,171.054369449615,"bootstrap",172.615807771683,NA
168,"xgboost","two_stage","m1",607,57.6989279191261,7.69892791912606,NA,NA,7.12580054915266,-9.50694500038028,67.2058729195063,43.7326154817711,71.665240356481,53.2395604821514,81.1721853568613,1,0,0,1,171.616470813751,"bootstrap",173.643101453781,NA
169,"xgboost","two_stage","m1",635,53.7726703339719,3.77267033397194,NA,NA,7.11757034549295,-9.66402732981069,63.4366976637826,39.8224887993755,67.7228518685684,49.4865161291861,77.3868791983791,1,1,0,1,172.987454891205,"bootstrap",175.037230014801,NA
170,"xgboost","two_stage","m1",631,63.0906318304418,13.0906318304418,NA,NA,6.96347909157279,-8.62099879299108,71.7116306234329,49.4424636038614,76.7388000570221,58.0634623968525,85.3597988500132,1,0,0,1,170.350260972977,"bootstrap",172.107592582703,NA
171,"xgboost","two_stage","m1",616,57.1387252634788,7.13872526347885,NA,NA,7.42675630165434,-4.22225756631984,61.3609828297987,42.5825503902805,71.6949001366772,46.8048079566003,75.9171577029971,1,1,0,1,170.805147886276,"bootstrap",172.667974472046,NA
172,"xgboost","two_stage","m1",608,59.5891202644026,9.58912026440262,NA,NA,7.25063168364971,-5.56111532194836,65.150235586351,45.3781432992842,73.8000972295211,50.9392586212326,79.3612125514694,1,0,0,1,168.843084573746,"bootstrap",170.614608287811,NA
173,"xgboost","two_stage","m1",610,61.6347842600448,11.6347842600448,NA,NA,7.18193448215652,-6.97086674120748,68.6056510012523,47.5584513356917,75.7111171843979,54.5293180768992,82.6819839256054,1,0,0,1,170.380024433136,"bootstrap",172.033068418503,NA
174,"xgboost","two_stage","m1",601,51.0976217946419,1.09762179464194,NA,NA,6.16693594786794,-4.47779732268165,55.5754191173236,39.0106494418554,63.1845941474285,43.488446764537,67.6623914701101,1,1,0,1,170.983177661896,"bootstrap",172.791041135788,NA
175,"xgboost","two_stage","m1",604,47.6547451449493,-2.34525485505073,NA,NA,7.01993350483717,-7.93976112350236,55.5945062684516,33.8959283016024,61.4135619882962,41.8356894251047,69.3533231117985,1,1,0,1,170.685867547989,"bootstrap",172.464968204498,NA
176,"xgboost","two_stage","m1",597,59.5710725226667,9.57107252266668,NA,NA,6.48098329260057,-3.34388350677973,62.9149560294464,46.8685786847638,72.2735663605696,50.2124621915435,75.6174498673493,1,0,0,1,167.028655767441,"bootstrap",168.732178449631,NA
177,"xgboost","two_stage","m1",609,43.0224699794901,-6.97753002050993,NA,NA,7.16155783404193,-4.53644098162306,47.5589109611131,28.9860745515672,57.0588654074129,33.5225155331903,61.595306389036,1,1,0,1,169.619319200516,"bootstrap",171.471096754074,NA
178,"xgboost","two_stage","m1",594,54.694488427959,4.69448842795899,NA,NA,6.76054748289083,-8.44580120405456,63.1402896320135,41.4440588457201,67.9449180101979,49.8898600497746,76.3907192142525,1,1,0,1,172.317761421204,"bootstrap",174.031176805496,NA
179,"xgboost","two_stage","m1",603,55.6070478836788,5.60704788367877,NA,NA,6.94604397862227,-6.13946498403345,61.7465128677122,41.9930518505478,69.2210439168097,48.1325168345813,75.3605089008432,1,1,0,1,170.685556650162,"bootstrap",172.366053581238,NA
180,"xgboost","two_stage","m1",606,47.9581023509984,-2.04189764900157,NA,NA,6.46906302211059,-4.7522437948724,52.7103461458708,35.2789718139418,60.637232888055,40.0312156088142,65.3894766829274,1,1,0,1,170.659380197525,"bootstrap",172.466034889221,NA
181,"xgboost","two_stage","m1",612,49.6547875606087,-0.345212439391283,NA,NA,5.64470500792836,-4.54612925856498,54.2009168191737,38.5913690417163,60.7182060795012,43.1374983002812,65.2643353380662,1,1,0,1,169.039338827133,"bootstrap",170.68514418602,NA
182,"xgboost","two_stage","m1",635,69.9232957105882,19.9232957105882,NA,NA,7.20839876815389,-8.71251001262389,78.6358057232121,55.7950937388037,84.0514976823727,64.5076037514276,92.7640076949966,0,0,1,1,168.941951274872,"bootstrap",170.562379598618,NA
183,"xgboost","two_stage","m1",571,45.7366531555449,-4.26334684445509,NA,NA,6.84626742656056,-7.85671969626902,53.5933728518139,32.3182155709565,59.1550907401333,40.1749352672255,67.0118104364023,1,1,0,1,171.711050510406,"bootstrap",173.240644216537,NA
184,"xgboost","two_stage","m1",586,52.7752051131427,2.7752051131427,NA,NA,6.79085027311867,-6.19349038864447,58.9686955017872,39.4653831534261,66.0850270728593,45.6588735420706,72.2785174615037,1,1,0,1,168.007988214493,"bootstrap",169.82795548439,NA
185,"xgboost","two_stage","m1",585,55.3312721302876,5.33127213028755,NA,NA,7.74819522509917,-4.28447097832451,59.6157431086121,40.145088543908,70.5174557166671,44.4295595222325,74.8019266949916,1,1,0,1,169.984292268753,"bootstrap",171.703276872635,NA
186,"xgboost","two_stage","m1",634,61.1723966526057,11.1723966526057,NA,NA,6.7277580074706,-8.1123721131116,69.2847687657173,47.9862332612624,74.3585600439491,56.098605374374,82.4709321570607,1,0,0,1,171.126826286316,"bootstrap",173.189080953598,NA
187,"xgboost","two_stage","m1",634,62.2120900942617,12.2120900942617,NA,NA,7.76188495256382,-13.009792533847,75.2218826281087,46.9990751350932,77.4251050534301,60.0088676689402,90.4348975872771,1,0,0,1,167.340634346008,"bootstrap",168.89639878273,NA
188,"xgboost","two_stage","m1",624,50.8572854152379,0.857285415237882,NA,NA,7.39001990895013,-7.97283505659023,58.8301204718281,36.3731125486617,65.3414582818141,44.3459476052519,73.3142933384043,1,1,0,1,170.987697124481,"bootstrap",172.426068305969,NA
189,"xgboost","two_stage","m1",624,63.5172727749985,13.5172727749985,NA,NA,7.50722727237714,-8.46736649534569,71.9846392703442,48.8033776973824,78.2311678526145,57.2707441927281,86.6985343479602,1,0,0,1,171.806035518646,"bootstrap",173.595268249512,NA
190,"xgboost","two_stage","m1",619,61.8923180843103,11.8923180843103,NA,NA,7.10121540656296,-6.91015675436187,68.8024748386722,47.974191640986,75.8104445276347,54.8843483953479,82.7206012819966,1,0,0,1,171.438822507858,"bootstrap",173.321221351624,NA
191,"xgboost","two_stage","m1",611,63.5530161043529,13.5530161043529,NA,NA,7.99225480625433,-8.91269326680614,72.4657093711591,47.8884845288273,79.2175476798786,56.8011777956334,88.1302409466847,1,0,0,1,168.122264862061,"bootstrap",169.875922441483,NA
192,"xgboost","two_stage","m1",601,48.7495329217541,-1.25046707824595,NA,NA,6.62101889247905,-5.76558371138907,54.5151166331431,35.7725743515358,61.7264914919723,41.5381580629249,67.4920752033613,1,1,0,1,168.630219936371,"bootstrap",170.474885225296,NA
193,"xgboost","two_stage","m1",597,60.4915188131356,10.4915188131356,NA,NA,7.83356859377433,-7.48212174269366,67.9736405558292,45.1380064989138,75.8450311273573,52.6201282416075,83.327152870051,1,0,0,1,170.395356655121,"bootstrap",172.268374919891,NA
194,"xgboost","two_stage","m1",604,69.7146264578319,19.7146264578319,NA,NA,8.55086015387283,-8.45137696547381,78.1660034233057,52.9552485194026,86.4740043962613,61.4066254848764,94.9253813617351,0,0,1,1,169.452701330185,"bootstrap",170.918330907822,NA
195,"xgboost","two_stage","m1",623,61.544586087329,11.544586087329,NA,NA,7.44609618628676,-8.01490335026283,69.5594894375919,46.9505057367859,76.1386664378721,54.9654090870488,84.153569788135,1,0,0,1,170.621149778366,"bootstrap",172.158227443695,NA
196,"xgboost","two_stage","m1",591,66.037658110725,16.037658110725,NA,NA,7.95857824387692,-7.22559943882758,73.2632575495525,50.4391313845822,81.6361848368678,57.6647308234098,88.8617842756953,0,0,1,1,168.450850009918,"bootstrap",170.040808916092,NA
197,"xgboost","two_stage","m1",618,67.9060996311655,17.9060996311655,NA,NA,7.83128106224802,-8.09785722702859,76.003956858194,52.5570707963488,83.2551284659822,60.6549280233774,91.3529856930107,0,0,1,1,172.06169962883,"bootstrap",173.820192098618,NA
198,"xgboost","two_stage","m1",597,58.0123609693993,8.01236096939929,NA,NA,7.1279862922344,-7.09068482876036,65.1030457981597,44.0417645543247,71.9829573844739,51.132449383085,79.0736422132343,1,0,0,1,170.893617391586,"bootstrap",172.645651578903,NA
199,"xgboost","two_stage","m1",627,59.123812069893,9.12381206989304,NA,NA,7.03827545011103,-8.48863509242185,67.6124471623149,45.329045674403,72.9185784653831,53.8176807668248,81.407213557805,1,0,0,1,171.379891872406,"bootstrap",173.141340255737,NA
200,"xgboost","two_stage","m1",610,53.1422984186835,3.14229841868352,NA,NA,6.87658761989911,-7.34982316935008,60.4921215880336,39.6644343471473,66.6201624902198,47.0142575164973,73.9699856595699,1,1,0,1,170.989248037338,"bootstrap",172.854289054871,NA
201,"xgboost","two_stage","m1",603,57.3485570832521,7.34855708325214,NA,NA,6.58978345165871,-5.36553680453118,62.7140938877833,44.432818852083,70.2642953144212,49.7983556566142,75.6298321189524,1,1,0,1,169.102175474167,"bootstrap",170.832533836365,NA
202,"xgboost","two_stage","m1",621,67.3995803824529,17.3995803824529,NA,NA,8.85786343535137,-8.92010413297934,76.3196845154322,50.03848706919,84.7606736957158,58.9585912021693,93.6807778286952,0,0,1,1,168.569682359695,"bootstrap",170.089413404465,NA
203,"xgboost","two_stage","m1",607,61.6777950449649,11.6777950449649,NA,NA,7.26887471114087,-2.61555079821829,64.2933458431832,47.4310624029948,75.924527686935,50.0466132012131,78.5400784851533,1,0,0,1,170.342392444611,"bootstrap",172.100302219391,NA
204,"xgboost","two_stage","m1",602,61.1326033549215,11.1326033549215,NA,NA,7.85122085175925,-8.32124757119404,69.4538509261155,45.7444932508035,76.5207134590395,54.0657408219975,84.8419610302335,1,0,0,1,169.270408630371,"bootstrap",170.833435535431,NA
205,"xgboost","two_stage","m1",620,53.9541040843002,3.95410408430023,NA,NA,6.54641513073671,-7.6367303769631,61.5908344612633,41.1233662002082,66.7848419683922,48.7600965771713,74.4215723453553,1,1,0,1,169.748535633087,"bootstrap",171.271007299423,NA
206,"xgboost","two_stage","m1",602,50.4381511861435,0.438151186143521,NA,NA,7.54611859666862,-6.46794045432835,56.9060916404719,35.6480305136051,65.2282718586819,42.1159709679334,71.6962123130103,1,1,0,1,171.064953565598,"bootstrap",172.869241714478,NA
207,"xgboost","two_stage","m1",620,54.7901278963874,4.79012789638735,NA,NA,7.5512276907013,-7.39645523939378,62.1865831357811,39.9899935835513,69.5902622092235,47.386448822945,76.9867174486172,1,1,0,1,171.199330329895,"bootstrap",172.939088821411,NA
208,"xgboost","two_stage","m1",615,52.5571466502992,2.55714665029922,NA,NA,7.72024405868951,-6.77843478652413,59.3355814368233,37.4257463434085,67.68854695719,44.2041811299326,74.4669817437141,1,1,0,1,168.778990268707,"bootstrap",170.63982462883,NA
209,"xgboost","two_stage","m1",598,61.2812784938289,11.2812784938289,NA,NA,7.97993477321821,-7.06593711426191,68.3472156080908,45.6408937393424,76.9216632483154,52.7068308536043,83.9876003625773,1,0,0,1,171.28124499321,"bootstrap",173.022251367569,NA
210,"xgboost","two_stage","m1",606,61.1476602759658,11.1476602759658,NA,NA,7.90046004391689,-9.36754273429367,70.5152030102595,45.6630431285909,76.6322774233406,55.0305858628846,85.9998201576343,1,0,0,1,168.912405967712,"bootstrap",170.717976331711,NA
211,"xgboost","two_stage","m1",604,52.2005864971696,2.20058649716958,NA,NA,6.63383050216038,-5.69448731556898,57.8950738127386,39.198517633392,65.2026553609472,44.893004948961,70.8971426765162,1,1,0,1,169.600158929825,"bootstrap",171.351891040802,NA
212,"xgboost","two_stage","m1",627,55.0891893030258,5.08918930302578,NA,NA,7.0837103608887,-4.23407639222939,59.3232656952552,41.2053721187707,68.9730064872809,45.4394485110001,73.2070828795102,1,1,0,1,170.629874706268,"bootstrap",172.476701974869,NA
213,"xgboost","two_stage","m1",622,54.3065671771256,4.30656717712562,NA,NA,7.01256205467189,-6.71391174411868,61.0204789212443,40.5621981106165,68.0509362436347,47.2761098547352,74.7648479877534,1,1,0,1,170.872570037842,"bootstrap",172.766880750656,NA
214,"xgboost","two_stage","m1",597,54.1731379856675,4.1731379856675,NA,NA,5.48083780999422,-3.59815346647894,57.7712914521464,43.4308932729735,64.9153826983616,47.0290467394524,68.5135361648405,1,1,0,1,167.955814599991,"bootstrap",169.7663667202,NA
215,"xgboost","two_stage","m1",615,54.709335756297,4.70933575629697,NA,NA,6.55916609324539,-6.45826942136429,61.1676051776613,41.8536064449197,67.5650650676742,48.311875866284,74.0233344890385,1,1,0,1,170.652201890945,"bootstrap",172.631000518799,NA
216,"xgboost","two_stage","m1",612,67.1881794688281,17.1881794688281,NA,NA,6.87903833750119,-3.26695262722772,70.4551320960558,53.7055120790554,80.6708468586007,56.9724647062832,83.9377994858284,0,0,1,1,171.010162115097,"bootstrap",172.710300445557,NA
217,"xgboost","two_stage","m1",613,49.8537088230647,-0.146291176935271,NA,NA,6.59668213526991,-7.30022503660472,57.1539338596695,36.9244494204769,62.7829682256525,44.2246744570817,70.0831932622572,1,1,0,1,170.609039068222,"bootstrap",172.564990758896,NA
218,"xgboost","two_stage","m1",611,73.2911124887036,23.2911124887036,NA,NA,8.26886208820062,-8.66560430912971,81.9567167978333,57.0844406027017,89.4977843747054,65.7500449118314,98.1633886838352,0,0,1,1,169.116261482239,"bootstrap",171.017247200012,NA
219,"xgboost","two_stage","m1",626,56.0430611449562,6.04306114495623,NA,NA,6.98346963105719,-3.54686821522409,59.5899293601803,42.3557121809549,69.7304101089575,45.902580396179,73.2772783241816,1,1,0,1,171.358412742615,"bootstrap",173.121786594391,NA
220,"xgboost","two_stage","m1",617,56.2603961038709,6.26039610387095,NA,NA,7.96921460573401,-8.49374278628036,64.7541388901513,40.6410224915617,71.8797697161802,49.1347652778421,80.3735125024605,1,1,0,1,173.247480392456,"bootstrap",175.19425535202,NA
221,"xgboost","two_stage","m1",619,44.034641743481,-5.96535825651903,NA,NA,7.52117895150616,-7.47508960528059,51.5097313487616,29.2934018772482,58.7758816097138,36.7684914825288,66.2509712149944,1,1,0,1,170.015663385391,"bootstrap",171.821931838989,NA
222,"xgboost","two_stage","m1",617,55.9249441274582,5.92494412745819,NA,NA,7.19048953836892,-4.7850414414639,60.7099855689221,41.8318436010431,70.0180446538733,46.616885042507,74.8030860953372,1,1,0,1,170.173418521881,"bootstrap",171.766194820404,NA
223,"xgboost","two_stage","m1",596,57.6521567484538,7.65215674845382,NA,NA,6.52526124207879,-8.2175973092336,65.8697540576874,44.8628797242643,70.4414337726434,53.0804770334979,78.6590310818769,1,0,0,1,169.577568531036,"bootstrap",170.875909328461,NA
224,"xgboost","two_stage","m1",656,59.0794657362432,9.07946573624323,NA,NA,7.62357625730717,-4.63879677446944,63.7182625107127,44.1375308385265,74.0214006339599,48.776327612996,78.6601974084294,1,1,0,1,169.103293418884,"bootstrap",170.720552921295,NA
225,"xgboost","two_stage","m1",627,45.6616825759651,-4.3383174240349,NA,NA,6.94563314332787,-3.99117047825791,49.652853054223,32.0484917652147,59.2748733867155,36.0396622434726,63.2660438649734,1,1,0,1,168.745467662811,"bootstrap",170.419338464737,NA
226,"xgboost","two_stage","m1",626,59.6858959929935,9.68589599299347,NA,NA,6.25461383262591,-7.38703122792386,67.0729272209173,47.4270781438406,71.9447138421463,54.8141093717645,79.3317450700702,1,0,0,1,169.433130264282,"bootstrap",171.167848348618,NA
227,"xgboost","two_stage","m1",609,59.1473259903703,9.14732599037031,NA,NA,7.58322616345285,-5.48324899102112,64.6305749813914,44.2844758233809,74.0101761573597,49.767724814402,79.4934251483809,1,1,0,1,170.790182352066,"bootstrap",172.441413879395,NA
228,"xgboost","two_stage","m1",607,58.7965926526974,8.79659265269738,NA,NA,6.29871898697033,-4.13823971591123,62.9348323686086,46.4513302894969,71.1418550158978,50.5895700054082,75.2800947318091,1,0,0,1,168.534309864044,"bootstrap",170.346139192581,NA
229,"xgboost","two_stage","m1",589,58.8161454067302,8.81614540673024,NA,NA,7.14283131048599,-3.71869543567188,62.5348408424021,44.8164532905327,72.8158375229278,48.5351487262045,76.5345329585997,1,1,0,1,170.334478855133,"bootstrap",172.009666919708,NA
230,"xgboost","two_stage","m1",634,59.8843089514676,9.88430895146762,NA,NA,7.22124445138417,-9.26242204666989,69.1467309981375,45.7309299031949,74.0376879997403,54.9933519498648,83.3001100464102,1,0,0,1,170.827036142349,"bootstrap",172.553211688995,NA
231,"xgboost","two_stage","m1",628,61.8563360412919,11.8563360412919,NA,NA,7.92586981411542,-10.5796806919959,72.4360167332878,46.3219166594725,77.3907554231113,56.9015973514684,87.9704361151072,1,0,0,1,171.146483659744,"bootstrap",173.100288391113,NA
232,"xgboost","two_stage","m1",625,67.1826876713266,17.1826876713266,NA,NA,7.43856046542357,-7.4063424635623,74.5890301348889,52.6033770622729,81.7619982803803,60.0097195258352,89.1683407439426,0,0,1,1,171.22890996933,"bootstrap",172.965617656708,NA
233,"xgboost","two_stage","m1",630,55.8388925973408,5.83889259734079,NA,NA,6.38989395734766,-9.86646772015824,65.705360317499,43.3149305759093,68.3628546187723,53.1813982960675,78.2293223389306,1,0,0,1,169.444109916687,"bootstrap",171.346330404282,NA
234,"xgboost","two_stage","m1",610,51.7339842708975,1.73398427089749,NA,NA,7.88476429248426,-5.74006974102666,57.4740540119242,36.2801302310409,67.1878383107541,42.0201999720676,72.9279080517807,1,1,0,1,169.520436286926,"bootstrap",170.998631477356,NA
235,"xgboost","two_stage","m1",602,55.7807070402509,5.78070704025094,NA,NA,6.16885829115844,-9.09924157346808,64.879948613719,43.6899669638491,67.8714471166528,52.7892085373172,76.9706886901209,1,0,0,1,170.262887001038,"bootstrap",172.094056367874,NA
236,"xgboost","two_stage","m1",603,44.9586908631202,-5.04130913687983,NA,NA,5.91750541532979,-9.28126550614334,54.2399563692635,33.3605933707531,56.5567883554873,42.6418588768964,65.8380538616306,1,1,0,1,169.03369474411,"bootstrap",170.732555150986,NA
237,"xgboost","two_stage","m1",605,56.5337186336861,6.53371863368608,NA,NA,5.40026101704285,-7.19375413281325,63.7274727664993,45.9494015331665,67.1180357342057,53.1431556659797,74.311789867019,1,0,0,1,167.302293539047,"bootstrap",168.789695501328,NA
238,"xgboost","two_stage","m1",613,78.2319769873369,28.2319769873369,NA,NA,6.84375898515386,-5.85859432076346,84.0905713081003,64.8184558575629,91.6454981171108,70.6770501783264,97.5040924378743,0,0,1,1,170.744627714157,"bootstrap",172.5812895298,NA
239,"xgboost","two_stage","m1",610,52.2167788131067,2.21677881310666,NA,NA,7.00567901766164,-7.35757858133211,59.5743573944388,38.4859002512419,65.9476573749714,45.843478832574,73.3052359563035,1,1,0,1,168.596922874451,"bootstrap",170.597416162491,NA
240,"xgboost","two_stage","m1",632,47.1299943200105,-2.87000567998953,NA,NA,6.25241708407385,-7.03613853576663,54.1661328557771,34.8754820189028,59.3845066211181,41.9116205546694,66.4206451568848,1,1,0,1,172.878739595413,"bootstrap",174.683386087418,NA
241,"xgboost","two_stage","m1",603,62.6809972387844,12.6809972387844,NA,NA,7.09590056780355,-5.81296160620214,68.4939588449865,48.7732876880121,76.5887067895566,54.5862492942142,82.4016683957588,1,0,0,1,169.48987865448,"bootstrap",171.135246038437,NA
242,"xgboost","two_stage","m1",623,55.5460477902413,5.54604779024125,NA,NA,6.77989074891317,-5.69640618217971,61.242453972421,42.2577061032551,68.8343894772274,47.9541122854349,74.5307956594071,1,1,0,1,171.127837181091,"bootstrap",172.695665836334,NA
243,"xgboost","two_stage","m1",597,52.1635508833366,2.1635508833366,NA,NA,6.96626111138833,-9.14279129360949,61.3063421769461,38.5099299981135,65.8171717685597,47.652721291723,74.9599630621692,1,1,0,1,170.408565044403,"bootstrap",172.031563043594,NA
244,"xgboost","two_stage","m1",622,58.7993161642634,8.79931616426342,NA,NA,7.15055988572892,-7.38978573214966,66.1891018964131,44.7844763189379,72.8141560095889,52.1742620510876,80.2039417417386,1,0,0,1,170.264528512955,"bootstrap",172.05864238739,NA
245,"xgboost","two_stage","m1",625,56.319782291448,6.31978229144803,NA,NA,7.83512799077202,-7.82104497220767,64.1408272636557,40.9632136152732,71.6763509676229,48.7842585874809,79.4973959398305,1,1,0,1,171.184237718582,"bootstrap",173.24324798584,NA
246,"xgboost","two_stage","m1",631,53.5974966590016,3.59749665900161,NA,NA,6.54008241674836,-4.42064139630816,58.0181380553098,40.7791706662512,66.4158226517521,45.1998120625593,70.8364640480602,1,1,0,1,169.51374578476,"bootstrap",171.194682598114,NA
247,"xgboost","two_stage","m1",593,55.6727581156664,5.67275811566641,NA,NA,7.98525763782712,-8.76727325400403,64.4400313696704,40.0219407382519,71.323575493081,48.7892139922559,80.090848747085,1,1,0,1,169.070811271667,"bootstrap",170.894549131393,NA
248,"xgboost","two_stage","m1",593,54.5132396915816,4.51323969158162,NA,NA,7.38872212442548,-7.93815448428418,62.4513941758658,40.0316104359334,68.9948689472298,47.9697649202176,76.933023431514,1,1,0,1,169.15226316452,"bootstrap",170.883325099945,NA
249,"xgboost","two_stage","m1",581,51.3784249716684,1.37842497166842,NA,NA,7.23780614449051,-4.03229529350549,55.4107202651739,37.1925856013843,65.5642643419525,41.2248808948898,69.596559635458,1,1,0,1,172.160080432892,"bootstrap",173.829817771912,NA
250,"xgboost","two_stage","m1",600,51.9500370258885,1.95003702588847,NA,NA,6.80112313509255,-5.62945740367046,57.5794944295589,38.6200806266849,65.279993425092,44.2495380303554,70.9094508287625,1,1,0,1,169.999163150787,"bootstrap",171.599386930466,NA
251,"xgboost","two_stage","m1",606,57.7269197156138,7.72691971561382,NA,NA,6.91710667388715,-6.91734087692438,64.6442605925382,44.1696397575734,71.2841996736543,51.0869806344977,78.2015405505787,1,0,0,1,169.481693267822,"bootstrap",171.260290145874,NA
252,"xgboost","two_stage","m1",602,55.245121626131,5.24512162613099,NA,NA,7.14646188427552,-6.83073364989087,62.0758552760219,41.2383137160627,69.2519295361993,48.0690473659536,76.0826631860901,1,1,0,1,166.258499383926,"bootstrap",167.809272050858,NA
253,"xgboost","two_stage","m1",608,60.176626257323,10.176626257323,NA,NA,7.56001336501611,-5.57715255898282,65.7537788163058,45.35927233925,74.993980175396,50.9364248982328,80.5711327343788,1,0,0,1,170.655661821365,"bootstrap",172.211430311203,NA
254,"xgboost","two_stage","m1",612,53.7150210501886,3.71502105018855,NA,NA,5.72720120188492,-5.60893805200077,59.3239591021893,42.4899129622796,64.9401291380975,48.0988510142804,70.5490671900983,1,1,0,1,169.090439081192,"bootstrap",170.860778093338,NA
255,"xgboost","two_stage","m1",586,56.6338487829928,6.63384878299279,NA,NA,8.53329779095897,-3.57175246028064,60.2056012432734,39.908892443358,73.3588051226276,43.4806449036387,76.9305575829082,1,1,0,1,170.002120494843,"bootstrap",171.861045837402,NA
256,"xgboost","two_stage","m1",607,48.257555703907,-1.74244429609303,NA,NA,6.34549514737335,-7.39406588997818,55.6516215938852,35.8206137509815,60.6944976568324,43.2146796409597,68.0885635468106,1,1,0,1,170.288888692856,"bootstrap",171.763732671738,NA
257,"xgboost","two_stage","m1",586,39.1439746674071,-10.8560253325929,NA,NA,5.68367233240341,-4.90313544930907,44.0471101167162,28.0041815959696,50.2837677388446,32.9073170452787,55.1869031881536,1,1,0,1,170.447073459625,"bootstrap",171.994732141495,NA
258,"xgboost","two_stage","m1",587,48.4678483950238,-1.53215160497618,NA,NA,6.76170901080114,-6.94307027380945,55.4109186688333,35.2151422599136,61.720554530134,42.1582125337231,68.6636248039435,1,1,0,1,172.638299942017,"bootstrap",174.410495281219,NA
259,"xgboost","two_stage","m1",626,63.9190933418501,13.9190933418501,NA,NA,6.73745526735675,-6.56492150377278,70.4840148456229,50.7139236703812,77.124263013319,57.278845174154,83.6891845170918,0,0,1,1,167.417946338654,"bootstrap",169.205634117126,NA
260,"xgboost","two_stage","m1",611,61.319636382805,11.319636382805,NA,NA,6.5824778436578,-7.62210276738723,68.9417391501922,48.4182168802028,74.2210558854071,56.04031964759,81.8431586527943,1,0,0,1,171.151063203812,"bootstrap",172.765592813492,NA
261,"xgboost","two_stage","m1",595,53.3054056342961,3.30540563429607,NA,NA,5.70938920856526,-6.37891247827709,59.6843181125732,42.1152084117865,64.4956028568056,48.4941208900636,70.8745153350827,1,1,0,1,168.917992591858,"bootstrap",170.790402650833,NA
262,"xgboost","two_stage","m1",632,58.5650688545908,8.56506885459078,NA,NA,6.91783338618675,-5.05294242542642,63.6180112800172,45.006364566616,72.1237731425656,50.0593069920424,77.176715567992,1,0,0,1,173.146110296249,"bootstrap",174.772052288055,NA
263,"xgboost","two_stage","m1",631,50.1610995611107,0.161099561110667,NA,NA,6.13046230030363,-7.17859228213741,57.3396918432481,38.145614243935,62.1765848782864,45.3242065260724,69.3551771604238,1,1,0,1,169.728569030762,"bootstrap",171.469779253006,NA
264,"xgboost","two_stage","m1",616,58.4249565616727,8.42495656167266,NA,NA,6.52623480227981,-6.95087116809642,65.3758277297691,45.6337713945524,71.216141728793,52.5846425626488,78.1670128968894,1,0,0,1,170.861442565918,"bootstrap",172.599311590195,NA
265,"xgboost","two_stage","m1",615,53.9648233098898,3.96482330988978,NA,NA,7.50215138880166,-4.40454524480266,58.3693685546924,39.2608767812714,68.6687698385082,43.665422026074,73.0733150833108,1,1,0,1,168.531408548355,"bootstrap",170.400271177292,NA
266,"xgboost","two_stage","m1",599,61.1144729443326,11.1144729443326,NA,NA,6.44595483620523,-5.21651232079482,66.3309852651274,48.4806336193986,73.7483122692666,53.6971459401934,78.9648245900615,1,0,0,1,168.236103773117,"bootstrap",169.589658260345,NA
267,"xgboost","two_stage","m1",607,52.6691886539116,2.66918865391158,NA,NA,6.84756369652711,-5.08242138789756,57.7516100418091,39.2482104268745,66.0901668809487,44.3306318147721,71.1725882688462,1,1,0,1,171.302489757538,"bootstrap",173.11704826355,NA
268,"xgboost","two_stage","m1",575,61.839719986605,11.839719986605,NA,NA,7.93166467534951,-9.12169001151882,70.9614099981238,46.2939428854714,77.3854970877386,55.4156328969902,86.5071870992574,1,0,0,1,169.9856133461,"bootstrap",171.858121395111,NA
269,"xgboost","two_stage","m1",584,66.6991503804991,16.6991503804991,NA,NA,9.33098147137436,-10.28496169974,76.9841120802391,48.4107627561948,84.9875380048035,58.6957244559348,95.2724997045434,1,0,0,1,167.381229639053,"bootstrap",169.109003067017,NA
270,"xgboost","two_stage","m1",630,44.9795334803909,-5.02046651960908,NA,NA,6.606509457984,-3.9191787552822,48.8987122356731,32.0310128792191,57.9280540815628,35.9501916345013,61.847232836845,1,1,0,1,167.813588857651,"bootstrap",169.436290740967,NA
271,"xgboost","two_stage","m1",622,54.6856861184412,4.68568611844115,NA,NA,6.94208434417011,-5.17556973549578,59.8612558539369,41.0794508262284,68.2919214106539,46.2550205617242,73.4674911461497,1,1,0,1,172.4694647789,"bootstrap",174.580338001251,NA
272,"xgboost","two_stage","m1",608,52.1144831130502,2.11448311305022,NA,NA,6.29485623250887,-4.94101173254025,57.0554948455905,39.7767916094754,64.4521746166251,44.7178033420156,69.3931863491653,1,1,0,1,167.609974384308,"bootstrap",169.189441680908,NA
273,"xgboost","two_stage","m1",603,55.5782033412575,5.57820334125751,NA,NA,7.14816585102597,-10.5381071477804,66.1163104890379,41.5680557177275,69.5883509647875,52.1061628655079,80.1264581125679,1,0,0,1,168.089866399765,"bootstrap",169.855304718018,NA
274,"xgboost","two_stage","m1",618,53.4422769497176,3.44227694971763,NA,NA,6.91914690773106,-5.21514838790982,58.6574253376275,39.8809982068231,67.0035556926122,45.0961465947329,72.218704080522,1,1,0,1,168.311603546143,"bootstrap",170.15202832222,NA
275,"xgboost","two_stage","m1",612,59.577142830145,9.57714283014502,NA,NA,6.57472914073585,-4.34737278753069,63.9245156176757,46.6909105061968,72.4633751540933,51.0382832937275,76.810747941624,1,0,0,1,171.896485328674,"bootstrap",173.669054031372,NA
276,"xgboost","two_stage","m1",605,72.9890167901739,22.9890167901739,NA,NA,6.71556051088716,-3.41053173575702,76.3995485259309,59.8267600528357,86.1512735275121,63.2372917885927,89.5618052632692,0,0,1,1,167.568728923798,"bootstrap",169.147700786591,NA
277,"xgboost","two_stage","m1",613,58.986386126951,8.98638612695098,NA,NA,6.42217651044696,-7.99403382306617,66.9804199500172,46.3991514641158,71.5736207897861,54.393185287182,79.5676546128523,1,0,0,1,171.814621686935,"bootstrap",173.653324127197,NA
278,"xgboost","two_stage","m1",593,49.5525787433348,-0.447421256665152,NA,NA,7.39074606952782,-5.72798442588228,55.2805631692171,35.0669826281794,64.0381748584903,40.7949670540617,69.7661592843726,1,1,0,1,169.125083446503,"bootstrap",170.907181739807,NA
279,"xgboost","two_stage","m1",635,41.4854041974471,-8.5145958025529,NA,NA,6.60243520434244,-5.94680930810357,47.4322135055507,28.5448689866766,54.4259394082176,34.4916782947801,60.3727487163212,1,1,0,1,172.545978307724,"bootstrap",174.258103609085,NA
280,"xgboost","two_stage","m1",601,46.7924641597777,-3.20753584022232,NA,NA,7.83115427541945,-6.663132738774,53.4555968985517,31.4436838225787,62.1412444969767,38.1068165613527,68.8043772357506,1,1,0,1,170.409628391266,"bootstrap",172.364188432693,NA
281,"xgboost","two_stage","m1",601,66.4741945680278,16.4741945680278,NA,NA,7.45332088950482,-7.01755783942782,73.4917524074556,51.8659540593783,81.0824350766773,58.8835118988061,88.0999929161051,0,0,1,1,169.214799642563,"bootstrap",170.904853105545,NA
282,"xgboost","two_stage","m1",621,59.7347807898533,9.73478078985328,NA,NA,6.73363343537957,-4.46874845705729,64.2035292469106,46.5371017714146,72.932459808292,51.0058502284719,77.4012082653492,1,0,0,1,168.69607925415,"bootstrap",170.393879175186,NA
283,"xgboost","two_stage","m1",603,48.6393456490104,-1.36065435098957,NA,NA,6.57810113325051,-4.41965343963183,53.0589990886423,35.7465043411773,61.5321869568435,40.1661577808091,65.9518403964754,1,1,0,1,167.700462341309,"bootstrap",169.176732778549,NA
284,"xgboost","two_stage","m1",599,50.8834691282791,0.883469128279053,NA,NA,7.13129931925284,-4.31387395740496,55.197343085684,36.9063792995685,64.8605589569896,41.2202532569735,69.1744329143946,1,1,0,1,171.446878194809,"bootstrap",173.129885673523,NA
285,"xgboost","two_stage","m1",633,54.9941003672113,4.99410036721133,NA,NA,6.2052285820675,-4.7930769721232,59.7871773393345,42.8320758305205,67.1561249039022,47.6251528026437,71.9492018760254,1,1,0,1,171.730231761932,"bootstrap",173.62920999527,NA
286,"xgboost","two_stage","m1",601,50.6227207065638,0.622720706563783,NA,NA,6.74161823586929,-8.29720269074026,58.919923397304,37.4093917667415,63.836049646386,45.7065944574818,72.1332523371263,1,1,0,1,168.415856838226,"bootstrap",169.945902585983,NA
287,"xgboost","two_stage","m1",620,57.2475237373475,7.24752373734746,NA,NA,7.66163461462576,-5.16305426687988,62.4105780042273,42.2309958299756,72.2640516447194,47.3940500968554,77.4271059115993,1,1,0,1,168.938631296158,"bootstrap",170.676619768143,NA
288,"xgboost","two_stage","m1",593,64.8652094878478,14.8652094878478,NA,NA,8.02651105290291,-7.78164086634798,72.6468503541958,49.1335369026455,80.5968820730502,56.9151777689935,88.3785229393982,1,0,0,1,168.889747142792,"bootstrap",170.740605592728,NA
289,"xgboost","two_stage","m1",594,48.5603419834229,-1.43965801657715,NA,NA,6.88745384127186,-5.9870008127976,54.5473427962205,35.061180509348,62.0595034574977,41.0481813221456,68.0465042702954,1,1,0,1,168.846518039703,"bootstrap",170.44911646843,NA
290,"xgboost","two_stage","m1",591,68.6185921100126,18.6185921100126,NA,NA,7.64684750039607,-8.80434916015683,77.4229412701694,53.6310464139661,83.606137806059,62.435395574123,92.4104869662158,0,0,1,1,171.515099048615,"bootstrap",173.191741466522,NA
291,"xgboost","two_stage","m1",623,61.9778873718854,11.9778873718854,NA,NA,6.7425721496658,-3.98342197199037,65.9613093438758,48.7626887953777,75.1930859483932,52.7461107673681,79.1765079203836,1,0,0,1,168.77765583992,"bootstrap",170.65732550621,NA
292,"xgboost","two_stage","m1",605,58.6828527446561,8.68285274465612,NA,NA,7.71366021885571,-6.73628128085222,65.4191340255084,43.5643565267196,73.8013489625927,50.3006378075718,80.5376302434449,1,0,0,1,169.947084665298,"bootstrap",171.929042100906,NA
293,"xgboost","two_stage","m1",632,60.1662056148178,10.1662056148178,NA,NA,7.11612973411128,-7.43746789327285,67.6036735080907,46.2188476266451,74.1135636029905,53.656315519918,81.5510314962634,1,0,0,1,168.244117975235,"bootstrap",169.776079177856,NA
294,"xgboost","two_stage","m1",589,45.185826085719,-4.81417391428098,NA,NA,7.23037826052904,-7.70099072288957,52.8868168086086,31.0145451004807,59.3571070709573,38.7155358233703,67.0580977938469,1,1,0,1,168.68721818924,"bootstrap",170.240958452225,NA
295,"xgboost","two_stage","m1",615,57.2851485504348,7.28514855043484,NA,NA,6.23346733726746,-6.33309955964386,63.6182481100787,45.0677770705838,69.5025200302858,51.4008766302277,75.8356195899297,1,0,0,1,169.437371253967,"bootstrap",171.199454307556,NA
296,"xgboost","two_stage","m1",600,72.540691795716,22.540691795716,NA,NA,9.41618525090034,-5.98842320178161,78.5291149974976,54.0853078321941,90.9960757592379,60.0737310339757,96.9844989610195,0,0,1,1,170.003564834595,"bootstrap",171.543642997742,NA
297,"xgboost","two_stage","m1",593,57.193258221365,7.19325822136503,NA,NA,7.44760127071068,-6.64287427342543,63.8361324947905,42.5962279595574,71.7902884831727,49.2391022329828,78.4331627565981,1,1,0,1,170.517147779465,"bootstrap",172.130488157272,NA
298,"xgboost","two_stage","m1",614,47.3507092011312,-2.64929079886879,NA,NA,6.87148595554615,-6.04438062013194,53.3950898212631,33.882844207988,60.8185741942744,39.9272248281199,66.8629548144064,1,1,0,1,171.434468984604,"bootstrap",173.403785943985,NA
299,"xgboost","two_stage","m1",588,53.8327909599372,3.83279095993719,NA,NA,7.78123281751464,-8.31989088583908,62.1526818457763,38.5818548822874,69.083727037587,46.9017457681265,77.4036179234261,1,1,0,1,170.62687253952,"bootstrap",172.35474729538,NA
300,"xgboost","two_stage","m1",610,71.8674504157691,21.8674504157691,NA,NA,6.8648151789936,-13.5381825207909,85.40563293656,58.4126599044178,85.3222409271205,71.9508424252087,98.8604234479114,0,0,1,1,170.052964925766,"bootstrap",171.718799114227,NA
301,"xgboost","two_stage","m1",617,61.4685505082682,11.4685505082682,NA,NA,6.26047421833838,-5.57332459360843,67.0418751018766,49.1982465141834,73.738854502353,54.7715711077919,79.3121790959614,1,0,0,1,170.26487493515,"bootstrap",172.043832302094,NA
302,"xgboost","two_stage","m1",630,61.3533729130724,11.3533729130724,NA,NA,7.41719274358821,-4.48145717179869,65.8348300848711,46.8159422692477,75.8908035568971,51.2973994410464,80.3722607286958,1,0,0,1,168.696246862411,"bootstrap",170.493350505829,NA
303,"xgboost","two_stage","m1",625,58.3333877029333,8.33338770293326,NA,NA,7.6489447851516,-4.5010780443147,62.834465747248,43.3417314043007,73.3250440015658,47.8428094486154,77.8261220458805,1,1,0,1,167.097990274429,"bootstrap",168.736107110977,NA
304,"xgboost","two_stage","m1",603,64.7580021945261,14.7580021945261,NA,NA,8.09909330158658,-4.33372773825054,69.0917299327767,48.8840710159868,80.6319333730654,53.2177987542374,84.9656611113159,1,0,0,1,167.686338424683,"bootstrap",169.335501670837,NA
305,"xgboost","two_stage","m1",599,51.9883767184153,1.98837671841525,NA,NA,7.55994764813397,-5.23645779335658,57.2248345117718,37.1711516030644,66.8056018337661,42.407609396421,72.0420596271227,1,1,0,1,169.490137338638,"bootstrap",171.158972263336,NA
306,"xgboost","two_stage","m1",601,46.3622401891606,-3.63775981083941,NA,NA,6.93263118779352,-4.41531539314898,50.7775555823096,32.7745327429862,59.949947635335,37.1898481361351,64.365263028484,1,1,0,1,170.053911924362,"bootstrap",171.587871789932,NA
307,"xgboost","two_stage","m1",579,54.1978939865254,4.19789398652542,NA,NA,6.48998373219071,-4.98550190114252,59.1833958876679,41.4777596111808,66.91802836187,46.4632615123233,71.9035302630126,1,1,0,1,170.939006328583,"bootstrap",172.51452088356,NA
308,"xgboost","two_stage","m1",596,69.7996855560776,19.7996855560776,NA,NA,6.5287325021931,-6.19024187001198,75.9899274260895,57.003604987083,82.5957661250721,63.193846857095,88.7860079950841,0,0,1,1,171.572657346725,"bootstrap",173.421383619308,NA
309,"xgboost","two_stage","m1",614,47.500098301687,-2.499901698313,NA,NA,5.87805812951223,-5.72993857572908,53.2300368774161,35.9793160688101,59.0208805345639,41.7092546445392,64.7508191102929,1,1,0,1,169.236130714417,"bootstrap",171.231685400009,NA
310,"xgboost","two_stage","m1",627,55.2888788533301,5.2888788533301,NA,NA,6.84157630388201,-4.80306908268226,60.0919479360124,41.8796357002387,68.6981220064215,46.682704782921,73.5011910891038,1,1,0,1,168.602720022202,"bootstrap",170.299524307251,NA
311,"xgboost","two_stage","m1",603,53.5843674073985,3.58436740739852,NA,NA,6.77424789707206,-5.0327372430822,58.6171046504807,40.3070855067911,66.861649308006,45.3398227498733,71.8943865510881,1,1,0,1,170.373268127441,"bootstrap",171.842672586441,NA
312,"xgboost","two_stage","m1",629,56.3094803941067,6.30948039410667,NA,NA,7.64762671008319,-8.77424832195673,65.0837287160634,41.3204074751371,71.2985533130763,50.0946557970938,80.072801635033,1,0,0,1,168.471070051193,"bootstrap",170.3873295784,NA
313,"xgboost","two_stage","m1",605,60.2633328738475,10.2633328738475,NA,NA,6.65385917461294,-4.73511541239861,64.9984482862461,47.2220085334047,73.3046572142902,51.9571239458033,78.0397726266888,1,0,0,1,168.086178541183,"bootstrap",169.977381944656,NA
314,"xgboost","two_stage","m1",609,49.171819488613,-0.828180511386954,NA,NA,7.03341932745014,-3.51411660126752,52.6859360898806,35.3865709186428,62.9570680585832,38.9006875199104,66.4711846598508,1,1,0,1,168.139340877533,"bootstrap",169.886507511139,NA
315,"xgboost","two_stage","m1",627,68.8202864414729,18.8202864414729,NA,NA,8.5140727942945,-3.74721428216944,72.5675007236423,52.1330104029033,85.5075624800424,55.8802246850728,89.2547767622118,0,0,1,1,170.537349224091,"bootstrap",172.379518508911,NA
316,"xgboost","two_stage","m1",608,51.8614512098969,1.86145120989691,NA,NA,6.29167687122587,-9.58586838272783,61.4473195926247,39.5299911399306,64.1929112798633,49.1158595226584,73.7787796625911,1,1,0,1,171.009004831314,"bootstrap",172.673119544983,NA
317,"xgboost","two_stage","m1",611,57.7475364803795,7.74753648037953,NA,NA,8.13562913250709,-2.67171600338004,60.4192524837596,41.8019963890908,73.6930765716683,44.4737123924708,76.3647925750483,1,1,0,1,169.097844839096,"bootstrap",170.824759721756,NA
318,"xgboost","two_stage","m1",605,51.5146262833244,1.51462628332443,NA,NA,6.11126300559823,-7.87173949605889,59.3863657793833,39.5367708922999,63.492481674349,47.4085103883588,71.3642211704078,1,1,0,1,169.503798246384,"bootstrap",171.090572834015,NA
319,"xgboost","two_stage","m1",602,58.6171145295997,8.6171145295997,NA,NA,6.16079108539639,-6.12202847874032,64.73914300834,46.5421858859473,70.692043173252,52.6642143646877,76.8140716519924,1,0,0,1,171.635155916214,"bootstrap",173.670956373215,NA
320,"xgboost","two_stage","m1",617,54.3477850711219,4.34778507112193,NA,NA,5.74661225074675,-2.96229701049725,57.3100820816192,43.0846320265416,65.6109381157022,46.0469290370389,68.5732351261994,1,1,0,1,169.264867305756,"bootstrap",171.065159320831,NA
321,"xgboost","two_stage","m1",595,65.3952396764259,15.3952396764259,NA,NA,7.47742134310497,-1.99046507992117,67.3857047563471,50.7397631467091,80.0507162061428,52.7302282266302,82.041181286064,0,0,1,1,170.72419500351,"bootstrap",172.444774866104,NA
322,"xgboost","two_stage","m1",607,64.9112855898741,14.9112855898741,NA,NA,7.56592335782775,-7.16298814605109,72.0742737359252,50.0823482987413,79.7402228810068,57.2453364447924,86.9032110270579,0,0,1,1,170.886826276779,"bootstrap",172.691339969635,NA
323,"xgboost","two_stage","m1",608,68.9520330268444,18.9520330268444,NA,NA,7.19843552248426,-6.87932884046053,75.8313618673049,54.8433586577414,83.0607073959473,61.722687498202,89.9400362364078,0,0,1,1,170.723288059235,"bootstrap",172.428985595703,NA
324,"xgboost","two_stage","m1",618,54.2545331233538,4.2545331233538,NA,NA,6.42792716659368,-5.3625631475729,59.6170962709267,41.6560273815836,66.853038865124,47.0185905291565,72.2156020126969,1,1,0,1,170.14229631424,"bootstrap",171.77123260498,NA
325,"xgboost","two_stage","m1",615,62.2703246983899,12.2703246983899,NA,NA,6.44923547732786,-10.1050717286615,72.3753964270514,49.6300554350093,74.9105939617705,59.7351271636708,85.015665690432,1,0,0,1,167.573061704636,"bootstrap",169.206953525543,NA
326,"xgboost","two_stage","m1",588,69.982772236064,19.982772236064,NA,NA,7.09621228563968,-8.47351744404063,78.4562896801046,56.0744517295595,83.8910927425684,64.5479691736002,92.364610186609,0,0,1,1,167.709708213806,"bootstrap",169.47544503212,NA
327,"xgboost","two_stage","m1",624,69.8393859207377,19.8393859207377,NA,NA,7.08734761958922,-4.87776758287386,74.7171535036116,55.9484398404272,83.7303320010483,60.826207423301,88.6080995839222,0,0,1,1,168.060328006744,"bootstrap",169.897709608078,NA
328,"xgboost","two_stage","m1",626,48.5636892812197,-1.43631071878032,NA,NA,6.55228652357604,-4.98375760428961,53.5474468855093,35.7214436786235,61.4059348838159,40.7052012829131,66.3896924881055,1,1,0,1,168.737435102463,"bootstrap",170.507610321045,NA
329,"xgboost","two_stage","m1",608,41.4053251931384,-8.5946748068616,NA,NA,5.67503496598053,-4.8237183010391,46.2290434941775,30.2824610488111,52.5281893374657,35.1061793498502,57.3519076385048,1,1,0,1,168.66058754921,"bootstrap",170.330549716949,NA
330,"xgboost","two_stage","m1",586,48.4197531006764,-1.58024689932356,NA,NA,7.04653175575498,-5.22602489457439,53.6457779952508,34.6088046434789,62.230701557874,39.8348295380533,67.4567264524484,1,1,0,1,169.628522396088,"bootstrap",171.185256958008,NA
331,"xgboost","two_stage","m1",605,47.515027434834,-2.48497256516602,NA,NA,6.32413187122743,-5.04467725120383,52.5597046860378,35.1199567337463,59.9100981359216,40.1646339849502,64.9547753871255,1,1,0,1,171.252299547195,"bootstrap",172.62487912178,NA
332,"xgboost","two_stage","m1",629,56.3661709074264,6.36617090742642,NA,NA,7.1806897803308,-5.84075409473336,62.2069250021598,42.2922775538232,70.4400642610296,48.1330316485566,76.280818355763,1,1,0,1,167.827671289444,"bootstrap",169.916044235229,NA
333,"xgboost","two_stage","m1",620,51.9047200989629,1.90472009896285,NA,NA,6.89380422132804,-5.15879102909134,57.0635111280542,38.3931121086897,65.416328089236,43.5519031377811,70.5751191183273,1,1,0,1,169.649633407593,"bootstrap",171.360374689102,NA
334,"xgboost","two_stage","m1",587,64.3586860366132,14.3586860366132,NA,NA,7.57424161259474,-5.24043533513672,69.5991213717499,49.5134452657229,79.2039268075035,54.7538806008597,84.4443621426402,1,0,0,1,170.667876720428,"bootstrap",172.470309972763,NA
335,"xgboost","two_stage","m1",617,55.1618618362262,5.16186183622623,NA,NA,7.49333366739786,-5.73410723644205,60.8959690726683,40.475197723985,69.8485259484675,46.209304960427,75.5826331849095,1,1,0,1,167.88322019577,"bootstrap",169.780111789703,NA
336,"xgboost","two_stage","m1",632,61.9748977107884,11.9748977107884,NA,NA,6.73126642594475,-5.4217278044385,67.3966255152269,48.781857945593,75.1679374759837,54.2035857500315,80.5896652804222,1,0,0,1,169.821979999542,"bootstrap",171.789426326752,NA
337,"xgboost","two_stage","m1",603,59.0786727242952,9.07867272429516,NA,NA,6.94010552996291,-11.0756871046683,70.1543598289635,45.4763158366606,72.6810296119297,56.5520029413289,83.7567167165981,1,0,0,1,171.217728614807,"bootstrap",172.690489053726,NA
338,"xgboost","two_stage","m1",609,52.1286895443732,2.12868954437317,NA,NA,6.24650718141449,-8.52658576065964,60.6552753050328,39.88576043963,64.3716186491164,48.4123462002896,72.898204409776,1,1,0,1,169.068004131317,"bootstrap",170.680430173874,NA
339,"xgboost","two_stage","m1",624,55.3060739034988,5.30607390349877,NA,NA,6.70371866396923,-7.3911316202034,62.6972055237022,42.1670267596301,68.4451210473674,49.5581583798335,75.8362526675708,1,1,0,1,169.042197942734,"bootstrap",170.978430271149,NA
340,"xgboost","two_stage","m1",643,58.0928057043344,8.09280570433436,NA,NA,7.11662010972614,-4.58906122608379,62.6818669304181,44.1444865976177,72.0411248110511,48.7335478237014,76.6301860371349,1,1,0,1,168.400542974472,"bootstrap",170.23290848732,NA
341,"xgboost","two_stage","m1",620,55.9638782109707,5.96387821097068,NA,NA,7.67064557945548,-7.96956749539752,63.9334457063682,40.9296891370666,70.9980672848748,48.8992566324641,78.9676347802723,1,1,0,1,169.511725187302,"bootstrap",171.153718233109,NA
342,"xgboost","two_stage","m1",599,45.0132084539385,-4.98679154606153,NA,NA,7.05558084591922,-4.93974343707205,49.9529518910105,31.1845241059262,58.8418928019508,36.1242675429982,63.7816362390228,1,1,0,1,170.420533180237,"bootstrap",172.276238441467,NA
343,"xgboost","two_stage","m1",601,57.8475727244508,7.84757272445083,NA,NA,8.07475814795492,-4.34892433556765,62.1964970600185,42.0213375705878,73.6738078783138,46.3702619061555,78.0227322138815,1,1,0,1,169.29918551445,"bootstrap",170.851638793945,NA
344,"xgboost","two_stage","m1",599,54.2898343021627,4.28983430216265,NA,NA,6.81750484022559,-6.26447488879224,60.5543091909549,40.927770350893,67.6518982534323,47.1922452396852,73.9163731422245,1,1,0,1,171.894406080246,"bootstrap",173.912661314011,NA
345,"xgboost","two_stage","m1",600,59.1419557916428,9.14195579164278,NA,NA,7.5565184686894,-6.67658060847997,65.8185364001228,44.3314517444998,73.9524598387858,51.0080323529798,80.6290404472657,1,0,0,1,171.231418848038,"bootstrap",173.120579957962,NA
346,"xgboost","two_stage","m1",602,56.6195820350079,6.61958203500785,NA,NA,7.00546344324971,-9.14777760933626,65.7673596443441,42.8891259912265,70.3500380787892,52.0369036005627,79.4978156881255,1,0,0,1,169.494778394699,"bootstrap",171.243895053864,NA
347,"xgboost","two_stage","m1",606,66.1526453928796,16.1526453928796,NA,NA,7.73576704650154,-8.1037611070714,74.256406499951,50.9908205889448,81.3144701968144,59.0945816960162,89.4182313038858,0,0,1,1,167.35014796257,"bootstrap",169.21721124649,NA
348,"xgboost","two_stage","m1",609,49.9488369941515,-0.0511630058484798,NA,NA,6.77313271786279,-4.87867010849394,54.8275071026455,36.6737408046306,63.2239331836725,41.5524109131245,68.1026032921664,1,1,0,1,167.901749849319,"bootstrap",169.515279531479,NA
349,"xgboost","two_stage","m1",612,55.6693544082101,5.66935440821005,NA,NA,6.69020972539947,-3.56118434845344,59.2305387566635,42.5567842974075,68.7819245190126,46.1179686458609,72.343108867466,1,1,0,1,168.243582248688,"bootstrap",169.854454994202,NA
350,"xgboost","two_stage","m1",620,47.8066378533956,-2.19336214660441,NA,NA,5.9810375034292,-4.78054138535433,52.5871792387499,36.084019756491,59.5292559503002,40.8645611418453,64.3097973356545,1,1,0,1,167.584553956985,"bootstrap",169.220070838928,NA
351,"xgboost","two_stage","m1",595,53.0631069278983,3.0631069278983,NA,NA,6.41915470990799,-9.74772197788347,62.8108289057818,40.481794885288,65.6444189705086,50.2295168631715,75.3921409483921,1,0,0,1,170.278865098953,"bootstrap",172.031760931015,NA
352,"xgboost","two_stage","m1",605,64.1733128286358,14.1733128286358,NA,NA,7.02585351031732,-5.1313367543499,69.3046495829857,50.4028929877595,77.943732669512,55.5342297421094,83.0750694238619,0,0,1,1,170.055202484131,"bootstrap",171.646677494049,NA
353,"xgboost","two_stage","m1",629,56.7561733071135,6.75617330711348,NA,NA,7.43297288144113,-8.88296689381838,65.6391402009319,42.187814161426,71.324532452801,51.0707810552443,80.2074993466194,1,0,0,1,171.086244344711,"bootstrap",172.684071540833,NA
354,"xgboost","two_stage","m1",611,47.6260186604351,-2.37398133956486,NA,NA,6.94263550926883,-8.01296167487727,55.6389803353124,34.0187031044793,61.2333342163909,42.0316647793566,69.2462958912682,1,1,0,1,169.494390964508,"bootstrap",171.260703802109,NA
355,"xgboost","two_stage","m1",622,54.7063980815204,4.70639808152038,NA,NA,6.14078369162827,-1.53014207935519,56.2365401608756,42.670683209078,66.7421129539627,44.2008252884332,68.2722550333179,1,1,0,1,169.034641027451,"bootstrap",170.922374725342,NA
356,"xgboost","two_stage","m1",596,57.7285928523322,7.72859285233224,NA,NA,6.60515553925131,-5.50050852948984,63.2291013818221,44.7827258831144,70.67445982155,50.2832344126043,76.1749683510399,1,0,0,1,167.789857625961,"bootstrap",169.621337175369,NA
357,"xgboost","two_stage","m1",611,68.8998795623593,18.8998795623593,NA,NA,8.0364856540438,-3.21438128927649,72.1142608516358,53.1486571181606,84.651102006558,56.3630384074371,87.8654832958345,0,0,1,1,170.989833593369,"bootstrap",172.875174760818,NA
358,"xgboost","two_stage","m1",611,61.9752643627087,11.9752643627087,NA,NA,7.3619927410411,-3.5187011457012,65.4939655084099,47.5460237358228,76.4045049895945,51.064724881524,79.9232061352957,1,0,0,1,166.035478830338,"bootstrap",167.818141937256,NA
359,"xgboost","two_stage","m1",610,54.3148161123877,4.31481611238767,NA,NA,6.39188330066709,-6.97969623781129,61.294512350199,41.7869550496972,66.8426771750782,48.7666512875085,73.8223734128894,1,1,0,1,169.042419910431,"bootstrap",170.690272808075,NA
360,"xgboost","two_stage","m1",630,68.8973086653734,18.8973086653734,NA,NA,8.33834558389754,-6.16445161995002,75.0617602853235,52.5544516302856,85.2401657004612,58.7189032502357,91.4046173204112,0,0,1,1,169.651942968369,"bootstrap",171.403069257736,NA
361,"xgboost","two_stage","m1",616,52.6344524952326,2.63445249523258,NA,NA,6.66118757204017,-8.47910074819344,61.113553243426,39.578764759768,65.6901402306971,48.0578655079615,74.1692409788906,1,1,0,1,169.800308942795,"bootstrap",171.729883670807,NA
362,"xgboost","two_stage","m1",629,50.936008973215,0.936008973215003,NA,NA,6.69170111625165,-4.45566247004516,55.3916714432602,37.8205157900553,64.0515021563747,42.2761782601005,68.5071646264199,1,1,0,1,169.874538660049,"bootstrap",171.412775993347,NA
363,"xgboost","two_stage","m1",617,42.0808420809856,-7.91915791901438,NA,NA,6.40802618320635,-3.73841820148604,45.8192602824717,29.5213415499115,54.6403426120597,33.2597597513975,58.3787608135458,1,1,0,1,170.658304691315,"bootstrap",172.24736905098,NA
364,"xgboost","two_stage","m1",586,63.4128437008636,13.4128437008636,NA,NA,7.55216001308292,-5.21930272412779,68.6321464249914,48.6108820697375,78.2148053319897,53.8301847938653,83.4341080561174,1,0,0,1,168.182975053787,"bootstrap",170.176485538483,NA
365,"xgboost","two_stage","m1",574,55.3571410641083,5.35714106410833,NA,NA,7.70731443473607,-7.14657514761918,62.5037162117275,40.2510823544999,70.4631997737167,47.3976575021191,77.6097749213359,1,1,0,1,167.863273620605,"bootstrap",169.514626741409,NA
366,"xgboost","two_stage","m1",622,59.2124928132495,9.2124928132495,NA,NA,7.0050419373392,-5.57713255239971,64.7896253656492,45.482862905872,72.942122720627,51.0599954582717,78.5192552730267,1,0,0,1,169.360079050064,"bootstrap",170.958269357681,NA
367,"xgboost","two_stage","m1",621,57.1416135643413,7.14161356434126,NA,NA,7.38064435875035,-1.69942197338196,58.8410355377232,42.6758164384919,71.6074106901907,44.3752384118738,73.3068326635726,1,1,0,1,169.164627790451,"bootstrap",170.830832004547,NA
368,"xgboost","two_stage","m1",590,49.3608284760519,-0.63917152394805,NA,NA,6.42333054000252,-4.95404901784324,54.3148774938952,36.7713319568508,61.9503249952531,41.725380974694,66.9043740130963,1,1,0,1,169.587029457092,"bootstrap",171.175775289536,NA
369,"xgboost","two_stage","m1",605,54.224286337034,4.22428633703397,NA,NA,6.79343318333536,-9.60645128466133,63.8307376216953,40.9094019663174,67.5391707077506,50.5158532509787,77.1456219924119,1,0,0,1,168.712250947952,"bootstrap",170.351394176483,NA
370,"xgboost","two_stage","m1",578,67.2473888766272,17.2473888766272,NA,NA,7.80507381892999,-7.56353120480093,74.8109200814281,51.9497252948479,82.5450524584065,59.5132564996488,90.1085836632074,0,0,1,1,167.011739253998,"bootstrap",168.711616277695,NA
371,"xgboost","two_stage","m1",572,53.2358554037822,3.23585540378217,NA,NA,7.40402920102692,-2.55914682731458,55.7950022310967,38.7242248292865,67.7474859782778,41.2833716566011,70.3066328055924,1,1,0,1,168.362285614014,"bootstrap",170.091680288315,NA
372,"xgboost","two_stage","m1",592,62.5476721785826,12.5476721785826,NA,NA,8.75985783169515,-7.92773548839367,70.4754076669763,45.378666318769,79.7166780383962,53.3064018071626,87.6444135267899,1,0,0,1,167.928100585938,"bootstrap",169.656509876251,NA
373,"xgboost","two_stage","m1",610,47.5069070959158,-2.49309290408421,NA,NA,6.2157353630949,-8.05416405169751,55.5610711476133,35.3242896468178,59.6895245450138,43.3784536985153,67.7436885967113,1,1,0,1,173.026384830475,"bootstrap",174.834652900696,NA
374,"xgboost","two_stage","m1",605,57.248555071125,7.24855507112497,NA,NA,6.67349947141798,-10.2707183033029,67.5192733744279,44.1687364562987,70.3283736859513,54.4394547596015,80.5990919892542,1,0,0,1,168.17310333252,"bootstrap",169.906278848648,NA
375,"xgboost","two_stage","m1",603,53.8254547168171,3.82545471681706,NA,NA,7.76466417271457,-4.21780725240149,58.0432619692185,38.606992586248,69.0439168473861,42.8247998386495,73.2617240997876,1,1,0,1,168.866246461868,"bootstrap",170.351690530777,NA
376,"xgboost","two_stage","m1",618,64.732473577701,14.732473577701,NA,NA,7.37255574754679,-9.68661504668325,74.4190886243842,50.2825298384955,79.1824173169065,59.9691448851788,88.8690323635897,0,0,1,1,171.809480667114,"bootstrap",173.35767698288,NA
377,"xgboost","two_stage","m1",595,56.1062389984121,6.10623899841215,NA,NA,6.08833757536908,-7.38776148100794,63.4940004794201,44.1733166249668,68.0391613718575,51.5610781059748,75.4269228528654,1,0,0,1,167.018002033234,"bootstrap",168.782157897949,NA
378,"xgboost","two_stage","m1",599,60.7985180675372,10.7985180675372,NA,NA,8.16255769231851,-11.9432737694715,72.7417918370087,44.8001989688626,76.7968371662118,56.7434727383341,88.7401109356834,1,0,0,1,171.180477142334,"bootstrap",172.844014883041,NA
379,"xgboost","two_stage","m1",593,60.0743196694494,10.0743196694494,NA,NA,7.9103031132095,-6.75943167947531,66.8337513489247,44.5704104607637,75.5782288781351,51.329842140239,82.3376605576104,1,0,0,1,169.595216274261,"bootstrap",171.358294725418,NA
380,"xgboost","two_stage","m1",616,53.2545790450091,3.25457904500907,NA,NA,7.20909060610886,-6.13248306601816,59.3870621110272,39.1250210957497,67.3841369942685,45.2575041617678,73.5166200602866,1,1,0,1,167.746983528137,"bootstrap",169.555783987045,NA
381,"xgboost","two_stage","m1",640,60.5799597347434,10.5799597347434,NA,NA,6.35132143946258,-9.15593340346193,69.7358931382054,48.1315984591597,73.0283210103272,57.2875318626216,82.1842544137891,1,0,0,1,171.60612654686,"bootstrap",173.243009567261,NA
382,"xgboost","two_stage","m1",643,50.5277248388389,0.527724838838878,NA,NA,7.25906012572179,-6.60965083848267,57.1373756773216,36.3002284308134,64.7552212468644,42.909879269296,71.3648720853471,1,1,0,1,170.405563592911,"bootstrap",172.121835708618,NA
383,"xgboost","two_stage","m1",626,50.8424619710428,0.842461971042809,NA,NA,5.90839305105728,-4.02401948222279,54.8664814532656,39.2622243844638,62.4226995576218,43.2862438666866,66.4467190398446,1,1,0,1,168.489406824112,"bootstrap",169.998233795166,NA
384,"xgboost","two_stage","m1",605,56.3546357434905,6.35463574349052,NA,NA,6.11205663153003,-3.98929557864732,60.3439313221378,44.3752248742225,68.3340466127586,48.3645204528698,72.3233421914059,1,1,0,1,170.001886367798,"bootstrap",171.598473787308,NA
385,"xgboost","two_stage","m1",601,55.7966703414066,5.7966703414066,NA,NA,7.22164662791831,-8.73814095196568,64.5348112933723,41.6425030416116,69.9508376412016,50.3806439935773,78.6889785931673,1,0,0,1,168.243586778641,"bootstrap",170.06451010704,NA
386,"xgboost","two_stage","m1",606,47.8650066385826,-2.13499336141739,NA,NA,5.74002344249276,-9.99419365044249,57.8592002890251,36.6147674208812,59.115245856284,46.6089610713237,69.1094395067265,1,1,0,1,171.070636510849,"bootstrap",172.674688339233,NA
387,"xgboost","two_stage","m1",589,69.2387959725515,19.2387959725515,NA,NA,7.38584567727282,-8.92641461573893,78.1652105882905,54.762804449726,83.7147874953771,63.6892190654649,92.641202111116,0,0,1,1,166.732624292374,"bootstrap",168.630833387375,NA
388,"xgboost","two_stage","m1",623,61.7736837901305,11.7736837901305,NA,NA,8.23022765126314,-4.67421822377026,66.4479020139008,45.6427340090891,77.904633571172,50.3169522328594,82.5788517949422,1,0,0,1,167.727461099625,"bootstrap",169.397575139999,NA
389,"xgboost","two_stage","m1",594,49.5710561702677,-0.428943829732297,NA,NA,6.15193357828695,-5.50197845469333,55.073034624961,37.5134879215427,61.6286244189927,43.015466376236,67.1306028736861,1,1,0,1,168.115627288818,"bootstrap",169.820181131363,NA
390,"xgboost","two_stage","m1",613,53.2113256541658,3.21132565416576,NA,NA,7.46438432570021,-7.73580009516836,60.9471257493341,38.5814012090281,67.8412500993035,46.3172013041964,75.5770501944718,1,1,0,1,169.218470096588,"bootstrap",171.092148780823,NA
391,"xgboost","two_stage","m1",587,56.4111072718783,6.41110727187825,NA,NA,7.2088750481858,-6.69017976909039,63.1012870409686,42.2819718083846,70.5402427353719,48.972151577475,77.2304225044623,1,1,0,1,169.455870389938,"bootstrap",171.043197631836,NA
392,"xgboost","two_stage","m1",600,58.5573136782134,8.55731367821342,NA,NA,6.76487624962314,-4.12516627885275,62.6824799570662,45.2983998690817,71.8162274873452,49.4235661479344,75.9413937661979,1,1,0,1,168.618486166,"bootstrap",170.286517381668,NA
393,"xgboost","two_stage","m1",605,53.5542625064762,3.55426250647617,NA,NA,6.34196107999189,-7.81520054202463,61.3694630485008,41.1242471983373,65.984277814615,48.9394477403619,73.7994783566397,1,1,0,1,167.743255853653,"bootstrap",169.390651226044,NA
394,"xgboost","two_stage","m1",611,67.6987052883619,17.6987052883619,NA,NA,6.77053488070503,-4.01725063670959,71.7159559250715,54.4287007661079,80.968709810616,58.4459514028175,84.9859604473256,0,0,1,1,170.439071178436,"bootstrap",172.032039642334,NA
395,"xgboost","two_stage","m1",631,45.3490498371617,-4.65095016283826,NA,NA,5.1747936457812,-8.79539816652093,54.1444480036827,35.2066406640039,55.4914590103196,44.0020388305248,64.2868571768405,1,1,0,1,172.130150079727,"bootstrap",174.015444278717,NA
396,"xgboost","two_stage","m1",592,48.8788874737398,-1.12111252626021,NA,NA,6.2241636002049,-5.02499271537597,53.9038801891158,36.679750983453,61.0780239640265,41.704743698829,66.1030166794025,1,1,0,1,170.006005525589,"bootstrap",172.060630083084,NA
397,"xgboost","two_stage","m1",585,55.6109471984448,5.61094719844483,NA,NA,5.77639239971686,-6.40422013826179,62.0151673367066,44.2894261344289,66.9324682624608,50.6936462726907,73.3366884007226,1,0,0,1,168.495623826981,"bootstrap",170.214027166367,NA
398,"xgboost","two_stage","m1",590,60.6412900203421,10.6412900203421,NA,NA,7.44572526230498,-9.39767144215054,70.0389614624926,46.0479366674443,75.2346433732399,55.4456081095948,84.6323148153904,1,0,0,1,167.469942092896,"bootstrap",169.215955972672,NA
399,"xgboost","two_stage","m1",597,59.1707858424085,9.17078584240855,NA,NA,7.1097388312612,-9.2881687706501,68.4589546130587,45.2359537936507,73.1056178911664,54.5241225643008,82.3937866618165,1,0,0,1,168.729585647583,"bootstrap",170.33567404747,NA
400,"xgboost","two_stage","m1",613,59.4258731842691,9.42587318426911,NA,NA,7.32892426382023,-6.82673644531992,66.252609629589,45.0614455817597,73.7903007867785,51.8881820270797,80.6170372320984,1,0,0,1,168.75953745842,"bootstrap",170.440696954727,NA
401,"xgboost","two_stage","m1",631,61.9708701103414,11.9708701103414,NA,NA,6.98547916015813,-5.91279035541192,67.8836604657533,48.2795825416764,75.6621576790064,54.1923728970883,81.5749480344183,1,0,0,1,169.796491384506,"bootstrap",171.320649147034,NA
402,"xgboost","two_stage","m1",628,67.9752963780834,17.9752963780834,NA,NA,8.01355917402611,-6.97026843081046,74.9455648088938,52.2690090090117,83.6815837471551,59.2392774398221,90.6518521779656,0,0,1,1,170.831222057343,"bootstrap",172.55468583107,NA
403,"xgboost","two_stage","m1",624,49.517260555962,-0.482739444037961,NA,NA,5.63932095750619,-3.27954896800801,52.79680952397,38.464394581988,60.5701265299361,41.743943549996,63.8496754979441,1,1,0,1,168.517025232315,"bootstrap",170.214585065842,NA
404,"xgboost","two_stage","m1",621,53.6907936197865,3.6907936197865,NA,NA,8.45554256650115,-6.61556489386498,60.3063585136515,37.1182347196989,70.2633525198741,43.7337996135639,76.8789174137391,1,1,0,1,169.294292926788,"bootstrap",170.978209972382,NA
405,"xgboost","two_stage","m1",589,55.2855114223621,5.28551142236206,NA,NA,7.9918630321447,-9.62673251638757,64.9122439387496,39.6217477099814,70.9492751347427,49.248480226369,80.5760076511303,1,1,0,1,171.892751216888,"bootstrap",173.733773231506,NA
406,"xgboost","two_stage","m1",609,52.2157376542433,2.21573765424333,NA,NA,6.80928340278986,-6.73116710952471,58.946904763768,38.8697874242489,65.5616878842378,45.6009545337736,72.2928549937625,1,1,0,1,170.739478826523,"bootstrap",172.313388347626,NA
407,"xgboost","two_stage","m1",582,56.1103097091134,6.11030970911335,NA,NA,7.46812372481368,-3.93065384747743,60.0409635565908,41.4730561763894,70.7475632418373,45.4037100238669,74.6782170893147,1,1,0,1,168.682520389557,"bootstrap",170.318108797073,NA
408,"xgboost","two_stage","m1",610,52.4364949958814,2.43649499588144,NA,NA,7.07247377039446,-5.88904681575035,58.3255418116318,38.5747011243041,66.2982888674588,44.4637479400544,72.1873356832091,1,1,0,1,170.215553760529,"bootstrap",171.940581321716,NA
409,"xgboost","two_stage","m1",612,62.7102799210704,12.7102799210704,NA,NA,7.11361232739463,-4.84387803099414,67.5541579520645,48.7678559593968,76.652703882744,53.6117339903909,81.4965819137382,1,0,0,1,167.107539653778,"bootstrap",168.786273956299,NA
410,"xgboost","two_stage","m1",622,57.0036858602577,7.00368586025774,NA,NA,7.7835956299602,-4.73900882900773,61.7426946892655,41.7481187553124,72.2592529652031,46.4871275843201,76.9982617942108,1,1,0,1,167.487489461899,"bootstrap",169.148368358612,NA
411,"xgboost","two_stage","m1",580,43.9636964266422,-6.03630357335782,NA,NA,7.42386299746393,-2.13965139507943,46.1033478217216,29.4131923254533,58.5142005278311,31.5528437205327,60.6538519229105,1,1,0,1,169.075716733932,"bootstrap",170.702976703644,NA
412,"xgboost","two_stage","m1",605,54.968690033872,4.96869003387204,NA,NA,6.89827796282404,-8.63415828443465,63.6028483183067,41.4483136713906,68.4890663963535,50.0824719558252,77.1232246807881,1,0,0,1,167.194825410843,"bootstrap",169.180782556534,NA
413,"xgboost","two_stage","m1",597,63.623124275738,13.623124275738,NA,NA,6.97911325171921,-3.59028291230358,67.2134071880416,49.9443136583421,77.3019348931339,53.5345965706457,80.8922178054375,1,0,0,1,168.524729013443,"bootstrap",170.039614200592,NA
414,"xgboost","two_stage","m1",603,52.5798937138573,2.57989371385734,NA,NA,8.36268010944914,-3.21075753043981,55.7906512442972,36.1893418851076,68.9704455426071,39.4000994155474,72.1812030730469,1,1,0,1,169.002924919128,"bootstrap",170.472616434097,NA
415,"xgboost","two_stage","m1",607,57.1603541361528,7.16035413615277,NA,NA,6.54502258695727,-9.32782411185131,66.4881782480041,44.3323455877154,69.9883626845902,53.6601696995667,79.3161867964415,1,0,0,1,170.737532138824,"bootstrap",172.362686872482,NA
416,"xgboost","two_stage","m1",627,58.5588327727692,8.55883277276924,NA,NA,7.96063127595607,-5.01822983396455,63.5770626067338,42.9562821776922,74.1613833678463,47.9745120116568,79.1796132018108,1,1,0,1,171.322135925293,"bootstrap",173.135885953903,NA
417,"xgboost","two_stage","m1",605,61.3716294022251,11.3716294022251,NA,NA,8.02399192693614,-4.12316556853721,65.4947949707623,45.6448942131901,77.09836459126,49.7680597817273,81.2215301597972,1,1,0,1,170.826463460922,"bootstrap",172.614935398102,NA
418,"xgboost","two_stage","m1",611,48.6409300196634,-1.35906998033665,NA,NA,6.47682170621203,-0.612165164595723,49.2530951842591,35.9465927412005,61.3352672981262,36.5587579057962,61.9474324627219,1,1,0,1,169.564333438873,"bootstrap",171.111552238464,NA
419,"xgboost","two_stage","m1",608,56.903862667553,6.90386266755296,NA,NA,5.99217880402959,-2.70210712985719,59.6059697974101,45.1594080227307,68.6483173123753,47.8615151525878,71.3504244422324,1,1,0,1,169.693894386292,"bootstrap",171.566382169724,NA
420,"xgboost","two_stage","m1",584,57.3904260845588,7.39042608455882,NA,NA,6.82916516414264,-6.17636386364779,63.5667899482066,44.0055083183637,70.7753438507539,50.1818721820115,76.9517077144017,1,0,0,1,168.243206739426,"bootstrap",169.946581363678,NA
421,"xgboost","two_stage","m1",605,62.1122126863277,12.1122126863277,NA,NA,6.53360032425443,-4.39973074102176,66.5119434273495,49.3065913614098,74.9178340112456,53.7063221024316,79.3175647522674,1,0,0,1,169.93851184845,"bootstrap",171.617155075073,NA
422,"xgboost","two_stage","m1",608,55.6025792085685,5.6025792085685,NA,NA,7.1314117535434,-6.66389951340179,62.2664787219703,41.6252690126978,69.5798894044392,48.2891685260996,76.243788917841,1,1,0,1,168.561065912247,"bootstrap",170.340224266052,NA
423,"xgboost","two_stage","m1",617,62.6053565955936,12.6053565955936,NA,NA,8.54900797458988,-8.61596857457671,71.2213251701703,45.8496088618518,79.3611043293355,54.4655774364285,87.9770729039122,1,0,0,1,171.017848014832,"bootstrap",172.520171403885,NA
424,"xgboost","two_stage","m1",629,63.3500090822605,13.3500090822605,NA,NA,8.13935070896545,-5.78817708414022,69.1381861664007,47.3971748351477,79.3028433293734,53.1853519192879,85.0910204135136,1,0,0,1,168.844198703766,"bootstrap",170.723109006882,NA
425,"xgboost","two_stage","m1",609,57.7647021115503,7.76470211155031,NA,NA,7.81695171135327,-4.36463134630606,62.1293334578564,42.4437582884092,73.0856459346915,46.8083896347152,77.4502772809975,1,1,0,1,168.683249235153,"bootstrap",170.365757226944,NA
426,"xgboost","two_stage","m1",599,59.1119690786141,9.11196907861408,NA,NA,7.53671209190605,-7.69068949151705,66.8026585701311,44.3402848166307,73.8836533405974,52.0309743081478,81.5743428321145,1,0,0,1,169.745400428772,"bootstrap",171.46221780777,NA
427,"xgboost","two_stage","m1",606,54.2326994815645,4.23269948156452,NA,NA,6.92314892249391,-4.51703249003332,58.7497319715978,40.6635769338692,67.8018220292599,45.1806094239025,72.3188545192932,1,1,0,1,169.12159204483,"bootstrap",170.658406972885,NA
428,"xgboost","two_stage","m1",617,55.0262397507356,5.02623975073565,NA,NA,7.74519298344569,-4.74248918536695,59.7687289361026,39.8459404498698,70.2065390516015,44.5884296352367,74.9490282369685,1,1,0,1,168.751438379288,"bootstrap",170.735188961029,NA
429,"xgboost","two_stage","m1",602,53.6780934391699,3.67809343916988,NA,NA,7.99729908119573,-6.74797099530189,60.4260644344718,38.003675266431,69.3525116119088,44.7516462617329,76.1004826072107,1,1,0,1,167.565406560898,"bootstrap",169.100331544876,NA
430,"xgboost","two_stage","m1",610,65.9763504340024,15.9763504340024,NA,NA,7.93990250500478,-9.94245716790147,75.9188076019039,50.4144274834337,81.5382733845711,60.3568846513352,91.4807305524726,0,0,1,1,168.279072284698,"bootstrap",170.282294273376,NA
431,"xgboost","two_stage","m1",600,51.0036152948412,1.00361529484123,NA,NA,7.36923435923656,-7.13325501880109,58.1368703136423,36.5601813571025,65.44704923258,43.6934363759036,72.5803042513811,1,1,0,1,168.819404602051,"bootstrap",170.670886278152,NA
432,"xgboost","two_stage","m1",643,58.1300529315035,8.13005293150353,NA,NA,7.01615986544958,-8.02729645612627,66.1573493876298,44.378632285447,71.8814735775601,52.4059287415732,79.9087700336864,1,0,0,1,169.883828163147,"bootstrap",171.532856464386,NA
433,"xgboost","two_stage","m1",602,63.7393390132329,13.7393390132329,NA,NA,8.16168442421179,-9.34846012498898,73.0877991382219,47.7427314885962,79.7359465378695,57.0911916135852,89.0844066628585,1,0,0,1,169.294053316116,"bootstrap",170.954102516174,NA
434,"xgboost","two_stage","m1",626,48.5368365647751,-1.46316343522489,NA,NA,6.84732331590299,-5.49816255395805,54.0349991187332,35.1163294751039,61.9573436544463,40.6144920290619,67.4555062084044,1,1,0,1,169.411019563675,"bootstrap",171.041703939438,NA
435,"xgboost","two_stage","m1",615,68.0699448200938,18.0699448200938,NA,NA,6.14140757270253,-12.222400930362,80.2923457504557,56.0330071632153,80.1068824769723,68.2554080935772,92.3292834073342,0,0,1,1,169.148242473602,"bootstrap",170.65747833252,NA
436,"xgboost","two_stage","m1",621,62.0950758726795,12.0950758726795,NA,NA,5.79608371725471,-8.33567996666395,70.4307558393434,50.7349605354812,73.4551912098777,59.0706405021451,81.7908711765417,0,0,1,1,169.765542030334,"bootstrap",171.521382570267,NA
437,"xgboost","two_stage","m1",623,53.8681826733367,3.86818267333666,NA,NA,6.48911412985566,-6.26420248239268,60.1323851557293,41.1497526872496,66.5866126594237,47.4139551696423,72.8508151418164,1,1,0,1,169.498375654221,"bootstrap",171.281410455704,NA
438,"xgboost","two_stage","m1",578,65.2643530850878,15.2643530850878,NA,NA,7.42593393993542,-8.07139604241556,73.3357491275033,50.7097900112407,79.8189161589348,58.7811860536563,87.8903122013504,0,0,1,1,168.846689462662,"bootstrap",170.506239652634,NA
439,"xgboost","two_stage","m1",615,47.9634107807794,-2.03658921922056,NA,NA,5.87837316920949,-9.10776336086714,57.0711741416466,36.4420110814423,59.4848104801166,45.5497744423094,68.5925738409837,1,1,0,1,171.186840772629,"bootstrap",172.741480350494,NA
440,"xgboost","two_stage","m1",598,61.4538847940951,11.4538847940951,NA,NA,8.25185543092538,-6.82480792819862,68.2786927222937,45.2805453438501,77.6272242443401,52.1053532720487,84.4520321725387,1,0,0,1,169.187218427658,"bootstrap",170.997356176376,NA
441,"xgboost","two_stage","m1",613,42.1518472225223,-7.84815277747769,NA,NA,6.766705337937,-5.91065980872617,48.0625070312485,28.8893484661709,55.4143459788738,34.800008274897,61.3250057875999,1,1,0,1,170.967949867249,"bootstrap",172.953915834427,NA
442,"xgboost","two_stage","m1",579,58.3310589946096,8.33105899460958,NA,NA,8.27917185032506,-5.26513736575487,63.5961963603645,42.1041803461546,74.5579376430645,47.3693177119095,79.8230750088194,1,1,0,1,168.871742248535,"bootstrap",170.335498094559,NA
443,"xgboost","two_stage","m1",624,52.8231038427946,2.82310384279463,NA,NA,6.36723238289025,-4.76034091189197,57.5834447546866,40.3435576911326,65.3026499944567,45.1038986030246,70.0629909063486,1,1,0,1,166.374197244644,"bootstrap",168.065122365952,NA
444,"xgboost","two_stage","m1",609,48.3196343676184,-1.68036563238162,NA,NA,7.9028622353229,-3.62595768397079,51.9455920515892,32.8303090116038,63.808959723633,36.4562666955746,67.4349174076038,1,1,0,1,169.159613132477,"bootstrap",170.876186847687,NA
445,"xgboost","two_stage","m1",571,55.9703746335703,5.97037463357031,NA,NA,5.91205755349991,-6.66579909411971,62.63617372769,44.3829547541825,67.5577945129581,51.0487538483022,74.2235936070778,1,0,0,1,168.491789579391,"bootstrap",170.034079313278,NA
446,"xgboost","two_stage","m1",618,66.59394509676,16.59394509676,NA,NA,7.94341818402783,-7.75135953984242,74.3453046366024,51.0251315419248,82.1627586515951,58.7764910817673,89.9141181914375,0,0,1,1,169.504429101944,"bootstrap",171.145652770996,NA
447,"xgboost","two_stage","m1",598,43.4801111929452,-6.51988880705481,NA,NA,6.19783814393233,-5.14532362264499,48.6254348155902,31.3325716488293,55.6276507370611,36.4778952714743,60.7729743597061,1,1,0,1,168.877282619476,"bootstrap",170.612556934357,NA
448,"xgboost","two_stage","m1",593,48.8328653009323,-1.1671346990677,NA,NA,7.2980643302863,-3.68878115767696,52.5216464586093,34.5289220567147,63.1368085451499,38.2177032143917,66.8255897028268,1,1,0,1,167.844909191132,"bootstrap",169.335121154785,NA
449,"xgboost","two_stage","m1",631,46.9021138833127,-3.09788611668726,NA,NA,6.27320814132136,-7.8827879457497,54.7849018290624,34.6068518587994,59.1973759078261,42.4896398045491,67.0801638535758,1,1,0,1,172.306257009506,"bootstrap",174.07537150383,NA
450,"xgboost","two_stage","m1",581,44.1136951837691,-5.88630481623093,NA,NA,7.22835358491189,-6.52097693563394,50.634672119403,29.9463824898208,58.2810078777174,36.4673594254547,64.8019848133513,1,1,0,1,166.352704763412,"bootstrap",168.107021808624,NA
451,"xgboost","two_stage","m1",605,55.9929294576011,5.9929294576011,NA,NA,6.26339870780409,-7.91017622928162,63.9031056868827,43.7168935694904,68.2689653457118,51.627069798772,76.1791415749934,1,0,0,1,167.890727519989,"bootstrap",169.537505149841,NA
452,"xgboost","two_stage","m1",598,49.0512128932771,-0.948787106722932,NA,NA,7.31302952135095,-4.1195136920425,53.1707265853196,34.717938413551,63.3844873730031,38.8374521055935,67.5040010650456,1,1,0,1,170.2180352211,"bootstrap",172.079548597336,NA
453,"xgboost","two_stage","m1",604,55.6816316604558,5.68163166045579,NA,NA,6.03303863651316,-1.70673839383052,57.3883700542863,43.8570932155514,67.5061701053602,45.5638316093819,69.2129084991907,1,1,0,1,168.301784992218,"bootstrap",169.827060699463,NA
454,"xgboost","two_stage","m1",633,58.9896599685608,8.98965996856082,NA,NA,7.56884759762696,-9.18849947130913,68.1781594398699,44.1549912727395,73.8243286643822,53.3434907440486,83.0128281356913,1,0,0,1,170.570676326752,"bootstrap",172.203609228134,NA
455,"xgboost","two_stage","m1",600,61.9368474694707,11.9368474694707,NA,NA,6.5466975627617,-6.25626552629192,68.1931129957626,49.1055560287816,74.7681389101598,55.3618215550736,81.0244044364517,1,0,0,1,169.605412721634,"bootstrap",171.216462373734,NA
456,"xgboost","two_stage","m1",617,68.3801686959034,18.3801686959034,NA,NA,8.5660088438869,-7.0422804190218,75.4224491149253,51.5910998706335,85.1692375211734,58.6333802896554,92.2115179401952,0,0,1,1,169.39266371727,"bootstrap",171.037602424622,NA
457,"xgboost","two_stage","m1",607,65.9711846780084,15.9711846780084,NA,NA,7.58053597363631,-10.9158374329421,76.8870221109506,51.113607186171,80.8287621698459,62.0294446191131,91.744599602788,0,0,1,1,168.92983341217,"bootstrap",170.944845914841,NA
458,"xgboost","two_stage","m1",596,47.3235953469621,-2.67640465303789,NA,NA,6.90396023157987,-4.94553474471552,52.2691300916776,33.7920819423688,60.8551087515555,38.7376166870843,65.800643496271,1,1,0,1,169.378691911697,"bootstrap",171.224057674408,NA
459,"xgboost","two_stage","m1",617,51.077421763273,1.07742176327299,NA,NA,7.32605520922893,-5.38926072725251,56.4666824905255,36.7186174044322,65.4362261221137,42.1078781316847,70.8254868493662,1,1,0,1,169.257538080215,"bootstrap",171.047262907028,NA
460,"xgboost","two_stage","m1",609,66.0114034412991,16.0114034412991,NA,NA,7.03709474298564,-7.90400895921371,73.9154124005128,52.2189511892511,79.8038556933471,60.1229601484648,87.7078646525608,0,0,1,1,169.420473337173,"bootstrap",171.34091091156,NA
461,"xgboost","two_stage","m1",618,56.4540190354813,6.45401903548133,NA,NA,7.26108288490639,-8.83207090273967,65.286089938221,42.2225580923046,70.6854799786581,51.0546289950443,79.5175508813977,1,0,0,1,170.37261390686,"bootstrap",172.243550539017,NA
462,"xgboost","two_stage","m1",575,51.920093000231,1.92009300023098,NA,NA,6.55584354946796,-6.99068496712061,58.9107779673516,39.0708757549945,64.7693102454674,46.0615607221152,71.759995212588,1,1,0,1,168.661517381668,"bootstrap",170.264228343964,NA
463,"xgboost","two_stage","m1",573,51.9469532545173,1.94695325451726,NA,NA,8.17171319944039,-6.6759253690884,58.6228786236057,35.9306896916235,67.963216817411,42.6066150607119,74.6391421864994,1,1,0,1,166.855539083481,"bootstrap",168.604920864105,NA
464,"xgboost","two_stage","m1",642,60.9566615910101,10.9566615910101,NA,NA,7.5948433602173,-9.74688667457272,70.7035482655828,46.071042136761,75.8422810452592,55.8179288113337,85.5891677198319,1,0,0,1,171.748478651047,"bootstrap",173.38672041893,NA
465,"xgboost","two_stage","m1",596,59.588073201889,9.588073201889,NA,NA,7.87292845486248,-4.14603145218301,63.734104654072,44.157416977498,75.01872942628,48.303448429681,79.164760878463,1,1,0,1,168.994417905807,"bootstrap",170.624527215958,NA
466,"xgboost","two_stage","m1",583,53.2515861806212,3.25158618062122,NA,NA,7.16446839275998,-5.69007239575989,58.9416585763811,39.2094861624361,67.2936861988063,44.899558558196,72.9837585945662,1,1,0,1,167.86928319931,"bootstrap",169.680933475494,NA
467,"xgboost","two_stage","m1",597,53.3481774167657,3.34817741676567,NA,NA,7.13000397195652,-4.38576315249354,57.7339405692592,39.3736264221034,67.322728411428,43.7593895745969,71.7084915639215,1,1,0,1,166.494296789169,"bootstrap",168.147698402405,NA
468,"xgboost","two_stage","m1",627,45.6410129267883,-4.35898707321169,NA,NA,6.40045420506467,-5.03159425463784,50.6726071814262,33.0963532001636,58.185672653413,38.1279474548015,63.2172669080508,1,1,0,1,170.169546604156,"bootstrap",171.832801580429,NA
469,"xgboost","two_stage","m1",608,59.4219547947409,9.42195479474089,NA,NA,7.09079330216909,-6.76458860940959,66.1865434041505,45.5242553006716,73.3196542888101,52.2888439100812,80.0842428982197,1,0,0,1,167.727437257767,"bootstrap",169.558001279831,NA
470,"xgboost","two_stage","m1",621,63.6933828166137,13.6933828166137,NA,NA,6.48739823419857,-9.12042639568164,72.8138092122954,50.9783159242158,76.4084497090117,60.0987423198974,85.5288761046933,0,0,1,1,170.726531982422,"bootstrap",172.356418848038,NA
471,"xgboost","two_stage","m1",607,53.2771682754866,3.27716827548662,NA,NA,6.62007550556174,-4.36517461385017,57.6423428893368,40.3020587096498,66.2522778413234,44.6672333235,70.6174524551736,1,1,0,1,167.338877677917,"bootstrap",168.765447378159,NA
472,"xgboost","two_stage","m1",585,56.7844289152861,6.78442891528612,NA,NA,7.84532498355056,-6.0015964764968,62.7860253917829,41.4078745005147,72.1609833300575,47.4094709770115,78.1625798065543,1,1,0,1,170.812361001968,"bootstrap",172.740100383759,NA
473,"xgboost","two_stage","m1",637,53.0193886949032,3.01938869490316,NA,NA,6.51051895965222,-2.96826395445753,55.9876526493607,40.2590060133196,65.7797713764867,43.2272699677772,68.7480353309442,1,1,0,1,169.146988630295,"bootstrap",170.916467666626,NA
474,"xgboost","two_stage","m1",621,57.7388387472554,7.73883874725538,NA,NA,5.67687451603982,-5.50933081975366,63.248169567009,46.6123691510641,68.8653083434467,52.1216999708177,74.3746391632003,1,0,0,1,168.982226133347,"bootstrap",170.700369596481,NA
475,"xgboost","two_stage","m1",617,53.7588839677769,3.7588839677769,NA,NA,5.69366578467941,-5.38623097434836,59.1451149421253,42.5995040897973,64.9182638457565,47.9857350641456,70.3044948201049,1,1,0,1,167.032591581345,"bootstrap",168.766997814178,NA
476,"xgboost","two_stage","m1",593,56.4791474231898,6.47914742318978,NA,NA,6.41584914128842,-8.06778030123174,64.5469277244215,43.9043141760222,69.0539806703573,51.972094477254,77.1217609715891,1,0,0,1,170.720730304718,"bootstrap",172.45103931427,NA
477,"xgboost","two_stage","m1",632,59.1894106731055,9.18941067310546,NA,NA,7.85187126864475,-8.23659296327833,67.4260036363838,43.8000257753169,74.578795570894,52.0366187385953,82.8153885341723,1,0,0,1,168.629109144211,"bootstrap",170.425798892975,NA
478,"xgboost","two_stage","m1",601,61.2204745115195,11.2204745115195,NA,NA,8.01933383009736,-7.35457756588696,68.5750520774065,45.502869024525,76.938079998514,52.857446590412,84.2926575644009,1,0,0,1,169.691440820694,"bootstrap",171.623119592667,NA
479,"xgboost","two_stage","m1",607,72.1561153131972,22.1561153131972,NA,NA,6.64018670934066,-5.93309872560512,78.0892140388023,59.141588512268,85.1706421141265,65.0746872378731,91.1037408397316,0,0,1,1,167.96612071991,"bootstrap",169.505160808563,NA
480,"xgboost","two_stage","m1",607,61.1351899530408,11.1351899530408,NA,NA,8.31834699718727,-8.85584138924887,69.9910313422897,44.8315294276469,77.4388504784348,53.6873708168957,86.2946918676836,1,0,0,1,169.186272382736,"bootstrap",170.758332967758,NA
481,"xgboost","two_stage","m1",620,65.1110990924399,15.1110990924399,NA,NA,7.46739114669409,-7.75588089407607,72.866979986516,50.4752813864462,79.7469167984335,58.2311622805223,87.5027976925096,0,0,1,1,169.359242916107,"bootstrap",171.073348999023,NA
482,"xgboost","two_stage","m1",611,54.4730638096399,4.47306380963986,NA,NA,7.24142413424688,-5.95496409083561,60.4280279004755,40.2801333097368,68.6659943095429,46.2350974005725,74.6209584003785,1,1,0,1,171.120399475098,"bootstrap",172.684583187103,NA
483,"xgboost","two_stage","m1",625,53.0465636556339,3.04656365563392,NA,NA,7.31370178509666,-3.30628141129505,56.352845066929,38.7119715631782,67.3811557480897,42.0182529744732,70.6874371593847,1,1,0,1,169.78830242157,"bootstrap",171.385273694992,NA
484,"xgboost","two_stage","m1",600,51.0979661551472,1.09796615514724,NA,NA,7.65538179647041,-7.75053382624223,58.8484999813895,36.0936935461617,66.1022387641328,43.8442273724039,73.852772590375,1,1,0,1,168.377096891403,"bootstrap",170.021873950958,NA
485,"xgboost","two_stage","m1",617,47.8500050922199,-2.1499949077801,NA,NA,5.67933879287685,-5.33518604030636,53.1851911325263,36.7187056021801,58.9813045822597,42.0538916424864,64.3164906225661,1,1,0,1,168.683403491974,"bootstrap",170.313658952713,NA
486,"xgboost","two_stage","m1",583,69.6958213855288,19.6958213855288,NA,NA,7.17784217925527,-5.39547257770859,75.0912939632374,55.627509227476,83.7641335435816,61.0229818051846,89.1596061212902,0,0,1,1,165.720206260681,"bootstrap",167.194108247757,NA
487,"xgboost","two_stage","m1",613,44.2688171085512,-5.73118289144876,NA,NA,7.06964963612002,-6.6329816743882,50.9017987829394,30.4125584384393,58.1250757786632,37.0455401128275,64.7580574530514,1,1,0,1,169.510502815247,"bootstrap",171.200701713562,NA
488,"xgboost","two_stage","m1",606,50.9461428068784,0.946142806878449,NA,NA,6.69731330815724,-7.36692075454136,58.3130635614198,37.8196499297095,64.0726356840474,45.1865706842508,71.4395564385888,1,1,0,1,170.489941596985,"bootstrap",172.321227312088,NA
489,"xgboost","two_stage","m1",609,47.2844231236053,-2.71557687639469,NA,NA,6.17058838218883,-6.57708027547647,53.8615033990818,35.1902921310939,59.3785541161167,41.7673724065704,65.9556343915932,1,1,0,1,168.913613557816,"bootstrap",170.838202476501,NA
490,"xgboost","two_stage","m1",607,57.2001099013864,7.20010990138638,NA,NA,7.36305105774532,-5.95705285230719,63.1571627536936,42.768795011876,71.6314247908968,48.7258478641832,77.588477643204,1,1,0,1,168.956241607666,"bootstrap",170.664302110672,NA
491,"xgboost","two_stage","m1",646,41.8851554836143,-8.11484451638567,NA,NA,7.11123402265929,-6.86352209966746,48.7486775832818,27.9473929135662,55.8229180536624,34.8109150132337,62.6864401533299,1,1,0,1,168.34202337265,"bootstrap",169.934790372849,NA
492,"xgboost","two_stage","m1",599,64.872928463405,14.872928463405,NA,NA,8.60742233239958,-8.78351781706296,73.656446280468,48.0026906921761,81.7431662346339,56.7862085092391,90.5266840516969,1,0,0,1,167.369434356689,"bootstrap",169.114295244217,NA
493,"xgboost","two_stage","m1",603,56.7053516866066,6.7053516866066,NA,NA,6.93338486653829,-10.8949502272099,67.6003019138165,43.1161670572365,70.2945363159767,54.0111172844464,81.1894865431866,1,0,0,1,167.598746299744,"bootstrap",169.244654893875,NA
494,"xgboost","two_stage","m1",597,65.1706965848849,15.1706965848849,NA,NA,6.65356446377372,-4.17357648130042,69.3442730661853,52.1299498670728,78.2114433026969,56.3035263483732,82.3850197839973,0,0,1,1,165.339227199554,"bootstrap",166.859589099884,NA
495,"xgboost","two_stage","m1",616,58.5270963511836,8.52709635118359,NA,NA,6.4186005213649,-2.70217286390588,61.2292692150895,45.9468704981584,71.1073222042088,48.6490433620643,73.8094950681147,1,1,0,1,156.310893535614,"bootstrap",157.983233451843,NA
496,"xgboost","two_stage","m1",606,56.4112224048274,6.41122240482737,NA,NA,6.32981913830955,-5.66494824710197,62.0761706519293,44.0050048650883,68.8174399445664,49.6699531121903,74.4823881916684,1,1,0,1,164.538516998291,"bootstrap",166.198209762573,NA
497,"xgboost","two_stage","m1",610,58.6443450247407,8.64434502474071,NA,NA,6.44576096736466,-7.425170575052,66.0695155997927,46.0108856757519,71.2778043737295,53.4360562508039,78.7029749487815,1,0,0,1,159.806629657745,"bootstrap",161.739846229553,NA
498,"xgboost","two_stage","m1",620,51.9045982889781,1.90459828897809,NA,NA,6.57717242586084,-3.43696298686607,55.3415612758442,39.0135772141809,64.7956193637753,42.450540201047,68.2325823506413,1,1,0,1,154.67075753212,"bootstrap",156.128431797028,NA
499,"xgboost","two_stage","m1",600,51.0998988481125,1.09989884811249,NA,NA,7.01652876773001,-4.62223393871019,55.7221327868227,37.3477551668725,64.8520425293525,41.9699891055826,69.4742764680627,1,1,0,1,149.827984333038,"bootstrap",151.629403829575,NA
500,"xgboost","two_stage","m1",610,42.4465987651228,-7.55340123487716,NA,NA,6.28908710998342,-6.58153310127241,49.0281318663952,30.1202145339202,54.7729829963254,36.7017476351927,61.3545160975978,1,1,0,1,152.121768951416,"bootstrap",153.710202217102,NA
