"replicate","Estimator","estimate","bias","bootstrap_se","bootstrap_bias","bc_estimate","ci_lower","ci_upper","bc_ci_lower","bc_ci_upper","covered_true_95","covered_true_95_bc","reject_h0_effect","reject_h0_null","bootstrap_time_sec","replicate_time_sec","covered_mc_mean_95"
1,"bart",45.1059464787069,-4.89405352129308,3.2300873837684,-0.354972032422317,45.4609185111292,38.7750915396037,51.4368014178102,39.130063572026,51.7917734502325,1,1,0,1,950.44727396965,954.159072160721,1
2,"bart",43.8696715956939,-6.13032840430615,2.95353979337633,-0.534222523804793,44.4038941194986,38.0808399737704,49.6585032176173,38.6150624975752,50.1927257414221,0,1,1,1,950.643872022629,954.144701957703,0
3,"bart",48.5836679853096,-1.41633201469044,3.06269082393333,-0.122049542224545,48.7057175275341,42.5809042746189,54.5864316960002,42.7029538168435,54.7084812382247,1,1,0,1,946.096889972687,949.730189085007,1
4,"bart",46.8641856311354,-3.1358143688646,3.0891871661694,0.867046989709017,45.9971386414264,40.80949004394,52.9188812183308,39.942443054231,52.0518342286218,1,1,0,1,953.98114991188,957.532465934753,1
5,"bart",48.7685711908363,-1.23142880916365,2.95205896976859,0.440624953621992,48.3279462372144,42.9826419298515,54.5545004518212,42.5420169762295,54.1138754981992,1,1,0,1,946.12627696991,949.543940067291,1
6,"bart",50.5358880042216,0.535888004221555,3.28224025228814,1.15271029469665,49.3831777095249,44.1028153211291,56.968960687314,42.9501050264325,55.8162503926173,1,1,0,1,961.497117042542,965.034703969955,1
7,"bart",49.9621502997111,-0.0378497002889233,3.07894129120703,-0.0614501665452281,50.0236004662563,43.927536258432,55.9967643409901,43.9889864249773,56.0582145075353,1,1,0,1,952.279554128647,955.867959022522,1
8,"bart",55.4245863654926,5.42458636549255,3.21078044977172,-0.00199596379466982,55.4265823292872,49.1315723216747,61.7176004093104,49.1335682854693,61.7195963731051,1,1,0,1,962.241039037704,966.041627168655,1
9,"bart",44.8492224570526,-5.15077754294737,3.15429338566009,0.266936105365467,44.5822863516872,38.6669210244859,51.0315238896193,38.3999849191205,50.7645877842539,1,1,0,1,942.144122123718,945.468071937561,1
10,"bart",51.7049779595273,1.70497795952733,3.1433475818776,-0.412256039851485,52.1172339993788,45.5441299081562,57.8658260108985,45.9563859480077,58.27808205075,1,1,0,1,946.439795970917,949.783524990082,1
11,"bart",43.3728736808932,-6.62712631910681,2.76067391502979,0.0204898981658772,43.3523837827273,37.9620522343756,48.7836951274108,37.9415623362097,48.7632052292449,0,0,1,1,957.022119998932,960.505121946335,0
12,"bart",50.0118384353222,0.0118384353221614,2.98463610449826,0.00948383869162228,50.0023545966305,44.1620591635477,55.8616177070967,44.152575324856,55.852133868405,1,1,0,1,991.557227134705,995.561855792999,1
13,"bart",50.9952719473358,0.99527194733578,2.94681706532487,-0.913164679493306,51.9084366268291,45.219616630271,56.7709272644005,46.1327813097643,57.6840919438939,1,1,0,1,992.249279022217,996.346328020096,1
14,"bart",52.4265623209321,2.42656232093208,2.94377753910343,-1.11704712219743,53.5436094431295,46.6568643657914,58.1962602760728,47.7739114879888,59.3133073982702,1,1,0,1,983.548234939575,987.31892490387,1
15,"bart",48.121199345514,-1.87880065448604,3.28122847012461,-0.801756095900977,48.9229554414149,41.6901097190223,54.5522889720057,42.4918658149232,55.3540450679066,1,1,0,1,975.110820055008,978.894483804703,1
16,"bart",55.5631470626539,5.56314706265393,3.05733290491927,-0.0869605603979124,55.6501076230518,49.5708846802629,61.5554094450449,49.6578452406608,61.6423700054428,1,1,0,1,986.374795913696,990.322946071625,1
17,"bart",50.1377947451674,0.137794745167412,3.33554017568867,1.82272756495856,48.3150671802088,43.6002561318312,56.6753333585036,41.7775285668727,54.852605793545,1,1,0,1,985.118900060654,989.384199857712,1
18,"bart",48.608494863506,-1.39150513649401,3.30088826710449,0.487964953160848,48.1205299103451,42.1388727429904,55.0781169840216,41.6509077898295,54.5901520308608,1,1,0,1,979.999632835388,983.872210979462,1
19,"bart",52.0633017020873,2.06330170208731,3.41375794294095,-0.0828231944579301,52.1461248965452,45.3724590819855,58.7541443221891,45.4552822764434,58.836967516647,1,1,0,1,992.28484082222,996.37321305275,1
20,"bart",45.4422718623222,-4.55772813767779,3.06749642981945,0.975453369705832,44.4668184926164,39.4300893371709,51.4544543874735,38.4546359674651,50.4790010177677,1,1,0,1,990.914422988892,994.777343988419,1
21,"bart",49.105799214984,-0.894200785016025,2.74575307079663,-0.757691160635154,49.8634903756191,43.7242220857823,54.4873763441856,44.4819132464175,55.2450675048208,1,1,0,1,985.421380996704,989.38684296608,1
22,"bart",46.8922912776179,-3.10770872238212,3.20510233418774,-0.157402317586623,47.0496935952045,40.6104061358447,53.1741764193911,40.7678084534313,53.3315787369777,1,1,0,1,990.081202030182,994.023226976395,1
23,"bart",49.9469383779825,-0.0530616220175162,2.90325628796827,-0.166567632486704,50.1135060104692,44.2566606156752,55.6372161402897,44.4232282481619,55.8037837727764,1,1,0,1,1013.91009616852,1018.23715996742,1
24,"bart",49.2765413717585,-0.723458628241531,2.81976003777355,0.16629667500419,49.1102446967543,43.749913252677,54.8031694908399,43.5836165776728,54.6368728158357,1,1,0,1,1011.54331016541,1016.06906700134,1
25,"bart",47.0743648930897,-2.92563510691029,3.14165096319351,0.195142450154272,46.8792224429354,40.9168421532349,53.2318876329446,40.7216997030806,53.0367451827903,1,1,0,1,989.907572984695,993.975085020065,1
26,"bart",48.5856255167451,-1.41437448325495,3.09973266068159,0.1157288736024,48.4698966431427,42.5102611401066,54.6609898933835,42.3945322665042,54.5452610197811,1,1,0,1,1008.9463789463,1013.02608180046,1
27,"bart",46.9244986063979,-3.07550139360208,3.0814689639078,0.156919346516958,46.767579259881,40.8849304176607,52.9640667951352,40.7280110711437,52.8071474486182,1,1,0,1,978.883036851883,983.087423086166,1
28,"bart",55.459657604401,5.45965760440101,3.19516857306592,0.240643232172182,55.2190143722288,49.1972422766576,61.7220729321444,48.9565990444854,61.4814296999723,1,1,0,1,992.412986040115,996.367495059967,1
29,"bart",54.6509218290091,4.65092182900914,3.08346380648729,1.1506786405948,53.5002431884143,48.6074438206613,60.694399837357,47.4567651800665,59.5437211967622,1,1,0,1,998.441764116287,1002.83018112183,1
30,"bart",45.994648922485,-4.00535107751498,2.54105119315629,0.0293660789323553,45.9652828435527,41.0142801010262,50.9750177439439,40.9849140220938,50.9456516650115,1,1,0,1,993.463227987289,997.583463907242,1
31,"bart",53.970264795703,3.97026479570302,3.12432047985085,0.00985330347930358,53.9604114922237,47.8467091790345,60.0938204123716,47.8368558755552,60.0839671088923,1,1,0,1,990.36133480072,994.817014932632,1
32,"bart",52.7937450688284,2.79374506882844,2.96845105456871,0.502726979601455,52.291018089227,46.9756879120038,58.611802225653,46.4729609324024,58.1090752460516,1,1,0,1,992.509397029877,996.486138105392,1
33,"bart",51.7637766634705,1.76377666347049,3.14420392560485,-0.150913583712487,51.914690247183,45.6012502092355,57.9263031177055,45.752163792948,58.077216701418,1,1,0,1,1009.01682686806,1013.51802182198,1
34,"bart",48.828978767058,-1.17102123294199,3.34040966059509,0.869216047100885,47.9597627199571,42.281896138682,55.376061395434,41.4126800915811,54.5068453483332,1,1,0,1,994.279161930084,998.290139913559,1
35,"bart",52.5100965377054,2.51009653770539,3.09279958197666,-0.751569163644625,53.26166570135,46.4483207456306,58.5718723297802,47.1998899092752,59.3234414934248,1,1,0,1,1001.60877299309,1005.78531622887,1
36,"bart",49.7247297665094,-0.275270233490588,3.52688605945682,-0.124979317513265,49.8497090840227,42.8121601123976,56.6372994206212,42.9371394299109,56.7622787381344,1,1,0,1,989.75066614151,993.717122077942,1
37,"bart",55.7870177802961,5.78701778029607,3.57328517949765,-0.319746433053126,56.1067642133492,48.7835075219899,62.7905280386022,49.103253955043,63.1102744716553,1,1,0,1,995.982219934464,999.928894042969,1
38,"bart",47.6830040334453,-2.31699596655466,2.96899757263765,-0.687538507479481,48.3705425409248,41.8638757208887,53.502132346002,42.5514142283682,54.1896708534815,1,1,0,1,999.241569042206,1003.16752004623,1
39,"bart",51.8579880864452,1.85798808644518,3.15643857774019,0.434601644254791,51.4233864421904,45.6714821546616,58.0444940182288,45.2368805104068,57.609892373974,1,1,0,1,1005.28499221802,1009.1591129303,1
40,"bart",48.5319026645931,-1.46809733540685,2.65528449418011,-0.198494084370836,48.730396748964,43.3276406872925,53.7361646418938,43.5261347716633,53.9346587262647,1,1,0,1,995.166831970215,999.189393043518,1
41,"bart",53.684022469298,3.68402246929796,3.02927722561985,-0.386607585336499,54.0706300546345,47.7467482078956,59.6212967307003,48.1333557932321,60.0079043160368,1,1,0,1,991.689512968063,995.372626066208,1
42,"bart",49.4000649347155,-0.599935065284491,3.06986779019583,-0.0186900996616117,49.4187550343771,43.3832346286321,55.4168952407989,43.4019247282937,55.4355853404605,1,1,0,1,992.679090023041,997.105978965759,1
43,"bart",54.09282394894,4.09282394893997,2.95470011339686,0.158993133798141,53.9338308151418,48.3017181415657,59.8839297563142,48.1427250077676,59.7249366225161,1,1,0,1,1009.25820279121,1013.92492413521,1
44,"bart",54.0551586396988,4.05515863969883,3.48670629655889,-1.29172623550774,55.3468848752066,47.2213398737744,60.8889774056233,48.5130661092821,62.180703641131,1,1,0,1,1005.61415600777,1009.61049699783,1
45,"bart",49.9535962783819,-0.0464037216180984,2.88571017846793,0.44339888679314,49.5101973915888,44.2977082587641,55.6094842979997,43.854309371971,55.1660854112066,1,1,0,1,992.525266885757,996.002276182175,1
46,"bart",48.668506488859,-1.331493511141,3.00113264892283,0.110562645030441,48.5579438438286,42.786394584143,54.550618393575,42.6758319391125,54.4400557485446,1,1,0,1,985.774085998535,989.680949926376,1
47,"bart",45.9326848868515,-4.0673151131485,3.00432926729851,-0.284073599639363,46.2167584864909,40.0443077252468,51.8210620484562,40.3283813248862,52.1051356480956,1,1,0,1,992.570829153061,996.553269147873,1
48,"bart",47.6820586532814,-2.31794134671862,3.2697110127007,0.0341722924631327,47.6478863608182,41.273542828534,54.0905744780287,41.2393705360709,54.0564021855656,1,1,0,1,983.127202987671,986.886490821838,1
49,"bart",56.1482080439286,6.14820804392863,3.16466368778354,-0.592070884951063,56.7402789288797,49.9455811926912,62.3508348951661,50.5376520776422,62.9429057801171,1,0,0,1,966.450773954391,970.215319871902,1
50,"bart",55.1177620030217,5.11776200302174,2.88195357166903,-0.529754308208226,55.64751631123,49.4692367974339,60.7662872086096,49.9989911056421,61.2960415168178,1,1,0,1,982.63650393486,986.314697027206,1
51,"bart",49.8273887958539,-0.172611204146094,3.06685651115538,-0.0259514679727388,49.8533402638266,43.8164604882372,55.8383171034706,43.84241195621,55.8642685714433,1,1,0,1,981.306314945221,985.221729040146,1
52,"bart",51.8872407451065,1.88724074510652,3.24554971291268,-0.341605087546959,52.2288458326535,45.5260801977634,58.2484012924497,45.8676852853103,58.5900063799966,1,1,0,1,990.086579084396,993.68182682991,1
53,"bart",47.5912964463572,-2.40870355364284,3.07696134352614,-0.112312715749908,47.7036091621071,41.560563031224,53.6220298614904,41.6728757469739,53.7343425772403,1,1,0,1,977.390597105026,981.155531167984,1
54,"bart",46.8314565696197,-3.16854343038028,3.04968508253522,-1.0790822364014,47.9105388060211,40.8541836436616,52.8087294955778,41.933265880063,53.8878117319792,1,1,0,1,993.673400878906,997.261963844299,1
55,"bart",46.2430999131395,-3.7569000868605,2.82812239572032,0.0105420024343275,46.2325579107052,40.7000818736565,51.7861179526225,40.6895398712222,51.7755759501881,1,1,0,1,977.594935894012,981.707669973373,1
56,"bart",45.26212576836,-4.73787423163996,2.89395180466955,0.713159612598758,44.5489661557613,39.590084458213,50.9341670785071,38.8769248456143,50.2210074659083,1,1,0,1,1021.30746102333,1026.11369895935,1
57,"bart",55.193432811129,5.193432811129,3.27711820784123,-0.525033837880926,55.7184666490099,48.7703991506797,61.6164664715783,49.2954329885607,62.1415003094592,1,1,0,1,981.53951883316,986.207612037659,1
58,"bart",50.9060210200589,0.906021020058873,2.93983346837627,0.277632511357154,50.6283885087017,45.1440533014959,56.6679887386218,44.8664207901388,56.3903562272647,1,1,0,1,1014.05539798737,1018.34788799286,1
59,"bart",53.2425030404934,3.24250304049339,2.85064107492309,-0.0961246911786446,53.338627731672,47.6553492007936,58.8296568801932,47.7514738919722,58.9257815713718,1,1,0,1,1001.06874895096,1005.38336014748,1
60,"bart",52.5808199989668,2.58081999896681,3.5240835712539,-1.16922841995878,53.7500484189256,45.6737431207999,59.4878968771337,46.8429715407586,60.6571252970925,1,1,0,1,1016.89145207405,1021.26877593994,1
61,"bart",54.466785600116,4.46678560011604,3.08620613744635,0.110254847875765,54.3565307522403,48.4179327218547,60.5156384783773,48.307677873979,60.4053836305016,1,1,0,1,1005.60801005363,1010.35910010338,1
62,"bart",55.0050613242772,5.00506132427718,3.3452786662173,-0.0838177833966611,55.0888791076738,48.4484356202411,61.5616870283133,48.5322534036377,61.6455048117099,1,1,0,1,992.131485939026,996.237325906754,1
63,"bart",51.9730796628326,1.97307966283259,3.19252114821961,-0.862605812031788,52.8356854748644,45.7158531924397,58.2303061332255,46.5784590044715,59.0929119452573,1,1,0,1,1045.8185968399,1050.31669783592,1
64,"bart",49.4200979764462,-0.579902023553828,3.35203002376883,1.38777429319101,48.0323236832552,42.8502398547623,55.98995609813,41.4624655615713,54.602181804939,1,1,0,1,994.843489170074,998.887427091599,1
65,"bart",53.5247034660469,3.52470346604689,3.40102396724174,0.0541688168567873,53.4705346491901,46.8588189796955,60.1905879523982,46.8046501628388,60.1364191355415,1,1,0,1,996.96521282196,1001.59516096115,1
66,"bart",45.8129915190053,-4.18700848099469,3.04914763926159,0.118994536488565,45.6939969825167,39.8367719625073,51.7892110755034,39.7177774260187,51.6702165390148,1,1,0,1,1001.92641878128,1006.5660238266,1
67,"bart",46.9758414568284,-3.02415854317163,2.94666998744884,0.363919703774073,46.6119217530543,41.2004744071036,52.7512085065532,40.8365547033295,52.3872888027791,1,1,0,1,957.715156078339,961.915770053864,1
68,"bart",43.8802057438656,-6.11979425613436,2.98296112554686,0.681579572503729,43.1986261713619,38.0337093705107,49.7267021172205,37.352129798007,49.0451225447168,0,0,1,1,982.859021902084,987.392815828323,0
69,"bart",48.2116441469186,-1.78835585308141,3.02814179485729,-0.0816122558330434,48.2932564027516,42.2765952889178,54.1466930049194,42.3582075447509,54.2283052607524,1,1,0,1,993.421673059464,998.84423494339,1
70,"bart",50.5849074395199,0.584907439519924,2.94349233126985,-0.245424096466365,50.8303315359863,44.8157684814612,56.3540463975787,45.0611925779275,56.599470494045,1,1,0,1,972.669214963913,977.364315032959,1
71,"bart",46.3185359054748,-3.68146409452515,3.14667061221673,0.0608496441410082,46.2576862613338,40.1511748343195,52.4858969766302,40.0903251901784,52.4250473324892,1,1,0,1,964.350214958191,968.416684865952,1
72,"bart",47.1809530057038,-2.81904699429617,3.03825629209157,-0.439294942575259,47.6202479482791,41.2260800974021,53.1358259140055,41.6653750399774,53.5751208565808,1,1,0,1,973.784173965454,978.524468898773,1
73,"bart",49.0224824400418,-0.977517559958208,3.01613521578558,0.296367004679475,48.7261154353623,43.1109660445991,54.9339988354845,42.8145990399196,54.637631830805,1,1,0,1,977.271275997162,981.34464097023,1
74,"bart",46.7362134161322,-3.2637865838678,2.93818328123942,0.0513651129045058,46.6848483032277,40.9774800049252,52.4949468273392,40.9261148920207,52.4435817144347,1,1,0,1,980.514302968979,984.570601940155,1
75,"bart",53.2959975626937,3.29599756269369,3.3536639800375,-0.355579299455918,53.6515768621496,46.7229369455709,59.8690581798164,47.0785162450269,60.2246374792724,1,1,0,1,961.255733013153,965.280158996582,1
76,"bart",50.2456532917148,0.245653291714788,3.15672290586686,-0.880007323688119,51.1256606154029,44.0585900870431,56.4327164963865,44.9385974107312,57.3127238200746,1,1,0,1,982.808058023453,987.399307012558,1
77,"bart",53.3362401871309,3.33624018713086,3.11091804967964,0.187721188907823,53.148518998223,47.2389528509032,59.4335275233585,47.0512316619954,59.2458063344507,1,1,0,1,964.959317922592,969.628027915955,1
78,"bart",52.5640397293902,2.56403972939017,3.20001688232098,-0.317174873274965,52.8812146026651,46.2921218901209,58.8359575686594,46.6092967633959,59.1531324419344,1,1,0,1,971.813736915588,975.292171955109,1
79,"bart",50.8883746458942,0.888374645894153,3.12816009426797,1.03551312097886,49.8528615249153,44.7572935232535,57.0194557685348,43.7217804022747,55.9839426475559,1,1,0,1,987.402837991714,991.050578117371,1
80,"bart",51.343489890109,1.34348989010897,3.0001909553604,-0.0330719810729292,51.3765618711819,45.4632236708598,57.2237561093582,45.4962956519327,57.2568280904311,1,1,0,1,1013.31757616997,1016.92985105515,1
81,"bart",48.3916984253413,-1.60830157465871,3.01378731210396,-0.71762694330571,49.109325368647,42.4847838365537,54.2986130141288,43.2024107798595,55.0162399574345,1,1,0,1,1001.6378660202,1005.16285395622,1
82,"bart",51.5229345775902,1.52293457759019,2.80470574092069,0.226609275059921,51.2963253025303,46.0258123381529,57.0200568170275,45.799203063093,56.7934475419675,1,1,0,1,988.444004058838,991.866415023804,1
83,"bart",46.7495021391104,-3.25049786088963,3.00008516360307,-0.735234802877848,47.4847369419882,40.8694432678954,52.6295610103253,41.6046780707732,53.3647958132032,1,1,0,1,1005.53800106049,1009.17660999298,1
84,"bart",52.7964003787434,2.79640037874341,3.0611409677519,-0.75048562481193,53.5468860035553,46.7966743303496,58.7961264271372,47.5471599551615,59.5466120519491,1,1,0,1,998.182012796402,1001.77698993683,1
85,"bart",54.5124370682705,4.51243706827047,3.04216943589802,-0.547320669764872,55.0597577380353,48.5498945390418,60.4749795974991,49.0972152088067,61.022300267264,1,1,0,1,1030.39150190353,1034.33190202713,1
86,"bart",42.8360028974665,-7.16399710253346,3.12883278758138,0.0332229159899313,42.8027799814766,36.703603320159,48.9684024747741,36.670380404169,48.9351795587842,0,0,1,1,979.889589071274,983.536457061768,0
87,"bart",55.5822265948869,5.58222659488685,3.27096095210357,1.01002298310576,54.5722036117811,49.171260933927,61.9931922558467,48.1612379508213,60.983169272741,1,1,0,1,1004.06676292419,1008.00984811783,1
88,"bart",47.5577018581445,-2.44229814185549,2.65090143127419,0.430956835855618,47.1267450222889,42.3620305262814,52.7533731900076,41.9310736904258,52.322416354152,1,1,0,1,1013.60156702995,1017.2057929039,1
89,"bart",56.6980168990539,6.69801689905393,2.96927099449886,-0.409791853999863,57.1078087530538,50.8783526894967,62.5176811086111,51.2881445434966,62.927472962611,0,0,1,1,973.638396978378,977.526154994965,0
90,"bart",49.6394228217108,-0.360577178289248,3.07986032259894,-0.530571239781587,50.1699940614923,43.6030075120029,55.6758381314186,44.1335787517845,56.2064093712002,1,1,0,1,1014.05372405052,1017.95018601418,1
91,"bart",53.3805088070197,3.38050880701972,3.18475627327957,-1.32183842257734,54.702347229597,47.1385012118538,59.6225164021857,48.4603396344311,60.944354824763,1,1,0,1,996.687176942825,1000.68537402153,1
92,"bart",46.9606334466046,-3.0393665533954,2.81239315026767,-0.212061169393984,47.1726946159986,41.4484441617128,52.4728227314964,41.6605053311068,52.6848839008904,1,1,0,1,998.58090877533,1002.61869692802,1
93,"bart",51.8832350244136,1.88323502441363,3.32672630563313,-1.00531989285087,52.8885549172645,45.3629712789507,58.4034987698765,46.3682911718016,59.4088186627274,1,1,0,1,1000.90211582184,1004.69952297211,1
94,"bart",55.6345442085229,5.63454420852294,3.13149425529608,0.745593922942582,54.8889502855804,49.4969282503485,61.7721601666973,48.751334327406,61.0265662437548,1,1,0,1,998.966668128967,1003.20209908485,1
95,"bart",48.7065556329954,-1.29344436700455,3.22280712024708,1.48621551559534,47.2203401174001,42.3899697481919,55.023141517799,40.9037542325966,53.5369260022036,1,1,0,1,997.793169975281,1001.67641210556,1
96,"bart",52.4231557688766,2.4231557688766,2.90004080489784,-0.14463412154295,52.5677898904195,46.7391802375803,58.1071313001729,46.8838143591232,58.2517654217159,1,1,0,1,1006.16822099686,1010.5914041996,1
97,"bart",49.723948060876,-0.276051939123995,3.03015486737179,0.347920836904073,49.3760272239719,43.7849536532486,55.6629424685035,43.4370328163445,55.3150216315994,1,1,0,1,986.134076833725,989.853472948074,1
98,"bart",53.6171989690751,3.6171989690751,3.49945342509655,0.321782350144062,53.295416618931,46.7583962903105,60.4760016478397,46.4366139401665,60.1542192976956,1,1,0,1,1006.00386595726,1010.16660690308,1
99,"bart",51.3051809694469,1.30518096944685,3.06153738102372,0.0503442987083105,51.2548366707385,45.3046779653173,57.3056839735764,45.254333666609,57.2553396748681,1,1,0,1,999.764472007751,1003.80482602119,1
100,"bart",44.7369067510639,-5.26309324893606,3.12491837665161,0.931125440460981,43.805781310603,38.6121792781994,50.8616342239285,37.6810538377384,49.9305087834675,1,0,0,1,1003.83462691307,1007.89359307289,1
101,"bart",49.083129829016,-0.916870170984026,3.17587879992662,-0.569601955819259,49.6527317848352,42.8585217618955,55.3077378961364,43.4281237177148,55.8773398519557,1,1,0,1,1011.73924899101,1015.66490197182,1
102,"bart",47.5278885146912,-2.47211148530883,2.67429783630712,0.260110199267046,47.2677783154241,42.2863610715958,52.7694159577865,42.0262508723288,52.5093057585195,1,1,0,1,975.754540920258,979.873625993729,1
103,"bart",51.4424619379806,1.44246193798055,3.42942089091317,-0.861913281780737,52.3043752197613,44.7209205039615,58.1640033719996,45.5828337857422,59.0259166537804,1,1,0,1,991.951908826828,996.305238962173,1
104,"bart",51.2059115423901,1.20591154239013,3.06096671783293,-0.496651986505597,51.7025635288957,45.2065270175618,57.2052960672184,45.7031790040674,57.701948053724,1,1,0,1,974.748631954193,978.663501024246,1
105,"bart",51.3133687873083,1.31336878730833,2.84350631118689,0.0547511837209171,51.2586176035874,45.7401988275697,56.886538747047,45.6854476438488,56.8317875633261,1,1,0,1,981.610593080521,985.64298582077,1
106,"bart",50.6342093107947,0.634209310794738,2.90810361307481,-0.667573629778701,51.3017829405734,44.9344309658573,56.3339876557322,45.602004595636,57.0015612855109,1,1,0,1,991.355914831161,995.057380914688,1
107,"bart",46.5341346325083,-3.46586536749167,3.22763825570637,0.389870619733351,46.144264012775,40.2080798962002,52.8601893688165,39.8182092764668,52.4703187490831,1,1,0,1,999.267464876175,1003.16780591011,1
108,"bart",52.5712490254808,2.57124902548083,2.92307922990676,0.0788658257219339,52.4923831997589,46.8421190109065,58.3003790400552,46.7632531851846,58.2215132143332,1,1,0,1,988.944216012955,992.649347066879,1
109,"bart",47.7928319433178,-2.20716805668219,2.90492033053267,-0.0278733809091705,47.820705324227,42.0992927175156,53.48637116912,42.1271660984248,53.5142445500292,1,1,0,1,980.171324968338,984.083285093307,1
110,"bart",47.971025656148,-2.028974343852,2.92332642716815,-0.77893860287503,48.749964259023,42.2414111438443,53.7006401684517,43.0203497467193,54.4795787713268,1,1,0,1,986.390555143356,990.549740076065,1
111,"bart",48.4355892449498,-1.56441075505021,3.01884257928971,-0.437918401198651,48.8735076461484,42.518766514546,54.3524119753536,42.9566849157446,54.7903303765523,1,1,0,1,1001.1547999382,1005.03774118423,1
112,"bart",48.2422084804601,-1.75779151953989,2.99610093615791,1.08005113458093,47.1621573458792,42.3699585515439,54.1144584093764,41.289907416963,53.0344072747954,1,1,0,1,1041.13260984421,1044.76731801033,1
113,"bart",50.7558374590652,0.755837459065155,3.21813401519922,-0.176125284767082,50.9319627438322,44.4484106918514,57.0632642262789,44.6245359766185,57.239389511046,1,1,0,1,1031.34435296059,1035.12987303734,1
114,"bart",54.1100681217788,4.1100681217788,3.07566520098297,0.292625335671943,53.8174427861069,48.081875099349,60.1382611442086,47.7892497636771,59.8456358085366,1,1,0,1,1019.51252603531,1023.32210206985,1
115,"bart",50.9563555068159,0.956355506815918,3.07704610917667,0.599598410286212,50.3567570965297,44.9254559540606,56.9872550595713,44.3258575437743,56.3876566492851,1,1,0,1,1013.01812601089,1016.84626102448,1
116,"bart",54.2237900492378,4.22379004923778,3.24823471060418,0.362882979647885,53.8609070695899,47.8573670031207,60.5902130953549,47.4944840234728,60.227330115707,1,1,0,1,1031.79280900955,1035.54757499695,1
117,"bart",42.0328986304136,-7.96710136958636,3.06404647532549,-0.468176665892202,42.5010752963058,36.0274778918188,48.0383193690085,36.495654557711,48.5064960349007,0,0,1,1,1030.5177822113,1034.29891586304,0
118,"bart",45.596772030279,-4.40322796972099,3.15576104836645,-0.436728666344401,46.0335006966234,39.4115940316664,51.7819500288916,39.8483226980108,52.218678695236,1,1,0,1,1038.05181789398,1041.63057684898,1
119,"bart",56.2238042870356,6.22380428703557,3.25517676963163,-0.489455188799823,56.7132594758354,49.8437750552461,62.603833518825,50.333230244046,63.0932887076248,1,0,0,1,1003.57936906815,1007.37838506699,1
120,"bart",52.8913890249093,2.89138902490926,3.15891609599458,0.599755693645868,52.2916333312634,46.700027246576,59.0827508032425,46.1002715529301,58.4829951095966,1,1,0,1,1038.65051198006,1042.49902486801,1
121,"bart",51.6025571277766,1.60255712777663,2.98039189831158,-1.189163414086,52.7917205418626,45.761096347271,57.4440179082823,46.950259761357,58.6331813223683,1,1,0,1,1049.46921086311,1053.06219005585,1
122,"bart",50.594879990471,0.594879990470986,3.35452142586139,0.863727712407488,49.7311522780635,44.0201388104147,57.1696211705273,43.1564110980072,56.3058934581198,1,1,0,1,1041.83869791031,1046.27319598198,1
123,"bart",50.1320947010934,0.132094701093429,2.99066233721713,-0.238284692583704,50.3703793936771,44.2705042302275,55.9936851719594,44.5087889228112,56.2319698645431,1,1,0,1,1041.92069792747,1046.16281414032,1
124,"bart",47.7448775051182,-2.25512249488177,2.79351872635033,-0.582530159500514,48.3274076646187,42.2696814113334,53.2200735989031,42.8522115708339,53.8026037584036,1,1,0,1,1075.57326197624,1079.89522910118,1
125,"bart",54.3037927848101,4.3037927848101,3.02173353444148,0.951798447588068,53.351994337222,48.3813038864279,60.2262816831923,47.4295054388398,59.2744832356043,1,1,0,1,1048.62888407707,1053.24349784851,1
126,"bart",50.2664701443543,0.266470144354294,3.12092057959424,0.730180226736181,49.5362899176181,44.1495782097397,56.3833620789689,43.4193979830035,55.6531818522327,1,1,0,1,1036.13088083267,1040.03819394112,1
127,"bart",45.8189259064068,-4.18107409359319,3.01811022420018,1.26634757404406,44.5525783323627,39.9035385656023,51.7343132472113,38.6371909915583,50.4679656731672,1,1,0,1,1044.90898609161,1049.04149699211,1
128,"bart",48.7188786665614,-1.28112133343861,3.21001858463305,0.385584948731278,48.3332937178301,42.4273578509764,55.0103994821464,42.0417729022451,54.6248145334151,1,1,0,1,1067.24808692932,1072.31087398529,1
129,"bart",48.8734872625163,-1.12651273748374,3.07978676258083,-0.0571739421606026,48.9306612046769,42.8372161277946,54.9097583972379,42.8943900699552,54.9669323393985,1,1,0,1,1028.42785811424,1032.63172197342,1
130,"bart",54.4518577541699,4.45185775416992,3.24065891863214,-0.725155027446498,55.1770127816164,48.1002829874724,60.8034325208674,48.8254380149189,61.5285875483139,1,1,0,1,1045.26495099068,1049.28815102577,1
131,"bart",51.8186257447028,1.81862574470275,3.36521692932135,0.170072600718029,51.6485531439847,45.2229217630684,58.4143297263371,45.0528491623504,58.244257125619,1,1,0,1,1053.99660181999,1058.55382800102,1
132,"bart",50.4609079706947,0.460907970694706,3.37217922120841,-0.380687911765882,50.8415958824606,43.8515581477119,57.0702577936775,44.2322460594778,57.4509457054434,1,1,0,1,1046.83197999001,1051.46677994728,1
133,"bart",49.494735550933,-0.505264449067006,2.99267495863718,1.21085525052517,48.2838803004078,43.6292004145692,55.3602706872968,42.4183451640441,54.1494154367716,1,1,0,1,1057.82643914223,1061.81768417358,1
134,"bart",47.4944408731719,-2.5055591268281,3.04822183181406,0.0569447099702387,47.4374961632017,41.5200358659276,53.4688458804162,41.4630911559574,53.4119011704459,1,1,0,1,1124.55888795853,1128.77217793465,1
135,"bart",50.2960688533669,0.29606885336694,3.13385805070048,-0.083504305457943,50.3795731588249,44.1538199413331,56.4383177654008,44.2373242467911,56.5218220708587,1,1,0,1,1080.65023183823,1084.53994297981,1
136,"bart",52.7144200695268,2.71442006952677,3.45770224842963,0.427948124823814,52.286471944703,45.9374481933415,59.491391945712,45.5095000685177,59.0634438208882,1,1,0,1,1071.71630597115,1075.87883901596,1
137,"bart",47.6528593936972,-2.34714060630281,3.07417102677046,-0.110062105231385,47.7629214989286,41.6275948989106,53.6781238884838,41.737657004142,53.7881859937152,1,1,0,1,1053.79864811897,1057.42432713509,1
138,"bart",51.1197387226708,1.11973872267076,3.29665102906198,0.428933223816138,50.6908054988546,44.6584214361124,57.5810560092292,44.2294882122962,57.152122785413,1,1,0,1,1060.16648101807,1064.46956181526,1
139,"bart",49.8116793854106,-0.188320614589379,3.12455794470084,-0.245624095967031,50.0573034813777,43.6876583461885,55.9357004246328,43.9332824421555,56.1813245205998,1,1,0,1,1086.58917808533,1090.89553999901,1
140,"bart",45.6365000423342,-4.36349995766577,2.9113388080583,-0.724046665058445,46.3605467073927,39.9303808317462,51.3426192529223,40.6544274968046,52.0666659179807,1,1,0,1,1108.56290507317,1112.64474010468,1
141,"bart",49.1408682255884,-0.859131774411615,3.19021028384074,-0.170818771494623,49.311686997083,42.8881709661512,55.3935654850255,43.0589897376459,55.5643842565202,1,1,0,1,1058.61097407341,1062.65322899818,1
142,"bart",48.0107440438401,-1.98925595615988,3.16954817094189,0.334274202337717,47.6764698415024,41.7985437815292,54.222944306151,41.4642695791915,53.8886701038133,1,1,0,1,1102.01775288582,1106.08863997459,1
143,"bart",47.6956679285581,-2.30433207144189,3.18270661391793,0.695055767057703,47.0006121615004,41.4576775919215,53.9336582651947,40.7626218248638,53.238602498137,1,1,0,1,1080.45257592201,1084.68196797371,1
144,"bart",52.7457108053068,2.7457108053068,3.04750369276446,-0.485085144953025,53.2307959502598,46.7727133247356,58.718708285878,47.2577984696887,59.203793430831,1,1,0,1,1110.44238090515,1113.42612290382,1
145,"bart",56.6111129509943,6.61111295099429,3.25370189975194,1.35837433099744,55.2527386199969,50.2339744110509,62.9882514909376,48.8756000800535,61.6298771599402,0,1,1,1,1132.91490292549,1135.88678216934,0
146,"bart",54.3763278469462,4.37632784694621,3.15163051419879,-0.343329598043795,54.71965744499,48.1992455465391,60.5534101473533,48.5425751445829,60.8967397453971,1,1,0,1,1129.2490029335,1132.13211488724,1
147,"bart",44.699551383374,-5.30044861662601,3.12331751415306,0.279618767958837,44.4199326154152,38.5779615433508,50.8211412233972,38.298342775392,50.5415224554383,1,1,0,1,1129.70532512665,1132.67685389519,1
148,"bart",55.4028141802748,5.40281418027483,3.38350963190978,0.172084461400246,55.2307297188746,48.7712571603873,62.0343712001624,48.599172698987,61.8622867387621,1,1,0,1,1133.26603317261,1136.2823278904,1
149,"bart",48.2862196328853,-1.71378036711474,3.22198639580797,0.490418030369206,47.7958016025161,41.9712423384236,54.6011969273469,41.4808243080544,54.1107788969777,1,1,0,1,1130.4533200264,1133.49909496307,1
150,"bart",52.0205327206912,2.02053272069116,3.36693997088806,-0.194257164271328,52.2147898849625,45.4214516396422,58.6196138017401,45.6157088039135,58.8138709660114,1,1,0,1,1107.6036529541,1110.54906415939,1
151,"bart",49.1416403514103,-0.858359648589705,2.93599991561531,-0.233716553024301,49.3753569044346,43.3871862581916,54.896094444629,43.6209028112159,55.1298109976533,1,1,0,1,1129.70108699799,1132.73142504692,1
152,"bart",50.3315126942844,0.331512694284356,2.98893914814209,-0.726112874169765,51.0576255684541,44.473299611944,56.1897257766247,45.1994124861138,56.9158386507945,1,1,0,1,1106.04665803909,1108.94825601578,1
153,"bart",53.8917879853944,3.8917879853944,3.18800007283161,-0.591776672790026,54.4835646581844,47.6434226599334,60.1401533108554,48.2351993327234,60.7319299836454,1,1,0,1,1134.29703879356,1137.263890028,1
154,"bart",48.4092868033861,-1.59071319661388,2.90465723763551,-0.30537674029042,48.7146635436765,42.7162632301869,54.1023103765853,43.0216399704773,54.4076871168757,1,1,0,1,1107.43349695206,1110.50681400299,1
155,"bart",49.8828916696622,-0.117108330337835,2.88030533734329,0.0192344544638132,49.8636572151984,44.2375969439908,55.5281863953335,44.218362489527,55.5089519408697,1,1,0,1,1226.6759750843,1230.88355898857,1
156,"bart",56.4358032205046,6.43580322050461,3.21283060935656,-0.788278820299112,57.2240820408037,50.1387709377379,62.7328355032713,50.927049758037,63.5211143235705,0,0,1,1,1216.83947706223,1222.39364409447,1
157,"bart",50.0116655158215,0.011665515821548,3.11208430335598,-0.486556677285932,50.4982221931075,43.9120923643914,56.1112386672517,44.3986490416773,56.5977953445376,1,1,0,1,1209.60784888268,1215.5380320549,1
158,"bart",47.2911338131111,-2.70886618688886,2.8277843457549,-0.769373892336041,48.0605077054472,41.7487783393854,52.8334892868369,42.5181522317214,53.6028631791729,1,1,0,1,1183.82274699211,1190.18470311165,1
159,"bart",47.4038315716421,-2.59616842835786,3.05882261276205,-1.22051960467131,48.6243511763134,41.4086494155318,53.3990137277525,42.6291690202031,54.6195333324238,1,1,0,1,1212.38550806046,1217.1921339035,1
160,"bart",44.6938364451496,-5.30616355485038,2.78626768454707,0.751544538228103,43.9422919069215,39.2328521321496,50.1548207581497,38.4813075939214,49.4032762199216,1,0,0,1,1217.34185600281,1223.63080596924,1
161,"bart",53.3507873768324,3.35078737683239,3.5488620820882,-0.190026404559234,53.5408137813916,46.3951455098397,60.3064292438251,46.5851719143989,60.4964556483843,1,1,0,1,1209.10010814667,1213.20846104622,1
162,"bart",50.7342049703489,0.734204970348863,3.42166859600964,0.0698639148729754,50.6643410554759,44.0278577551382,57.4405521855595,43.9579938402653,57.3706882706865,1,1,0,1,1202.17153000832,1207.20492601395,1
163,"bart",49.9255140835598,-0.0744859164402172,3.14298559163096,0.6229398439663,49.3025742395935,43.7653755200348,56.0856526470848,43.1424356760685,55.4627128031185,1,1,0,1,1214.53882312775,1218.7115240097,1
164,"bart",57.2931320075343,7.29313200753435,3.33079450852121,-1.02059533187504,58.3137273394094,50.764894730929,63.8213692841397,51.785490062804,64.8419646160147,0,0,1,1,1219.52646994591,1224.53640198708,0
165,"bart",60.5186446475218,10.5186446475218,3.42826341471855,-0.78191838462601,61.3005630321478,53.7993718251571,67.2379174698865,54.5812902097832,68.0198358545125,0,0,1,1,1212.80985283852,1218.06907200813,0
166,"bart",47.9369970753033,-2.06300292469671,2.88784667406921,-0.439070638351978,48.3760677136553,42.2769216012538,53.5970725493527,42.7159922396058,54.0361431877047,1,1,0,1,1268.56438708305,1272.62699007988,1
167,"bart",42.1994036344443,-7.80059636555573,3.01672263076796,0.0673201622784418,42.1320834721658,36.2867359267921,48.1120713420964,36.2194157645137,48.044751179818,0,0,1,1,1289.9636490345,1294.23890900612,0
168,"bart",49.0260935346769,-0.973906465323097,3.06625156223074,0.29488506052283,48.7312084741541,43.016350905165,55.0358361641888,42.7214658446422,54.740951103666,1,1,0,1,1284.16637206078,1288.1911649704,1
169,"bart",52.8691159150092,2.86911591500923,3.41820482459478,-0.186122022059806,53.055237937069,46.1695575670224,59.568674262996,46.3556795890822,59.7547962850559,1,1,0,1,1254.79693317413,1258.74729704857,1
170,"bart",43.0937869910389,-6.90621300896111,2.79496116259032,-0.330157344996103,43.423944336035,37.6157637741737,48.5718102079041,37.9459211191698,48.9019675529002,0,0,1,1,1301.56091189384,1305.76780104637,0
171,"bart",51.4207879079895,1.42078790798949,3.16922677392721,-0.150371564549111,51.5711594725386,45.2092175722521,57.6323582437269,45.3595891368012,57.782729808276,1,1,0,1,1291.36165809631,1295.46007490158,1
172,"bart",52.8444477363179,2.84444773631793,2.95711902042842,0.0132641426420932,52.8311835936758,47.0486009582799,58.640294514356,47.0353368156378,58.6270303717139,1,1,0,1,1278.83768296242,1282.93065595627,1
173,"bart",55.3770834996064,5.37708349960639,2.88686936929039,-0.299112409839793,55.6761959094462,49.7189235077254,61.0352434914874,50.0180359175652,61.3343559013272,1,0,0,1,1299.5630440712,1303.96161317825,1
174,"bart",46.1503848078885,-3.84961519211155,2.82293594528624,0.711490628688992,45.4388941791995,40.6175320244639,51.683237591313,39.9060413957749,50.971746962624,1,1,0,1,1312.73594808578,1316.63311886787,1
175,"bart",49.7095277704976,-0.290472229502413,3.29159470695495,0.505743569422847,49.2037842010747,43.2581206931632,56.160934847832,42.7523771237404,55.6551912784091,1,1,0,1,1295.94263505936,1299.94305109978,1
176,"bart",54.4254317939439,4.4254317939439,3.14796879591358,-0.705430737578368,55.1308625315223,48.2555263294974,60.5953372583904,48.9609570670757,61.3007679959688,1,1,0,1,1280.68274188042,1286.26188611984,1
177,"bart",52.7966558093595,2.79665580935951,3.16251280164233,-1.07048879946294,53.8671446088225,46.5982446174937,58.9950670012253,47.6687334169566,60.0655558006883,1,1,0,1,1129.05612301826,1133.00180315971,1
178,"bart",52.226454864937,2.22645486493703,3.23608974637367,-0.225011795325692,52.4514666602627,45.8838355113053,58.5690742185688,46.108847306631,58.7940860138945,1,1,0,1,1171.43537402153,1175.54711723328,1
179,"bart",58.4689819435542,8.46898194355416,3.13566739603231,-1.2414887993409,59.7104707428951,52.3231867798343,64.614777107274,53.5646755791752,65.8562659066149,0,0,1,1,1166.48576617241,1170.75179696083,0
180,"bart",46.2180053787423,-3.78199462125773,2.81952806996182,-0.721593474843957,46.9395988535862,40.6918319082174,51.7441788492672,41.4134253830613,52.4657723241111,1,1,0,1,1174.86032295227,1179.77792310715,1
181,"bart",45.8116211915489,-4.18837880845113,2.82510086581192,0.0864632446908971,45.725157946858,40.2745252418646,51.3487171412332,40.1880619971737,51.2622538965423,1,1,0,1,1175.52126193047,1180.60852813721,1
182,"bart",49.3167370784773,-0.683262921522747,3.55626580638478,0.259627761171416,49.0571093173058,42.3465841785118,56.2868899784427,42.0869564173404,56.0272622172713,1,1,0,1,1173.57339000702,1177.82337999344,1
183,"bart",45.4330850269585,-4.56691497304147,3.16199910359667,0.0868513728014761,45.3462336541571,39.2356806647611,51.630489389156,39.1488292919596,51.5436380163545,1,1,0,1,1152.22680401802,1157.12882304192,1
184,"bart",49.1134907184302,-0.886509281569801,3.00652476290131,-0.392192338769178,49.5056830571994,43.2208104645158,55.0061709723446,43.613002803285,55.3983633111138,1,1,0,1,1175.33371114731,1180.4433028698,1
185,"bart",50.1422049484348,0.142204948434824,3.07252492409893,-0.0423547993154259,50.1845597477502,44.1201667555993,56.1642431412704,44.1625215549147,56.2065979405858,1,1,0,1,1193.98709487915,1199.13803505898,1
186,"bart",50.0105365923275,0.0105365923274618,3.23602865347033,0.117312966454996,49.8932236258725,43.668036978586,56.353036206069,43.550724012131,56.235723239614,1,1,0,1,1179.21726202965,1183.49724006653,1
187,"bart",55.1499869836558,5.14998698365581,3.01543306357805,-1.30061597663668,56.4506029602925,49.2398467812515,61.0601271860601,50.5404627578882,62.3607431626967,1,0,0,1,1180.20592212677,1185.4422390461,1
188,"bart",51.6075863189013,1.60758631890127,3.19282762074145,-0.826824388049495,52.4344107069508,45.3497591734033,57.8654134643992,46.1765835614528,58.6922378524487,1,1,0,1,1113.84389781952,1118.44592499733,1
189,"bart",49.484116940025,-0.515883059974996,3.28034158570543,0.153901907857666,49.3302150321673,43.0547655750534,55.9134683049967,42.9008636671957,55.759566397139,1,1,0,1,1131.2489798069,1136.62507605553,1
190,"bart",45.5928808496892,-4.40711915031083,3.07890861475157,0.0769417285690324,45.5159391211201,39.558330853086,51.6274308462924,39.4813891245169,51.5504891177233,1,1,0,1,1109.29145383835,1115.09345293045,1
191,"bart",47.9057436741083,-2.09425632589169,3.15106572278028,-0.0284679937949193,47.9342116679032,41.7297683445403,54.0817190036763,41.7582363383352,54.1101869974713,1,1,0,1,1103.01476407051,1106.94259905815,1
192,"bart",50.7934444198903,0.793444419890264,2.98172349232499,0.259452560325798,50.5339918595645,44.9493737630763,56.6375150767042,44.6899212027505,56.3780625163784,1,1,0,1,1101.40345311165,1106.16894006729,1
193,"bart",48.8262071212998,-1.17379287870018,2.92773342828446,0.631061223073367,48.1951458982264,43.0879550455283,54.5644591970713,42.4568938224549,53.933397973998,1,1,0,1,1118.99025511742,1124.24553585052,1
194,"bart",47.1558015953586,-2.84419840464136,2.86635227796363,-0.864430775286451,48.0202323706451,41.5378543635456,52.7737488271717,42.402285138832,53.6381796024581,1,1,0,1,1105.1608850956,1108.99811315536,1
195,"bart",47.1135743509185,-2.88642564908146,2.96482210875786,0.334060503896922,46.7795138470216,41.302629797185,52.924518904652,40.9685692932881,52.5904584007551,1,1,0,1,1140.87533187866,1144.8780040741,1
196,"bart",51.1975654772343,1.19756547723426,2.85345097268578,-0.335873472458829,51.5334389496931,45.6049043391193,56.7902266153492,45.9407778115782,57.126100087808,1,1,0,1,1135.33533596992,1139.53739500046,1
197,"bart",50.9169118390101,0.916911839010105,3.28759568082298,1.10121741525789,49.8156944237522,44.4733427088676,57.3604809691526,43.3721252936097,56.2592635538947,1,1,0,1,1132.18170309067,1136.89582800865,1
198,"bart",50.4370539192163,0.437053919216297,2.99137888392329,-0.792522975426778,51.2295768946431,44.574059042613,56.3000487958196,45.3665820180398,57.0925717712464,1,1,0,1,1117.10262513161,1123.3677520752,1
199,"bart",59.9970269758064,9.99702697580644,3.19802562354827,-0.181343134512645,60.1783701103191,53.7290119320156,66.2650420195973,53.9103550665282,66.44638515411,0,0,1,1,1157.64821720123,1161.13448214531,0
200,"bart",50.3156070653113,0.315607065311291,3.20259637659352,-0.343021020858195,50.6586280861695,44.0386335101695,56.5925806204531,44.3816545310277,56.9356016413113,1,1,0,1,1181.24566483498,1185.04306006432,1
201,"bart",53.7858776745266,3.78587767452662,2.95099373119104,0.601335988734718,53.1845416857919,48.0020362427887,59.5697191062645,47.400700254054,58.9683831175298,1,1,0,1,1199.17162299156,1204.87274694443,1
202,"bart",52.8149457882922,2.81494578829219,3.26195081048442,0.367899074092918,52.4470467141993,46.4216396804015,59.2082518961829,46.0537406063086,58.84035282209,1,1,0,1,1170.404556036,1174.39173793793,1
203,"bart",47.1369077145219,-2.86309228547808,2.93326080650582,0.604980787603274,46.5319269269186,41.3878221765076,52.8859932525362,40.7828413889043,52.281012464933,1,1,0,1,1172.57431006432,1176.97574520111,1
204,"bart",46.6605140152317,-3.3394859847683,2.92967138533137,0.907051984050341,45.7534620311814,40.9184636134447,52.4025644170188,40.0114116293943,51.4955124329684,1,1,0,1,1170.20694303513,1174.28914284706,1
205,"bart",50.2708704507278,0.270870450727813,3.22511971615579,-0.399521229396335,50.6703916801241,43.9497519612324,56.5919889402232,44.3492731906288,56.9915101696195,1,1,0,1,1179.30980920792,1182.89651799202,1
206,"bart",46.3887743150046,-3.6112256849954,3.08386303132715,-0.648700460554764,47.0374747755594,40.3445138403489,52.4330347896603,40.9932143009036,53.0817352502151,1,1,0,1,1184.03892588615,1188.26823997498,1
207,"bart",51.6798251035301,1.67982510353013,3.51136678268209,-0.60519785833398,52.2850229618641,44.7976726729629,58.5619775340973,45.4028705312969,59.1671753924313,1,1,0,1,1186.96774697304,1191.17784118652,1
208,"bart",44.346564402833,-5.65343559716698,2.89304461120465,0.548018832836959,43.7985455699961,38.6763011592042,50.0168276464618,38.1282823263673,49.4688088136248,1,0,0,1,1190.24339699745,1194.54955601692,0
209,"bart",52.8560342616284,2.85603426162842,3.1620136668562,-0.451068525220684,53.3071027868491,46.6586013559668,59.05346716729,47.1096698811875,59.5045356925107,1,1,0,1,1189.86704397202,1194.62954998016,1
210,"bart",49.1016538325567,-0.898346167443272,2.93345291004908,0.23813460904627,48.8635192235105,43.3521917785163,54.8511158865971,43.11405716947,54.6129812775509,1,1,0,1,1131.00726294518,1135.52985095978,1
211,"bart",47.7634781924231,-2.23652180757688,3.21778740658995,0.821682238024998,46.9417959543981,41.4567307656003,54.070225619246,40.6350485275753,53.248543381221,1,1,0,1,1168.60805678368,1173.23155999184,1
212,"bart",52.2737686208361,2.27376862083609,3.18208923845305,0.339074295432233,51.9346943254039,46.0369883178756,58.5105489237966,45.6979140224434,58.1714746283643,1,1,0,1,1151.50283908844,1155.38143491745,1
213,"bart",52.3280755593251,2.32807555932513,3.19038332200106,0.0815052702638326,52.2465702890613,46.0750391513258,58.5811119673245,45.993533881062,58.4996066970606,1,1,0,1,1148.73613882065,1153.12632703781,1
214,"bart",53.0173783130352,3.01737831303524,2.97968907562138,-0.940875820005623,53.9582541330409,47.1772950396899,58.8574615863806,48.1181708596955,59.7983374063862,1,1,0,1,1150.02882599831,1153.78841590881,1
215,"bart",43.644001721051,-6.355998278949,2.70346439445718,-0.386466516744086,44.0304682377951,38.3453088744285,48.9426945676735,38.7317753911726,49.3291610844175,0,0,1,1,1134.41570591927,1138.52134585381,0
216,"bart",44.2835940082078,-5.71640599179216,2.87903067060163,1.09971788023929,43.1838761279685,38.6407975834424,49.9263904329732,37.5410797032032,48.8266725527339,0,0,1,1,1151.14332985878,1155.57158613205,0
217,"bart",52.6873726817319,2.68737268173185,3.11529267226047,-0.461713806631678,53.1490864883635,46.5815112427998,58.7932341206639,47.0432250494315,59.2549479272956,1,1,0,1,1170.58972406387,1175.87075710297,1
218,"bart",46.3725255036814,-3.62747449631863,2.98513203147334,0.479347549579629,45.8931779541017,40.5217742328967,52.223276774466,40.0424266833171,51.7439292248864,1,1,0,1,1166.64312291145,1171.3732380867,1
219,"bart",51.5230242667023,1.52302426670228,3.00003940575486,-0.561605342570857,52.0846296092731,45.6430550792218,57.4029934541828,46.2046604217927,57.9645987967536,1,1,0,1,1141.64988207817,1145.7355761528,1
220,"bart",50.5820860225796,0.582086022579603,3.13653477996408,-0.132956312579665,50.7150423351593,44.4345908175927,56.7295812275665,44.5675471301724,56.8625375401461,1,1,0,1,1148.31491303444,1152.69081687927,1
221,"bart",47.0201764841883,-2.97982351581166,2.87143615704585,-0.542456920711118,47.5626334048995,41.3922650324724,52.6480879359043,41.9347219531835,53.1905448566154,1,1,0,1,1121.26959991455,1126.04732012749,1
222,"bart",45.675477464929,-4.32452253507097,2.68980120638067,0.00608380709243761,45.6693936578366,40.4035639748505,50.9473909550075,40.3974801677581,50.9413071479151,1,1,0,1,1132.3541560173,1137.85720610619,1
223,"bart",50.6993714736809,0.69937147368087,3.14762529386447,0.743001797541027,49.9563696761398,44.5301392608792,56.8686036864825,43.7871374633382,56.1256018889415,1,1,0,1,1121.41531014442,1126.42621088028,1
224,"bart",52.1248800888522,2.12488008885219,3.31971490268959,-1.33533229257731,53.4602123814295,45.6183584406397,58.6314017370647,46.953690733217,59.966734029642,1,1,0,1,1135.26919388771,1139.82879710197,1
225,"bart",53.542332705468,3.54233270546798,3.33665681765668,0.830837269490686,52.7114954359773,47.0026055140909,60.0820598968451,46.1717682446002,59.2512226273544,1,1,0,1,1145.27789402008,1150.19167399406,1
226,"bart",49.0080311979975,-0.991968802002475,2.84129898752668,-0.492123028970603,49.5001542269681,43.4391875131351,54.5768748828599,43.9313105421057,55.0689979118305,1,1,0,1,1114.1167538166,1118.47990489006,1
227,"bart",49.6055710135706,-0.394428986429418,2.85800059866015,-0.077553745494825,49.6831247590654,44.0039927724028,55.2071492547384,44.0815465178976,55.2847030002332,1,1,0,1,1148.08680796623,1153.31365299225,1
228,"bart",45.7037361271963,-4.2962638728037,2.81497499680022,-0.125588901938791,45.8293250291351,40.1864865160871,51.2209857383055,40.3120754180259,51.3465746402443,1,1,0,1,1133.71722102165,1138.85637497902,1
229,"bart",55.6978697930112,5.69786979301122,3.15202683761374,-0.171090594106687,55.8689603871179,49.5200107129846,61.8757288730378,49.6911013070913,62.0468194671445,1,1,0,1,1142.00423288345,1147.28354501724,1
230,"bart",53.4073814221621,3.40738142216206,3.2878375952581,0.890700285411093,52.516681136751,46.9633381484394,59.8514246958847,46.0726378630283,58.9607244104736,1,1,0,1,1097.87520003319,1102.71243190765,1
231,"bart",45.4497631463188,-4.55023685368124,2.85782438844251,-0.202809494295067,45.6525726406138,39.8485302708312,51.0509960218063,40.0513397651263,51.2538055161013,1,1,0,1,1136.53869199753,1141.61199593544,1
232,"bart",44.4510750543997,-5.54892494560035,3.24396379755384,0.225837189562263,44.2252378648374,38.0930228440423,50.809127264757,37.8671856544801,50.5832900751947,1,1,0,1,1181.70654797554,1185.57586693764,1
233,"bart",52.6590273710974,2.65902737109739,3.26217883907148,-0.76636890884167,53.4253962799391,46.2652743353886,59.0527804068062,47.0316432442303,59.8191493156478,1,1,0,1,1234.36731696129,1238.2520699501,1
234,"bart",47.840880861168,-2.15911913883195,2.92310513728676,0.827154920723103,47.0137259404449,42.111700069062,53.5700616532741,41.2845451483389,52.742906732551,1,1,0,1,1199.33204197884,1203.24460411072,1
235,"bart",44.1728819154294,-5.82711808457056,2.74946223772755,-0.28013715913648,44.4530190745659,38.7840349526305,49.5617288782283,39.064172111767,49.8418660373648,0,0,1,1,1182.9673640728,1186.89051604271,0
236,"bart",49.6971652261811,-0.30283477381888,3.11568659021785,-0.476597094209602,50.1737623203907,43.5905317222397,55.8037987301225,44.0671288164493,56.2803958243321,1,1,0,1,1190.59199714661,1194.27703094482,1
237,"bart",54.5663212681037,4.56632126810369,3.2336298106389,0.0623556880670222,54.5039655800367,48.2285232999164,60.904119236291,48.1661676118493,60.841763548224,1,1,0,1,1186.70114803314,1190.70655894279,1
238,"bart",51.0310329192479,1.03103291924791,2.97231266818519,0.307583400961285,50.7234495182866,45.2054071388128,56.856658699683,44.8978237378515,56.5490752987217,1,1,0,1,1186.25968885422,1190.45827412605,1
239,"bart",51.0638540190325,1.06385401903247,3.37310935777353,-0.561579365737217,51.6254333847697,44.4526811618813,57.6750268761836,45.0142605276185,58.2366062419208,1,1,0,1,1204.36506199837,1208.25026893616,1
240,"bart",53.1869777564206,3.18697775642064,3.19050539543875,0.643792467981072,52.5431852884396,46.93370208888,59.4402534239613,46.2899096208989,58.7964609559803,1,1,0,1,1208.77256989479,1213.12877321243,1
241,"bart",50.2774947554285,0.277494755428485,3.14742122789817,0.464610528551695,49.8128842268768,44.1086625045712,56.4463270062857,43.6440519760195,55.981716477734,1,1,0,1,1167.97930002213,1171.61678600311,1
242,"bart",52.4026669261882,2.40266692618818,2.99118558696569,-0.213250356686338,52.6159172828745,46.5400509046601,58.2652829477162,46.7533012613465,58.4785333044026,1,1,0,1,1227.54855799675,1231.45834612846,1
243,"bart",55.9094682084768,5.90946820847676,3.26578344379859,0.115089644990739,55.794378563486,49.5086502773243,62.3102861396292,49.3935606323336,62.1951964946384,1,1,0,1,1212.99665808678,1217.4523460865,1
244,"bart",47.0404365649357,-2.9595634350643,3.05358866247444,-0.256561714792618,47.2969982797283,41.055512762886,53.0253603669854,41.3120744776786,53.281922081778,1,1,0,1,1250.05700111389,1256.00063705444,1
245,"bart",49.8536138945596,-0.146386105440428,3.01390701832416,0.976347838436617,48.877266056123,43.9464646858917,55.7607631032274,42.9701168474551,54.7844152647908,1,1,0,1,1250.99299097061,1255.835709095,1
246,"bart",48.4781297899372,-1.52187021006279,3.3134525743623,0.24636091591767,48.2317688740195,41.9838820797056,54.9723775001688,41.7375211637879,54.7260165842512,1,1,0,1,1264.19487595558,1268.12745499611,1
247,"bart",50.4817205838269,0.481720583826871,3.14617343753696,0.472831369465354,50.0088892143615,44.3153339571379,56.6481072105159,43.8425025876725,56.1752758410505,1,1,0,1,1248.43610501289,1254.76723718643,1
248,"bart",51.2163077980832,1.21630779808321,2.96229700142124,0.678674679050843,50.5376331190324,45.4103123637866,57.0223032323798,44.7316376847357,56.343628553329,1,1,0,1,1218.80505514145,1223.28615498543,1
249,"bart",53.9276364839541,3.9276364839541,3.08921284354846,1.05468801248247,52.8729484714716,47.8728905700205,59.9823823978876,46.8182025575381,58.9276943854052,1,1,0,1,1230.09250497818,1234.69481396675,1
250,"bart",52.1991976802867,2.1991976802867,3.20293189555106,0.584326524513152,51.6148711557735,45.921566520072,58.4768288405014,45.3372399955589,57.8925023159882,1,1,0,1,1266.96067595482,1271.11523580551,1
251,"bart",49.8811930028197,-0.118806997180343,3.26826693273142,1.05720365402601,48.8239893487936,43.4755075228029,56.2868784828364,42.4183038687769,55.2296748288104,1,1,0,1,1259.83836603165,1263.79453396797,1
252,"bart",53.7939596842328,3.79395968423279,3.3165019468771,-0.512306997089247,54.306266681322,47.2937353136967,60.2941840547689,47.806042310786,60.8064910518581,1,1,0,1,1196.34684705734,1200.47230696678,1
253,"bart",50.0365579562155,0.0365579562154892,3.19935715803282,0.314727360290533,49.721830595925,43.7659331527907,56.3071827596402,43.4512057925002,55.9924553993497,1,1,0,1,1261.12882494926,1265.33165788651,1
254,"bart",54.6446076722698,4.64460767226982,3.2080472818038,-1.97321824170275,56.6178259139726,48.3569505392328,60.9322648053069,50.3301687809355,62.9054830470096,1,0,0,1,1209.60200309753,1217.5559091568,1
255,"bart",45.9857647072416,-4.01423529275844,3.13584776237237,-0.149846380248576,46.1356110874901,39.8396160319912,52.1319133824919,39.9894624122398,52.2817597627405,1,1,0,1,1195.22086715698,1200.11956000328,1
256,"bart",48.7878929796401,-1.21210702035985,2.85166633792891,-0.565092200385358,49.3529851800255,43.1987296613743,54.377056297906,43.7638218617596,54.9421484982914,1,1,0,1,1203.55829000473,1209.77238488197,1
257,"bart",49.8622525874641,-0.137747412535894,3.13666614747889,-0.018035792919342,49.8802883803834,43.7144999068795,56.0100052680487,43.7325356997988,56.0280410609681,1,1,0,1,1211.8097949028,1217.00225901604,1
258,"bart",50.0779189683298,0.0779189683297759,2.91837437218476,-0.0634524150309375,50.1413713833607,44.358010305443,55.7978276312166,44.4214627204739,55.8612800462475,1,1,0,1,1221.63203406334,1226.8843460083,1
259,"bart",47.9810742909034,-2.01892570909659,2.84441261629674,0.694917997307797,47.2861562935956,42.4061280057905,53.5560205760164,41.7112100084827,52.8611025787086,1,1,0,1,1197.0685710907,1202.62152600288,1
260,"bart",56.2877689990581,6.28776899905808,3.46163170042044,0.743784949229912,55.5439840498282,49.5030955384919,63.0724424596243,48.759310589262,62.3286575103944,1,1,0,1,1178.28007507324,1183.49278306961,1
261,"bart",51.5612726219796,1.56127262197962,3.24544434462784,0.356921482630298,51.2043511393493,45.2003185926798,57.9222266512794,44.8433971100496,57.5653051686491,1,1,0,1,1224.68746495247,1229.02771997452,1
262,"bart",49.3610023878094,-0.63899761219055,3.07419878046954,0.165313413481094,49.1956889743284,43.3356834967722,55.3863212788467,43.1703700832911,55.2210078653656,1,1,0,1,1211.10023498535,1216.24712705612,1
263,"bart",54.7769804136971,4.77698041369705,3.11840158211271,-0.334219318701663,55.1111997323987,48.6650256234234,60.8889352039707,48.9992449421251,61.2231545226724,1,1,0,1,1188.67471408844,1193.7343609333,1
264,"bart",53.3119019160251,3.31190191602514,3.0108568036973,-0.00887515490995128,53.3207770709351,47.4107310181711,59.2130728138792,47.419606173081,59.2219479687892,1,1,0,1,1177.39027810097,1181.69184279442,1
265,"bart",50.018915839995,0.0189158399949676,3.23639101352753,0.149965464896539,49.8689503750984,43.6757060135919,56.362125666398,43.5257405486954,56.2121602015015,1,1,0,1,1170.89004898071,1175.43809604645,1
266,"bart",51.4311110635783,1.43111106357834,3.25588130781633,0.974319573320273,50.4567914902581,45.0497009623212,57.8125211648355,44.0753813890009,56.8382015915152,1,1,0,1,1193.39766120911,1197.95942497253,1
267,"bart",48.4680270640077,-1.53197293599227,2.96751035065706,0.682736435733943,47.7852906282738,42.6518136529701,54.2842404750454,41.9690772172361,53.6015040393114,1,1,0,1,1193.99674296379,1199.02201104164,1
268,"bart",48.9950412573965,-1.00495874260351,3.19844829286941,-0.320186394511481,49.315227651908,42.7261977969588,55.2638847178341,43.0463841914703,55.5840711123456,1,1,0,1,1205.37430500984,1210.65881896019,1
269,"bart",52.3895571598871,2.38955715988709,3.33825008148407,0.0627636704320054,52.3267934894551,45.8467072287904,58.9324070909838,45.7839435583584,58.8696434205518,1,1,0,1,1205.85483598709,1209.91212081909,1
270,"bart",49.6781823011236,-0.321817698876409,3.42420674744919,0.460578453542098,49.2176038475815,42.9668604005041,56.389504201743,42.506281946962,55.9289257482009,1,1,0,1,1161.50593209267,1165.84717202187,1
271,"bart",50.75746467957,0.757464679569956,3.075452717281,-0.43351389905451,51.1909785786245,44.7296881175433,56.7852412415966,45.1632020165979,57.2187551406511,1,1,0,1,1164.29146885872,1169.84746289253,1
272,"bart",51.8447503686616,1.84475036866157,3.06067800960533,-0.539313543278389,52.38406391194,45.8459317015614,57.8435690357617,46.3852452448398,58.3828825790401,1,1,0,1,1194.977820158,1200.83985185623,1
273,"bart",47.456181578092,-2.54381842190804,2.94752900334855,-0.166907100571656,47.6230886786636,41.6791308881416,53.2332322680424,41.8460379887132,53.400139368614,1,1,0,1,1195.86455893517,1201.0478219986,1
274,"bart",53.221118809734,3.221118809734,3.11235022595157,-0.785628802778653,54.0067476125127,47.1210244595938,59.3212131598742,47.9066532623725,60.1068419626528,1,1,0,1,1149.40407896042,1153.70621299744,1
275,"bart",46.1224012717657,-3.87759872823425,3.03444854853938,0.0177828532854107,46.1046184184803,40.1749914036887,52.0698111398428,40.1572085504033,52.0520282865574,1,1,0,1,1164.47601985931,1168.70095014572,1
276,"bart",48.5002678926015,-1.49973210739851,3.24790508159911,0.879922253992909,47.6203456386086,42.1344909074626,54.8660448777404,41.2545686534697,53.9861226237474,1,1,0,1,1156.6818549633,1161.45151495934,1
277,"bart",51.7608747684671,1.76087476846705,3.01699002757092,0.63468328105548,51.1261914874116,45.8476829727115,57.6740665642226,45.2129996916561,57.0393832831671,1,1,0,1,1209.26084494591,1213.74490404129,1
278,"bart",45.8947228973094,-4.10527710269055,2.85458206875661,0.516773451202212,45.3779494461072,40.2998448516326,51.4896009429863,39.7830714004304,50.972827491784,1,1,0,1,1168.52528691292,1172.55920100212,1
279,"bart",49.5826295378604,-0.417370462139552,3.32077084888329,0.595992495424525,48.9866370424359,43.0740382731387,56.0912208025822,42.4780457777142,55.4952283071577,1,1,0,1,1185.35990810394,1190.66123700142,1
280,"bart",50.2985380795905,0.29853807959055,3.29905824162149,0.438851751906512,49.859686327684,43.8325027431124,56.7645734160687,43.3936509912059,56.3257216641622,1,1,0,1,1193.26107597351,1197.49646115303,1
281,"bart",52.4307479802255,2.43074798022548,2.93260929983389,0.124067577694383,52.3066804025311,46.6829393718238,58.1785565886271,46.5588717941294,58.0544890109328,1,1,0,1,1137.21100783348,1141.4436621666,1
282,"bart",54.1214460385205,4.12144603852053,3.52121672784888,1.10588251508285,53.0155635234377,47.2199880701767,61.0229040068643,46.1141055550939,59.9170214917815,1,1,0,1,1153.56330108643,1158.115473032,1
283,"bart",49.9245638155278,-0.075436184472224,3.15401015308106,0.477699853679788,49.446863961848,43.7428175086152,56.1063101224403,43.2651176549354,55.6286102687605,1,1,0,1,1210.62363886833,1216.46628308296,1
284,"bart",45.8348496818498,-4.16515031815018,2.59200330958887,-0.491265119855179,46.326114801705,40.754616547247,50.9150828164526,41.2458816671022,51.4063479363078,1,1,0,1,1198.32594013214,1202.3889029026,1
285,"bart",51.0054960270713,1.0054960270713,3.00667684515439,-0.362218936605686,51.367714963677,45.1125176974182,56.8984743567244,45.4747366340239,57.2606932933301,1,1,0,1,1159.62909603119,1164.9359459877,1
286,"bart",47.5179546867262,-2.4820453132738,3.07141636969994,0.134332959485405,47.3836217272408,41.4980892205876,53.5378201528648,41.3637562611022,53.4034871933794,1,1,0,1,1143.9870660305,1149.16359591484,1
287,"bart",53.4903490878169,3.49034908781689,3.07052050695477,-0.609209286347102,54.099558374164,47.4722394803939,59.5084586952399,48.081448766741,60.117667981587,1,1,0,1,1345.63042593002,1349.8473110199,1
288,"bart",50.5848090444311,0.584809044431111,3.26342811269162,0.097854291000047,50.4869547534311,44.18860747742,56.9810106114422,44.09075318642,56.8831563204422,1,1,0,1,1395.77419900894,1402.80955600739,1
289,"bart",47.7372760760906,-2.26272392390941,2.93822665129205,0.234999382241917,47.5022766938487,41.9784576611424,53.4960944910387,41.7434582789005,53.2610951087968,1,1,0,1,1356.41098213196,1360.68776202202,1
290,"bart",47.617100850382,-2.38289914961797,3.1833776773101,0.174892436504877,47.4422084138772,41.3777952536655,53.8564064470986,41.2029028171606,53.6815140105937,1,1,0,1,1390.71286320686,1396.05499386787,1
291,"bart",51.4542257226867,1.45422572268669,3.10596954973378,-0.794094846037979,52.2483205687247,45.3666372681304,57.541814177243,46.1607321141684,58.335909023281,1,1,0,1,1385.15800905228,1389.89675092697,1
292,"bart",50.6218667114208,0.6218667114208,3.42659394774761,-0.565779147680509,51.1876458591013,43.9058659841926,57.337867438649,44.4716451318731,57.9036465863295,1,1,0,1,1335.62174606323,1342.11761879921,1
293,"bart",40.7094034707292,-9.29059652927078,3.26563090175393,0.264849408332083,40.4445540623971,34.3088845164905,47.109922424968,34.0440351081584,46.8450730166359,0,0,1,1,1362.14279007912,1367.71684908867,0
294,"bart",45.9332529110027,-4.0667470889973,2.86275122904076,0.903776181477518,45.0294767295252,40.322363605385,51.5441422166204,39.4185874239075,50.6403660351428,1,1,0,1,1388.23145103455,1395.06622409821,1
295,"bart",42.73597314073,-7.26402685927003,3.12257415704328,0.340130500290037,42.3958426404399,36.6158402538696,48.8561060275903,36.2757097535796,48.5159755273003,0,0,1,1,1379.78180718422,1385.26778411865,0
296,"bart",51.8467124305113,1.84671243051129,3.49975647263137,-0.613931419333014,52.4606438498443,44.9873157894929,58.7061090715297,45.6012472088259,59.3200404908627,1,1,0,1,1333.47815012932,1341.3689467907,1
297,"bart",53.0409613427778,3.04096134277778,3.21852573579612,0.644664848823979,52.3962964939538,46.7327668173021,59.3491558682535,46.0881019684781,58.7044910194295,1,1,0,1,1347.28339195251,1352.52830791473,1
298,"bart",52.130533109347,2.13053310934701,3.29828130112697,-0.569697186180804,52.7002302955278,45.6660205482562,58.5950456704378,46.235717734437,59.1647428566186,1,1,0,1,1371.46760797501,1376.99670815468,1
299,"bart",49.7185538486699,-0.281446151330101,2.93446024998982,0.176820683412174,49.5417331652577,43.9671174446254,55.4699902527144,43.7902967612133,55.2931695693022,1,1,0,1,1438.69490408897,1443.01048398018,1
300,"bart",47.9141726874604,-2.08582731253958,3.17916972842919,0.740269340082627,47.1739033473778,41.6831145189992,54.1452308559216,40.9428451789166,53.404961515839,1,1,0,1,1411.73349404335,1417.0497379303,1
301,"bart",49.8097654481498,-0.190234551850246,2.78639736292302,-0.68510647302071,50.4948719211705,44.3485269702033,55.2710039260962,45.033633443224,55.956110399117,1,1,0,1,1402.82602500916,1408.36876106262,1
302,"bart",48.4218982013421,-1.57810179865794,2.89673334365973,-0.0805631715295689,48.5024613728716,42.7444051749527,54.0993912277314,42.8249683464823,54.179954399261,1,1,0,1,1427.66925215721,1432.41715407372,1
303,"bart",48.7023069626911,-1.29769303730893,3.11414247470839,0.705254235248098,47.997052727443,42.5986998695362,54.8059140558459,41.8934456342881,54.1006598205978,1,1,0,1,1395.40497207642,1399.87247490883,1
304,"bart",48.221904679896,-1.77809532010401,2.70743777634334,-0.551259608378217,48.7731642882742,42.9154241478798,53.5283852119122,43.466683756258,54.0796448202904,1,1,0,1,1366.94198799133,1371.97508311272,1
305,"bart",49.6273227906142,-0.372677209385834,3.29431401713661,-0.177007942841662,49.8043307334558,43.1705859632609,56.0840596179674,43.3475939061026,56.2610675608091,1,1,0,1,1442.43555116653,1447.9802749157,1
306,"bart",44.3355241641534,-5.66447583584662,2.91145887571355,0.599397378189991,43.7361267859634,38.6291696252853,50.0418787030214,38.0297722470953,49.4424813248314,1,0,0,1,1453.15734291077,1458.62767004967,0
307,"bart",54.7342989577817,4.73429895778173,3.47879033095269,0.077517892307128,54.6567810654746,47.9159951993483,61.5526027162152,47.8384773070412,61.475084823908,1,1,0,1,1379.88871097565,1383.91110706329,1
308,"bart",45.3227940585919,-4.67720594140809,3.05284757996078,0.181840317173958,45.140953741418,39.3393227515785,51.3062653656053,39.1574824344046,51.1244250484313,1,1,0,1,1374.44919109344,1379.5172059536,1
309,"bart",44.4899767749911,-5.51002322500891,3.0416966169749,0.146904423426193,44.3430723515649,38.528360953823,50.4515925961592,38.3814565303968,50.304688172733,1,1,0,1,1465.3285548687,1471.77056097984,1
310,"bart",49.9287396930684,-0.0712603069316415,3.24354602278563,0.2737368751242,49.6550028179442,43.5715063062104,56.2859730799263,43.2977694310862,56.0122362048021,1,1,0,1,1502.04650688171,1507.10646104813,1
311,"bart",45.0588048914719,-4.94119510852808,2.97810680450475,-0.774448491698962,45.8332533831709,39.2218228125289,50.8957869704149,39.9962713042279,51.6702354621139,1,1,0,1,1492.54568386078,1499.18775582314,1
312,"bart",51.6065074998304,1.60650749983038,3.41256505175438,0.54176441100779,51.0647430888226,44.9180029034917,58.295012096169,44.376238492484,57.7532476851612,1,1,0,1,1499.9177980423,1508.53033900261,1
313,"bart",45.3322324872326,-4.66776751276738,2.92805115268962,0.33760285423606,44.9946296329966,39.59335768307,51.0711072913953,39.2557548288339,50.7335044371592,1,1,0,1,1526.93545198441,1531.64573788643,1
314,"bart",49.8097327152117,-0.190267284788284,3.09399261800408,-0.525380130405857,50.3351128456176,43.7456186154909,55.8738468149325,44.2709987458968,56.3992269453384,1,1,0,1,1453.78456783295,1460.10128903389,1
315,"bart",49.0800622450207,-0.91993775497928,2.94544714294437,-0.399546710765541,49.4796089557863,43.3070919264834,54.8530325635581,43.7066386372489,55.2525792743236,1,1,0,1,1471.63567996025,1476.85892796516,1
316,"bart",45.8681720635202,-4.13182793647982,2.87168758394271,0.707650914795032,45.1605211487252,40.2397678241416,51.4965763028987,39.5321169093466,50.7889253881037,1,1,0,1,1515.63245010376,1523.35265994072,1
317,"bart",45.8914556254604,-4.10854437453958,3.34650441530281,0.545552921750655,45.3459027037098,39.3324274973627,52.4504837535582,38.786874575612,51.9049308318075,1,1,0,1,1510.65084600449,1515.03028798103,1
318,"bart",48.3841798527471,-1.61582014725289,3.00884758896394,-0.534909918969575,48.9190897717167,42.4869469434076,54.2814127620866,43.0218568623772,54.8163226810562,1,1,0,1,1470.47382616997,1476.41428899765,1
319,"bart",50.2202614393953,0.220261439395266,3.23257018230848,1.18702391830493,49.0332375210903,43.8845403045726,56.555982574218,42.6975163862676,55.368958655913,1,1,0,1,1506.65723109245,1512.46924901009,1
320,"bart",56.853156055399,6.85315605539902,3.81504067408827,0.0544869452996295,56.7986691100994,49.3758137346306,64.3304983761674,49.321326789331,64.2760114308678,1,1,0,1,1424.16686677933,1429.2071750164,1
321,"bart",50.7609230219216,0.760923021921634,2.94094242793903,0.0220920730063128,50.7388309489153,44.9967817825554,56.5250642612879,44.974689709549,56.5029721882816,1,1,0,1,1464.67678689957,1470.05783295631,1
322,"bart",51.1818514920994,1.18185149209936,3.05767594913573,-0.342736796430671,51.52458828853,45.188916755399,57.1747862287997,45.5316535518297,57.5175230252304,1,1,0,1,1466.78840184212,1471.93602705002,1
323,"bart",52.2969508709981,2.29695087099809,2.85790664727337,1.06523076113437,51.2317201098637,46.6955567711647,57.8983449708315,45.6303260100303,56.8331142096971,1,1,0,1,1489.79986190796,1496.5802731514,1
324,"bart",52.1727346644593,2.17273466445935,3.38120825828125,-0.517500565154691,52.690235229614,45.5456882539987,58.79978107492,46.0631888191534,59.3172816400747,1,1,0,1,1463.03861784935,1467.89978003502,1
325,"bart",50.8867226881809,0.886722688180924,3.24994038373073,0.20177104937919,50.6849516388017,44.5169565841664,57.2564887921954,44.3151855347872,57.0547177428162,1,1,0,1,1438.36375999451,1443.31912302971,1
326,"bart",49.2121080074804,-0.78789199251964,3.16211767820419,-0.323705199142637,49.535813206623,43.0144712433227,55.409744771638,43.3381764424654,55.7334499707806,1,1,0,1,1398.24123096466,1402.62124800682,1
327,"bart",48.29737250315,-1.70262749685002,2.72752304844879,-0.844359999157845,49.1417325023078,42.9515255611875,53.6432194451125,43.7958855603453,54.4875794442703,1,1,0,1,1485.88089799881,1491.54657006264,1
328,"bart",46.4455231181166,-3.55447688188337,2.92318053635926,-0.432856597454226,46.8783797155709,40.716194546544,52.1748516896893,41.1490511439982,52.6077082871435,1,1,0,1,1471.10054993629,1475.68142104149,1
329,"bart",49.0934872706802,-0.906512729319815,3.29438404226012,0.593739560695674,48.4997477099845,42.6366131966069,55.5503613447535,42.0428736359112,54.9566217840578,1,1,0,1,1425.90717506409,1432.0618929863,1
330,"bart",44.4174607598041,-5.58253924019586,2.88973578166052,1.05231964400156,43.3651411158026,38.7536827029128,50.0812388166955,37.7013630589113,49.0289191726939,1,0,0,1,1414.04447484016,1421.07350802422,0
331,"bart",51.1535942529697,1.15359425296973,3.66065863514313,-0.560816694990713,51.7144109479604,43.9788351683936,58.3283533375458,44.5396518633844,58.8891700325365,1,1,0,1,1450.04638814926,1455.74778294563,1
332,"bart",50.5949404275154,0.594940427515375,3.07815949169111,-0.311821841041734,50.9067622685571,44.5618586851307,56.6280221699001,44.8736805261724,56.9398440109418,1,1,0,1,1471.31237220764,1476.53350996971,1
333,"bart",49.7785419466287,-0.221458053371308,3.47374624705305,0.39289105743439,49.3856508891943,42.9701244109735,56.5869594822838,42.5772333535391,56.1940684248495,1,1,0,1,1494.23950600624,1500.15664815903,1
334,"bart",48.5554354217674,-1.44456457823257,3.48604094513747,-0.730374563840307,49.2858099856077,41.722920720666,55.3879501228688,42.4532952845063,56.1183246867091,1,1,0,1,1447.65695595741,1453.11757397652,1
335,"bart",49.878238537373,-0.121761462627013,2.99427385092495,0.786982983981595,49.0912555533914,44.00956962971,55.7469074450359,43.2225866457284,54.9599244610543,1,1,0,1,1463.10469198227,1469.55443286896,1
336,"bart",52.108250691635,2.10825069163501,3.20407038129104,-0.278603676625096,52.3868543682601,45.8283881403731,58.388113242897,46.1069918169982,58.666716919522,1,1,0,1,1434.48353600502,1439.99475502968,1
337,"bart",47.4271140834873,-2.57288591651265,3.16639320948344,0.857774384041889,46.5693396994455,41.2210974320076,53.6331307349671,40.3633230479657,52.7753563509252,1,1,0,1,1444.90349793434,1450.79844117165,1
338,"bart",45.1036772807023,-4.89632271929769,2.996206364673,0.321937923360807,44.7817393573415,39.2312207156936,50.9761338457111,38.9092827923328,50.6541959223503,1,1,0,1,1504.3128888607,1509.38946008682,1
339,"bart",51.9109572840319,1.91095728403189,3.0255846330418,-0.73673441696392,52.6476917009958,45.9809203710921,57.8409941969716,46.717654788056,58.5777286139356,1,1,0,1,1492.42485904694,1497.71872496605,1
340,"bart",52.2853760855539,2.28537608555388,3.00424810303655,-0.194958636485438,52.4803347220393,46.3971580029795,58.1735941681283,46.5921166394649,58.3685528046137,1,1,0,1,1466.35348391533,1472.4597928524,1
341,"bart",54.2893595973457,4.28935959734567,3.46120760438998,-0.578857954865214,54.8682175522109,47.5055173497251,61.0732018449662,48.0843753045904,61.6520597998314,1,1,0,1,1427.63621091843,1433.94531488419,1
342,"bart",48.035616200746,-1.96438379925399,2.91156929751934,-0.215963163399323,48.2515793641453,42.3290452391155,53.7421871623765,42.5450084025148,53.9581503257758,1,1,0,1,1491.46629714966,1497.16517591476,1
343,"bart",55.3124228967256,5.31242289672558,3.06778107137338,-0.397463524149359,55.7098864208749,49.2996824843801,61.3251633090711,49.6971460085294,61.7226268332205,1,1,0,1,1478.28945302963,1483.59198498726,1
344,"bart",55.9943134485198,5.99431344851984,2.72864671890388,0.730600123903947,55.2637133246159,50.6462641529348,61.3423627441048,49.9156640290309,60.6117626202009,0,1,1,1,1485.38630104065,1493.02960991859,0
345,"bart",50.6151695147385,0.615169514738483,3.32264861962294,0.170535199926775,50.4446343148117,44.1028978869958,57.1274411424812,43.932362687069,56.9569059425544,1,1,0,1,1519.98907780647,1525.31732416153,1
346,"bart",50.4899370080268,0.489937008026807,2.88825939297235,-0.80921550977606,51.2991525178029,44.8290526197915,56.1508213962621,45.6382681295675,56.9600369060382,1,1,0,1,1469.65761208534,1474.80961108208,1
347,"bart",47.7164738847888,-2.28352611521122,2.94323289001788,0.0220785127135272,47.6943953720753,41.94784342224,53.4851043473376,41.9257649095265,53.463025834624,1,1,0,1,1523.82468295097,1528.90896892548,1
348,"bart",45.9578748628668,-4.04212513713324,3.4443730681368,1.19818086944408,44.7596939934227,39.2070276999989,52.7087220257346,38.0088468305548,51.5105411562905,1,1,0,1,1483.72636604309,1488.78493309021,1
349,"bart",49.7996372092829,-0.200362790717108,3.19555060901467,-0.62688316377163,50.4265203730545,43.5364731048391,56.0628013137267,44.1633562686107,56.6896844774983,1,1,0,1,1481.20588612556,1486.27897691727,1
350,"bart",51.8526980902714,1.85269809027136,3.03659288159916,-0.615278299179629,52.467976389451,45.9010854066263,57.8043107739164,46.5163637058059,58.419589073096,1,1,0,1,1504.60326600075,1510.30375695229,1
351,"bart",49.5520507090889,-0.447949290911097,3.12466476195196,0.0138557188720441,49.5381949902169,43.4278203119016,55.6762811062762,43.4139645930296,55.6624253874041,1,1,0,1,1505.50844597816,1511.55190491676,1
352,"bart",48.4962697609467,-1.50373023905333,3.08595744078128,-0.0755436611562672,48.5718134221029,42.447904319192,54.5446352027014,42.5234479803482,54.6201788638576,1,1,0,1,1483.12689208984,1489.40678596497,1
353,"bart",52.3838071695552,2.38380716955517,3.02176121290644,-0.93221900144912,53.3160261710043,46.4612640223785,58.3063503167319,47.3934830238276,59.238569318181,1,1,0,1,1376.49568796158,1382.08905410767,1
354,"bart",49.4541402390518,-0.545859760948233,2.97022708328,-0.2381422135592,49.692282452611,43.6326021299175,55.275678348186,43.8707443434767,55.5138205617452,1,1,0,1,1321.64744091034,1327.5924949646,1
355,"bart",51.5491773104259,1.5491773104259,3.20024218550717,-0.440448291741212,51.9896256021671,45.2768178850261,57.8215367358257,45.7172661767673,58.2619850275669,1,1,0,1,1318.47614407539,1323.58218598366,1
356,"bart",44.0253120178681,-5.97468798213195,2.7089586440588,0.746442689052145,43.2788693288159,38.7158506399043,49.3347733958318,37.9694079508522,48.5883307067796,0,0,1,1,1333.3502600193,1338.94015312195,0
357,"bart",46.9014430478962,-3.09855695210376,3.15312961913424,0.122257376898574,46.7791856709977,40.7214225558066,53.0814635399858,40.5991651789081,52.9592061630873,1,1,0,1,1304.73372983932,1311.28733992577,1
358,"bart",48.5884443620515,-1.41155563794847,2.72832962278267,0.446161225607426,48.1422831364441,43.2410165634437,53.9358721606593,42.7948553378363,53.4897109350519,1,1,0,1,1377.88671088219,1384.057117939,1
359,"bart",51.0196358392741,1.01963583927407,3.30961683118622,0.0522446779326629,50.9673911613414,44.5329060475215,57.5063656310266,44.4806613695889,57.454120953094,1,1,0,1,1369.42900800705,1375.33288407326,1
360,"bart",51.3097884199202,1.30978841992017,3.20679418626747,-0.69753711375737,52.0073255336775,45.0245873090035,57.5949895308368,45.7221244227609,58.2925266445942,1,1,0,1,1311.01422190666,1315.99319291115,1
361,"bart",53.7829311570794,3.78293115707941,3.30001198034585,-0.391815395307994,54.1747465523874,47.3150265270508,60.250835787108,47.7068419223588,60.642651182416,1,1,0,1,1318.01810479164,1324.21364116669,1
362,"bart",50.2112990313751,0.211299031375084,2.94285678684702,0.718350060804788,49.4929489705703,44.4434057174957,55.9791923452545,43.7250556566909,55.2608422844497,1,1,0,1,1354.09955501556,1359.61855888367,1
363,"bart",57.6727367835974,7.67273678359739,3.28843488778144,-1.2048548161783,58.8775915997757,51.2275228380408,64.117950729154,52.4323776542191,65.3228055453323,0,0,1,1,1340.44499707222,1345.78260803223,0
364,"bart",50.2542109193802,0.254210919380199,3.06580488097841,-0.874266528117666,51.1284774474979,44.2453437690354,56.263078069725,45.1196102971531,57.1373445978427,1,1,0,1,1285.90682411194,1290.27891087532,1
365,"bart",45.4661553100219,-4.53384468997814,3.34387123169188,-1.14332627868719,46.609481588709,38.9122881269662,52.0200224930775,40.0556144056534,53.1633487717647,1,1,0,1,1285.95985102654,1290.41276478767,1
366,"bart",49.1944243681345,-0.805575631865501,3.03510964855262,0.33045665897955,48.863967709155,43.2457187678413,55.1431299684277,42.9152621088618,54.8126733094481,1,1,0,1,1258.20680999756,1262.99245595932,1
367,"bart",53.5370839030733,3.53708390307332,3.14370932979441,-0.471492241057447,54.0085761441308,47.3755268388137,59.6986409673329,47.8470190798712,60.1701332083904,1,1,0,1,1291.58549499512,1296.01191210747,1
368,"bart",51.5953247262912,1.59532472629124,3.01707502539661,-1.16665037235239,52.7619750986436,45.6819663378586,57.5086831147239,46.848616710211,58.6753334870762,1,1,0,1,1278.93847584724,1290.06862902641,1
369,"bart",51.5843765495953,1.58437654959533,3.27432036165978,-0.186271202629769,51.7706477522251,45.166826566896,58.0019265322947,45.3530977695258,58.1881977349244,1,1,0,1,1273.76110076904,1280.36274504662,1
370,"bart",52.8766997912946,2.87669979129464,2.85455543214776,-0.807133628975237,53.6838334202699,47.2818739524119,58.4715256301774,48.0890075813871,59.2786592591527,1,1,0,1,1301.19959807396,1306.36998510361,1
371,"bart",48.1363357102876,-1.86366428971243,2.80953693045411,0.113178820417765,48.0231568898698,42.6297445133623,53.6429269072128,42.5165656929445,53.5297480867951,1,1,0,1,1291.99293208122,1303.89672398567,1
372,"bart",52.8191539352263,2.81915393522626,2.90223352263832,-0.669388009003107,53.4885419442294,47.1308807561304,58.5074271143222,47.8002687651335,59.1768151233253,1,1,0,1,1272.46505594254,1278.10011982918,1
373,"bart",45.1606651466932,-4.83933485330681,2.96972134634351,0.579244876129337,44.5814202705639,39.3401182637401,50.9812120296463,38.7608733876108,50.4019671535169,1,1,0,1,1300.26235103607,1304.70706295967,1
374,"bart",54.1063574695427,4.10635746954271,3.22346583170635,0.0489254607313541,54.0574320088114,47.7884805340028,60.4242344050826,47.7395550732715,60.3753089443512,1,1,0,1,1270.63007688522,1275.60462403297,1
375,"bart",48.2985518859363,-1.7014481140637,3.20042118713825,1.36495590947019,46.9335959764661,42.0258416237864,54.5712621480862,40.6608857143162,53.206306238616,1,1,0,1,1210.03929114342,1215.35804319382,1
376,"bart",53.0948525381226,3.09485253812257,3.26843754811352,0.835959479436077,52.2588930586865,46.6888326581017,59.5008724181435,45.8528731786656,58.6649129387074,1,1,0,1,1256.46224093437,1260.40019893646,1
377,"bart",50.0092224700843,0.00922247008434596,3.06236653030505,0.142978786728968,49.8662436833554,44.0070943632256,56.0113505769431,43.8641155764966,55.8683717902142,1,1,0,1,1198.60364890099,1204.81905603409,1
378,"bart",45.705629819401,-4.294370180599,2.86169973204683,-0.291301598780741,45.9969314181817,40.0968014100213,51.3144582287807,40.388103008802,51.6057598275614,1,1,0,1,1182.39168906212,1187.01623606682,1
379,"bart",51.2139522401124,1.21395224011241,3.35033096002439,0.216140923028526,50.9978113170839,44.6474242221751,57.7804802580497,44.4312832991466,57.5643393350212,1,1,0,1,1230.22798395157,1234.60338115692,1
380,"bart",53.6822443044046,3.68224430440456,3.24819553765527,0.308511705233514,53.373732599171,47.3158980358565,60.0485905729526,47.007386330623,59.7400788677191,1,1,0,1,1210.43939900398,1215.78650808334,1
381,"bart",51.7622071213498,1.76220712134984,3.05592241960312,-0.406824130663665,52.1690312520135,45.7727092393792,57.7517050033205,46.1795333700429,58.1585291339841,1,1,0,1,1215.40839409828,1220.69237494469,1
382,"bart",51.1245903258857,1.12459032588571,3.21431631128086,-0.374787873896729,51.4993781997824,44.8246461208556,57.4245345309158,45.1994339947523,57.7993224048126,1,1,0,1,1207.09185695648,1210.95910000801,1
383,"bart",50.9957947660097,0.995794766009737,3.21283081301039,0.228927134823373,50.7668676311864,44.6987620840888,57.2928274479306,44.4698349492655,57.0639003131073,1,1,0,1,1234.8584561348,1247.73422694206,1
384,"bart",50.7515670592734,0.751567059273363,3.23141862629073,0.069970342245206,50.6815967170282,44.4181029327716,57.0850311857751,44.3481325905264,57.0150608435299,1,1,0,1,1205.56701517105,1210.08610486984,1
385,"bart",49.4540701903691,-0.545929809630934,3.26659488427387,0.510842050280473,48.9432281400886,43.0516618651095,55.8564785156286,42.540819814829,55.3456364653482,1,1,0,1,1217.45581197739,1221.72229599953,1
386,"bart",49.0771782489094,-0.922821751090574,3.38276212409433,0.394656523024338,48.6825217258851,42.4470863174183,55.7072701804005,42.052429794394,55.3126136573762,1,1,0,1,1267.28786301613,1271.46563911438,1
387,"bart",53.4738059671596,3.47380596715963,3.18871777734404,-0.361138947229236,53.8349449143889,47.2240339667027,59.7235779676166,47.5851729139319,60.0847169148458,1,1,0,1,1277.31760120392,1283.3933429718,1
388,"bart",49.8962500362786,-0.103749963721405,3.2268946580933,0.0327893177917318,49.8634607184869,43.571652724511,56.2208473480462,43.5388634067193,56.1880580302544,1,1,0,1,1264.36318802834,1269.22541999817,1
389,"bart",48.2480460834821,-1.7519539165179,3.20424026803241,-0.114751824564379,48.3627979080465,41.9678505603256,54.5282416066386,42.08260238489,54.642993431203,1,1,0,1,1248.4187810421,1254.61174106598,1
390,"bart",46.008352336677,-3.99164766332302,3.35534360417658,0.214999381533744,45.7933529551432,39.4319997167341,52.5847049566199,39.2170003352003,52.3697055750861,1,1,0,1,1274.18263912201,1282.34783601761,1
391,"bart",54.388773514927,4.38877351492699,3.27376461558509,-0.310900851029871,54.6996743659569,47.9723127745186,60.8052342553354,48.2832136255485,61.1161351063652,1,1,0,1,1283.87666797638,1288.66604781151,1
392,"bart",48.1602356905829,-1.83976430941713,2.67061046087185,0.118710340622954,48.0415253499599,42.9259353705381,53.3945360106276,42.8072250299152,53.2758256700046,1,1,0,1,1254.23261499405,1258.20656490326,1
393,"bart",47.3427167260985,-2.65728327390148,2.88167208715266,0.427308919096866,46.9154078070017,41.6947432200249,52.9906902321721,41.2674343009281,52.5633813130752,1,1,0,1,1249.45053982735,1254.53116822243,1
394,"bart",47.3285997673188,-2.67140023268121,2.91597906251098,-0.385335924488963,47.7139356918077,41.6133858251244,53.0438137095132,41.9987217496134,53.4291496340021,1,1,0,1,1260.39557600021,1264.58024501801,1
395,"bart",53.6303964421521,3.63039644215212,3.06053170765286,-0.663626660482784,54.2940231026349,47.6318645216096,59.6289283626946,48.2954911820924,60.2925550231774,1,1,0,1,1272.86482095718,1278.65927600861,1
396,"bart",52.1119021557357,2.11190215573568,3.09820791931474,-0.799548820625319,52.911450976361,46.039526217262,58.1842780942094,46.8390750378873,58.9838269148347,1,1,0,1,1261.66197896004,1266.15495610237,1
397,"bart",49.5173620691013,-0.482637930898704,3.0228545433201,0.141483265653576,49.3758788034477,43.5926760336906,55.442048104512,43.4511927680371,55.3005648388584,1,1,0,1,1294.19426417351,1298.35130906105,1
398,"bart",51.8824685957156,1.88246859571556,3.07197013539694,0.121124599434765,51.7613439962808,45.8615177687549,57.9034194226762,45.7403931693202,57.7822948232414,1,1,0,1,1250.78507089615,1256.44685602188,1
399,"bart",51.7473908005948,1.74739080059479,3.20329144898186,0.621232869903665,51.1261579306911,45.4690549286052,58.0257266725844,44.8478220587016,57.4044938026807,1,1,0,1,1253.79150605202,1259.04789495468,1
400,"bart",50.0348512319084,0.0348512319083909,3.10062906077163,-1.126832912035,51.1616841439434,43.9577299433777,56.111972520439,45.0845628554127,57.238805432474,1,1,0,1,1263.35881495476,1268.94502806664,1
401,"bart",52.316027081759,2.31602708175905,3.22735990821246,-1.89121641068962,54.2072434924487,45.9905178965141,58.641536267004,47.8817343072038,60.5327526776936,1,1,0,1,1249.79711198807,1254.44304704666,1
402,"bart",46.2315265645562,-3.76847343544382,3.10141834736074,-0.876735881024686,47.1082624455809,40.1528583027374,52.310194826375,41.0295941837621,53.1869307073996,1,1,0,1,1292.95971107483,1298.28472805023,1
403,"bart",48.1538348837719,-1.84616511622806,2.99785446365863,0.169843119274034,47.9839917644979,42.2781481041084,54.0295216634355,42.1083049848344,53.8596785441615,1,1,0,1,1270.20027518272,1275.13708400726,1
404,"bart",49.8134352118686,-0.186564788131371,2.99032190518347,-0.399919864374439,50.2133550762431,43.9525119755278,55.6743584482094,44.3524318399023,56.0742783125839,1,1,0,1,1270.41045117378,1275.26941800117,1
405,"bart",50.3677407430628,0.367740743062818,3.0185627262291,-0.479128046010572,50.8468687890734,44.4514665145787,56.2840149715469,44.9305945605893,56.7631430175575,1,1,0,1,1266.50105500221,1270.38875508308,1
406,"bart",49.5332744332757,-0.466725566724335,2.76784238559776,0.820595622026545,48.7126788112491,44.1084030426206,54.9581458239307,43.2878074205941,54.1375502019042,1,1,0,1,1295.2062830925,1299.94567608833,1
407,"bart",48.8819039983186,-1.11809600168144,3.13162878032614,-0.263389704484261,49.1452937028028,42.7440243759302,55.0197836207069,43.0074140804145,55.2831733251912,1,1,0,1,1249.75241780281,1255.57770490646,1
408,"bart",49.9732269982512,-0.0267730017488006,2.79388839283511,0.128273179718214,49.844953818533,44.4973063714699,55.4491476250325,44.3690331917517,55.3208744453143,1,1,0,1,1267.52268910408,1272.41055989265,1
409,"bart",50.7687037526638,0.768703752663782,3.0277510636132,-0.301450503202368,51.0701542558662,44.8344207138291,56.7029867914985,45.1358712170314,57.0044372947009,1,1,0,1,1245.33892011642,1250.72069191933,1
410,"bart",53.7751681253983,3.77516812539826,3.54756080107805,-0.73971150550836,54.5148796309066,46.8220767223192,60.7282595284773,47.5617882278276,61.4679710339857,1,1,0,1,1263.11252498627,1267.63645887375,1
411,"bart",57.2735392443271,7.27353924432707,3.0424418405899,0.0945481091576141,57.1789911351695,51.3104628117131,63.236615676941,51.2159147025555,63.1420675677834,0,0,1,1,1231.30657196045,1236.24110412598,0
412,"bart",47.3252089169707,-2.67479108302933,2.97052392465027,0.0271064044036109,47.2981025125671,41.5030890094416,53.1473288244998,41.475982605038,53.1202224200962,1,1,0,1,1260.09946203232,1265.52817702293,1
413,"bart",47.4450706774295,-2.55492932257054,3.11689666872198,0.386555991310843,47.0585146861186,41.3360654632015,53.5540758916574,40.9495094718907,53.1675199003466,1,1,0,1,1272.73299098015,1279.05391001701,1
414,"bart",56.440428520088,6.44042852008802,3.00475729891522,-1.13088935323261,57.5713178733206,50.5512124319303,62.3296446082457,51.6821017851629,63.4605339614783,0,0,1,1,1254.60180211067,1259.26360011101,0
415,"bart",49.2577035542508,-0.742296445749176,3.14798334119442,-1.08816045538357,50.3458640096344,43.0877695815777,55.427637526924,44.1759300369613,56.5157979823075,1,1,0,1,1226.00357699394,1232.67780804634,1
416,"bart",49.3923970945472,-0.607602905452765,3.17882725651121,-0.694188115959733,50.086585210507,43.162010158711,55.6227840303835,43.8561982746707,56.3169721463432,1,1,0,1,1241.61436605453,1245.84147000313,1
417,"bart",48.6426590756668,-1.35734092433319,2.99865394468507,0.540277507620146,48.1023815680467,42.7654053419851,54.5199128093485,42.225127834365,53.9796353017284,1,1,0,1,1249.72160601616,1255.90687704086,1
418,"bart",46.4610728203196,-3.53892717968041,2.9599676968827,0.250249438695008,46.2108233816246,40.6596427390275,52.2625029016117,40.4093933003325,52.0122534629167,1,1,0,1,1262.51379108429,1268.05066418648,1
419,"bart",52.0108485363052,2.01084853630522,3.13619454456063,-0.279631178551632,52.2904797148569,45.8640201804554,58.157676892155,46.143651359007,58.4373080707067,1,1,0,1,1220.25595116615,1226.42983484268,1
420,"bart",54.097403754188,4.09740375418805,3.31052257588823,-0.256310996489987,54.353714750678,47.6088987354404,60.5859087729357,47.8652097319303,60.8422197694257,1,1,0,1,1206.3359181881,1211.37849903107,1
421,"bart",49.9902221210089,-0.00977787899108762,3.12591418528572,-0.217688851919419,50.2079109729283,43.863542899086,56.1169013429318,44.0812317510055,56.3345901948512,1,1,0,1,1209.76013612747,1215.04365491867,1
422,"bart",51.1198598853205,1.11985988532045,2.78949005466527,-0.438508868967482,51.5583687542879,45.6525598429439,56.587159927697,46.0910687119113,57.0256687966645,1,1,0,1,1200.13204717636,1205.88172698021,1
423,"bart",46.6830505464031,-3.31694945359692,2.72926445762288,-0.240616805056881,46.92366735146,41.333790505177,52.0323105876292,41.5744073102339,52.272927392686,1,1,0,1,1204.98856210709,1209.07523393631,1
424,"bart",54.1580023922146,4.15800239221463,3.36635182058022,-0.315152036252542,54.4731544284672,47.5600740645866,60.7559307198427,47.8752261008391,61.0710827560952,1,1,0,1,1207.98713779449,1214.31227397919,1
425,"bart",54.0647342493216,4.06473424932158,3.23649705838707,-0.106739764553453,54.171474013875,47.7213165788131,60.4081519198301,47.8280563433666,60.5148916843835,1,1,0,1,1215.77920794487,1221.12338590622,1
426,"bart",44.9349483792295,-5.06505162077054,3.04674811737834,0.683481381882416,44.251466997347,38.9634317992027,50.9064649592562,38.2799504173203,50.2229835773738,1,1,0,1,1200.4886059761,1206.68754792213,1
427,"bart",49.6088085819851,-0.391191418014891,3.10842866607918,-1.39219469116353,51.0010032731486,43.516400347958,55.7012168160122,44.9085950391216,57.0934115071757,1,1,0,1,1186.47893404961,1192.98247814178,1
428,"bart",45.2513448203555,-4.7486551796445,2.98358614958758,-0.592364953461519,45.843709773817,39.4036234223913,51.0990662183197,39.9959883758528,51.6914311717812,1,1,0,1,1252.81548094749,1258.04768300056,1
429,"bart",54.0633418174272,4.06334181742722,3.25416210868663,-0.476167835320965,54.5395096527482,47.6853012845465,60.4413823503079,48.1614691198675,60.9175501856289,1,1,0,1,1233.72077798843,1239.59306311607,1
430,"bart",47.7975886799187,-2.20241132008129,2.7443598631986,-0.0612996967382315,47.8588883766569,42.4187421874322,53.1764351724052,42.4800418841704,53.2377348691435,1,1,0,1,1265.06683588028,1271.26768112183,1
431,"bart",55.7198448510167,5.71984485101671,3.40750358362135,-0.446903658941935,56.1667485099586,49.0412605499277,62.3984291521057,49.4881642088696,62.8453328110477,1,1,0,1,1288.76996517181,1293.3420290947,1
432,"bart",46.3646901524027,-3.63530984759726,3.08681727937067,0.3797687440983,45.9849214083044,40.3146394579803,52.4147408468252,39.934870713882,52.0349721027269,1,1,0,1,1283.58499693871,1289.99663591385,1
433,"bart",55.6092896000629,5.60928960006286,3.01683495867471,0.269591183688014,55.3396984163748,49.696401733759,61.5221774663667,49.426810550071,61.2525862826787,1,1,0,1,1254.91046094894,1260.0813190937,1
434,"bart",51.6865517923084,1.68655179230836,3.50636913706985,1.13858926104262,50.5479625312657,44.8141945671487,58.558909017468,43.675605306106,57.4203197564254,1,1,0,1,1299.32407903671,1303.48215818405,1
435,"bart",57.1712289515345,7.17122895153448,3.04901155135859,-0.62157400922645,57.7928029607609,51.195276122425,63.1471817806439,51.8168501316515,63.7687557898704,0,0,1,1,1264.66696500778,1270.21290397644,0
436,"bart",52.4037544384235,2.40375443842348,3.26059547012416,-0.147536457739513,52.551290896163,46.0131047488257,58.7944041280213,46.1606412065652,58.9419405857608,1,1,0,1,1264.91143083572,1269.93600988388,1
437,"bart",44.9994017950204,-5.00059820497959,3.00226753711166,0.34554496047771,44.6538568345427,39.1150655503278,50.883738039713,38.7695205898501,50.5381930792353,1,1,0,1,1263.86593604088,1268.47102594376,1
438,"bart",49.6648217687507,-0.335178231249344,2.89445989188144,0.297277936945534,49.3675438318051,43.9917846259673,55.337858911534,43.6945066890218,55.0405809745884,1,1,0,1,1248.46206784248,1254.02776098251,1
439,"bart",44.3284356823586,-5.67156431764138,3.00289682315983,-0.325472530641584,44.6539082130002,38.4428660596756,50.2140053050416,38.7683385903172,50.5394778356832,1,1,0,1,1275.225055933,1279.74991512299,1
440,"bart",50.5310810244329,0.531081024432851,3.03660827348997,-1.09728686972007,51.6283678941529,44.5794381732361,56.4827238756296,45.6767250429562,57.5800107453496,1,1,0,1,1251.91461920738,1257.14273691177,1
441,"bart",45.8655672492847,-4.13443275071526,2.70592853042355,0.0426034921170313,45.8229637571677,40.5620447849152,51.1690897136543,40.5194412927981,51.1264862215373,1,1,0,1,1294.86336803436,1306.209608078,1
442,"bart",45.4472766585689,-4.5527233414311,2.96799512517065,0.111876424437249,45.3354002341316,39.630113106944,51.2644402101938,39.5182366825067,51.1525637857566,1,1,0,1,1300.97809100151,1304.79712796211,1
443,"bart",51.7131300072788,1.71313000727881,2.95525862522477,-0.0213568545519749,51.7344868618308,45.9209295368369,57.5053304777207,45.9422863913889,57.5266873322727,1,1,0,1,1342.55582404137,1349.0602388382,1
444,"bart",51.3046825704991,1.30468257049908,3.01757247963515,0.817103040968107,50.487579529531,45.390349189675,57.2190159513232,44.5732461487069,56.4019129103551,1,1,0,1,1269.83914804459,1273.7114379406,1
445,"bart",51.8556533148765,1.85565331487652,3.19006679592198,0.685974462931391,51.1696788519451,45.6032372865923,58.1080693431607,44.917262823661,57.4220948802293,1,1,0,1,1303.5604968071,1307.75004506111,1
446,"bart",55.546481277408,5.54648127740805,3.46945807157364,-0.936587980840564,56.4830692582486,48.7464684112519,62.3464941435642,49.6830563920925,63.2830821244047,1,1,0,1,1275.81744980812,1281.37780308723,1
447,"bart",45.6370580966245,-4.36294190337551,3.04374013953649,0.759758544660748,44.8772995519637,39.6714370448341,51.6026791484149,38.9116785001733,50.8429206037542,1,1,0,1,1286.13925004005,1290.53498506546,1
448,"bart",54.0037597732768,4.00375977327676,3.75261937775806,0.141716825345021,53.8620429479317,46.6487609451839,61.3587586013697,46.5070441198388,61.2170417760247,1,1,0,1,1334.8047311306,1339.98595499992,1
449,"bart",54.0129568106481,4.01295681064813,3.18711143769884,-0.690840212447995,54.7037970230961,47.7663331780427,60.2595804432535,48.4571733904907,60.9504206557015,1,1,0,1,1348.25184607506,1354.05913281441,1
450,"bart",50.6230217885441,0.623021788544079,2.99702095650435,0.944703731769863,49.6783180567742,44.7489686528838,56.4970749242044,43.8042649211139,55.5523711924345,1,1,0,1,1347.69418716431,1352.09644699097,1
451,"bart",49.1333561802702,-0.866643819729845,2.79660561053072,-0.212227689423095,49.3455838696933,43.6521099046673,54.614602455873,43.8643375940904,54.8268301452961,1,1,0,1,1291.25351881981,1296.4088640213,1
452,"bart",55.398200945996,5.39820094599597,3.41031432462927,-0.282939864045503,55.6811408100415,48.7141076937616,62.0822941982304,48.9970475578071,62.3652340622759,1,1,0,1,1315.00332999229,1319.74226713181,1
453,"bart",50.0114690859208,0.0114690859207656,3.01260598797325,-0.851708169543357,50.8631772554641,44.1068698498835,55.916068321958,44.9585780194268,56.7677764915014,1,1,0,1,1283.22783923149,1288.40718197823,1
454,"bart",53.1064711575366,3.10647115753658,3.17206215961259,-0.107603529672012,53.2140746872086,46.8893435679736,59.3235987470996,46.9969470976456,59.4312022767716,1,1,0,1,1345.63488793373,1352.46635985374,1
455,"bart",48.4617427744994,-1.53825722550064,2.99441836955577,-0.111362253422136,48.5731050279215,42.5927906155249,54.3306949334738,42.704152868947,54.442057186896,1,1,0,1,1286.12764883041,1290.12300777435,1
456,"bart",51.5646900053617,1.56469000536169,3.10221590571734,-0.423079761058361,51.98776976642,45.4844585578884,57.644921452835,45.9075383189468,58.0680012138933,1,1,0,1,1310.6259059906,1317.04813194275,1
457,"bart",45.4277147069281,-4.57228529307193,3.00560116024401,1.20557843442036,44.2221362725077,39.536844680958,51.3185847328981,38.3312662465377,50.1130062984778,1,1,0,1,1329.82249498367,1334.98849606514,1
458,"bart",50.1457597197217,0.145759719721724,2.76866179670319,-0.630878606830741,50.7766383265525,44.7192823128115,55.5722371266319,45.3501609196423,56.2031157334627,1,1,0,1,1323.73088502884,1328.76070809364,1
459,"bart",53.4241384175891,3.42413841758911,3.23286529654378,-0.619766355532242,54.0439047731214,47.0878388694939,59.7604379656843,47.7076052250261,60.3802043212166,1,1,0,1,1334.25602889061,1338.66326403618,1
460,"bart",45.7705611221467,-4.22943887785333,2.96057070803014,0.861199154158562,44.9093619679881,39.9679491607234,51.57317308357,39.1067500065648,50.7119739294114,1,1,0,1,1289.67157888412,1294.25325298309,1
461,"bart",44.3677294913005,-5.63227050869948,3.31214460013226,0.533925675820122,43.8338038154804,37.8760453634525,50.8594136191486,37.3421196876324,50.3254879433284,1,1,0,1,1309.33893585205,1314.47364497185,1
462,"bart",47.3054389590549,-2.69456104094511,3.14729823152198,0.181120795618519,47.1243181634364,41.1368477766652,53.4740301414446,40.9557269810467,53.2929093458261,1,1,0,1,1311.21864700317,1316.43980693817,1
463,"bart",53.0713631256228,3.07136312562275,3.44969372051893,0.474807291054063,52.5965558345687,46.3100876757117,59.8326385755338,45.8352803846576,59.3578312844798,1,1,0,1,1295.06326293945,1299.4578230381,1
464,"bart",52.4092299108263,2.40922991082628,3.28205508525912,0.861705562889583,51.5475243479367,45.9765201484419,58.8419396732107,45.1148145855523,57.9802341103211,1,1,0,1,938.642995834351,941.862404108047,1
465,"bart",49.002978260514,-0.997021739485973,3.01032456811428,-0.14017794221315,49.1431562027272,43.102850525234,54.9031059957941,43.2430284674471,55.0432839380072,1,1,0,1,1284.50685501099,1291.24529910088,1
466,"bart",47.3167923931858,-2.68320760681424,2.78856270936885,1.05785350414964,46.2589388890361,41.8513099141914,52.7822748721801,40.7934564100417,51.7244213680305,1,1,0,1,1287.31773996353,1292.96474289894,1
467,"bart",48.2139576634973,-1.78604233650273,3.10910427561276,0.0790752127894052,48.1348824507079,42.1202252591168,54.3076900678778,42.0411500463274,54.2286148550884,1,1,0,1,1295.97517991066,1300.54892301559,1
468,"bart",51.2689310119164,1.26893101191637,3.29351001262747,1.23492995511992,50.0340010567964,44.8137700044445,57.7240920193883,43.5788400493246,56.4891620642683,1,1,0,1,1298.96010398865,1304.22786617279,1
469,"bart",47.8950292926207,-2.10497070737929,3.10671631893709,-0.120690234257893,48.0157195268786,41.8059771973212,53.9840813879203,41.9266674315791,54.1047716221781,1,1,0,1,1330.14053106308,1334.71254897118,1
470,"bart",52.3851360035123,2.38513600351228,2.95356111853112,-0.076666676505198,52.4618026800175,46.5962625850535,58.1740094219711,46.6729292615587,58.2506760984763,1,1,0,1,941.547904014587,944.78592300415,1
471,"bart",58.1981611745888,8.19816117458877,3.35880495375758,-0.273343801970292,58.4715049765591,51.6150244341292,64.7812979150483,51.8883682360995,65.0546417170186,0,0,1,1,929.895493984222,933.034717082977,0
472,"bart",52.5175672016558,2.51756720165581,3.17643712682236,0.0366618073422345,52.4809053943136,46.2918648339281,58.7432695693835,46.2552030265859,58.7066077620413,1,1,0,1,1312.48286700249,1317.78440499306,1
473,"bart",48.0445295270749,-1.95547047292515,3.01869784082263,-0.856512040106111,48.901041567181,42.1279904788537,53.961068575296,42.9845025189598,54.8175806154021,1,1,0,1,1299.08938694,1304.14129400253,1
474,"bart",45.8093312339865,-4.19066876601354,3.00170503028123,0.153564416593063,45.6557668173934,39.9260974824225,51.6925649855504,39.7725330658295,51.5390005689573,1,1,0,1,940.542253017426,943.75154709816,1
475,"bart",50.2490792120988,0.249079212098799,3.02624714697395,-0.702193913751898,50.9512731258507,44.3177437957128,56.1804146284848,45.0199377094647,56.8826085422367,1,1,0,1,933.553613901138,936.744151115417,1
476,"bart",51.8647737362241,1.86477373622406,3.26926545300655,0.523192278345029,51.341581457879,45.4571311924302,58.2724162800179,44.9339389140852,57.7492240016729,1,1,0,1,932.13818693161,935.34078001976,1
477,"bart",48.3773192921543,-1.6226807078457,2.87268963202393,0.398257683113513,47.9790616090408,42.7469510746258,54.0076875096828,42.3486933915123,53.6094298265693,1,1,0,1,936.73086309433,939.970874071121,1
478,"bart",52.0161683358577,2.01616833585774,3.146578339057,0.000634509253110593,52.0155338266046,45.8489881167722,58.1833485549433,45.8483536075191,58.1827140456902,1,1,0,1,941.662052869797,944.903182029724,1
479,"bart",52.1723379813569,2.17233798135688,3.54338535173208,-0.865251149701386,53.0375891310583,45.2274303086152,59.1172456540985,46.0926814583166,59.9824968037999,1,1,0,1,941.979957103729,945.134603023529,1
480,"bart",47.7823280401939,-2.21767195980612,2.82989245058061,-0.323353760271075,48.105681800465,42.2358407569341,53.3288153234537,42.5591945172052,53.6521690837247,1,1,0,1,937.151367902756,940.251115083694,1
481,"bart",46.0136336970289,-3.98636630297108,3.01286236453553,0.956763751182763,45.0568699458462,40.1085319721631,51.9187354218948,39.1517682209803,50.961971670712,1,1,0,1,934.342211008072,937.574812173843,1
482,"bart",51.920272383935,1.92027238393498,3.36541312202562,0.0579306559613855,51.8623417279736,45.3241838716663,58.5163608962037,45.2662532157049,58.4584302402423,1,1,0,1,1202.9840221405,1206.32244420052,1
483,"bart",49.4018231901996,-0.598176809800364,3.06550499296176,-0.785614510964869,50.1874377011645,43.3935438095669,55.4101025708324,44.1791583205317,56.1957170817973,1,1,0,1,1223.80367016792,1227.05341696739,1
484,"bart",47.6577200762526,-2.34227992374744,2.69399441184769,0.221575482802002,47.4361445934506,42.3775880544789,52.9378520980262,42.1560125716769,52.7162766152242,1,1,0,1,1222.45918011665,1225.87048482895,1
485,"bart",46.7396830606516,-3.26031693934836,2.95201464288629,-0.200930074631366,46.940613135283,40.9538406787596,52.5255254425436,41.154770753391,52.726455517175,1,1,0,1,1230.55376791954,1234.1148250103,1
486,"bart",53.2849390310205,3.28493903102049,3.1149677318704,-0.253622631673387,53.5385616626939,47.1797144635501,59.3901635984909,47.4333370952235,59.6437862301643,1,1,0,1,1232.72216486931,1236.01989912987,1
487,"bart",52.6652288391951,2.66522883919514,3.55166286880502,0.0614866911855927,52.6037421480096,45.7040975311091,59.6263601472812,45.6426108399235,59.5648734560956,1,1,0,1,1210.13311600685,1213.54646587372,1
488,"bart",52.803280821325,2.80328082132502,3.1298574226726,-0.552934267233745,53.3562150885588,46.6688729961414,58.9376886465087,47.2218072633751,59.4906229137424,1,1,0,1,1229.105864048,1232.4888958931,1
489,"bart",48.8013603787951,-1.19863962120486,2.79018340319896,0.048573568361256,48.7527868104339,43.3327013982638,54.2700193593265,43.2841278299025,54.2214457909652,1,1,0,1,1218.40233302116,1221.65144705772,1
490,"bart",51.6277695696847,1.62776956968473,3.25300973894736,0.0389498650182745,51.5888197046665,45.2519876399899,58.0035514993796,45.2130377749716,57.9646016343613,1,1,0,1,1223.67935299873,1226.99005508423,1
491,"bart",51.4850350539204,1.48503505392039,2.98086232604837,-0.662378645842971,52.1474136997634,45.6426522519933,57.3274178558475,46.3050308978363,57.9897965016904,1,1,0,1,1217.70547509193,1220.96603608131,1
492,"bart",49.519473949899,-0.48052605010102,3.24374303634729,-0.00622252815526991,49.5256964780543,43.1618544235557,55.8770934762423,43.168076951711,55.8833160043975,1,1,0,1,1218.37402510643,1221.72240900993,1
493,"bart",51.3659060506725,1.36590605067248,2.89510001661745,0.615536382009786,50.7503696686627,45.691614286461,57.040197814884,45.0760779044512,56.4246614328742,1,1,0,1,746.032608032227,752.797541856766,1
494,"bart",51.4050985961946,1.40509859619456,3.15501506405079,0.649994346486437,50.7551042497081,45.2213826999737,57.5888144924154,44.5713883534872,56.938820145929,1,1,0,1,737.328063011169,741.190439939499,1
495,"bart",54.9654743623249,4.96547436232489,3.07098898939695,-0.860000538383069,55.825474900708,48.9464465461878,60.984502178462,49.8064470845709,61.844502716845,1,1,0,1,737.476791858673,741.720615148544,1
496,"bart",48.8469942012128,-1.15300579878723,2.78476256520921,-0.517982982056303,49.3649771832691,43.3889598679074,54.3050285345182,43.9069428499637,54.8230115165745,1,1,0,1,741.065908193588,744.514314889908,1
497,"bart",49.5657694981818,-0.434230501818163,3.06766543078868,-0.29400227330261,49.8597717714844,43.5532557372175,55.5782832591462,43.8472580105201,55.8722855324488,1,1,0,1,743.241362810135,746.801254987717,1
498,"bart",47.2592971495593,-2.74070285044068,3.18356570857697,0.364523061821686,46.8947740877376,41.0196230183317,53.4989712807869,40.65509995651,53.1344482189652,1,1,0,1,747.562382936478,754.224941015244,1
499,"bart",53.472436436646,3.47243643664602,3.09201580306381,0.0473143386158483,53.4251220980302,47.4121968230123,59.5326760502798,47.3648824843964,59.4853617116639,1,1,0,1,736.96879696846,740.613487005234,1
500,"bart",54.6776898395353,4.67768983953529,2.86827828198886,-0.316286725161142,54.9939765646964,49.0559677091987,60.2994119698719,49.3722544343599,60.615698695033,1,1,0,1,736.036367893219,739.96409702301,1
