"replicate","Estimator","estimate","bias","bootstrap_se","bootstrap_bias","bc_estimate","ci_lower","ci_upper","bc_ci_lower","bc_ci_upper","covered_true_95","covered_true_95_bc","reject_h0_effect","reject_h0_null","bootstrap_time_sec","replicate_time_sec","covered_mc_mean_95"
1,"correct_model",45.8582910544382,-4.1417089455618,2.91134708228804,-0.0642079507423432,45.9224990051805,40.1521556266579,51.5644264822185,40.2163635774002,51.6286344329609,1,1,0,1,5.47053694725037,5.57140588760376,1
2,"correct_model",44.1742901591942,-5.82570984080581,2.71002110904774,-0.121985388847982,44.2962755480422,38.8627463881173,49.485833930271,38.9847317769653,49.607819319119,0,0,1,1,4.89261913299561,4.99639201164246,0
3,"correct_model",48.0664464553698,-1.93355354463021,2.89325544804605,-0.187505860412422,48.2539523157822,42.3957699791252,53.7371229316144,42.5832758395376,53.9246287920268,1,1,0,1,5.30882382392883,5.41782093048096,1
4,"correct_model",50.4488450582614,0.448845058261355,3.32213846446514,0.226553403997052,50.2222916542643,43.9375733162545,56.9601168002682,43.7110199122574,56.7335633962712,1,1,0,1,5.48360800743103,5.58198094367981,1
5,"correct_model",49.0065358773403,-0.993464122659731,2.74648395422035,-0.214083687889371,49.2206195652296,43.6235262429512,54.3895455117293,43.8376099308406,54.6036291996187,1,1,0,1,6.20350503921509,6.31237101554871,1
6,"correct_model",51.7093019178482,1.70930191784822,2.63059848206544,0.0896944179226438,51.6196074999256,46.5534236352142,56.8651802004822,46.4637292172916,56.7754857825596,1,1,0,1,5.99146103858948,6.10036587715149,1
7,"correct_model",50.7353371168245,0.735337116824539,3.17835691260844,-0.34265527173396,51.0779923885585,44.5058720380981,56.964802195551,44.848527309832,57.307457467285,1,1,0,1,5.24662685394287,5.35022401809692,1
8,"correct_model",53.9562146650157,3.95621466501568,3.27562039657161,0.099815971672669,53.856398693343,47.5361166607105,60.3763126693208,47.4363006890378,60.2764966976482,1,1,0,1,5.7151370048523,5.82344007492065,1
9,"correct_model",45.9082039451622,-4.0917960548378,2.7032811918323,-0.13298658569569,46.0411905308579,40.6098701690864,51.206537721238,40.7428567547821,51.3395243069337,1,1,0,1,6.19813203811646,6.29344296455383,1
10,"correct_model",49.5884704159202,-0.411529584079801,3.10451748879906,0.000318316005746055,49.5881520999145,43.5037279484993,55.6732128833411,43.5034096324936,55.6728945673353,1,1,0,1,5.54500102996826,5.63559889793396,1
11,"correct_model",43.6051272760939,-6.3948727239061,2.79558496176052,0.218628537458926,43.386498738635,38.1258814353215,49.0843731168663,37.9072528978626,48.8657445794074,0,0,1,1,5.63704013824463,5.7372100353241,0
12,"correct_model",50.1106874376508,0.110687437650775,2.98704694744833,-0.843607307078507,50.9542947447293,44.2561830005217,55.9651918747798,45.0997903076003,56.8087991818583,1,1,0,1,3.92578196525574,3.93415689468384,1
13,"correct_model",50.4929914993194,0.492991499319416,2.81725452742853,-0.187691823911727,50.6806833232311,44.9712740902771,56.0147089083618,45.1589659141888,56.2024007322735,1,1,0,1,4.10323190689087,4.11577892303467,1
14,"correct_model",50.8677457690459,0.867745769045882,3.10861687584424,0.0662747661589407,50.8014710028869,44.7749686506577,56.960522887434,44.7086938844988,56.8942481212751,1,1,0,1,3.8607771396637,3.87973499298096,1
15,"correct_model",47.7472626785428,-2.25273732145716,3.15998795663574,0.0457261810945582,47.7015364974483,41.5538000919565,53.9407252651292,41.5080739108619,53.8949990840346,1,1,0,1,3.59655809402466,3.6063117980957,1
16,"correct_model",54.2270915858977,4.22709158589768,3.12637918982374,0.375096502978536,53.8519950829191,48.0995009718276,60.3546821999677,47.7244044688491,59.9795856969892,1,1,0,1,3.42144203186035,3.43705916404724,1
17,"correct_model",52.6798066399492,2.67980663994923,3.39158527944458,-0.52125922847997,53.2010658684292,46.0324216417416,59.3271916381568,46.5536808702216,59.8484508666368,1,1,0,1,3.47473502159119,3.52272987365723,1
18,"correct_model",48.7794137737572,-1.2205862262428,3.00361236638631,-0.11021514039588,48.8896289141531,42.8924417121209,54.6663858353935,43.0026568525168,54.7766009757894,1,1,0,1,3.91358804702759,3.9218099117279,1
19,"correct_model",53.0323590380054,3.03235903800537,3.5287762978815,0.272130266886229,52.7602287711191,46.1160845846591,59.9486334913517,45.8439543177728,59.6765032244654,1,1,0,1,3.65480995178223,3.66551399230957,1
20,"correct_model",46.5391364762961,-3.46086352370392,2.83898996565355,0.450722134651983,46.0884143416441,40.9748183911445,52.1034545614476,40.5240962564925,51.6527324267957,1,1,0,1,3.27391982078552,3.29923701286316,1
21,"correct_model",48.5648657659944,-1.43513423400557,2.73717583984334,0.186755028670056,48.3781107373244,43.2000997005483,53.9296318314406,43.0133446718782,53.7428768027705,1,1,0,1,3.67449402809143,3.68138694763184,1
22,"correct_model",47.7033106328107,-2.29668936718926,2.78563323231702,0.135941079257762,47.567369553553,42.2435698233315,53.16305144229,42.1076287440737,53.0271103630322,1,1,0,1,3.63503694534302,3.65579414367676,1
23,"correct_model",48.8763477800008,-1.12365221999922,2.92872682932633,-0.0791709954371314,48.9555187754379,43.136148673965,54.6165468860366,43.2153196694021,54.6957178814737,1,1,0,1,2.4325168132782,2.44051003456116,1
24,"correct_model",50.5052181294982,0.505218129498246,2.86536030741525,-0.431545200350747,50.936763329849,44.8892151242337,56.1212211347628,45.3207603245845,56.5527663351135,1,1,0,1,2.32132697105408,2.32773208618164,1
25,"correct_model",46.5812774838456,-3.41872251615445,2.89434552639067,-0.167002703243277,46.7482801870888,40.9084644933052,52.2540904743859,41.0754671965485,52.4210931776292,1,1,0,1,2.25822520256042,2.2652051448822,1
26,"correct_model",49.0458066031927,-0.954193396807298,2.95464214068513,0.144895380099982,48.9009112230927,43.2548144202455,54.8367987861399,43.1099190401455,54.6919034060399,1,1,0,1,2.35722899436951,2.36364006996155,1
27,"correct_model",47.5796824376339,-2.42031756236609,2.89469521228553,0.282175905177105,47.2975065324568,41.9061840753337,53.2531807999341,41.6240081701566,52.971004894757,1,1,0,1,2.33078980445862,2.36013793945312,1
28,"correct_model",55.7336673152619,5.73366731526191,3.31105176186399,-0.0308104905517794,55.7644778058137,49.2441251110606,62.2232095194632,49.2749356016124,62.254020010015,1,1,0,1,2.32701396942139,2.34022402763367,1
29,"correct_model",54.6027364740164,4.60273647401637,3.38991267480781,-0.0084987086978785,54.6112351827142,47.9586297206572,61.2468432273755,47.9671284293551,61.2553419360734,1,1,0,1,2.33998322486877,2.35461115837097,1
30,"correct_model",47.509382588778,-2.49061741122202,2.55318573548025,-0.0618670753599062,47.5712496641379,42.5052305013953,52.5135346761607,42.5670975767552,52.5754017515206,1,1,0,1,2.38547992706299,2.40045714378357,1
31,"correct_model",53.9539204190494,3.95392041904943,2.8939189687086,-0.332031244838007,54.2859516638874,48.2819434662033,59.6258973718956,48.6139747110413,59.9579286167336,1,1,0,1,2.3561680316925,2.36273908615112,1
32,"correct_model",53.0350416753515,3.03504167535145,3.17356553240332,0.298533066462738,52.7365086088887,46.8149675292633,59.2551158214396,46.5164344628005,58.9565827549769,1,1,0,1,2.40165996551514,2.4117329120636,1
33,"correct_model",50.6517087232039,0.651708723203896,3.14383519363728,-0.0352078382194989,50.6869165614234,44.4899049703453,56.8135124760625,44.5251128085648,56.848720314282,1,1,0,1,2.25344514846802,2.25975799560547,1
34,"correct_model",48.6105472843524,-1.38945271564761,3.04541776943491,-0.406445335174269,49.0169926195267,42.6416381383817,54.5794564303231,43.0480834735559,54.9859017654974,1,1,0,1,2.43616199493408,2.450355052948,1
35,"correct_model",53.8206797936239,3.82067979362387,3.13454667116214,-0.150752065075601,53.9714318586995,47.6770812102862,59.9642783769616,47.8278332753618,60.1150304420372,1,1,0,1,2.45661282539368,2.47109603881836,1
36,"correct_model",49.2327073496215,-0.767292650378536,3.17627986530899,-0.54169363059799,49.7744009802195,43.0073132087961,55.4581014904468,43.5490068393941,55.9997951210448,1,1,0,1,2.30916976928711,2.31740283966064,1
37,"correct_model",55.0793543501328,5.0793543501328,3.14644227007587,-0.184429895788142,55.2637842459209,48.9124408213497,61.246267878916,49.0968707171378,61.4306977747041,1,1,0,1,2.42976880073547,2.43714594841003,1
38,"correct_model",47.383361091784,-2.61663890821596,3.15378197355046,-0.317422303907833,47.7007833956919,41.2020620085335,53.5646601750346,41.5194843124413,53.8820824789424,1,1,0,1,2.31115388870239,2.31854891777039,1
39,"correct_model",53.4564870930231,3.45648709302311,3.25806888115784,-0.102123085351138,53.5586101783743,47.070789426803,59.8421847592432,47.1729125121542,59.9443078445943,1,1,0,1,2.44488716125488,2.45672488212585,1
40,"correct_model",49.6539492189318,-0.346050781068229,2.63139650633786,0.159925550369351,49.4940236685624,44.496506837465,54.8113916003985,44.3365812870957,54.6514660500292,1,1,0,1,2.52281308174133,2.53606390953064,1
41,"correct_model",53.6526056685981,3.65260566859811,2.87842819318867,-0.390365354397915,54.042971022996,48.0109900778636,59.2942212593326,48.4013554322615,59.6845866137305,1,1,0,1,2.40046811103821,2.41729283332825,1
42,"correct_model",49.3295478828605,-0.670452117139519,3.34627781064462,-0.0701295459405316,49.399677428801,42.7709638917315,55.8881318739895,42.841093437672,55.95826141993,1,1,0,1,2.39199495315552,2.40771102905273,1
43,"correct_model",54.8640407089366,4.86404070893663,3.00587067530918,0.153629651926643,54.71041105701,48.9726424431455,60.7554389747277,48.8190127912189,60.6018093228011,1,1,0,1,2.40691804885864,2.43648791313171,1
44,"correct_model",52.5999704450955,2.59997044509547,3.400842140121,-0.150795812112811,52.7507662572083,45.9344423333522,59.2654985568388,46.085238145465,59.4162943689516,1,1,0,1,2.36774110794067,2.37945795059204,1
45,"correct_model",51.2073060061833,1.2073060061833,2.94903399114246,-0.0455873485785077,51.2528933547618,45.4273055943597,56.987306418007,45.4728929429382,57.0328937665855,1,1,0,1,5.83371782302856,5.84827899932861,1
46,"correct_model",48.8061767143262,-1.19382328567382,2.83793160224045,-0.128655702962575,48.9348324172888,43.2439329833468,54.3684204453055,43.3725886863094,54.4970761482681,1,1,0,1,6.37382292747498,6.38149309158325,1
47,"correct_model",44.5449574855228,-5.45504251447723,3.19504541591009,0.0692033418723526,44.4757541436504,38.2827835413692,50.8071314296763,38.2135801994969,50.737928087804,1,1,0,1,6.42082595825195,6.42845392227173,1
48,"correct_model",48.0975870100727,-1.90241298992726,2.89112770438976,0.41107094360396,47.6865160664688,42.4310808347629,53.7640931853826,42.0200098911589,53.3530222417787,1,1,0,1,6.51474094390869,6.52294588088989,1
49,"correct_model",54.6368354871458,4.6368354871458,3.03749655075588,0.00536870121084831,54.631466785935,48.6834516444996,60.590219329792,48.6780829432888,60.5848506285811,1,1,0,1,5.08847093582153,5.10039401054382,1
50,"correct_model",54.8377563889551,4.8377563889551,3.18197846497517,-0.145128563591378,54.9828849525465,48.6011931980217,61.0743195798885,48.7463217616131,61.2194481434799,1,1,0,1,6.18946194648743,6.19700288772583,1
51,"correct_model",50.9154896411446,0.915489641144603,2.85596207657197,0.162631345986817,50.7528582951578,45.3179068298513,56.5130724524379,45.1552754838645,56.3504411064511,1,1,0,1,5.90420794487,5.91200709342957,1
52,"correct_model",51.3450805754571,1.34508057545708,3.08157790264596,-0.416824378261282,51.7619049537184,45.3052988707165,57.3848622801976,45.7221232489778,57.8016866584589,1,1,0,1,5.13240599632263,5.15113592147827,1
53,"correct_model",48.070307028346,-1.92969297165396,3.1129707260993,0.21311718264684,47.8571898456992,41.9689965202639,54.1716175364282,41.7558793376171,53.9585003537813,1,1,0,1,5.83980083465576,5.85386490821838,1
54,"correct_model",45.9168428661634,-4.08315713383656,2.89721380188133,-0.0968017319883288,46.0136445981518,40.2384081589637,51.5952775733632,40.335209890952,51.6920793053515,1,1,0,1,6.05165886878967,6.06112003326416,1
55,"correct_model",47.5240995114132,-2.47590048858677,3.05086841021762,-0.409505721503187,47.9336052329164,41.5445073058157,53.5036917170107,41.9540130273189,53.9131974385139,1,1,0,1,5.52420902252197,5.5328860282898,1
56,"correct_model",46.7272877949559,-3.27271220504414,2.89604167886722,0.360610509314895,46.366677285641,41.0511504066492,52.4034251832625,40.6905398973343,52.0428146739476,1,1,0,1,4.54274892807007,4.58463096618652,1
57,"correct_model",54.4560932271091,4.45609322710911,3.14816295487016,0.332902598888474,54.1231906282206,48.2858072181004,60.6263792361178,47.9529046192119,60.2934766372293,1,1,0,1,4.27376008033752,4.2913179397583,1
58,"correct_model",50.992413856711,0.992413856710996,2.706632514696,0.16124373336045,50.8311701233505,45.6875116085218,56.2973161049002,45.5262678751613,56.1360723715398,1,1,0,1,3.96325993537903,3.97587299346924,1
59,"correct_model",54.4200583945411,4.42005839454109,3.05204758452699,-0.133438832215994,54.5534972267571,48.4381550497657,60.4019617393165,48.5715938819817,60.5354005715324,1,1,0,1,4.78173398971558,4.80469918251038,1
60,"correct_model",50.481722468353,0.481722468352984,3.18998158030371,0.833384543095455,49.6483379252575,44.2294734596115,56.7339714770944,43.3960889165161,55.900586933999,1,1,0,1,4.36894011497498,4.40402507781982,1
61,"correct_model",54.9196688405428,4.9196688405428,3.1095523182881,0.253843844781755,54.665824995761,48.8250582886551,61.0142793924305,48.5712144438733,60.7604355476487,1,1,0,1,3.93442296981812,3.94757795333862,1
62,"correct_model",54.7396551662742,4.73965516627417,3.11159360659507,0.857641232879182,53.882013933395,48.6410437628227,60.8382665697256,47.7834025299436,59.9806253368464,1,1,0,1,4.05981492996216,4.11234617233276,1
63,"correct_model",50.683837588293,0.683837588292988,2.61896835701332,0.113609781937988,50.570227806355,45.5507539318968,55.8169212446891,45.4371441499588,55.7033114627512,1,1,0,1,4.1652500629425,4.18670701980591,1
64,"correct_model",50.1194833438947,0.1194833438947,3.21406940097358,0.241720532980274,49.8777628109144,43.8200230741743,56.4189436136151,43.578302541194,56.1772230806349,1,1,0,1,4.04537320137024,4.06739616394043,1
65,"correct_model",53.8464938439825,3.84649384398246,3.25528503536381,-0.000632417769161009,53.8471262617516,47.4662524152572,60.2267352727077,47.4668848330264,60.2273676904769,1,1,0,1,3.58643484115601,3.6076819896698,1
66,"correct_model",47.4552392067601,-2.54476079323987,2.79032403815106,0.144562811526264,47.3106763952339,41.9863045867877,52.9241738267326,41.8417417752614,52.7796110152063,1,1,0,1,3.92716097831726,3.94664788246155,1
67,"correct_model",46.9969994826872,-3.00300051731281,2.96159800397285,0.292136175727101,46.7048633069601,41.1923740582147,52.8016249071597,40.9002378824876,52.5094887314326,1,1,0,1,3.99767088890076,4.02217292785645,1
68,"correct_model",45.4113343727497,-4.58866562725025,2.8455075875412,0.44287928069955,44.9684550920502,39.8342419834335,50.988426762066,39.391362702734,50.5455474813664,1,1,0,1,3.77850985527039,3.80629706382751,1
69,"correct_model",47.2531940754538,-2.74680592454618,3.11331003456774,0.102159989167838,47.151034086286,41.1512185349939,53.3551696159137,41.0490585458261,53.2530096267459,1,1,0,1,4.30245995521545,4.31834411621094,1
70,"correct_model",49.5931141656276,-0.406885834372375,3.14452171622053,0.154996552259668,49.438117613368,43.4299648532313,55.7562634780239,43.2749683009716,55.6012669257643,1,1,0,1,4.16011810302734,4.17655801773071,1
71,"correct_model",47.6090718538611,-2.3909281461389,2.91278213688362,-0.442369696928495,48.0514415507896,41.9001237707576,53.3180199369646,42.3424934676861,53.7603896338931,1,1,0,1,4.56795501708984,4.57997107505798,1
72,"correct_model",47.5416367750062,-2.4583632249938,2.94646964570327,0.140793037587883,47.4008437374183,41.7666623878873,53.3166111621251,41.6258693502994,53.1758181245372,1,1,0,1,4.42376399040222,4.43896007537842,1
73,"correct_model",50.7348974832356,0.734897483235613,2.96406501415703,-0.320124997249195,51.0550224804848,44.9254368076526,56.5443581588186,45.2455618049018,56.8644831560678,1,1,0,1,4.16678380966187,4.18424010276794,1
74,"correct_model",45.954554821732,-4.045445178268,2.85770287858352,0.296830866420102,45.6577239553119,40.3535601011919,51.5555495422721,40.0567292347718,51.258718675852,1,1,0,1,3.80859708786011,3.81800293922424,1
75,"correct_model",53.1118251924232,3.1118251924232,3.02196610406984,0.855435394123774,52.2563897982994,47.1888804659455,59.0347699189009,46.3334450718217,58.1793345247771,1,1,0,1,3.91844797134399,3.9279100894928,1
76,"correct_model",49.7765926774571,-0.223407322542855,2.77406507245359,0.282527833287297,49.4940648441698,44.3395250446776,55.2136603102367,44.0569972113903,54.9311324769494,1,1,0,1,4.01005721092224,4.03851008415222,1
77,"correct_model",54.1929156996702,4.19291569967024,3.08731725642117,0.130836589584696,54.0620791100855,48.1418850682357,60.2439463311047,48.011048478651,60.11310974152,1,1,0,1,4.325364112854,4.33984899520874,1
78,"correct_model",52.3666607970471,2.36666079704709,3.35236011821208,1.12418873218019,51.2424720648669,45.796155702143,58.9371658919512,44.6719669699628,57.812977159771,1,1,0,1,3.8439450263977,3.89163613319397,1
79,"correct_model",52.3646460114816,2.36464601148163,3.04415322833517,-0.270554307671723,52.6352003191533,46.3982153205234,58.3310767024399,46.6687696281951,58.6016310101116,1,1,0,1,4.01224493980408,4.01969695091248,1
80,"correct_model",52.3818973838305,2.38189738383049,2.95621933998707,-0.311121691936869,52.6930190757674,46.5878139470551,58.1759808206059,46.8989356389919,58.4871025125428,1,1,0,1,3.81241178512573,3.82073092460632,1
81,"correct_model",49.1300798302198,-0.869920169780173,2.89222309928908,-0.187906374726765,49.3179862049466,43.4614267203584,54.7987329400812,43.6493330950852,54.986639314808,1,1,0,1,3.67799401283264,3.69719004631042,1
82,"correct_model",50.9481221825938,0.948122182593806,2.80756320432031,0.0868253294693417,50.8612968531245,45.4453994178061,56.4508449473815,45.3585740883368,56.3640196179121,1,1,0,1,3.96739101409912,3.9788818359375,1
83,"correct_model",43.9609622056089,-6.03903779439106,2.87051616465038,0.106094835680558,43.8548673699284,38.3348539058541,49.5870705053637,38.2287590701736,49.4809756696832,0,0,1,1,3.80259108543396,3.81064009666443,0
84,"correct_model",52.244800143264,2.244800143264,2.72638811359572,0.425884331515284,51.8189158117487,46.9011776327383,57.5884226537897,46.475293301223,57.1625383222744,1,1,0,1,4.03068089485168,4.0464780330658,1
85,"correct_model",52.502383340899,2.50238334089897,3.05282233325886,-0.107541340686943,52.6099246815859,46.5189615165121,58.4858051652859,46.626502857199,58.5933465059728,1,1,0,1,3.85926699638367,3.87143516540527,1
86,"correct_model",42.8631451246593,-7.13685487534066,2.82916971347225,0.49291081331436,42.370234311345,37.3180743801022,48.4082158692165,36.8251635667879,47.9153050559021,0,0,1,1,3.84876894950867,3.86755585670471,0
87,"correct_model",56.2827061793986,6.28270617939863,3.0090321664061,0.116077718979227,56.1666284604194,50.3851115049201,62.1803008538771,50.2690337859409,62.0642231348979,0,0,1,1,3.93755507469177,3.9517068862915,0
88,"correct_model",48.2322050305853,-1.76779496941468,2.71368288313235,-0.0560502563907548,48.2882552869761,42.9134843141831,53.5509257469875,42.9695345705738,53.6069760033783,1,1,0,1,3.68125796318054,3.69355702400208,1
89,"correct_model",56.1453795374639,6.14537953746388,3.17874905356542,-0.0649519088663624,56.2103314463302,49.9151458765849,62.3756131983429,49.9800977854512,62.4405651072092,1,1,0,1,5.49839019775391,5.51412606239319,1
90,"correct_model",50.0917260284203,0.0917260284202541,3.11628987933492,0.141072710557324,49.9506533178629,43.9839100995371,56.1995419573034,43.8428373889798,56.058469246746,1,1,0,1,5.50904297828674,5.52278184890747,1
91,"correct_model",52.5979716897843,2.59797168978426,3.1719616193794,0.347245088993859,52.2507266007904,46.3810411554573,58.8149022241112,46.0337960664634,58.4676571351174,1,1,0,1,5.10709595680237,5.12004590034485,1
92,"correct_model",47.6570275974579,-2.34297240254209,2.74526703586959,-0.267029710860143,47.9240573083181,42.2764030792085,53.0376521157073,42.5434327900686,53.3046818265675,1,1,0,1,4.99872088432312,5.01481509208679,1
93,"correct_model",49.7819779766206,-0.21802202337939,3.04311944587259,0.372440331540957,49.4095376450797,43.8175734620569,55.7463824911844,43.4451331305159,55.3739421596434,1,1,0,1,5.32034206390381,5.33720207214355,1
94,"correct_model",56.612031337711,6.61203133771097,2.84259912479113,0.161812053525047,56.4502192841859,51.0406394306353,62.1834232447867,50.8788273771102,62.0216111912616,0,0,1,1,5.2088258266449,5.23321795463562,0
95,"correct_model",49.5973509832435,-0.402649016756456,3.05357325736662,-0.216350893290191,49.8137018765337,43.6124573746503,55.5822445918368,43.8288082679405,55.798595485127,1,1,0,1,5.50647115707397,5.52119302749634,1
96,"correct_model",51.5257716341889,1.52577163418891,2.97865336176138,0.346238028074112,51.1795336061148,45.6877183227075,57.3638249456704,45.3414802946333,57.0175869175963,1,1,0,1,3.30928897857666,3.32309293746948,1
97,"correct_model",50.9182966124956,0.918296612495595,3.04651417525238,0.292706669601365,50.6255899428942,44.9472385506102,56.889354674381,44.6545318810088,56.5966480047796,1,1,0,1,3.97982406616211,3.99813199043274,1
98,"correct_model",53.3617875522941,3.36178755229409,3.51116544686143,0.163769899619339,53.1980176526747,46.4800297326842,60.243545371904,46.3162598330649,60.0797754722846,1,1,0,1,4.51642894744873,4.55367994308472,1
99,"correct_model",50.4801379336134,0.48013793361342,3.19170268891213,0.137110285468637,50.3430276481448,44.224515613986,56.7357602532408,44.0874053285174,56.5986499677722,1,1,0,1,3.48095083236694,3.5128059387207,1
100,"correct_model",47.0353507573029,-2.96464924269709,2.89551610597547,-0.489517665745808,47.5248684230487,41.3602434729353,52.7104580416705,41.8497611386811,53.1999757074163,1,1,0,1,3.44053602218628,3.45509886741638,1
101,"correct_model",47.6378367459089,-2.36216325409112,2.88068017229686,0.017087883223752,47.6207488626851,41.9918073572284,53.2838661345894,41.9747194740047,53.2667782513656,1,1,0,1,3.80846118927002,3.82372403144836,1
102,"correct_model",47.8975529473511,-2.10244705264886,2.83831289628341,0.30644322030264,47.5911097270485,42.3345618937801,53.4605440009222,42.0281186734774,53.1541007806196,1,1,0,1,4.04858708381653,4.10861992835999,1
103,"correct_model",49.6771930082147,-0.322806991785313,3.14641898276447,0.458437321157852,49.2187556870568,43.5103251217232,55.8440608947062,43.0518878005653,55.3856235735483,1,1,0,1,3.70684695243835,3.73544692993164,1
104,"correct_model",50.6779568332084,0.677956833208384,2.92234498307269,0.438615468535914,50.2393413646725,44.9502659159846,56.4056477504322,44.5116504474487,55.9670322818963,1,1,0,1,3.84228992462158,3.86691403388977,1
105,"correct_model",51.7945931189597,1.79459311895967,2.79858759109518,0.364152988622536,51.4304401303371,46.3094622328324,57.2797240050869,45.9453092442099,56.9155710164644,1,1,0,1,3.80111384391785,3.81240701675415,1
106,"correct_model",50.2644580573735,0.264458057373517,3.19431394217052,-0.214015056251093,50.4784731136246,44.0037177754051,56.5251983393419,44.2177328316562,56.739213395593,1,1,0,1,3.61402487754822,3.62847399711609,1
107,"correct_model",48.974528110127,-1.02547188987299,2.85259567712102,-0.258206898217338,49.2327350083443,43.3835433205152,54.5655128997389,43.6417502187325,54.8237197979562,1,1,0,1,5.48206305503845,5.49942588806152,1
108,"correct_model",52.697308923247,2.69730892324699,2.87323603254835,-0.0469845906383242,52.7442935138853,47.0658697803695,58.3287480661245,47.1128543710078,58.3757326567628,1,1,0,1,4.30872392654419,4.33416891098022,1
109,"correct_model",47.0465553245737,-2.95344467542633,2.56440393144118,-0.052996770694385,47.0995520952681,42.020415977136,52.0726946720113,42.0734127478304,52.1256914427057,1,1,0,1,4.52913498878479,4.53605198860168,1
110,"correct_model",46.3778861484656,-3.62211385153444,3.01361896348041,-0.0395290449603252,46.4174151934259,40.471301516917,52.2844707800141,40.5108305618773,52.3239998249744,1,1,0,1,4.81496787071228,4.83310985565186,1
111,"correct_model",49.490074495082,-0.509925504917987,3.06352584909788,0.11098833987144,49.3790861552106,43.4856741651427,55.4944748250213,43.3746858252712,55.3834864851499,1,1,0,1,3.43131399154663,3.45004391670227,1
112,"correct_model",49.4827999746527,-0.517200025347329,2.83613437792749,-0.129336995714517,49.6121369703672,43.9240787385989,55.0415212107065,44.0534157343134,55.170858206421,1,1,0,1,3.46424293518066,3.4807300567627,1
113,"correct_model",49.4117406514343,-0.588259348565686,3.29936865513279,0.0467275931583373,49.365013058276,42.9450969156537,55.8783843872149,42.8983693224954,55.8316567940566,1,1,0,1,3.56385087966919,3.58451700210571,1
114,"correct_model",53.9038619329063,3.90386193290627,3.04295253710747,-0.295460457070838,54.1993223899771,47.9397845535108,59.8679393123017,48.2352450105817,60.1633997693725,1,1,0,1,3.26568293571472,3.28105592727661,1
115,"correct_model",51.2622867393176,1.26228673931757,3.28766805436434,0.189551756933753,51.0727349823838,44.8185757596406,57.7059977189946,44.6290240027068,57.5164459620608,1,1,0,1,3.6006920337677,3.62014198303223,1
116,"correct_model",54.3608454561609,4.36084545616087,3.38870946509592,-0.337334188205126,54.698179644366,47.7190969505029,61.0025939618189,48.056431138708,61.339928150024,1,1,0,1,3.51046514511108,3.53431701660156,1
117,"correct_model",41.4550224333617,-8.54497756663832,2.97000519035718,0.0409519026651921,41.4140705306965,35.6339192263646,47.2761256403588,35.5929673236994,47.2351737376936,0,0,1,1,3.44720387458801,3.45794701576233,0
118,"correct_model",45.7669165675614,-4.23308343243865,3.49384597802095,0.125168324166097,45.6417482433953,38.9191042831102,52.6147288520125,38.7939359589441,52.4895605278464,1,1,0,1,3.16087102890015,3.17529892921448,1
119,"correct_model",55.9892267900899,5.98922679008986,3.21877879165165,0.244957306798568,55.7442694832913,49.6805362842513,62.2979172959285,49.4355789774527,62.0529599891299,1,1,0,1,3.07582116127014,3.09023189544678,1
120,"correct_model",53.7640793476975,3.7640793476975,3.11904592538629,-0.122834526188988,53.8869138738865,47.650861667814,59.877297027581,47.773696194003,60.00013155377,1,1,0,1,3.20535707473755,3.22243309020996,1
121,"correct_model",49.6045997778663,-0.395400222133716,2.7957231189788,0.284463211899599,49.3201365659667,44.1250831539219,55.0841164018107,43.8406199420223,54.7996531899111,1,1,0,1,3.00100708007812,3.01555395126343,1
122,"correct_model",52.6049108838763,2.60491088387631,3.34685192861329,0.0288353375217767,52.5760755463545,46.0452016422059,59.1646201255468,46.0163663046841,59.135784788025,1,1,0,1,3.36285090446472,3.46784591674805,1
123,"correct_model",50.669496557348,0.66949655734804,2.94383608711157,-0.119258790079293,50.7887553474273,44.89968385022,56.439309264476,45.0189426402993,56.5585680545553,1,1,0,1,3.46069407463074,3.50490117073059,1
124,"correct_model",46.7248607497274,-3.27513925027264,2.80757860498392,-0.28241175639193,47.0072725061193,41.2221078001937,52.2276136992611,41.5045195565856,52.510025455653,1,1,0,1,3.64139008522034,3.67000293731689,1
125,"correct_model",55.1696586305976,5.16965863059755,3.29711816383554,0.194629477690924,54.9750291529066,48.7074257767071,61.631891484488,48.5127962990161,61.4372620067971,1,1,0,1,3.570965051651,3.60334897041321,1
126,"correct_model",53.0719784613521,3.0719784613521,2.85568753275211,-0.272327711514023,53.3443061728661,47.4749337460579,58.6690231766463,47.7472614575719,58.9413508881603,1,1,0,1,3.48439192771912,3.54559302330017,1
127,"correct_model",49.3159156445085,-0.684084355491464,2.70630091768929,-0.0607897569144811,49.376705401423,44.0116633145098,54.6201679745072,44.0724530714243,54.6809577314217,1,1,0,1,3.25814986228943,3.27783703804016,1
128,"correct_model",49.3927606737026,-0.607239326297432,3.28327874056823,-0.19362943370276,49.5863901074053,42.9576525909828,55.8278687564223,43.1512820246856,56.0214981901251,1,1,0,1,3.55928587913513,3.60372710227966,1
129,"correct_model",48.4078966108994,-1.59210338910064,3.05753309801467,-0.0974037726741983,48.5053003835736,42.4152418572514,54.4005513645473,42.5126456299256,54.4979551372215,1,1,0,1,3.88636803627014,3.89330196380615,1
130,"correct_model",53.9608396589673,3.96083965896726,3.12803769882589,0.0107293004995412,53.9501103584677,47.829998426985,60.0916808909495,47.8192691264854,60.08095159045,1,1,0,1,3.75418996810913,3.81827592849731,1
131,"correct_model",52.226783387867,2.22678338786704,3.14870332929835,0.178237625549251,52.0485457623178,46.0554382644409,58.3981285112932,45.8772006388917,58.2198908857439,1,1,0,1,3.83248114585876,3.83945202827454,1
132,"correct_model",50.7734358730805,0.773435873080487,3.17641315724635,0.0525960013787454,50.7208398717017,44.5477804848585,56.9990912613025,44.4951844834797,56.9464952599238,1,1,0,1,3.8494348526001,3.8679850101471,1
133,"correct_model",51.224811785911,1.22481178591096,2.62785953572392,-0.144625421816698,51.3694372077277,46.0743017394619,56.37532183236,46.2189271612786,56.5199472541767,1,1,0,1,2.91931390762329,2.93516612052917,1
134,"correct_model",47.590791590512,-2.40920840948799,2.86551876854742,-0.700004324499147,48.2907959150112,41.9744780071355,53.2071051738885,42.6744823316347,53.9071094983877,1,1,0,1,3.07169580459595,3.08453106880188,1
135,"correct_model",51.3560570923949,1.35605709239489,3.29719958550399,-0.349243487055766,51.7053005794507,44.8936646549667,57.8184495298231,45.2429081420224,58.1676930168789,1,1,0,1,3.05041408538818,3.06402611732483,1
136,"correct_model",53.774653534066,3.77465353406595,2.96106901414633,0.843048524064649,52.9316050100013,47.9710649106016,59.5782421575303,47.128016386537,58.7351936334656,1,1,0,1,3.2318389415741,3.2439169883728,1
137,"correct_model",47.8453794888796,-2.15462051112043,3.10130391139681,0.335368949453724,47.5100105394258,41.7669355174286,53.9238234603305,41.4315665679749,53.5884545108768,1,1,0,1,3.20638203620911,3.21585297584534,1
138,"correct_model",50.5532167218562,0.55321672185616,3.04852006851329,-0.0183397061513872,50.5715564280075,44.5782271814225,56.5282062622898,44.5965668875739,56.5465459684412,1,1,0,1,2.98249006271362,2.98938894271851,1
139,"correct_model",51.6915332724544,1.69153327245436,2.79006683637837,0.121703556259313,51.569829716195,46.2231027586932,57.1599637862156,46.1013992024338,57.0382602299563,1,1,0,1,3.17519307136536,3.20249104499817,1
140,"correct_model",46.1464586933559,-3.85354130664415,3.04783957290209,0.0363230932464234,46.1101356001094,40.1728028998118,52.1201144868999,40.1364798065654,52.0837913936535,1,1,0,1,3.29221296310425,3.3013231754303,1
141,"correct_model",49.9068807338515,-0.0931192661485056,2.81789233036569,-0.0378376928988189,49.9447184267503,44.3839132540231,55.4298482136799,44.4217509469219,55.4676859065787,1,1,0,1,3.48728704452515,3.49856781959534,1
142,"correct_model",48.4342309878937,-1.56576901210632,3.08093098059409,0.0174940512143991,48.4167369366793,42.3957172270756,54.4727447487118,42.3782231758612,54.4552506974974,1,1,0,1,2.93522787094116,2.95425701141357,1
143,"correct_model",49.6463264444024,-0.353673555597553,2.85150974498677,0.0970718701489517,49.5492545742535,44.0574700426634,55.2351828461415,43.9603981725144,55.1381109759926,1,1,0,1,3.08983588218689,3.11174702644348,1
144,"correct_model",52.976573744741,2.97657374474099,2.92269992340033,0.139358994546981,52.837214750194,47.2481871572584,58.7049603322236,47.1088281627114,58.5656013376766,1,1,0,1,4.36312294006348,4.37567281723022,1
145,"correct_model",58.1663554945868,8.1663554945868,3.18384599393199,0.165950929300301,58.0004045652865,51.926132014158,64.4065789750156,51.7601810848577,64.2406280457153,0,0,1,1,4.08656907081604,4.09880709648132,0
146,"correct_model",54.7314206940896,4.73142069408958,3.12185347303696,0.282639814639367,54.4487808794502,48.6127003219259,60.8501410662533,48.3300605072865,60.5675012516139,1,1,0,1,3.93958377838135,3.9469940662384,1
147,"correct_model",45.425253824105,-4.57474617589504,2.65736257494149,0.579590086473175,44.8456637376318,40.216918883355,50.6335887648549,39.6373287968818,50.0539986783817,1,1,0,1,4.11233615875244,4.11963105201721,1
148,"correct_model",57.2221570653818,7.22215706538178,3.31971385476353,-0.192984792373188,57.415141857755,50.7156374710666,63.7286766596969,50.9086222634398,63.9216614520701,0,0,1,1,4.1940860748291,4.20532298088074,0
149,"correct_model",48.7712820756012,-1.22871792439875,2.96515845694367,-0.206996321874783,48.978278397476,42.9596782915373,54.5828858596652,43.1666746134121,54.78988218154,1,1,0,1,3.64148807525635,3.65308809280396,1
150,"correct_model",50.2648296524512,0.264829652451184,3.009695618386,-0.0648695494184963,50.3296992018697,44.3659346359866,56.1637246689158,44.4308041854051,56.2285942183343,1,1,0,1,4.26376986503601,4.28311109542847,1
151,"correct_model",48.2902935524613,-1.70970644753872,2.9033767818364,-0.018791883866875,48.3090854363282,42.5997796265121,53.9808074784104,42.618571510379,53.9995993622773,1,1,0,1,3.5589120388031,3.56684803962708,1
152,"correct_model",49.2712412562209,-0.728758743779125,2.75861451927681,0.053746560918988,49.2174946953019,43.8644561512091,54.6780263612327,43.8107095902901,54.6242798003137,1,1,0,1,3.6616268157959,3.66830801963806,1
153,"correct_model",53.1937149443641,3.19371494436412,3.19161830764934,-0.0248748725888746,53.218589816953,46.9382580089727,59.4491718797555,46.9631328815616,59.4740467523444,1,1,0,1,3.74471688270569,3.7671160697937,1
154,"correct_model",47.3139960482487,-2.68600395175129,2.86161281617926,-0.163634585039738,47.4776306332884,41.7053379908391,52.9226541056583,41.8689725758789,53.086288690698,1,1,0,1,3.46140003204346,3.4809250831604,1
155,"correct_model",50.497527002288,0.497527002287953,2.90509753219838,0.0502660516223656,50.4472609506656,44.8036404676029,56.191413536973,44.7533744159806,56.1411474853506,1,1,0,1,6.80329513549805,6.82471609115601,1
156,"correct_model",55.1626390838421,5.16263908384212,3.2965198235085,0.0955926274486316,55.0670464563935,48.7015789554431,61.6236992122411,48.6059863279945,61.5281065847925,1,1,0,1,6.45397591590881,6.4690477848053,1
157,"correct_model",48.9813423827976,-1.01865761720241,3.07920533489709,-0.0666853647205983,49.0480277475182,42.9462108253957,55.0164739401995,43.0128961901163,55.0831593049201,1,1,0,1,6.95753908157349,6.98128795623779,1
158,"correct_model",48.0227281911339,-1.97727180886609,2.88643321484718,0.2291359515796,47.7935922395543,42.3654230462533,53.6800333360145,42.1362870946737,53.4508973844349,1,1,0,1,6.96243286132812,6.97109007835388,1
159,"correct_model",47.2870964359882,-2.7129035640118,2.79303382671848,-0.00906429380319906,47.2961607297914,41.8128507280179,52.7613421439585,41.8219150218211,52.7704064377617,1,1,0,1,6.69425010681152,6.73397898674011,1
160,"correct_model",47.0968880727152,-2.90311192728475,2.86176170715328,0.0965133387082489,47.000374734007,41.487938194359,52.7058379510715,41.3914248556507,52.6093246123633,1,1,0,1,6.59651589393616,6.61299419403076,1
161,"correct_model",52.8546289516618,2.85462895166184,3.21155150383626,0.176114960306073,52.6785139913558,46.5601036696473,59.1491542336763,46.3839887093413,58.9730392733703,1,1,0,1,6.53829503059387,6.55115413665771,1
162,"correct_model",51.0038806041001,1.00388060410006,3.28166880258346,0.0817769034589446,50.9221037006411,44.5719279418478,57.4358332663523,44.4901510383889,57.3540563628934,1,1,0,1,7.00581407546997,7.01301598548889,1
163,"correct_model",51.4372705715458,1.43727057154577,3.28061615467509,0.203709411589941,51.2335611599558,45.0073810612823,57.8671600818092,44.8036716496924,57.6634506702193,1,1,0,1,6.97580695152283,6.99103903770447,1
164,"correct_model",56.5047008880962,6.50470088809622,3.54018152547436,-0.102686352713512,56.6073872408097,49.5660725994324,63.44332917676,49.6687589521459,63.5460155294735,1,1,0,1,6.11486506462097,6.13222289085388,1
165,"correct_model",59.5730679941662,9.57306799416615,3.75332082608571,0.0789010037833862,59.4941669903828,52.216694352614,66.9294416357183,52.1377933488307,66.8505406319349,0,0,1,1,5.66391801834106,5.6791570186615,0
166,"correct_model",48.1623660926084,-1.83763390739163,2.42221689291085,0.0836033283577535,48.0787627642506,43.4149082197586,52.9098239654581,43.3313048914008,52.8262206371004,1,1,0,1,6.1530818939209,6.16243600845337,1
167,"correct_model",43.4503309322614,-6.54966906773865,2.76956857902865,-0.315547170518833,43.7658781027802,38.0220762646514,48.8785855998713,38.3376234351703,49.1941327703901,0,0,1,1,5.8231041431427,5.83682417869568,0
168,"correct_model",49.2613571031511,-0.73864289684893,2.95003681311005,0.00974669390697613,49.2516104092441,43.479391196388,55.0433230099141,43.4696445024811,55.0335763160071,1,1,0,1,6.06176996231079,6.07420802116394,1
169,"correct_model",54.8237722376158,4.82377223761578,3.35052770904059,-0.360958347312256,55.184730584928,48.2568585986927,61.3906858765388,48.617816946005,61.7516442238511,1,1,0,1,5.73969388008118,5.7515070438385,1
170,"correct_model",42.160970128873,-7.83902987112702,2.90681134746971,0.0321832367719992,42.128786892101,36.46372457798,47.858215679766,36.431541341208,47.826032442994,0,0,1,1,5.68181204795837,5.69088792800903,0
171,"correct_model",51.0819851582437,1.08198515824374,2.95093803206659,-0.496022607908849,51.5780077661526,45.2982528947837,56.8657174217038,45.7942755026926,57.3617400296126,1,1,0,1,5.75028896331787,5.82356810569763,1
172,"correct_model",54.2164237547431,4.21642375474305,3.16537692884287,0.134309317798802,54.0821144369443,48.012398976717,60.4204485327691,47.8780896589182,60.2861392149703,1,1,0,1,5.74557399749756,5.77343010902405,1
173,"correct_model",53.3943026857008,3.39430268570079,3.10985620853412,0.235695183631435,53.1586075020694,47.2990965198756,59.489508851526,47.0634013362442,59.2538136678945,1,1,0,1,6.21361684799194,6.22786617279053,1
174,"correct_model",46.8822708706916,-3.11772912930844,3.20477063533796,0.083073515414803,46.7991973552768,40.6010358467176,53.1635058946655,40.5179623313028,53.0804323792507,1,1,0,1,6.40553498268127,6.44617104530334,1
175,"correct_model",51.9293461396541,1.92934613965406,3.40179155834748,-0.288784532493835,52.2181306721479,45.2619572023806,58.5967350769275,45.5507417348744,58.8855196094213,1,1,0,1,6.06238913536072,6.08816194534302,1
176,"correct_model",53.4855085494957,3.48550854949573,3.24728256233535,-0.117911024180266,53.603419573676,47.1209516796935,59.850065419298,47.2388627038738,59.9679764434782,1,1,0,1,6.50366306304932,6.52062606811523,1
177,"correct_model",52.1552055781007,2.15520557810072,3.09950502175037,0.327020196868752,51.828185381232,46.080287365569,58.2301237906325,45.7532671687002,57.9031035937637,1,1,0,1,4.28297305107117,4.30608606338501,1
178,"correct_model",52.4064175685137,2.40641756851367,3.18171130457244,-0.232804316101031,52.6392218846147,46.1703780023478,58.6424571346796,46.4031823184488,58.8752614507806,1,1,0,1,4.00773692131042,4.02224802970886,1
179,"correct_model",57.3748181216894,7.37481812168937,3.14502936825687,-0.0115275295251891,57.3863456512146,51.2106738295852,63.5389624137936,51.2222013591103,63.5504899433188,0,0,1,1,5.18337488174438,5.23017191886902,0
180,"correct_model",45.064671174011,-4.93532882598898,2.78010953951377,-0.0532964984462581,45.1179676724573,39.6157566034878,50.5135857445342,39.6690531019341,50.5668822429805,1,1,0,1,4.41222310066223,4.43966698646545,1
181,"correct_model",47.0574250807733,-2.9425749192267,2.68800538599019,-0.183702141086556,47.2411272218599,41.7890313339828,52.3258188275638,41.9727334750694,52.5095209686503,1,1,0,1,3.9557740688324,3.9699981212616,1
182,"correct_model",50.3900669951924,0.39006699519237,3.42753981288512,-0.12788507722896,50.5179520724213,43.6722124063604,57.1079215840244,43.8000974835893,57.2358066612533,1,1,0,1,4.07195091247559,4.07860398292542,1
183,"correct_model",45.5596218082417,-4.44037819175826,2.94776351596086,0.238567755960275,45.3210540522815,39.7821114820173,51.3371321344662,39.543543726057,51.0985643785059,1,1,0,1,4.18636012077332,4.20214295387268,1
184,"correct_model",48.1754146751657,-1.82458532483427,2.77782412208582,-0.280957969385994,48.4563726445517,42.7309794404909,53.6198499098405,43.0119374098769,53.9008078792265,1,1,0,1,4.35041189193726,4.37479496002197,1
185,"correct_model",47.9769263327526,-2.02307366724736,2.8446919420391,-0.114350683490791,48.0912770162434,42.4014325792447,53.5524200862606,42.5157832627355,53.6667707697514,1,1,0,1,4.38790202140808,4.40593695640564,1
186,"correct_model",50.1538811435605,0.153881143560469,3.17656525428294,-0.656316599314536,50.810197742875,43.9279276506246,56.3798346364963,44.5842442499391,57.0361512358109,1,1,0,1,4.0535728931427,4.06755900382996,1
187,"correct_model",54.4854972216531,4.48549722165308,3.12603745624092,0.334774656973998,54.1507225646791,48.3585763930977,60.6124180502085,48.0238017361237,60.2776433932345,1,1,0,1,4.40307688713074,4.42346692085266,1
188,"correct_model",51.3800359302228,1.38003593022277,3.14758272893355,-0.172188287632899,51.5522242178557,45.2108871431527,57.5491847172928,45.3830754307856,57.7213730049257,1,1,0,1,5.05057406425476,5.07676911354065,1
189,"correct_model",51.364682123196,1.36468212319596,3.38068458936032,-0.165378068539432,51.5300601917354,44.7386620849602,57.9907021614318,44.9040401534996,58.1560802299712,1,1,0,1,4.76609992980957,4.79751205444336,1
190,"correct_model",46.2716380940854,-3.7283619059146,2.85836658004558,-0.528757222907203,46.8003953169926,40.6693425425831,51.8739336455877,41.1980997654903,52.4026908684949,1,1,0,1,4.64482688903809,4.68676495552063,1
191,"correct_model",49.3070103267079,-0.692989673292075,3.08110769843236,0.282072125988535,49.0249382007194,43.2681502052914,55.3458704481245,42.9860780793029,55.0637983221359,1,1,0,1,4.98334717750549,5.01034307479858,1
192,"correct_model",49.5236247816397,-0.476375218360261,2.87366625578532,0.206511269895159,49.3171135117446,43.8913424167124,55.155907146567,43.6848311468173,54.9493958766719,1,1,0,1,4.61200785636902,4.62340402603149,1
193,"correct_model",48.6752129077263,-1.3247870922737,2.91053169762852,0.253632254002376,48.4215806537239,42.9706756045122,54.3797502109404,42.7170433505098,54.126117956938,1,1,0,1,4.7118661403656,4.75370717048645,1
194,"correct_model",46.0427006051168,-3.95729939488321,2.55285997873991,0.0361609172565736,46.0065396878602,41.0391869892129,51.0462142210207,41.0030260719563,51.0100533037641,1,1,0,1,5.15134501457214,5.1587541103363,1
195,"correct_model",47.7799908760694,-2.22000912393058,2.92715211988828,0.0289111624161507,47.7510797136533,42.0428781438183,53.5171036083205,42.0139669814022,53.4881924459044,1,1,0,1,5.1912670135498,5.19975209236145,1
196,"correct_model",51.0399426628756,1.03994266287557,2.64422723444302,-0.158249560548057,51.1981922234236,45.8573525164273,56.2225328093238,46.0156020769754,56.3807823698719,1,1,0,1,5.15562200546265,5.18400502204895,1
197,"correct_model",51.7787253106737,1.77872531067368,2.71274668447682,0.0345176084698835,51.7442077022038,46.4618395099187,57.0956111114287,46.4273219014488,57.0610935029588,1,1,0,1,4.83194303512573,4.84185194969177,1
198,"correct_model",50.8862147766602,0.886214776660154,3.12499646766257,0.147936430524076,50.7382783461361,44.7613342482266,57.0110953050937,44.6133978177025,56.8631588745696,1,1,0,1,4.7639729976654,4.78261399269104,1
199,"correct_model",61.9035321258717,11.9035321258717,3.19744941921386,-0.211162842974481,62.1146949688462,55.636646421824,68.1704178299194,55.8478092647985,68.3815806728939,0,0,1,1,4.16778087615967,4.17461585998535,0
200,"correct_model",51.0645096229199,1.0645096229199,3.18789068002351,-0.094967446500938,51.1594770694208,44.8163587034229,57.3126605424169,44.9113261499239,57.4076279889178,1,1,0,1,3.9918200969696,4.00189018249512,1
201,"correct_model",53.9611884895441,3.96118848954409,2.87658684469062,0.0680849894647224,53.8931035000794,48.3231818755488,59.5991951035394,48.255096886084,59.5311101140747,1,1,0,1,3.93066716194153,3.95413899421692,1
202,"correct_model",54.1657959693468,4.16579596934683,3.0071542966463,0.300414859086573,53.8653811102603,48.2718818519652,60.0597100867285,47.9714669928786,59.7592952276419,1,1,0,1,3.31242799758911,3.3330569267273,1
203,"correct_model",48.9181864904081,-1.08181350959188,2.93192907369512,-0.0646537940105816,48.9828402844187,43.1717111007398,54.6646618800764,43.2363648947504,54.729315674087,1,1,0,1,4.27719593048096,4.28658509254456,1
204,"correct_model",47.3535644846206,-2.64643551537944,2.76517941504978,-0.453441690862235,47.8070061754828,41.9339124203315,52.7732165489097,42.3873541111937,53.2266582397719,1,1,0,1,4.39010000228882,4.39663195610046,1
205,"correct_model",50.2473555551868,0.247355555186758,2.73390773055762,-0.39767940248646,50.6450349576732,44.8889948662382,55.6057162441353,45.2866742687246,56.0033956466218,1,1,0,1,4.21251702308655,4.23019790649414,1
206,"correct_model",47.6726387753137,-2.32736122468627,2.96635592984258,-0.681038000271847,48.3536767755856,41.8586879874955,53.486589563132,42.5397259877673,54.1676275634038,1,1,0,1,4.59170985221863,4.611172914505,1
207,"correct_model",50.4208212684278,0.420821268427758,3.09836597213401,0.301593060490845,50.1192282079369,44.3481355521207,56.4935069847349,44.0465424916298,56.191913924244,1,1,0,1,4.75143694877625,4.79903793334961,1
208,"correct_model",45.4255672114823,-4.57443278851768,2.72603039285856,0.00372149002955524,45.4218457214528,40.082645820718,50.7684886022467,40.0789243306884,50.7647671122171,1,1,0,1,4.22521996498108,4.23283886909485,1
209,"correct_model",53.1221275318601,3.12212753186012,3.17534496702358,0.379705805274909,52.7424217265852,46.8985657580034,59.3456893057169,46.5188599527285,58.9659835004419,1,1,0,1,4.89539003372192,4.90391206741333,1
210,"correct_model",47.9652247440123,-2.03477525598765,2.91575986947876,0.226159020086982,47.7390657239254,42.2504404122668,53.6800090757579,42.0242813921798,53.4538500556709,1,1,0,1,3.79686999320984,3.82635712623596,1
211,"correct_model",48.3374249761615,-1.66257502383849,3.07288222626883,-0.595040072228407,48.9324650483899,42.3146864839414,54.3601634683817,42.9097265561698,54.9552035406101,1,1,0,1,4.50074505805969,4.5134289264679,1
212,"correct_model",53.5874614219703,3.58746142197029,3.47318274131666,-0.0713479200421787,53.6588093420125,46.7801483372635,60.394774506677,46.8514962573057,60.4661224267192,1,1,0,1,4.30116510391235,4.32158493995667,1
213,"correct_model",51.7202712780046,1.72027127800457,2.9248049010589,0.342386561291349,51.3778847167132,45.9877590101229,57.4527835458863,45.6453724488315,57.1103969845949,1,1,0,1,4.24793386459351,4.29170513153076,1
214,"correct_model",51.2729552715423,1.27295527154229,3.02083839936967,-0.14574581823743,51.4187010897797,45.3522208056621,57.1936897374225,45.4979666238995,57.3394355556599,1,1,0,1,4.00443005561829,4.01348400115967,1
215,"correct_model",46.165808473715,-3.83419152628497,2.71983650243815,-0.0466594107111007,46.2124678844261,40.8350268850989,51.4965900623312,40.88168629581,51.5432494730423,1,1,0,1,4.51658701896667,4.52565097808838,1
216,"correct_model",45.7707643816811,-4.2292356183189,2.74548184615513,0.301339397543906,45.4694249841372,40.3897188430085,51.1518099203537,40.0883794454646,50.8504705228098,1,1,0,1,4.02312088012695,4.03464293479919,1
217,"correct_model",51.9167324215738,1.91673242157378,3.05653588049635,-0.252122355578351,52.1688547771521,45.9260321783465,57.907432664801,46.1781545339249,58.1595550203794,1,1,0,1,4.47512578964233,4.49275612831116,1
218,"correct_model",44.7035234953879,-5.29647650461214,2.94018328282986,-0.252088713926092,44.955612209314,38.9408701530946,50.4661768376811,39.1929588670207,50.7182655516072,1,1,0,1,3.92537784576416,3.99281096458435,1
219,"correct_model",50.8520232697115,0.852023269711523,2.96795764923344,-0.24341762006577,51.0954408897773,45.0349331695738,56.6691133698492,45.2783507896396,56.912530989915,1,1,0,1,3.6808590888977,3.69028997421265,1
220,"correct_model",50.5650213815951,0.565021381595059,3.09468450347259,0.263293698130454,50.3017276834646,44.4995512112746,56.6304915519156,44.2362575131441,56.3671978537851,1,1,0,1,3.91545104980469,3.94021487236023,1
221,"correct_model",47.2545853300198,-2.74541466998021,3.13442040953622,0.222746064601843,47.031839265418,41.1112342149215,53.3979364451181,40.8884881503197,53.1751903805162,1,1,0,1,3.79481983184814,3.81193804740906,1
222,"correct_model",46.2561577646733,-3.7438422353267,3.04150941448299,-0.399759254990656,46.655917019664,40.2949088536471,52.2174066756995,40.6946681086378,52.6171659306901,1,1,0,1,3.76432585716248,3.79726314544678,1
223,"correct_model",52.2473358210211,2.2473358210211,3.07744338762356,0.116108607257203,52.1312272137639,46.215657616818,58.2790140252242,46.0995490095608,58.162905417967,1,1,0,1,3.96730303764343,3.98273706436157,1
224,"correct_model",50.9767217154739,0.976721715473872,3.12362448644607,0.410704887043416,50.5660168284305,44.8545302208122,57.0989132101356,44.4438253337687,56.6882083230922,1,1,0,1,3.86666393280029,3.88665080070496,1
225,"correct_model",52.4551355700543,2.45513557005427,2.88130978703902,0.0607655601248709,52.3943700099294,46.807872159155,58.1023989809535,46.7471065990301,58.0416334208286,1,1,0,1,4.17363500595093,4.18000602722168,1
226,"correct_model",49.481172713803,-0.518827286196995,3.13616242967519,0.0156478696402047,49.4655248441628,43.334407301972,55.627938125634,43.3187594323318,55.6122902559938,1,1,0,1,3.84273314476013,3.86170792579651,1
227,"correct_model",49.7674877633796,-0.232512236620437,3.06405556706145,0.185409792160769,49.5820779712188,43.7620492053097,55.7729263214495,43.5766394131489,55.5875165292887,1,1,0,1,3.87157106399536,3.88663697242737,1
228,"correct_model",47.4896313852033,-2.51036861479672,2.82504703669581,0.16689889560196,47.3227324896013,41.9526409386479,53.0266218317587,41.7857420430459,52.8597229361567,1,1,0,1,3.94206213951111,3.96408295631409,1
229,"correct_model",55.5558267294044,5.55582672940439,2.81628699371976,0.303522955667731,55.2523037737367,50.0360056515851,61.0756478072237,49.7324826959174,60.772124851556,0,1,1,1,3.97298502922058,3.99588704109192,1
230,"correct_model",54.8737714219003,4.87377142190032,3.18515722988747,-0.563099692575264,55.4368711144756,48.6309779662235,61.1165648775771,49.1940776587988,61.6796645701524,1,1,0,1,3.98471093177795,4.01624798774719,1
231,"correct_model",45.4489483816144,-4.5510516183856,2.7597635085215,-0.0223689701879977,45.4713173518024,40.0399112990644,50.8579854641644,40.0622802692524,50.8803544343524,1,1,0,1,3.91616892814636,3.93638014793396,1
232,"correct_model",45.4876813944612,-4.51231860553875,2.81784628964257,0.13560169322632,45.3520797012349,39.964804152792,51.0105586361305,39.8292024595657,50.8749569429042,1,1,0,1,4.76346492767334,4.80056715011597,1
233,"correct_model",53.2312377410899,3.23123774108994,3.30073943744768,-0.145553362785769,53.3767911038757,46.7619073213415,59.7005681608384,46.9074606841273,59.8461215236242,1,1,0,1,4.87837100028992,4.89834713935852,1
234,"correct_model",49.0992024659454,-0.900797534054583,2.78848880905073,0.089947523055443,49.00925494289,43.633864828913,54.5645401029778,43.5439173058576,54.4745925799224,1,1,0,1,4.24399995803833,4.26018214225769,1
235,"correct_model",44.3140329678272,-5.68596703217281,2.63359025231224,0.023700479899901,44.2903324879273,39.1522909232595,49.4757750123949,39.1285904433596,49.452074532495,0,0,1,1,4.74342203140259,4.76606178283691,0
236,"correct_model",51.0597608198369,1.05976081983685,3.08451395065699,-0.664733650343912,51.7244944701808,45.0142245667378,57.1052970729359,45.6789582170817,57.7700307232798,1,1,0,1,4.18106913566589,4.21649813652039,1
237,"correct_model",54.62665302877,4.62665302877005,3.43747365340785,0.19960170565659,54.4270513231135,47.8893284702853,61.3639775872548,47.6897267646288,61.1643758815982,1,1,0,1,4.33386778831482,4.35591888427734,1
238,"correct_model",50.7629146133198,0.762914613319779,2.8304388232356,-0.0418265542156746,50.8047411675355,45.2153564593341,56.3104727673055,45.2571830135497,56.3522993215212,1,1,0,1,4.68312120437622,4.69337916374207,1
239,"correct_model",50.6983726342735,0.698372634273525,3.41138050784877,0.0364561976113862,50.6619164366621,44.012189701328,57.3845555672191,43.9757335037166,57.3480993696077,1,1,0,1,4.64087104797363,4.66335201263428,1
240,"correct_model",54.9147322445644,4.91473224456445,3.08190809289671,-0.170214021150336,55.0849462657148,48.8743033788244,60.9551611103045,49.0445173999747,61.1253751314549,1,1,0,1,4.51123714447021,4.53007507324219,1
241,"correct_model",50.3292855132502,0.329285513250156,3.08132184236869,-0.118362582709345,50.4476480959595,44.2900056774309,56.3685653490694,44.4083682601403,56.4869279317787,1,1,0,1,3.60211086273193,3.64855909347534,1
242,"correct_model",52.0302456844539,2.03024568445386,3.1215329093118,-0.204734528786574,52.2349802132404,45.9121536056462,58.1483377632615,46.1168881344328,58.3530722920481,1,1,0,1,3.69900298118591,3.7234570980072,1
243,"correct_model",56.5381433447132,6.53814334471316,3.19726694306525,-0.349576672489228,56.8877200172024,50.2716152873448,62.8046714020815,50.621191959834,63.1542480745708,0,0,1,1,3.94105195999146,3.94839406013489,1
244,"correct_model",48.546710253334,-1.45328974666596,2.66236655138735,0.43175215563695,48.1149580976971,43.3285676989707,53.7648528076973,42.8968155433338,53.3331006520604,1,1,0,1,3.87456202507019,3.88155293464661,1
245,"correct_model",51.1087329535755,1.10873295357551,3.1903087406977,0.151277204938552,50.957455748637,44.8558427222447,57.3616231849063,44.7045655173061,57.2103459799678,1,1,0,1,4.10778212547302,4.14172697067261,1
246,"correct_model",49.3753129355736,-0.624687064426368,2.96885163187534,-0.0481543445585615,49.4234672801322,43.556470661655,55.1941552094923,43.6046250062136,55.2423095540508,1,1,0,1,3.76642394065857,3.79178190231323,1
247,"correct_model",51.9197241454621,1.91972414546214,3.06168325541898,0.0356991127746014,51.8840250326875,45.9189352327716,57.9205130581527,45.883236119997,57.8848139453781,1,1,0,1,3.44982099533081,3.47826886177063,1
248,"correct_model",53.4911485892421,3.49114858924207,2.96526248762402,0.184732616639884,53.3064159726022,47.6793409087913,59.3029562696928,47.4946082921515,59.1182236530529,1,1,0,1,3.75928902626038,3.78016901016235,1
249,"correct_model",55.4087920559588,5.40879205595877,3.16252441469824,0.132969385872784,55.275822670086,49.2103581029216,61.6072260089959,49.0773887170488,61.4742566231231,1,1,0,1,3.56072306632996,3.57751202583313,1
250,"correct_model",51.5519093161418,1.55190931614183,3.22440272416615,0.707502322334932,50.8444069938069,45.2321961051233,57.8716225271603,44.5246937827884,57.1641202048254,1,1,0,1,4.30173897743225,4.32204294204712,1
251,"correct_model",52.0014682480402,2.00146824804023,2.95392729367271,0.162217507688645,51.8392507403516,46.2118771394918,57.7910593565886,46.0496596318032,57.6288418489,1,1,0,1,3.89649891853333,3.90309596061707,1
252,"correct_model",51.8873139446681,1.88731394466812,2.86701586926636,0.322932090545685,51.5643818541224,46.2680660978013,57.506561791535,45.9451340072556,57.1836297009893,1,1,0,1,4.43746900558472,4.51306700706482,1
253,"correct_model",49.295373405932,-0.70462659406796,2.95608701955476,0.361864627701713,48.9335087782303,43.5015493124384,55.0891974994257,43.1396846847366,54.727332871724,1,1,0,1,4.231605052948,4.25551295280457,1
254,"correct_model",52.6305705934854,2.63057059348539,3.00190228847221,0.166135373164941,52.4644352203204,46.7469502229715,58.5141909639993,46.5808148498065,58.3480555908343,1,1,0,1,5.91268706321716,5.95377707481384,1
255,"correct_model",46.2642012587333,-3.73579874126672,2.97814437641751,-0.43807841195008,46.7022796706834,40.4271455401945,52.1012569772721,40.8652239521445,52.5393353892222,1,1,0,1,5.22949814796448,5.23991203308105,1
256,"correct_model",50.3263375316973,0.326337531697277,3.0423962039947,0.211838484136791,50.1144990475605,44.3633505451663,56.2893245182283,44.1515120610295,56.0774860340915,1,1,0,1,5.90614604949951,5.92966985702515,1
257,"correct_model",48.466366077697,-1.53363392230298,3.08420681522007,-0.0550512534731666,48.5214173311702,42.4214317989927,54.5113003564013,42.4764830524659,54.5663516098745,1,1,0,1,5.0346839427948,5.07889413833618,1
258,"correct_model",50.5425534805251,0.542553480525136,3.07394064034466,-0.426439351488206,50.9689928320133,44.5177405348356,56.5673664262147,44.9441798863238,56.9938057777029,1,1,0,1,4.63104605674744,4.67369389533997,1
259,"correct_model",48.4530870418653,-1.54691295813473,3.02214041422864,0.221946004789885,48.2311410370754,42.5298006737542,54.3763734099764,42.3078546689643,54.1544274051865,1,1,0,1,4.75524210929871,4.78913187980652,1
260,"correct_model",56.9134185306016,6.91341853060159,3.14986042489177,-0.158692375496543,57.0721109060981,50.7398055414857,63.0870315197175,50.8984979169822,63.245723895214,0,0,1,1,4.96349787712097,4.98456597328186,0
261,"correct_model",52.6077564586363,2.60775645863635,3.25423501571024,-0.0826255020984306,52.6903819607348,46.2295730306151,58.9859398866575,46.3121985327136,59.068565388756,1,1,0,1,5.52894592285156,5.53601098060608,1
262,"correct_model",49.3809208969674,-0.619079103032604,2.96562541505355,-0.0870786998901707,49.4679995968576,43.5684018918258,55.193439902109,43.655480591716,55.2805186019992,1,1,0,1,5.18381500244141,5.1907320022583,1
263,"correct_model",55.3755208943369,5.3755208943369,3.34485213447011,-0.0615412834945062,55.4370621778314,48.8197311771636,61.9313106115102,48.8812724606581,61.9928518950047,1,1,0,1,4.47627806663513,4.5011670589447,1
264,"correct_model",54.2948427687101,4.29484276871005,2.86021337828398,0.25974976767862,54.0350930010314,48.6889275591738,59.9007579782463,48.4291777914952,59.6410082105677,1,1,0,1,4.38306713104248,4.40936994552612,1
265,"correct_model",50.9928389811119,0.992838981111944,3.12079510948784,0.263768049131421,50.7290709319805,44.8761929633871,57.1094849988368,44.6124249142556,56.8457169497054,1,1,0,1,5.05528807640076,5.0823290348053,1
266,"correct_model",52.9649693596364,2.96496935963644,2.93217887043688,-0.0467487583288744,53.0117181179653,47.2180043773508,58.7119343419221,47.2647531356797,58.7586831002509,1,1,0,1,4.50646996498108,4.53620409965515,1
267,"correct_model",49.2105177867422,-0.789482213257799,3.07175058367417,0.071350540391002,49.1391672463512,43.1899972732509,55.2310383002335,43.1186467328599,55.1596877598425,1,1,0,1,4.44070601463318,4.46667098999023,1
268,"correct_model",48.4094649461659,-1.59053505383409,3.12126451093731,-0.551686037744275,48.9611509839102,42.2918989185058,54.5270309738261,42.84358495625,55.0787170115703,1,1,0,1,4.01430082321167,4.03639197349548,1
269,"correct_model",51.3838422843974,1.38384228439745,2.89928313682144,-0.0405434890311867,51.4243857734286,45.7013517552431,57.0663328135518,45.7418952442743,57.106876302583,1,1,0,1,5.08500385284424,5.10165095329285,1
270,"correct_model",50.2574628263884,0.257462826388419,2.87112349329908,0.105672590652418,50.151790235736,44.6301641843554,55.8847614684214,44.524491593703,55.779088877769,1,1,0,1,5.1383740901947,5.20740985870361,1
271,"correct_model",51.5403868215951,1.54038682159506,3.16529357875491,0.0216994406413491,51.5186873809537,45.3365254067395,57.7442482364506,45.3148259660982,57.7225487958092,1,1,0,1,4.83309292793274,4.85437297821045,1
272,"correct_model",52.1409570140534,2.14095701405336,2.82002865744268,-0.308165909930707,52.4491229239841,46.6138024100949,57.6681116180118,46.9219683200256,57.9762775279425,1,1,0,1,4.37743806838989,4.40195202827454,1
273,"correct_model",49.1545561864525,-0.84544381354749,3.0662364611902,-0.299303634460301,49.4538598209128,43.1448431544362,55.1642692184689,43.4441467888965,55.4635728529292,1,1,0,1,5.55984497070312,5.58633899688721,1
274,"correct_model",52.6029973755197,2.60299737551972,2.90945665198339,-0.136740385439509,52.7397377609592,46.9005671230518,58.3054276279876,47.0373075084913,58.4421680134272,1,1,0,1,4.79788899421692,4.82034993171692,1
275,"correct_model",47.209556620645,-2.79044337935504,2.75482286857748,0.609744140912774,46.5998124797322,41.8102030144458,52.6089102268441,41.200458873533,51.9991660859314,1,1,0,1,4.83474206924438,4.84292602539062,1
276,"correct_model",48.8236636845381,-1.17633631546187,3.04224199736667,-0.00801174767665458,48.8316754322148,42.8609789374443,54.786348431632,42.8689906851209,54.7943601793087,1,1,0,1,4.27018094062805,4.3202269077301,1
277,"correct_model",52.8230499406995,2.8230499406995,3.27836581299309,0.320471707162255,52.5025782335372,46.3975710190857,59.2485288623133,46.0770993119234,58.9280571551511,1,1,0,1,4.84699606895447,4.85794806480408,1
278,"correct_model",48.5162206330833,-1.48377936691666,3.02335302102347,0.172208635277265,48.3440119978061,42.590557599327,54.4418836668397,42.4183489640497,54.2696750315624,1,1,0,1,3.99320101737976,4.01446509361267,1
279,"correct_model",51.4386454089751,1.43864540897509,3.43731998959794,-0.414988225375588,51.8536336343507,44.7016220260235,58.1756687919266,45.1166102513991,58.5906570173022,1,1,0,1,5.10121393203735,5.11168599128723,1
280,"correct_model",50.5437346468586,0.543734646858553,3.48449205513421,0.00626085586054614,50.537473790998,43.7142557143795,57.3732135793376,43.707994858519,57.366952723477,1,1,0,1,4.93338012695312,4.95868587493896,1
281,"correct_model",53.5408810138698,3.54088101386981,3.06484986212594,-0.283191419200122,53.8240724330699,47.5338856660804,59.5478763616592,47.8170770852805,59.8310677808593,1,1,0,1,5.28087496757507,5.29410791397095,1
282,"correct_model",54.7586122345741,4.75861223457406,3.08049798788283,0.272332077873351,54.4862801567007,48.7209471238756,60.7962773452725,48.4486150460023,60.5239452673991,1,1,0,1,4.49653601646423,4.52301216125488,1
283,"correct_model",49.5158185226949,-0.484181477305114,2.78846677395053,-0.232792359889942,49.7486108825848,44.0505240736653,54.9811129717245,44.2833164335552,55.2139053316144,1,1,0,1,5.15035605430603,5.17057704925537,1
284,"correct_model",43.2504210189716,-6.74957898102842,2.75382688019158,0.15040664491638,43.1000143740552,37.8530195141378,48.6478225238054,37.7026128692214,48.497415878889,0,0,1,1,5.05296397209167,5.06088590621948,0
285,"correct_model",51.769576514781,1.76957651478104,2.94370217516447,-0.259003805231593,52.0285803200126,46.0000262702465,57.5391267593156,46.259030075478,57.7981305645472,1,1,0,1,4.9411449432373,5.00042605400085,1
286,"correct_model",47.4880248946068,-2.5119751053932,3.1832509954159,0.025551169523844,47.462473725083,41.2489675898404,53.7270821993732,41.2234164203165,53.7015310298494,1,1,0,1,5.06486797332764,5.1078040599823,1
287,"correct_model",52.6461596463945,2.64615964639447,3.06793391886729,-0.0825389698964045,52.7286986162909,46.6331196584658,58.6591996343232,46.7156586283622,58.7417386042196,1,1,0,1,4.74488687515259,4.75135111808777,1
288,"correct_model",50.5766409306033,0.576640930603325,3.22705463967545,0.165245678004801,50.4113952525985,44.2517300606966,56.9015518005101,44.0864843826918,56.7363061225053,1,1,0,1,4.25884294509888,4.27998900413513,1
289,"correct_model",48.5679793565459,-1.43202064345412,2.60314267828227,0.0767434221141841,48.4912359344317,43.4659134604935,53.6700452525983,43.3891700383793,53.5933018304841,1,1,0,1,4.52378582954407,4.53109288215637,1
290,"correct_model",47.7256841807012,-2.27431581929883,3.1829125184578,-0.106573179759458,47.8322573604606,41.4872902785822,53.9640780828201,41.5938634583417,54.0706512625796,1,1,0,1,4.53224587440491,4.54666996002197,1
291,"correct_model",50.0822760438591,0.0822760438590819,2.99382397272958,-0.284130602527796,50.3664066463869,44.2144888812565,55.9500632064617,44.4986194837843,56.2341938089895,1,1,0,1,4.03714394569397,4.09146285057068,1
292,"correct_model",50.4770583423402,0.477058342340186,3.21288420444135,-0.0609636137489531,50.5380219560891,44.1799210151375,56.7741956695428,44.2408846288865,56.8351592832918,1,1,0,1,3.96163988113403,4.0123131275177,1
293,"correct_model",40.5574906612309,-9.44250933876909,2.77753311078417,-0.0234443171760859,40.580934978407,35.1136257982264,46.0013555242354,35.1370701154025,46.0247998414115,0,0,1,1,4.39258694648743,4.39986705780029,0
294,"correct_model",48.2216204970701,-1.77837950292994,2.93334670525927,-0.148033357614345,48.3696538546844,42.4723666005927,53.9708743935475,42.620399958207,54.1189077511618,1,1,0,1,4.31508207321167,4.33947706222534,1
295,"correct_model",44.1410640101424,-5.85893598985757,2.6882557615291,-0.289111401715104,44.4301754118575,38.8721795363131,49.4099484839718,39.1612909380282,49.6990598856869,0,0,1,1,4.59729194641113,4.62861084938049,0
296,"correct_model",50.8012029011949,0.801202901194941,3.15912223898856,0.737069634599322,50.0641332665956,44.6094370900178,56.9929687123721,43.8723674554185,56.2558990777727,1,1,0,1,4.22572302818298,4.23915982246399,1
297,"correct_model",54.4036874753806,4.40368747538062,3.12763105729056,0.0310533811772586,54.3726340942034,48.2736432461622,60.533731704599,48.2425898649849,60.5026783234218,1,1,0,1,4.18558812141418,4.21949911117554,1
298,"correct_model",52.2472004907987,2.2472004907987,3.17811055176618,-0.334016942267695,52.5812174330664,46.0182182704503,58.4761827111471,46.352235212718,58.8101996534148,1,1,0,1,4.32660388946533,4.33678007125854,1
299,"correct_model",50.7210803349885,0.721080334988528,3.22415878504837,0.221209595905329,50.4998707390832,44.4018452358553,57.0403154341218,44.18063563995,56.8191058382164,1,1,0,1,3.69202899932861,3.70858311653137,1
300,"correct_model",49.1087842721998,-0.891215727800201,3.01403919656833,-0.0294932482183867,49.1382775204182,43.2013759989338,55.0161925454658,43.2308692471522,55.0456857936842,1,1,0,1,4.74855804443359,4.76290392875671,1
301,"correct_model",49.7785740033905,-0.221425996609497,2.4480720627745,-0.148215632754891,49.9267896361454,44.9804409287938,54.5767070779872,45.1286565615487,54.7249227107421,1,1,0,1,3.30600118637085,3.31866788864136,1
302,"correct_model",48.5730532012918,-1.42694679870822,2.84473054410215,-0.120707189454563,48.6937603907463,42.9974837891305,54.148622613453,43.1181909785851,54.2693298029076,1,1,0,1,3.79031801223755,3.80718183517456,1
303,"correct_model",49.2325520339362,-0.767447966063756,3.01719630514941,0.0339447972809594,49.1986072366553,43.3189559415561,55.1461481263164,43.2850111442751,55.1122033290355,1,1,0,1,3.8819580078125,3.93057799339294,1
304,"correct_model",47.7339302621914,-2.26606973780861,2.91435824680024,0.128980167739563,47.6049500944518,42.0218930604156,53.4459674639672,41.8929128926761,53.3169872962276,1,1,0,1,3.71796011924744,3.73173999786377,1
305,"correct_model",49.6766337419602,-0.323366258039776,3.16752308352197,-0.29059648741751,49.9672302293777,43.4684025780579,55.8848649058625,43.7589990654754,56.17546139328,1,1,0,1,3.81636786460876,3.82632493972778,1
306,"correct_model",46.6766343623865,-3.32336563761355,2.78540013474294,0.0496485642573248,46.6269857981291,41.2173504157573,52.1359183090156,41.1677018515,52.0862697447583,1,1,0,1,5.16123485565186,5.17795276641846,1
307,"correct_model",55.1880800174754,5.18808001747537,3.11165938631056,-0.162434117301636,55.350514134777,49.0893396881507,61.2868203468001,49.2517738054523,61.4492544641017,1,1,0,1,4.0934419631958,4.100989818573,1
308,"correct_model",47.4083883865561,-2.5916116134439,2.96783876509406,-0.242833250473481,47.6512216370296,41.5915312950499,53.2252454780623,41.8343645455234,53.4680787285358,1,1,0,1,4.7612829208374,4.76791906356812,1
309,"correct_model",45.3098239945733,-4.69017600542675,2.8272351379465,-0.209242325743304,45.5190663203166,39.768544948372,50.8511030407745,39.9777872741153,51.0603453665178,1,1,0,1,5.7264940738678,5.75021600723267,1
310,"correct_model",50.0941409708266,0.094140970826615,2.79349013697991,0.324020472798772,49.7701204980278,44.6190009111781,55.5692810304751,44.2949804383794,55.2452605576763,1,1,0,1,6.40404105186462,6.42369103431702,1
311,"correct_model",44.0461783977823,-5.9538216022177,2.77602583417436,0.193460180003392,43.8527182177789,38.6052677426478,49.4870890529168,38.4118075626444,49.2936288729134,0,0,1,1,5.80027198791504,5.84652900695801,0
312,"correct_model",52.0335019665101,2.03350196651014,3.12650719006099,0.172006250257361,51.8614957162528,45.9056604765851,58.1613434564352,45.7336542263277,57.9893372061779,1,1,0,1,6.83217096328735,6.85454893112183,1
313,"correct_model",45.3796489440588,-4.62035105594117,2.82236435664835,0.220505260191089,45.1591436838677,39.8479164537785,50.9113814343392,39.6274111935874,50.6908761741481,1,1,0,1,5.85817289352417,5.87100005149841,1
314,"correct_model",50.5019116147997,0.501911614799738,2.99003280212661,-0.247949785464748,50.7498614002645,44.6415550100382,56.3622682195613,44.889504795503,56.610218005026,1,1,0,1,6.22488498687744,6.25417494773865,1
315,"correct_model",48.3598807298632,-1.64011927013675,2.61179030269542,-0.535040031478722,48.894920761342,43.2408658014093,53.4788956583172,43.775905832888,54.013935689796,1,1,0,1,5.9350380897522,5.9520800113678,1
316,"correct_model",45.7070552872366,-4.29294471276344,2.91041796370536,-0.198987952049549,45.9060432392861,40.0027408984156,51.4113696760575,40.2017288504652,51.610357628107,1,1,0,1,6.9250111579895,6.9851861000061,1
317,"correct_model",46.243405500952,-3.75659449904805,3.31164519202204,0.418966473469872,45.8244390274821,39.7527001950135,52.7341108068904,39.3337337215437,52.3151443334205,1,1,0,1,5.18070983886719,5.20219111442566,1
318,"correct_model",50.1359602327024,0.135960232702359,2.95244454464045,-0.30546315541558,50.4414233881179,44.3492752588553,55.9226452065494,44.6547384142709,56.228108361965,1,1,0,1,3.89569592475891,3.91328597068787,1
319,"correct_model",51.3924878543337,1.39248785433369,3.18934882301936,-0.410219527176096,51.8027073815098,45.1414790270805,57.6434966815869,45.5516985542566,58.053716208763,1,1,0,1,5.07619595527649,5.09789705276489,1
320,"correct_model",56.6412939886412,6.64129398864122,3.49430609239799,0.189892606430668,56.4514013822106,49.7925798965823,63.4900080807002,49.6026872901516,63.3001154742695,1,1,0,1,4.27064490318298,4.31896090507507,1
321,"correct_model",51.3793212453115,1.37932124531152,2.87943024496559,-0.223432528902521,51.602753774214,45.7357416691836,57.0229008214394,45.9591741980861,57.2463333503419,1,1,0,1,4.75789999961853,4.85012912750244,1
322,"correct_model",51.3363824786162,1.33638247861616,3.11206329452606,0.12336056114993,51.2130219174662,45.236850503736,57.4359144534963,45.1134899425861,57.3125538923464,1,1,0,1,3.90963816642761,3.92871308326721,1
323,"correct_model",53.9719564025428,3.97195640254283,2.88539324249532,0.182650558094316,53.7893058444485,48.3166895660168,59.6272232390689,48.1340390079224,59.4445726809746,1,1,0,1,4.88631176948547,4.91053295135498,1
324,"correct_model",50.6848180384172,0.684818038417234,3.11562987264563,0.0571382177280668,50.6276798206892,44.5782956988747,56.7913403779598,44.5211574811466,56.7342021602317,1,1,0,1,5.0109851360321,5.04168486595154,1
325,"correct_model",52.3926874125344,2.39268741253441,3.09601667253851,-0.471849611622744,52.8645370241572,46.3246062388234,58.4607685862454,46.7964558504461,58.9326181978682,1,1,0,1,4.5896270275116,4.61017799377441,1
326,"correct_model",49.8000092889351,-0.199990711064871,3.21443459467866,-0.527909204813447,50.3279184937486,43.4998332527053,56.1001853251649,44.0277424575188,56.6280945299784,1,1,0,1,5.01051115989685,5.03780102729797,1
327,"correct_model",48.7350815807248,-1.26491841927519,3.26867021884043,0.0556340558583273,48.6794475248665,42.3286056744589,55.1415574869907,42.2729716186006,55.0859234311324,1,1,0,1,4.63854002952576,4.65821599960327,1
328,"correct_model",46.877490210951,-3.12250978904902,3.20987728084643,0.123240950763716,46.7542492601873,40.5862463456986,53.1687340762033,40.4630053949349,53.0454931254396,1,1,0,1,4.02591800689697,4.04187321662903,1
329,"correct_model",49.7017311612359,-0.298268838764145,3.30811296786185,-0.128417889439838,49.8301490506757,43.2179488874367,56.185513435035,43.3463667768766,56.3139313244748,1,1,0,1,6.09114408493042,6.12788891792297,1
330,"correct_model",44.4626073118606,-5.53739268813938,2.7610215976311,-0.21913428297502,44.6817415948356,39.0511044199664,49.8741102037548,39.2702387029414,50.0932444867298,0,1,1,1,5.37307000160217,5.41521120071411,0
331,"correct_model",51.6961940002433,1.69619400024325,2.92913568284599,0.18382810472049,51.5123658955228,45.955193556034,57.4371944444525,45.7713654513135,57.253366339732,1,1,0,1,3.82069492340088,3.83309483528137,1
332,"correct_model",51.3103924537594,1.31039245375942,3.13410977355648,0.149186158423909,51.1612062953355,45.1676501739937,57.4531347335251,45.0184640155698,57.3039485751012,1,1,0,1,3.86149287223816,3.87005400657654,1
333,"correct_model",49.3954560570762,-0.604543942923826,3.52367788781077,0.329810926846697,49.0656451302295,42.4891743038469,56.3017378103055,42.1593633770002,55.9719268834588,1,1,0,1,3.74793815612793,3.758868932724,1
334,"correct_model",48.6008304606443,-1.39916953935565,3.42256508180426,-0.00981561955173049,48.6106460801961,41.8927261655636,55.3089347557251,41.9025417851153,55.3187503752768,1,1,0,1,3.98194313049316,4.01191997528076,1
335,"correct_model",50.7045210711143,0.7045210711143,2.97035930755704,0.146850788082752,50.5576702830315,44.8827238071592,56.5263183350694,44.7358730190764,56.3794675469867,1,1,0,1,4.26451301574707,4.33784818649292,1
336,"correct_model",52.4641823058837,2.46418230588372,3.07868232470923,0.274296889469959,52.1898854164138,46.4300758296136,58.4982887821539,46.1557789401436,58.2239918926839,1,1,0,1,3.80897998809814,3.83603000640869,1
337,"correct_model",47.9300054261128,-2.06999457388721,2.94728150808556,0.059287741371584,47.8707176847412,42.1534398179642,53.7065710342614,42.0941520765926,53.6472832928898,1,1,0,1,4.05155491828918,4.0699770450592,1
338,"correct_model",45.4076878168172,-4.59231218318283,3.07131309240235,-0.211099334584674,45.6187871514018,39.3880247704622,51.4273508631721,39.5991241050469,51.6384501977568,1,1,0,1,4.15253186225891,4.16434001922607,1
339,"correct_model",51.1175458592111,1.11754585921106,3.03442453791065,-0.634653366724912,51.752199225936,45.1701830511016,57.0649086673205,45.8048364178265,57.6995620340454,1,1,0,1,3.86062598228455,3.86802697181702,1
340,"correct_model",51.6251182381726,1.62511823817265,2.84179720385606,0.333906607084678,51.291211631088,46.0552980672481,57.1949384090972,45.7213914601635,56.8610318020125,1,1,0,1,3.93370890617371,3.9488730430603,1
341,"correct_model",53.6709716929273,3.67097169292734,3.37822385848877,-0.190128583736346,53.8611002766637,47.0497745985754,60.2921687872793,47.2399031823118,60.4822973710156,1,1,0,1,4.34317517280579,4.35154795646667,1
342,"correct_model",48.9271402161206,-1.07285978387944,2.97548310470088,-0.00464585690536978,48.9317860730259,43.0953004942994,54.7589799379417,43.0999463512048,54.7636257948471,1,1,0,1,4.12063503265381,4.1270260810852,1
343,"correct_model",54.0192258598582,4.01922585985824,3.37495115623756,-0.242279577623528,54.2615054374818,47.4044431440508,60.6340085756657,47.6467227216743,60.8762881532892,1,1,0,1,3.48718500137329,3.49971199035645,1
344,"correct_model",55.848211831545,5.84821183154504,2.78530330278231,-0.132349109386794,55.9805609409318,50.3891176720713,61.3073059910188,50.521466781458,61.4396551004056,0,0,1,1,3.70890998840332,3.72211194038391,0
345,"correct_model",51.0087751587439,1.00877515874392,3.30839937564083,0.335098298826772,50.6736768599171,44.5244315360131,57.4931187814747,44.1893332371863,57.158020482648,1,1,0,1,3.1830039024353,3.19987607002258,1
346,"correct_model",51.0412044854387,1.04120448543871,2.83566449261391,-0.184363839594099,51.2255683250328,45.4834042076764,56.599004763201,45.6677680472705,56.7833686027951,1,1,0,1,3.11645412445068,3.12831282615662,1
347,"correct_model",48.1782450517197,-1.82175494828027,2.90576952297974,-0.400088004602388,48.5783330563221,42.4830414393053,53.8734486641342,42.8831294439077,54.2735366687365,1,1,0,1,3.3490149974823,3.35709190368652,1
348,"correct_model",47.0938051432926,-2.9061948567074,2.93044562349,-0.201928903477672,47.2957340467703,41.3502372625992,52.837373023986,41.5521661660768,53.0393019274637,1,1,0,1,3.29607486724854,3.30716800689697,1
349,"correct_model",49.4660692928587,-0.533930707141252,2.91696583705659,-0.77577896252766,50.2418482553864,43.7489213080941,55.1832172776234,44.5247002706218,55.9589962401511,1,1,0,1,3.5471498966217,3.58243107795715,1
350,"correct_model",53.1507342610332,3.15073426103315,2.91756275288909,0.168327166550142,52.982407094483,47.432416342735,58.8690521793313,47.2640891761849,58.7007250127811,1,1,0,1,3.73592686653137,3.74325799942017,1
351,"correct_model",50.4897333882064,0.489733388206432,3.23465157011673,0.15140524897901,50.3383281392274,44.1499328082417,56.8295339681712,43.9985275592627,56.6781287191921,1,1,0,1,3.80697107315063,3.85254001617432,1
352,"correct_model",49.6496891759234,-0.350310824076587,3.07788173250099,-0.170093245141359,49.8197824210648,43.6171518315477,55.6822265202991,43.7872450766891,55.8523197654405,1,1,0,1,3.341548204422,3.36165904998779,1
353,"correct_model",51.7343637797906,1.73436377979063,3.41571958523336,-0.404380496898504,52.1387442766891,45.0396764114452,58.4290511481361,45.4440569083437,58.8334316450346,1,1,0,1,5.5850179195404,5.76541996002197,1
354,"correct_model",50.2197905219049,0.219790521904869,2.93168785768785,0.140463047590707,50.0793274743142,44.4737879069233,55.9657931368864,44.3333248593326,55.8253300892957,1,1,0,1,5.32757592201233,5.35876393318176,1
355,"correct_model",49.2676870841474,-0.732312915852646,3.20949913477744,0.443996442000611,48.8236906421467,42.9771843715711,55.5581897967236,42.5331879295705,55.114193354723,1,1,0,1,5.56604599952698,5.58654999732971,1
356,"correct_model",47.0477423434172,-2.95225765658282,2.86590149805871,-0.107639995124593,47.1553823385418,41.4306786239827,52.6648060628516,41.5383186191073,52.7724460579762,1,1,0,1,4.96889901161194,4.99549603462219,1
357,"correct_model",47.2760527914315,-2.72394720856849,3.17664346691545,0.163240508482019,47.1128122829495,41.0499460045528,53.5021595783102,40.8867054960708,53.3389190698282,1,1,0,1,5.79263401031494,5.82297396659851,1
358,"correct_model",49.3771092644156,-0.622890735584434,2.79853617075721,0.198029173611893,49.1790800908037,43.8920791602988,54.8621393685323,43.6940499866869,54.6641101949204,1,1,0,1,5.56691789627075,5.61383295059204,1
359,"correct_model",51.7909106991605,1.79091069916055,3.01103389424515,0.0684861405166544,51.7224245586439,45.8893927102107,57.6924286881104,45.820906569694,57.6239425475938,1,1,0,1,4.67809581756592,4.70928883552551,1
360,"correct_model",51.9410543613885,1.94105436138848,2.77805392787751,0.0341821843683263,51.9068721770202,46.4961687156385,57.3859400071384,46.4619865312702,57.3517578227701,1,1,0,1,5.75018906593323,5.88416194915771,1
361,"correct_model",53.1241064733263,3.12410647332634,3.23193503485004,0.0751829359440706,53.0489235373823,46.7896302046471,59.4585827420056,46.714447268703,59.3833998060615,1,1,0,1,6.05125308036804,6.06157302856445,1
362,"correct_model",51.9507885610284,1.95078856102838,3.03467799286468,0.268997399185253,51.6817911618431,46.0029289903373,57.8986481317194,45.7339315911521,57.6296507325342,1,1,0,1,3.56802105903625,3.5779139995575,1
363,"correct_model",54.9838189825461,4.98381898254611,3.45015259990617,-0.248527499755376,55.2323464823015,48.2216441455628,61.7459938195294,48.4701716453182,61.9945213192848,1,1,0,1,4.59872913360596,4.61434006690979,1
364,"correct_model",49.6974188597731,-0.30258114022692,2.93896816468788,0.0196254169934633,49.6777934427796,43.937147105275,55.4576906142711,43.9175216882816,55.4380651972776,1,1,0,1,5.24252891540527,5.27241683006287,1
365,"correct_model",43.6857693807454,-6.31423061925457,3.02041666630206,-0.190524558645691,43.8762939393911,37.7658614964889,49.605677265002,37.9563860551345,49.7962018236477,0,0,1,1,4.07208299636841,4.08277797698975,0
366,"correct_model",49.9254921349004,-0.0745078650996192,2.88871952502647,0.130496010239064,49.7949961246613,44.2637059044109,55.5872783653899,44.1332098941718,55.4567823551508,1,1,0,1,4.36296606063843,4.40660691261292,1
367,"correct_model",53.4897924781502,3.48979247815019,3.16330886272029,-0.0896688209211263,53.5794612990713,47.2898210352421,59.6897639210583,47.3794898561632,59.7794327419794,1,1,0,1,3.38497996330261,3.4073281288147,1
368,"correct_model",50.8081413054085,0.808141305408526,2.58779561159164,-0.242254113247647,51.0503954186562,45.7361551073381,55.8801275034789,45.9784092205858,56.1223816167266,1,1,0,1,4.15304207801819,4.17411398887634,1
369,"correct_model",50.5272750457653,0.527275045765251,2.92380767738846,-0.20788393077035,50.7351589765356,44.7967173003622,56.2578327911683,45.0046012311325,56.4657167219387,1,1,0,1,4.03576803207397,4.05137515068054,1
370,"correct_model",51.9043778848625,1.90437788486253,2.65172696118979,-0.218045161195498,52.122423046058,46.7070885440967,57.1016672256284,46.9251337052922,57.3197123868239,1,1,0,1,3.69388294219971,3.72780895233154,1
371,"correct_model",48.250376397619,-1.74962360238104,2.87005584130151,0.147567625300312,48.1028087723187,42.6251703150492,53.8755824801887,42.4776026897489,53.7280148548884,1,1,0,1,4.23119282722473,4.26487898826599,1
372,"correct_model",54.1300929415011,4.13009294150115,3.06526581166837,0.119659475819283,54.0104334656819,48.1222823475892,60.1379035354131,48.0026228717699,60.0182440595938,1,1,0,1,4.22427082061768,4.25595498085022,1
373,"correct_model",46.2302498964314,-3.76975010356857,3.01647905409684,0.17809096489863,46.0521589315328,40.3180595902822,52.1424402025807,40.1399686253835,51.9643492376821,1,1,0,1,4.57709097862244,4.5875301361084,1
374,"correct_model",53.7229012161836,3.72290121618357,3.24786091521311,-0.710663872016454,54.4335650882,47.3572107955706,60.0885916367966,48.067874667587,60.799255508813,1,1,0,1,4.87185883522034,4.88520002365112,1
375,"correct_model",50.0548613444051,0.0548613444050829,3.19845973336454,-0.0585622174753766,50.1134235618805,43.785995461009,56.3237272278012,43.8445576784844,56.3822894452765,1,1,0,1,5.12364101409912,5.15658903121948,1
376,"correct_model",54.5283180198996,4.52831801989959,3.09266082761863,0.241233693086656,54.2870843268129,48.4668141813692,60.5898218584299,48.2255804882826,60.3485881653433,1,1,0,1,5.9458429813385,5.95766806602478,1
377,"correct_model",50.1951444412656,0.195144441265555,3.16428018490172,-0.105268572007517,50.3004130132731,43.9932692418644,56.3970196406667,44.098537813872,56.5022882126742,1,1,0,1,5.40798282623291,5.46742701530457,1
378,"correct_model",47.3722589401963,-2.62774105980374,3.05504960195887,0.0648305988648374,47.3074283413314,41.3844717493734,53.3600461310191,41.3196411505086,53.2952155321542,1,1,0,1,3.36444997787476,3.37092089653015,1
379,"correct_model",50.4600747874524,0.460074787452399,3.13501086900419,0.650030370969979,49.8100444164824,44.3155663930626,56.6045831818422,43.6655360220926,55.9545528108722,1,1,0,1,6.1579110622406,6.17269396781921,1
380,"correct_model",54.7311826650868,4.73118266508676,3.21818693397447,0.0290865372799942,54.7020961278068,48.4236521789794,61.0387131511941,48.3945656416994,61.0096266139141,1,1,0,1,5.85066819190979,5.87719702720642,1
381,"correct_model",50.3804736156355,0.380473615635481,3.04057835482295,0.453615922236118,49.9268576933994,44.4210495480105,56.3398976832605,43.9674336257743,55.8862817610244,1,1,0,1,3.07388401031494,3.08397197723389,1
382,"correct_model",50.7156777870933,0.715677787093256,2.98653533416555,-0.337443569696738,51.05312135679,44.8621760935725,56.569179480614,45.1996196632692,56.9066230503108,1,1,0,1,5.26946401596069,5.33102107048035,1
383,"correct_model",52.3557776657196,2.35577766571956,3.14943832847267,-0.261120305747184,52.6168979714667,46.1829919703831,58.528563361056,46.4441122761303,58.7896836668032,1,1,0,1,5.45518183708191,5.55852913856506,1
384,"correct_model",50.396208497994,0.396208497994053,2.97205848729091,0.419335386896158,49.9768731110979,44.5710809029573,56.2213360930308,44.1517455160611,55.8020007061347,1,1,0,1,3.54966306686401,3.57747912406921,1
385,"correct_model",50.9086510618563,0.908651061856332,3.06143925819982,0.343786349744242,50.5648647121121,44.9083403749277,56.908961748785,44.5645540251834,56.5651753990408,1,1,0,1,3.76525902748108,3.77932190895081,1
386,"correct_model",50.1634376289245,0.163437628924513,2.86419573437647,-0.313748241317938,50.4771858702425,44.5497171448734,55.7771581129756,44.8634653861913,56.0909063542936,1,1,0,1,4.26454496383667,4.29418897628784,1
387,"correct_model",52.4530560131003,2.45305601310034,2.69373356285547,0.0790773045011406,52.3739787085992,47.1734352459569,57.7326767802438,47.0943579414557,57.6535994757427,1,1,0,1,4.14018893241882,4.16846990585327,1
388,"correct_model",51.0960255585509,1.09602555855092,3.25630729774509,0.0174128591492533,51.0786126994017,44.7137805323756,57.4782705847262,44.6963676732263,57.460857725577,1,1,0,1,4.41942095756531,4.4312961101532,1
389,"correct_model",48.9722956406596,-1.02770435934036,2.98879522257398,0.105290219139384,48.8670054215203,43.1143646472493,54.83022663407,43.0090744281099,54.7249364149306,1,1,0,1,4.56581592559814,4.5866858959198,1
390,"correct_model",47.6242605137959,-2.37573948620408,2.97064085085221,-0.147207794535497,47.7714683083314,41.8019114351222,53.4466095924697,41.9491192296577,53.5938173870052,1,1,0,1,4.66941690444946,4.68159508705139,1
391,"correct_model",53.0538848066156,3.05388480661561,2.94213903655073,0.322566497964267,52.7313183086513,47.2873982574668,58.8203713557644,46.9648317595025,58.4978048578002,1,1,0,1,3.9222559928894,3.94660687446594,1
392,"correct_model",48.3894798561305,-1.61052014386945,2.84832383554021,0.192512097984661,48.1969677581459,42.8068677221647,53.9720919900964,42.6143556241801,53.7795798921117,1,1,0,1,5.53612399101257,5.54414510726929,1
393,"correct_model",47.877238447596,-2.12276155240404,2.90336110500246,-0.00787344802758838,47.8851118956235,42.1867552476767,53.5677216475152,42.1946286957043,53.5755950955428,1,1,0,1,4.39543104171753,4.42402100563049,1
394,"correct_model",47.636177692271,-2.36382230772902,3.30128761864745,0.102818381483736,47.5333593107872,41.165772857114,54.106582527428,41.0629544756302,54.0037641459442,1,1,0,1,4.31781387329102,4.35641098022461,1
395,"correct_model",52.7397619587424,2.73976195874238,2.89728391287172,0.154793715702624,52.5849682430398,47.0611898365265,58.4183340809582,46.9063961208239,58.2635403652556,1,1,0,1,3.75669097900391,3.77064800262451,1
396,"correct_model",50.3261170047796,0.326117004779604,2.87494986797854,0.466538577814433,49.8595784269652,44.6913188061835,55.9609152033757,44.2247802283691,55.4943766255613,1,1,0,1,5.36239194869995,5.40372395515442,1
397,"correct_model",49.0063134871418,-0.993686512858218,3.11341828490082,0.205533408013373,48.8007800791284,42.9041257799277,55.1085011943559,42.6985923719143,54.9029677863425,1,1,0,1,3.59439706802368,3.60529613494873,1
398,"correct_model",52.0557664411239,2.05576644112394,3.01113387148702,-0.0644704210333842,52.1202368621573,46.1540525003807,57.9574803818672,46.2185229214141,58.0219508029005,1,1,0,1,3.54242515563965,3.569739818573,1
399,"correct_model",52.6627050730869,2.66270507308685,2.87211776630984,0.0204445215899582,52.6422605514969,47.033457691762,58.2919524544118,47.013013170172,58.2715079328218,1,1,0,1,3.44759202003479,3.48242616653442,1
400,"correct_model",49.5023930518203,-0.497606948179666,3.12748774582391,-0.200107584869144,49.7025006366895,43.3726297079151,55.6321563957256,43.5727372927843,55.8322639805947,1,1,0,1,3.43943500518799,3.46307301521301,1
401,"correct_model",51.0140521857857,1.01405218578567,2.99562335469194,-0.326614917241393,51.3406671030271,45.1427382993424,56.8853660722289,45.4693532165838,57.2119809894703,1,1,0,1,3.68503904342651,3.69920897483826,1
402,"correct_model",44.9538937906194,-5.04610620938064,2.75606309857726,0.588953696291604,44.3649400943278,39.5521093782881,50.3556782029507,38.9631556819965,49.7667245066591,1,0,0,1,3.94738793373108,3.95671606063843,0
403,"correct_model",48.1239544526041,-1.87604554739589,3.17346604634287,0.346910521968276,47.7770439306358,41.9040752956114,54.3438336095968,41.5571647736431,53.9969230876286,1,1,0,1,3.5697169303894,3.58156204223633,1
404,"correct_model",48.6591469672373,-1.34085303276271,2.74039380890142,-0.0153769215761912,48.6745238888135,43.288073798334,54.0302201361406,43.3034507199102,54.0455970577168,1,1,0,1,3.56061291694641,3.56772184371948,1
405,"correct_model",49.7703613106675,-0.229638689332518,2.78952706652389,0.117194475066768,49.6531668356007,44.302988726381,55.237733894954,44.1857942513142,55.1205394198872,1,1,0,1,3.28673815727234,3.30138492584229,1
406,"correct_model",50.6970075031098,0.697007503109809,2.83257239705855,-0.505201010539039,51.2022085136488,45.1452676212728,56.2487473849469,45.6504686318118,56.7539483954859,1,1,0,1,4.61679291725159,4.63576602935791,1
407,"correct_model",49.5159820474038,-0.484017952596247,2.9004816981817,-0.0116251713565276,49.5276072187603,43.83114238115,55.2008217136575,43.8427675525066,55.212446885014,1,1,0,1,4.27458500862122,4.29645204544067,1
408,"correct_model",50.9311829175946,0.93118291759464,2.97803250453959,0.534202971854938,50.3969799457397,45.0943464639074,56.7680193712818,44.5601434920525,56.2338163994269,1,1,0,1,3.93093204498291,3.99827194213867,1
409,"correct_model",50.363802871384,0.363802871383953,3.01356842987659,-0.259733326725176,50.6235361981091,44.4573172838789,56.270288458889,44.7170506106041,56.5300217856142,1,1,0,1,4.00460290908813,4.02692914009094,1
410,"correct_model",54.0667556605021,4.06675566050208,3.2242435911892,-0.201399840996686,54.2681555014988,47.7473543443872,60.386156976617,47.9487541853838,60.5875568176137,1,1,0,1,4.12603497505188,4.14898920059204,1
411,"correct_model",57.8775908635129,7.87759086351294,2.98962279180105,-0.0595968414541943,57.9371877049671,52.0180378642228,63.7371438628031,52.077634705677,63.7967407042573,0,0,1,1,2.9997251033783,3.00724315643311,0
412,"correct_model",48.5812439897244,-1.41875601027556,3.05321924859612,-0.21864487192655,48.799888861651,42.5970442255716,54.5654437538773,42.8156890974982,54.7840886258038,1,1,0,1,4.21614503860474,4.23940396308899,1
413,"correct_model",48.6599660062272,-1.34003399377282,2.72940653566453,-0.029181359775059,48.6891473660022,43.3104274971565,54.0095045152979,43.3396088569315,54.038685875073,1,1,0,1,3.71725296974182,3.72447299957275,1
414,"correct_model",56.7848737541895,6.78487375418955,3.15766815028968,-0.224251470270794,57.0091252244603,50.5959579044926,62.9737896038865,50.8202093747634,63.1980410741573,0,0,1,1,3.01488780975342,3.02174615859985,0
415,"correct_model",48.1084472171991,-1.89155278280091,2.84237025034956,0.123018887739313,47.9854283294598,42.5375038957858,53.6793905386123,42.4144850080465,53.556371650873,1,1,0,1,3.93008303642273,4.01917505264282,1
416,"correct_model",49.8663257629032,-0.133674237096756,2.99927730395137,0.193416253197476,49.6729095097058,43.9878502675102,55.7448012582963,43.7944340143127,55.5513850050989,1,1,0,1,3.99332594871521,4.01578187942505,1
417,"correct_model",49.4319380062422,-0.568061993757752,3.21520315331221,0.410734020809606,49.0212039854326,43.1302556227707,55.7336203897138,42.7195216019611,55.3228863689042,1,1,0,1,3.58243894577026,3.59181714057922,1
418,"correct_model",45.305811768684,-4.694188231316,2.76471949795033,-0.127106405197537,45.4329181738815,39.8870611253457,50.7245624120223,40.0141675305432,50.8516688172198,1,1,0,1,3.53505206108093,3.57268190383911,1
419,"correct_model",50.258916530374,0.258916530374009,3.21718050303148,-0.221091153534068,50.4800076839081,43.9533586126679,56.5644744480802,44.1744497662019,56.7855656016142,1,1,0,1,5.16902494430542,5.23792004585266,1
420,"correct_model",53.3625640426327,3.36256404263271,3.44322822699539,-0.388911059708853,53.7514751023416,46.61396072717,60.1111673580954,47.0028717868789,60.5000784178042,1,1,0,1,5.97308301925659,6.00406789779663,1
421,"correct_model",49.8915160497782,-0.108483950221782,3.05899187683098,-0.320457349393315,50.2119733991715,43.8960021421889,55.8870299573675,44.2164594915822,56.2074873067608,1,1,0,1,5.59819889068604,5.68126511573792,1
422,"correct_model",50.8054973390462,0.805497339046156,2.40142841978645,0.309312126833561,50.4961852122126,46.0987841248138,55.5122105532785,45.7894719979802,55.202898426445,1,1,0,1,2.78279995918274,2.78971719741821,1
423,"correct_model",46.5880185332364,-3.41198146676356,2.96757207872166,-0.228118635694884,46.8161371689313,40.7716841374153,52.4043529290575,40.9998027731102,52.6324715647524,1,1,0,1,5.71337699890137,5.75082802772522,1
424,"correct_model",53.4415844130416,3.44158441304161,3.2342617520603,-0.299371250008029,53.7409556630496,47.102547862428,59.7806209636552,47.401919112436,60.0799922136632,1,1,0,1,4.01272988319397,4.02792191505432,1
425,"correct_model",53.8749286259168,3.87492862591677,3.41252773419004,-0.208194333819186,54.083122959736,47.1864971706602,60.5633600811733,47.3946915044794,60.7715544149925,1,1,0,1,2.99446702003479,3.00235891342163,1
426,"correct_model",46.7856410520892,-3.2143589479108,2.76664832109446,0.0922908587308839,46.6933501933583,41.3631099848559,52.2081721193225,41.270819126125,52.1158812605917,1,1,0,1,5.87762594223022,5.8934121131897,1
427,"correct_model",47.7253635130862,-2.27463648691381,2.95367024622342,-0.549468595576194,48.2748321086624,41.9362762082807,53.5144508178917,42.4857448038569,54.0639194134679,1,1,0,1,6.03691506385803,6.06630301475525,1
428,"correct_model",45.3849165592285,-4.61508344077153,3.3308571018584,0.316490147856868,45.0684264113716,38.8565566019365,51.9132765165204,38.5400664540797,51.5967863686635,1,1,0,1,2.61821103096008,2.6449601650238,1
429,"correct_model",52.7294023632932,2.72940236329318,2.88014873638527,-0.0185190574808445,52.747921420774,47.0844145698595,58.3743901567268,47.1029336273403,58.3929092142077,1,1,0,1,3.93864297866821,3.96633100509644,1
430,"correct_model",47.915114095372,-2.08488590462801,2.753193411101,-0.169376771480884,48.0844908668529,42.518954167141,53.3112740236029,42.6883309386219,53.4806507950838,1,1,0,1,4.36567997932434,4.38943791389465,1
431,"correct_model",55.8237809464542,5.82378094645422,3.03658463572307,-0.761705554594087,56.5854865010483,49.8721844244293,61.7753774684791,50.6338899790234,62.5370830230732,1,0,0,1,3.848464012146,3.86651611328125,1
432,"correct_model",48.2428730674312,-1.75712693256882,2.79672345537844,-0.0286697624307735,48.271542829862,42.761395820171,53.7243503146913,42.7900655826018,53.7530200771221,1,1,0,1,5.03090620040894,5.04649615287781,1
433,"correct_model",55.8022356832363,5.80223568323633,3.15625906993167,-0.132031395710975,55.9342670789473,49.6160815802924,61.9883897861803,49.7481129760033,62.1204211818913,1,1,0,1,2.97338891029358,2.98660612106323,1
434,"correct_model",53.7098586331821,3.70985863318214,3.09658061277516,-0.246070238616191,53.9559288717983,47.6406721569179,59.7790451094464,47.886742395534,60.0251153480626,1,1,0,1,4.01859211921692,4.03061103820801,1
435,"correct_model",56.6205949559157,6.62059495591569,3.10486794443239,0.186279859613975,56.4343150963017,50.5351656080753,62.7060243037561,50.3488857484613,62.5197444441421,0,0,1,1,4.94166111946106,5.14672803878784,0
436,"correct_model",52.619174925973,2.61917492597298,3.11098085646151,-0.436540859469048,53.055715785442,46.5217644907149,58.7165853612311,46.9583053501839,59.1531262207002,1,1,0,1,3.25626802444458,3.28527522087097,1
437,"correct_model",45.0257386212329,-4.97426137876714,2.79317198198603,0.0711917850678816,44.954546836165,39.5512221339139,50.5002551085518,39.480030348846,50.429063323484,1,1,0,1,4.94839191436768,4.96528792381287,1
438,"correct_model",51.6645128329163,1.66451283291626,2.88972182714677,0.0302896082190784,51.6342232246972,46.0007621263693,57.3282635394632,45.9704725181502,57.2979739312441,1,1,0,1,4.72949409484863,4.76132392883301,1
439,"correct_model",44.3187836063761,-5.68121639362391,2.92909037817597,-0.00191853273914688,44.3207021391152,38.5778719576884,50.0596952550638,38.5797904904275,50.061613787803,1,1,0,1,2.96727919578552,2.99766707420349,0
440,"correct_model",49.8335019991846,-0.16649800081538,3.09319684102318,0.328510479196353,49.5049915199883,43.7709475936861,55.8960564046831,43.4424371144898,55.5675459254868,1,1,0,1,5.82108211517334,5.85872888565063,1
441,"correct_model",46.0389543651763,-3.96104563482373,2.80514886664152,-0.41163014635319,46.4505845115295,40.5409636152855,51.536945115067,40.9525937616387,51.9485752614202,1,1,0,1,6.58424782752991,6.6162600517273,1
442,"correct_model",46.0338540744876,-3.96614592551239,2.79077903926809,0.127819448586131,45.9060346259015,40.5640276687129,51.5036804802624,40.4362082201267,51.3758610316762,1,1,0,1,5.79125690460205,5.81299996376038,1
443,"correct_model",51.6327275554049,1.6327275554049,2.89953344576332,0.367810482856171,51.2649170725487,45.9497464297395,57.3157086810703,45.5819359468833,56.9478981982142,1,1,0,1,6.80864906311035,6.83275485038757,1
444,"correct_model",50.8726038240249,0.872603824024893,3.07854611444631,0.251734539731402,50.6208692842935,44.8387643149644,56.9064433330854,44.587029775233,56.654708793354,1,1,0,1,5.15596604347229,5.16364121437073,1
445,"correct_model",52.5852178997242,2.58521789972417,3.05391995332355,0.181171866013358,52.4040460337108,46.5996447795418,58.5707910199066,46.4184729135284,58.3896191538932,1,1,0,1,6.55152201652527,6.5979220867157,1
446,"correct_model",54.481647489256,4.48164748925595,3.11034140227461,0.199716946615432,54.2819305426405,48.3854903611739,60.577804617338,48.1857734145585,60.3780876707226,1,1,0,1,5.92352604866028,5.93928718566895,1
447,"correct_model",46.941856506544,-3.05814349345604,2.85005603761611,-0.253890465878463,47.1957469724224,41.3558493188954,52.5278636941925,41.6097397847739,52.7817541600709,1,1,0,1,4.85244703292847,4.85958886146545,1
448,"correct_model",53.5176390284767,3.51763902847665,3.69855761756418,-0.32024749834607,53.8378865268227,46.2685993033046,60.7666787536487,46.5888468016507,61.0869262519948,1,1,0,1,6.52789306640625,6.59975409507751,1
449,"correct_model",53.2234053425778,3.22340534257782,3.04637284775623,0.0964884432153923,53.1269168993624,47.2526242774949,59.1941864076608,47.1561358342795,59.0976979644454,1,1,0,1,6.63017201423645,6.69987416267395,1
450,"correct_model",49.8934317651685,-0.106568234831457,2.92403618177181,-0.435192810290161,50.3286245754587,44.1624261594038,55.6244373709333,44.597618969694,56.0596301812235,1,1,0,1,3.16374683380127,3.18668794631958,1
451,"correct_model",49.013406556057,-0.986593443942979,2.93825976931244,0.233222719907445,48.7801838361496,43.2545232309817,54.7722898811324,43.0213005110742,54.5390671612249,1,1,0,1,4.4252769947052,4.44294619560242,1
452,"correct_model",56.2310033157616,6.23100331576155,3.1439753832755,0.240227382091881,55.9907759336697,50.0689247962611,62.393081835262,49.8286974141692,62.1528544531702,0,1,1,1,3.54526615142822,3.57392597198486,1
453,"correct_model",49.9911170652449,-0.00888293475510693,3.00024513968448,0.12286483162314,49.8682522336218,44.110744646672,55.8714894838178,43.9878798150488,55.7486246521947,1,1,0,1,6.31118607521057,6.34666514396667,1
454,"correct_model",52.1995091801767,2.19950918017672,3.16373604566821,0.105283252282128,52.0942259278946,45.9987004740759,58.4003178862776,45.8934172217937,58.2950346339954,1,1,0,1,3.58178400993347,3.64923405647278,1
455,"correct_model",49.1897381439768,-0.810261856023246,2.8225843784843,-0.181788958032314,49.3715271020091,43.6575744188221,54.7219018691314,43.8393633768545,54.9036908271637,1,1,0,1,3.47221302986145,3.48679399490356,1
456,"correct_model",51.5745883654228,1.57458836542278,2.99560944841904,-0.0692111489579688,51.6437995143808,45.7033017347736,57.445874996072,45.7725128837315,57.51508614503,1,1,0,1,5.29102396965027,5.3259060382843,1
457,"correct_model",47.5254402445657,-2.47455975543427,2.70881111150469,-0.12118403334906,47.6466242779148,42.2162680250946,52.8346124640368,42.3374520584437,52.9557964973859,1,1,0,1,6.37933421134949,6.40005993843079,1
458,"correct_model",48.9331533206627,-1.0668466793373,3.02281844067883,-0.0210278644639672,48.9541811851267,43.0085380451287,54.8577685961967,43.0295659095926,54.8787964606607,1,1,0,1,3.90328288078308,3.9107928276062,1
459,"correct_model",53.3395085105864,3.33950851058638,3.27696456625549,0.160149064449186,53.1793594461372,46.9167759821117,59.7622410390611,46.7566269176625,59.6020919746119,1,1,0,1,3.42626595497131,3.45966506004333,1
460,"correct_model",47.6113317159685,-2.38866828403154,2.93068442767306,-0.183282841288843,47.7946145572573,41.8672957876769,53.35536764426,42.0505786289657,53.5386504855489,1,1,0,1,3.52964901924133,3.62186002731323,1
461,"correct_model",45.526134102449,-4.47386589755099,2.88885400834572,-0.591767293612563,46.1179013960616,39.8640842894972,51.1881839154008,40.4558515831098,51.7799512090134,1,1,0,1,5.65301513671875,5.67414593696594,1
462,"correct_model",48.1381449290876,-1.86185507091243,3.03212694682791,0.192859696899546,47.945285232188,42.1952853167515,54.0810045414237,42.0024256198519,53.8881448445241,1,1,0,1,6.87933111190796,6.91105484962463,1
463,"correct_model",53.7005179883138,3.70051798831376,3.42702565623563,0.0219573810588045,53.678560607255,46.9836711279972,60.4173648486303,46.9617137469384,60.3954074675715,1,1,0,1,1.70662999153137,1.71353793144226,1
464,"correct_model",52.4953235601869,2.49532356018689,3.25677027968652,0.141261196213669,52.3540623639732,46.1121711060809,58.8784760142929,45.9709099098672,58.7372148180792,1,1,0,1,2.24741983413696,2.25869917869568,1
465,"correct_model",49.9377706556356,-0.0622293443643684,3.07743900578449,0.160249461817266,49.7775211938184,43.9061010396793,55.969440271592,43.745851577862,55.8091908097747,1,1,0,1,1.84020900726318,1.84687995910645,1
466,"correct_model",48.0612185651303,-1.93878143486965,2.96426283014761,-0.0968402067624936,48.1580587718928,42.2513701773303,53.8710669529304,42.3482103840927,53.9679071596929,1,1,0,1,5.19229102134705,5.20093297958374,1
467,"correct_model",49.6769396529756,-0.323060347024423,2.79247031661857,-0.491005952128738,50.1679456051043,44.203798404506,55.1500809014451,44.6948043566348,55.6410868535739,1,1,0,1,2.32806086540222,2.33744406700134,1
468,"correct_model",54.0665742388625,4.06657423886251,3.27059703736496,0.0447489802986709,54.0218252585638,47.6563218376838,60.4768266400412,47.6115728573851,60.4320776597426,1,1,0,1,2.44367694854736,2.47004699707031,1
469,"correct_model",49.8673602965096,-0.132639703490426,3.22824912182537,0.128624524950062,49.7387357715595,43.5401082846088,56.1946123084103,43.4114837596587,56.0659877834603,1,1,0,1,5.87578201293945,5.88314294815063,1
470,"correct_model",52.5317175089799,2.53171750897987,3.07237608510992,-0.0540394148340084,52.5857569238139,46.5099710352023,58.5534639827575,46.5640104500363,58.6075033975915,1,1,0,1,1.74009084701538,1.74739789962769,1
471,"correct_model",59.2600391076147,9.26003910761466,3.2677832106449,-0.46951757404895,59.7295566816636,52.855301705466,65.6647765097633,53.324819279515,66.1342940838123,0,0,1,1,1.83025217056274,1.83962893486023,0
472,"correct_model",53.8053002226894,3.80530022268944,3.03929945526437,-0.277514764528512,54.082814987218,47.8483827521391,59.7622176932398,48.1258975166676,60.0397324577683,1,1,0,1,3.32619404792786,3.33989214897156,1
473,"correct_model",47.6425688236761,-2.35743117632391,3.06897915941466,-0.26134342931126,47.9039122529873,41.6274802019193,53.6576574454328,41.8888236312306,53.9190008747441,1,1,0,1,3.63032388687134,3.65853595733643,1
474,"correct_model",46.8580779218336,-3.1419220781664,3.15731622284128,0.287816161266591,46.570261760567,40.6698518372607,53.0463040064065,40.3820356759941,52.75848784514,1,1,0,1,1.62287020683289,1.63015007972717,1
475,"correct_model",50.3527897254696,0.352789725469563,2.91799648020737,0.269985961098897,50.0828037643707,44.6336217172485,56.0719577336907,44.3636357561496,55.8019717725918,1,1,0,1,1.91165614128113,1.91792511940002,1
476,"correct_model",52.6366317853485,2.63663178534847,3.00928403525305,0.426084621083575,52.2105471642649,46.7385434570011,58.5347201136958,46.3124588359176,58.1086354926122,1,1,0,1,1.63937187194824,1.64574003219604,1
477,"correct_model",48.5787037948619,-1.42129620513808,2.9466339098404,-0.0380000565800387,48.616703851442,42.8034074559503,54.3540001337736,42.8414075125303,54.3920001903536,1,1,0,1,5.52651691436768,5.56788206100464,1
478,"correct_model",50.6309582135919,0.630958213591882,3.04498947174997,0.112846154132455,50.5181120594594,44.6628885156583,56.5990279115255,44.5500423615258,56.486181757393,1,1,0,1,1.70999693870544,1.72625398635864,1
479,"correct_model",52.150302916569,2.15030291656898,3.36918148382296,0.240377124183638,51.9099257923853,45.5468285508968,58.7537772822412,45.3064514267131,58.5134001580576,1,1,0,1,1.98126411437988,1.98961114883423,1
480,"correct_model",47.4397546457867,-2.56024535421327,2.74046268202718,-0.152869886390931,47.5926245321777,42.0685464880374,52.810962803536,42.2214163744284,52.963832689927,1,1,0,1,4.87490701675415,4.88219714164734,1
481,"correct_model",47.3143452786276,-2.68565472137236,3.27071537513442,0.197622656411966,47.1167226222157,40.9038609396828,53.7248296175725,40.7062382832708,53.5272069611605,1,1,0,1,1.63643002510071,1.64316892623901,1
482,"correct_model",50.2464089418362,0.246408941836194,3.14309506790829,0.211632792941487,50.0347761488947,44.0860558087505,56.4067620749219,43.874423015809,56.1951292819804,1,1,0,1,1.62505984306335,1.63176798820496,1
483,"correct_model",48.9614713466399,-1.03852865336013,3.04613706027973,0.242917069835059,48.7185542768048,42.9911524165189,54.9317902767609,42.7482353466838,54.6888732069258,1,1,0,1,5.44457101821899,5.4793210029602,1
484,"correct_model",48.0220972339426,-1.97790276605735,2.89016857801571,-0.384159973860591,48.4062572078032,42.3574709117825,53.6867235561028,42.7416308856431,54.0708835299634,1,1,0,1,1.86706209182739,1.87419581413269,1
485,"correct_model",47.2474365698491,-2.75256343015093,2.69609526268027,0.130094910031872,47.1173416598172,41.9631869561067,52.5316861835915,41.8330920460748,52.4015912735596,1,1,0,1,1.466463804245,1.47264194488525,1
486,"correct_model",52.4029292420571,2.40292924205711,2.95930370791701,-0.301448434280061,52.7043776763372,46.6028005552239,58.2030579288903,46.904248989504,58.5045063631704,1,1,0,1,1.65549302101135,1.66195011138916,1
487,"correct_model",51.649753012108,1.64975301210799,2.89773381398711,-0.347935991951132,51.9976890040591,45.9702990999094,57.3292069243066,46.3182350918605,57.6771429162577,1,1,0,1,1.51713418960571,1.52372097969055,1
488,"correct_model",52.4670245328313,2.4670245328313,3.34865393166967,-0.0349764262161258,52.5020009590474,45.9037834300703,59.0302656355923,45.9387598562864,59.0652420618084,1,1,0,1,2.02386403083801,2.05706810951233,1
489,"correct_model",49.2652805177672,-0.734719482232819,2.96267434540842,-0.057216233582146,49.3224967513493,43.4585455028459,55.0720155326885,43.515761736428,55.1292317662706,1,1,0,1,1.60104894638062,1.6079261302948,1
490,"correct_model",52.2790072283791,2.27900722837909,2.83896277268052,-0.23612473382893,52.515131962208,46.7147424404753,57.8432720162829,46.9508671743042,58.0793967501118,1,1,0,1,1.65951895713806,1.66603517532349,1
491,"correct_model",51.2381634930427,1.23816349304266,3.10820662251325,-0.258211931932372,51.496375424975,45.1461904564078,57.3301365296775,45.4044023883402,57.5883484616099,1,1,0,1,1.86659693717957,1.90852904319763,1
492,"correct_model",48.6376507870586,-1.36234921294142,3.22505483923165,-0.0986230670888162,48.7362738541474,42.3166594539979,54.9586421201192,42.4152825210868,55.057265187208,1,1,0,1,1.51981592178345,1.52696108818054,1
493,"correct_model",51.1557343342751,1.15573433427514,3.05541332777819,0.212750239157891,50.9429840951172,45.1672342539462,57.1442344146041,44.9544840147883,56.9314841754462,1,1,0,1,1.50131297111511,1.50874304771423,1
494,"correct_model",51.9464872858842,1.94648728588416,3.2102076248934,-0.0548514734025716,52.0013387592867,45.6545959581972,58.2383786135711,45.7094474315998,58.2932300869737,1,1,0,1,4.98453211784363,4.99758696556091,1
495,"correct_model",54.7471600076097,4.74716000760968,3.20132167704981,0.0700632305393469,54.6770967770703,48.4726848176647,61.0216351975547,48.4026215871253,60.9515719670153,1,1,0,1,1.64801096916199,1.65755796432495,1
496,"correct_model",47.326648232347,-2.673351767653,2.73074017251926,0.36592069851833,46.9607275338287,41.9744958430725,52.6788006216214,41.6085751445542,52.3128799231031,1,1,0,1,1.36282086372375,1.36884999275208,1
497,"correct_model",48.4737667908421,-1.52623320915791,3.03630910252988,-0.448967755767171,48.9227345466093,42.5227103039524,54.4248232777318,42.9716780597196,54.873791033499,1,1,0,1,1.52713894844055,1.53360390663147,1
498,"correct_model",49.1742242734438,-0.825775726556159,3.14343504236739,-0.673279887451947,49.8475041608958,43.0132048026626,55.3352437442251,43.6864846901146,56.008523631677,1,1,0,1,1.40493988990784,1.41080093383789,1
499,"correct_model",52.7651287834112,2.76512878341116,3.04465389028305,-0.0169686068410897,52.7820973902522,46.7977168130666,58.7325407537557,46.8146854199077,58.7495093605968,1,1,0,1,1.81049013137817,1.82941508293152,1
500,"correct_model",53.5589674288155,3.55896742881548,2.91165883112046,-0.0122880065973732,53.5712554354129,47.8522209845514,59.2657138730796,47.8645089911488,59.278001879677,1,1,0,1,1.49115991592407,1.49726486206055,1
