"replicate","Estimator","estimate","bias","bootstrap_se","bootstrap_bias","bc_estimate","ci_lower","ci_upper","bc_ci_lower","bc_ci_upper","covered_true_95","covered_true_95_bc","reject_h0_effect","reject_h0_null","bootstrap_time_sec","replicate_time_sec","covered_mc_mean_95"
1,"rf",38.9085341342957,-11.0914658657043,3.88868769807613,-0.458727146679259,39.3672612809749,31.2868462989425,46.5302219696488,31.7455734456217,46.9889491163281,0,0,1,1,107.67573595047,108.165451049805,1
2,"rf",36.9407325917993,-13.0592674082007,3.48962771705015,0.00805988144826841,36.932672710351,30.1011879469283,43.7802772366703,30.09312806548,43.772217355222,0,0,1,1,107.332512140274,107.817452907562,0
3,"rf",46.1048239934564,-3.89517600654364,3.5314271139991,-2.08609994645528,48.1909239399116,39.1833540359899,53.0262939509228,41.2694539824452,55.1123938973781,1,1,0,1,105.203505039215,105.694222927094,1
4,"rf",43.6543249056766,-6.34567509432344,3.76683581637164,0.213999835062964,43.4403250706136,36.2714623699126,51.0371874414405,36.0574625348497,50.8231876063775,1,1,0,1,107.231643915176,107.751264095306,1
5,"rf",44.5969264638196,-5.4030735361804,3.67925009133332,0.227844730927409,44.3690817328922,37.3857287946906,51.8081241329486,37.1578840637632,51.5802794020212,1,1,0,1,105.936682939529,106.402542114258,1
6,"rf",47.1848244654591,-2.81517553454091,3.43466148715491,-0.407866364710372,47.5926908301695,40.4530116515487,53.9166372793695,40.8608780162591,54.3245036440799,1,1,0,1,105.719169139862,106.224643945694,1
7,"rf",45.3258305223333,-4.67416947766666,3.61564196954313,-1.16832091617279,46.4941514385061,38.2393024810373,52.4123585636293,39.4076233972101,53.5806794798021,1,1,0,1,106.212712049484,106.702749967575,1
8,"rf",49.2443973871367,-0.755602612863271,3.87128367411975,0.440351687788549,48.8040456993482,41.6568208119241,56.8319739623493,41.2164691241356,56.3916222745608,1,1,0,1,107.027982950211,107.519078969955,1
9,"rf",40.5606490404609,-9.43935095953907,3.37816831319193,-0.315907069736781,40.8765561101977,33.9395608128903,47.1817372680315,34.2554678826271,47.4976443377683,0,0,1,1,107.310336828232,107.790135145187,1
10,"rf",47.0124709412782,-2.98752905872178,3.89143675014788,-1.45490560293553,48.4673765442137,39.3853950628728,54.6395468196836,40.8403006658083,56.0944524226192,1,1,0,1,107.296307086945,107.77065205574,1
11,"rf",36.6139421766385,-13.3860578233615,3.62425137670576,0.642683599679891,35.9712585769586,29.5105400073755,43.7173443459015,28.8678564076956,43.0746607462216,0,0,1,1,107.324590921402,107.795404911041,0
12,"rf",45.2672857702578,-4.73271422974216,3.43559630153707,-1.26981964336821,46.537105413626,38.5336407538262,52.0009307866895,39.8034603971944,53.2707504300577,1,1,0,1,111.023509979248,111.696921110153,1
13,"rf",45.550407480245,-4.44959251975503,3.65361599821521,-0.858186104031326,46.4085935842763,38.3894517104038,52.7113632500861,39.2476378144351,53.5695493541175,1,1,0,1,113.108434915543,113.589248895645,1
14,"rf",47.8452396052176,-2.15476039478236,3.26205700142568,-1.27322477508667,49.1184643803043,41.4517253669066,54.2387538435287,42.7249501419932,55.5119786186154,1,1,0,1,109.928951025009,110.380542993546,1
15,"rf",43.9646858882377,-6.03531411176233,3.98325120104059,-2.91173840143057,46.8764242896682,36.1576569928222,51.7717147836531,39.0693953942528,54.6834531850837,1,1,0,1,113.721471786499,114.178744792938,1
16,"rf",51.0928971783426,1.09289717834265,3.85124249592951,-1.44542953493723,52.5383267132799,43.5446005905907,58.6411937660946,44.9900301255279,60.0866233010319,1,1,0,1,109.060063838959,109.570304870605,1
17,"rf",46.4431448695334,-3.55685513046655,4.1624204425651,-1.87032990243224,48.3134747719657,38.2849507135926,54.6013390254743,40.1552806160248,56.4716689279065,1,1,0,1,107.932687997818,108.490085124969,1
18,"rf",44.8159345129328,-5.18406548706716,3.39503992068519,-0.0297032788705707,44.8456377918034,38.1617785423141,51.4700904835515,38.1914818211847,51.4997937624221,1,1,0,1,113.456565856934,113.895967006683,1
19,"rf",47.4394496672346,-2.56055033276538,4.12818547706208,-0.573951878730703,48.0134015459653,39.3483548106917,55.5305445237776,39.9223066894224,56.1044964025083,1,1,0,1,114.786769866943,115.277915000916,1
20,"rf",40.0751591883049,-9.92484081169512,3.67948114951256,0.194329553289357,39.8808296350155,32.8635086534662,47.2868097231435,32.6691791001769,47.0924801698542,0,0,1,1,112.04608798027,112.544653892517,1
21,"rf",43.1709322075933,-6.82906779240668,3.18137661257932,0.469037558834351,42.701894648759,36.9355486256798,49.4063157895068,36.4665110668455,48.9372782306725,0,0,1,1,113.254302978516,113.704730987549,1
22,"rf",42.5748344222287,-7.42516557777135,3.86833082339499,-1.57384470932561,44.1486791315543,34.9930453280883,50.156623516369,36.5668900374139,51.7304682256946,1,1,0,1,113.588724136353,114.028643131256,1
23,"rf",44.4162296097976,-5.58377039020242,3.51809800013823,-0.67156355692515,45.0877931667227,37.5208842354442,51.3115749841509,38.1924477923694,51.983138541076,1,1,0,1,105.578540802002,106.005321025848,1
24,"rf",46.2210566606377,-3.77894333936226,3.75011561558466,-2.33178335160656,48.5528400122443,38.8709651162306,53.5711482050449,41.2027484678371,55.9029315566515,1,1,0,1,108.174673080444,108.661622047424,1
25,"rf",40.4550225564717,-9.54497744352827,3.81996468182639,-0.0735573282962463,40.528579884768,32.968029357877,47.9420157550665,33.0415866861732,48.0155730833627,0,0,1,1,105.178849935532,105.611712932587,1
26,"rf",44.2049612279514,-5.79503877204861,3.59024058658956,-1.25559397168112,45.4605551996325,37.1682189824019,51.2417034735009,38.423812954083,52.497297445182,1,1,0,1,109.078727006912,109.579258918762,1
27,"rf",42.1152817330807,-7.88471826691931,3.55005186373801,0.699318440437644,41.415963292643,35.1573079369049,49.0732555292565,34.4579894964672,48.3739370888188,0,0,1,1,106.543966054916,107.025522947311,1
28,"rf",53.3877102565751,3.38771025657511,3.56774252091957,-3.84392526922645,57.2316355258016,46.3950634094606,60.3803571036896,50.2389886786871,64.2242823729161,1,0,0,1,105.134413003922,105.535768985748,0
29,"rf",52.2997675747584,2.29976757475841,3.97293690992463,-1.27395039869471,53.5737179734531,44.5129543184563,60.0865808310605,45.786904717151,61.3605312297552,1,1,0,1,109.10374712944,109.636327981949,1
30,"rf",41.2497742454411,-8.75022575455886,2.94446528355957,0.293575040828756,40.9561992046124,35.4787283359359,47.0208201549464,35.1851532951071,46.7272451141176,0,0,1,1,109.576370954514,110.05342912674,1
31,"rf",50.7088189431886,0.708818943188611,3.56243678000811,-1.41150757085637,52.120326514045,43.7265711571719,57.6910667292053,45.1380787280282,59.1025743000617,1,1,0,1,109.572787046432,110.037791967392,1
32,"rf",47.5803163438732,-2.41968365612676,3.62318208974804,1.41188641797721,46.168429925896,40.4790099385365,54.68162274921,39.0671235205593,53.2697363312327,1,1,0,1,110.878643989563,111.339751958847,1
33,"rf",46.9321953710301,-3.06780462896992,3.60958259011497,-1.57147220274294,48.503667573773,39.8575434951819,54.0068472468782,41.4290156979249,55.5783194496212,1,1,0,1,108.569652080536,109.022806882858,1
34,"rf",44.0723248548971,-5.92767514510285,3.81619113034319,0.038384490879146,44.033940364018,36.5927276813033,51.551922028491,36.5543431904242,51.5135375376118,1,1,0,1,104.991475105286,105.4805560112,1
35,"rf",49.3221619434124,-0.677838056587603,3.89400203530945,-1.57982735515359,50.901989298566,41.6900581984802,56.9542656883446,43.2698855536338,58.5340930434982,1,1,0,1,109.393640995026,109.933338165283,1
36,"rf",44.9919960358791,-5.00800396412088,4.13152745996924,-1.78019551533941,46.7721915512185,36.8943510132012,53.0896410585571,38.6745465285406,54.8698365738965,1,1,0,1,105.191504955292,105.714694976807,1
37,"rf",52.3340569573822,2.33405695738218,4.16683528126188,-1.87929572614338,54.2133526835256,44.1672098765981,60.5009040381663,46.0465056027414,62.3801997643097,1,1,0,1,108.181930065155,108.688955068588,1
38,"rf",41.229718684876,-8.77028131512402,4.38827174825349,-0.62564522846948,41.8553639133455,32.6288641039245,49.8305732658274,33.254509332394,50.4562184942969,0,1,1,1,104.311653852463,104.738931179047,1
39,"rf",49.372136307871,-0.627863692129011,3.7406741874084,-1.80650357907886,51.1786398869499,42.0405496226519,56.7037229930901,43.8470532017308,58.510226572169,1,1,0,1,105.213046789169,105.697551012039,1
40,"rf",44.5583100435377,-5.44168995646226,3.2893941234406,-0.992206339768956,45.5505163833067,38.1112160306365,51.005404056439,39.1034223704054,51.997610396208,1,1,0,1,109.001882076263,109.526573896408,1
41,"rf",50.2325157752987,0.23251577529868,3.58352659998585,-2.21452547643301,52.4470412517317,43.2089327016851,57.2560988489122,45.4234581781182,59.4706243253452,1,1,0,1,109.890266895294,110.349525928497,1
42,"rf",47.0184407242089,-2.98155927579106,3.9504778965471,-2.42463348431136,49.4430742085203,39.2756463252551,54.7612351231628,41.7002798095664,57.1858686074742,1,1,0,1,109.731997013092,110.195096969604,1
43,"rf",50.6730848662578,0.673084866257824,3.45908860363759,-0.0645991744417955,50.7376840406996,43.8933957837952,57.4527739487204,43.957994958237,57.5173731231622,1,1,0,1,109.439904212952,109.910733938217,1
44,"rf",46.4403867824049,-3.55961321759509,3.88066994351615,0.22645179083392,46.213934991571,38.8344134572262,54.0463601075837,38.6079616663922,53.8199083167497,1,1,0,1,109.599831104279,110.098328113556,1
45,"rf",45.4099323837365,-4.5900676162635,3.63216353900188,-0.435170357128122,45.8451027408646,38.2910226613333,52.5288421061397,38.7261930184614,52.9640124632678,1,1,0,1,104.566622018814,105.058522939682,1
46,"rf",42.4423033512127,-7.55769664878735,3.492807284915,0.931295272837247,41.5110080783754,35.5965268678401,49.2880798345852,34.6652315950029,48.3567845617479,0,0,1,1,110.138242006302,110.669682979584,1
47,"rf",40.1224409260536,-9.87755907394639,3.67445805909796,-0.00600854936229211,40.1284494754159,32.9206354675187,47.3242463845886,32.926644016881,47.3302549339509,0,0,1,1,105.34601688385,105.851278066635,1
48,"rf",40.9204087750795,-9.07959122492047,4.16546672970089,2.35204703219351,38.568361742886,32.756244006066,49.0845735440931,30.4041969738724,46.7325265118996,0,0,1,1,108.915724039078,109.390815973282,1
49,"rf",53.1438518624024,3.14385186240235,3.62559011487202,-2.17244258772664,55.316294450129,46.0378258145487,60.249877910256,48.2102684022754,62.4223204979826,1,1,0,1,105.337005853653,105.770188093185,0
50,"rf",48.776473415312,-1.22352658468804,3.54202765014697,0.10941675039907,48.6670566649129,41.8342267887789,55.718720041845,41.7248100383798,55.609303291446,1,1,0,1,105.510726928711,106.080299854279,1
51,"rf",44.1694320930614,-5.8305679069386,3.77966882812983,-0.360974425759373,44.5304065188208,36.7614173164382,51.5774468696846,37.1223917421976,51.9384212954439,1,1,0,1,108.670677900314,109.119905948639,1
52,"rf",46.3740432346008,-3.62595676539922,3.37107528432579,-1.49818193632971,47.8722251709305,39.7668570881491,52.9812293810524,41.2650390244788,54.4794113173822,1,1,0,1,109.000454902649,109.490838050842,1
53,"rf",41.8288456711481,-8.17115432885188,4.13795790961163,0.451215832151718,41.3776298389964,33.7185971987667,49.9390941435296,33.267381366615,49.4878783113778,0,0,1,1,109.058619976044,109.533308982849,1
54,"rf",41.4536720311128,-8.54632796888725,3.78791685783002,-1.52166613770311,42.9753381688159,34.0294914133338,48.8778526488917,35.5511575510369,50.3995187865948,0,1,1,1,109.048639059067,109.524479866028,1
55,"rf",41.2714059970631,-8.72859400293694,3.73372069207079,-0.825762826132184,42.0971688231952,33.9534479122724,48.5893640818538,34.7792107384045,49.415126907986,0,0,1,1,108.51024389267,109.057955026627,1
56,"rf",40.7610473833388,-9.23895261666122,3.32580505249985,-0.395105298581164,41.15615268192,34.2425892608377,47.2795055058398,34.6376945594189,47.674610804421,0,0,1,1,104.977957963943,105.395936012268,1
57,"rf",50.9891869812239,0.989186981223881,3.84966027634457,-0.307098478626614,51.2962854598505,43.443991486874,58.5343824755738,43.7510899655006,58.8414809542004,1,1,0,1,111.633530139923,112.200613021851,1
58,"rf",45.8185079627419,-4.1814920372581,3.32801852975826,0.605014890459636,45.2134930722823,39.2957115045338,52.34130442095,38.6906966140741,51.7362895304904,1,1,0,1,106.442068099976,106.879112958908,1
59,"rf",47.4067981584523,-2.5932018415477,3.69160226067914,1.19353752838157,46.2132606300707,40.1713906822745,54.64220563463,38.977853153893,53.4486681062485,1,1,0,1,109.987238883972,110.502223014832,1
60,"rf",45.3349719582112,-4.66502804178878,3.79167938044272,-0.104247511847277,45.4392194700585,37.9034169316203,52.7665269848021,38.0076644434676,52.8707744966494,1,1,0,1,104.970126152039,105.604820966721,1
61,"rf",51.2308467318588,1.2308467318588,3.57702680125983,-0.923519557967658,52.1543662898265,44.220003029655,58.2416904340626,45.1435225876227,59.1652099920302,1,1,0,1,107.345859050751,107.768561124802,1
62,"rf",51.7189723528818,1.71897235288178,3.8465169810432,-2.06884168370035,53.7878140365821,44.1799376041154,59.2580071016482,46.2487792878157,61.3268487853485,1,1,0,1,112.125591993332,112.619060993195,1
63,"rf",46.8844402761766,-3.11555972382342,3.09464065655755,-0.826309874941273,47.7107501511179,40.8190560442304,52.9498245081228,41.6453659191717,53.776134383064,1,1,0,1,109.124758958817,109.613888978958,1
64,"rf",46.9421402238393,-3.05785977616071,3.67157898974957,-1.90678051140969,48.848920735249,39.7459776375362,54.1383028101424,41.6527581489459,56.0450833215521,1,1,0,1,111.551115989685,112.073379993439,1
65,"rf",49.7516676941102,-0.248332305889811,3.6407319681257,-0.573024751859954,50.3246924459701,42.6159641592202,56.8873712290002,43.1889889110802,57.4603959808601,1,1,0,1,110.100535869598,110.626634836197,1
66,"rf",41.1287229944964,-8.87127700550356,3.90958201869132,-2.04381559924936,43.1725385937458,33.466083043256,48.7913629457368,35.5098986425054,50.8351785449862,0,1,1,1,110.953569173813,111.404678821564,1
67,"rf",42.4134274783676,-7.58657252163244,3.59227311044207,0.111764578459706,42.3016628999079,35.3727015592694,49.4541533974657,35.2609369808097,49.342388819006,0,0,1,1,105.466376066208,105.895793914795,1
68,"rf",39.6533716075852,-10.3466283924148,3.48619730811063,-0.640387130453028,40.2937587380382,32.8205504406879,46.4861927744825,33.4609375711409,47.1265799049355,0,0,1,1,110.566997051239,111.121547937393,1
69,"rf",43.0875216017495,-6.91247839825049,3.70151196556225,-1.41868360539929,44.5062052071488,35.8326914609034,50.3423517425956,37.2513750663027,51.7610353479949,1,1,0,1,106.032058954239,106.531747102737,1
70,"rf",47.7054128562146,-2.29458714378539,3.31391818062767,-2.26861449944715,49.9740273556618,41.2102525744719,54.2005731379573,43.478867073919,56.4691876374045,1,1,0,1,111.651165008545,112.128249168396,1
71,"rf",42.1738765077483,-7.82612349225172,3.4170744150064,-0.579106526443482,42.7529830341918,35.4765337218425,48.8712192936541,36.055640248286,49.4503258200976,0,0,1,1,106.992071866989,107.470666885376,1
72,"rf",42.2190736530115,-7.7809263469885,3.61021867100441,-0.805099242466163,43.0241728954777,35.1431750815288,49.2949722244942,35.948274323995,50.1000714669604,0,1,1,1,104.208853006363,104.642269849777,1
73,"rf",43.7924674892048,-6.20753251079523,3.72362201206909,0.500485649366638,43.2919818398381,36.4943024535088,51.0906325249008,35.9938168041421,50.5901468755341,1,1,0,1,109.372976064682,109.81783914566,1
74,"rf",42.171517526829,-7.828482473171,3.60286365596988,-1.51498435119222,43.6865018780212,35.1100345199197,49.2330005337383,36.625018871112,50.7479848849305,0,1,1,1,110.413175106049,110.914914131165,1
75,"rf",49.8293289579589,-0.1706710420411,3.56640895002375,-0.779840909541186,50.6091698675001,42.839295861771,56.8193620541468,43.6191367713122,57.5992029636879,1,1,0,1,110.978646039963,111.413118839264,1
76,"rf",45.2898128508161,-4.71018714918391,3.43732610528767,-0.616785471211557,45.9065983220276,38.5527774813329,52.0268482202993,39.1695629525445,52.6436336915108,1,1,0,1,108.523020982742,108.96275305748,1
77,"rf",50.5658394292847,0.565839429284722,3.62711740418436,-1.21039286998448,51.7762322992692,43.456819949385,57.6748589091845,44.6672128193695,58.885251779169,1,1,0,1,111.052057981491,111.542075157166,1
78,"rf",48.2849343643122,-1.71506563568782,3.8854042854242,-0.361924662796405,48.6468590271086,40.6696818995032,55.9001868291212,41.0316065622996,56.2621114919176,1,1,0,1,107.37152504921,107.852767944336,1
79,"rf",47.8656057537573,-2.13439424624271,3.58907082399585,-1.34744860376807,49.2130543575254,40.8311562007619,54.9000553067527,42.17860480453,56.2475039105207,1,1,0,1,110.579285860062,111.133949041367,1
80,"rf",48.6461322861738,-1.35386771382623,3.96293155132464,-2.0672896444289,50.7134219306027,40.87892917238,56.4133353999675,42.9462188168089,58.4806250443964,1,1,0,1,104.624808073044,105.229220151901,1
81,"rf",42.7112624130055,-7.28873758699446,3.69223419323012,0.218433665002387,42.4928287480031,35.4746163717872,49.9479084542239,35.2561827067848,49.7294747892215,0,0,1,1,109.542484998703,110.049846887589,1
82,"rf",47.9029845034582,-2.09701549654178,3.28534556301422,-1.37699905155358,49.2799835550118,41.4638255231819,54.3421434837345,42.8408245747355,55.7191425352881,1,1,0,1,107.679417133331,108.274604082108,1
83,"rf",39.4293924327039,-10.5706075672961,3.58453433903982,0.601742283710486,38.8276501489934,32.4038342268388,46.454950638569,31.8020919431283,45.8532083548586,0,0,1,1,107.630448818207,108.139672994614,1
84,"rf",47.4617689943604,-2.53823100563955,3.33597703791658,0.263257924519287,47.1985110698412,40.9233741467913,54.0001638419296,40.660116222272,53.7369059174103,1,1,0,1,108.794291973114,109.243839979172,1
85,"rf",49.9268976215876,-0.0731023784124218,3.30048048044435,-0.326907662960302,50.2538052845479,43.4580747482392,56.395720494936,43.7849824111995,56.7226281578963,1,1,0,1,110.307893037796,110.805808067322,1
86,"rf",38.0743400557159,-11.9256599442841,3.9111088234706,-0.914078591203214,38.9884186469191,30.4087076220967,45.739972489335,31.3227862132999,46.6540510805383,0,0,1,1,111.380447864532,111.95041012764,1
87,"rf",51.7315755651951,1.73157556519511,3.42010679597651,0.149462399664841,51.5821131655303,45.0282894218005,58.4348617085898,44.8788270221356,58.2853993089249,1,1,0,1,110.445708990097,110.91331410408,1
88,"rf",43.7061185110722,-6.29388148892776,3.53780132084404,-0.513172831260931,44.2192913423332,36.7721553377597,50.6400816843848,37.2853281690206,51.1532545156457,1,1,0,1,111.854657888412,112.361617088318,1
89,"rf",52.2232034499812,2.22320344998121,3.30761582023599,-0.229083310394081,52.4522867603753,45.7403955676238,58.7060113323387,45.9694788780178,58.9350946427328,1,1,0,1,107.97168302536,108.477048873901,0
90,"rf",43.2004012909048,-6.79959870909516,3.72803209915767,0.431182629562038,42.7692186613428,35.8935926433466,50.5072099384631,35.4624100137845,50.0760273089011,1,1,0,1,109.659615039825,110.089338064194,1
91,"rf",46.6724687775188,-3.32753122248123,3.57301331860984,-0.0238674366739815,46.6963362141928,39.6694913567616,53.675446198276,39.6933587934355,53.69931363495,1,1,0,1,105.714462041855,106.171428918839,1
92,"rf",41.5893464700018,-8.41065352999821,3.17901494887445,0.328654028923665,41.2606924410781,35.3585916638934,47.8201012761102,35.0299376349698,47.4914472471865,0,0,1,1,110.140720129013,110.698697805405,1
93,"rf",46.6327188618988,-3.36728113810125,3.37783842113098,-0.602042319504598,47.2347611814033,40.0122772108864,53.2531605129111,40.614319530391,53.8552028324157,1,1,0,1,105.281140089035,105.829533100128,1
94,"rf",49.9330415644336,-0.0669584355663844,3.70928607405846,0.474854158211144,49.4581874062225,42.6629744509231,57.2031086779442,42.1881202927119,56.728254519733,1,1,0,1,107.730548858643,108.191347837448,1
95,"rf",46.9998362527588,-3.00016374724122,4.14288184787459,-1.46699241947927,48.466828672238,38.8799370387198,55.1197354667977,40.3469294581991,56.586727886277,1,1,0,1,109.297427892685,109.810938119888,1
96,"rf",47.710517453864,-2.289482546136,3.27189375172754,-0.610140449264442,48.3206579031284,41.2977235392364,54.1233113684916,41.9078639885008,54.733451817756,1,1,0,1,109.329553127289,109.777458906174,1
97,"rf",45.9779261218392,-4.02207387816083,3.54291508088291,-1.51030147401788,47.488227595857,39.0339401630249,52.9219120806535,40.5442416370427,54.4322135546714,1,1,0,1,110.515857934952,110.990545988083,1
98,"rf",50.0065926338032,0.00659263380324404,3.7442685493751,-0.794665623756977,50.8012582575602,42.667961128582,57.3452241390245,43.462626752339,58.1398897627815,1,1,0,1,111.861194133759,112.300129175186,1
99,"rf",47.0513982484415,-2.94860175155847,3.94923401314379,-1.01888506009896,48.0702833085405,39.3110418161591,54.7917546807239,40.3299268762581,55.8106397408229,1,1,0,1,111.252286911011,111.748007059097,1
100,"rf",39.7366608600402,-10.2633391399598,3.74465428948685,-0.609223382684227,40.3458842427244,32.3972733180925,47.0760484019878,33.0064967007768,47.6852717846721,0,0,1,1,106.457720041275,106.843710899353,1
101,"rf",44.6536383969078,-5.34636160309219,3.9030930481797,-1.21177913391022,45.865417530818,37.0037165941669,52.3035601996487,38.2154957280772,53.5153393335589,1,1,0,1,109.304436922073,109.843846082687,1
102,"rf",44.0257314783881,-5.9742685216119,3.4477911507133,-1.42177282904668,45.4475043074348,37.2681849967741,50.7832779600021,38.6899578258208,52.2050507890488,1,1,0,1,106.039890050888,106.53986787796,1
103,"rf",45.2155714719711,-4.78442852802893,3.83707145446011,-0.630555297402871,45.8461267693739,37.6950496151225,52.7360933288196,38.3256049125254,53.3666486262225,1,1,0,1,110.42585515976,110.956964969635,1
104,"rf",43.638814306041,-6.36118569395905,3.41569988365026,2.71011164961319,40.9287026564278,36.9441655520888,50.3334630599931,34.2340539024756,47.6233514103799,1,0,0,1,106.909852981567,107.469746828079,1
105,"rf",47.8640276719456,-2.13597232805436,3.26254142303835,-0.942785666265792,48.8068133382114,41.4695639847204,54.2584913591709,42.4123496509862,55.2012770254367,1,1,0,1,107.278043985367,107.846014022827,1
106,"rf",47.8014688527192,-2.19853114728079,3.84439960891204,-3.42604317787647,51.2275120305957,40.2665840770717,55.3363536283667,43.6926272549482,58.7623968062431,1,1,0,1,112.18971991539,112.67934513092,1
107,"rf",41.7642644501109,-8.23573554988906,3.60686989105537,-0.802570179909708,42.5668346300206,34.6949293667205,48.8335995335014,35.4974995466302,49.6361697134111,0,0,1,1,110.873222827911,111.339442968369,1
108,"rf",48.8546645995871,-1.14533540041288,3.25855320740761,-0.05123299238317,48.9058975919703,42.4680176713607,55.2413115278135,42.5192506637439,55.2925445201967,1,1,0,1,110.045731067657,110.458791971207,1
109,"rf",43.4271653472465,-6.57283465275353,3.16035414193512,-0.232582619514602,43.6597479667611,37.2329850506616,49.6213456438313,37.4655676701762,49.8539282633459,0,0,1,1,110.235072135925,110.708842039108,1
110,"rf",41.8811809459566,-8.11881905404338,3.28994483970405,-0.470492730730939,42.3516736766876,35.4330075490133,48.3293543429,35.9035002797442,48.7998470736309,0,0,1,1,110.525084972382,111.059579133987,1
111,"rf",44.0194155699785,-5.98058443002152,3.57334623819671,-1.3172704583683,45.3366860283468,37.0157856388213,51.0230455011357,38.3330560971896,52.340315959504,1,1,0,1,105.830482006073,106.283925056458,1
112,"rf",45.0792821853794,-4.92071781462057,3.66321401158001,-0.528548876280098,45.6078310616595,37.8995146550201,52.2590497157387,38.4280635313002,52.7875985920188,1,1,0,1,111.448199987411,111.986231088638,1
113,"rf",45.8291962758045,-4.17080372419548,3.81984032187624,-0.980202618161456,46.809398893966,38.3424468182332,53.3159457333758,39.3226494363947,54.2961483515373,1,1,0,1,104.491316080093,104.963778972626,1
114,"rf",48.6856068668087,-1.31439313319134,3.76940257490061,-0.0343604170650451,48.7199672838737,41.2977135767709,56.0735001568464,41.332073993836,56.1078605739114,1,1,0,1,110.808881044388,111.21688914299,1
115,"rf",47.8672642596835,-2.13273574031647,3.87467916622974,-0.816265511076182,48.6835297707597,40.2730326422256,55.4614958771415,41.0892981533017,56.2777613882177,1,1,0,1,105.381923913956,105.77407002449,1
116,"rf",50.318292371394,0.31829237139403,3.95564144246329,-2.62438586581028,52.9426782372043,42.5653776084119,58.0712071343762,45.1897634742222,60.6955930001864,1,1,0,1,105.222744941711,105.75620007515,1
117,"rf",37.0134764611636,-12.9865235388364,3.98853783490527,-1.92781099316785,38.9412874543314,29.1960859537739,44.8308669685533,31.1238969469417,46.7586779617211,0,0,1,1,111.355787992477,111.860262155533,0
118,"rf",40.8728234554373,-9.12717654456268,4.00362636200934,-1.82263419640638,42.6954576518437,33.0258599783439,48.7197869325307,34.8484941747503,50.5424211289371,0,1,1,1,109.051102876663,109.515185832977,1
119,"rf",52.0238124631689,2.02381246316892,3.54150028949016,0.0612341397214706,51.9625783234474,45.08259944453,58.9650254818078,45.0213653048086,58.9037913420863,1,1,0,1,111.445202827454,111.994806051254,1
120,"rf",47.6077505656184,-2.39224943438163,3.86471389340282,1.64134374971892,45.9664068158995,40.0330505239973,55.1824506072395,38.3917067742784,53.5411068575205,1,1,0,1,109.546612977982,110.014600992203,1
121,"rf",44.3750085482243,-5.62499145177569,3.67259314163831,0.482614582330051,43.8923939658943,37.1768582607444,51.5731588357042,36.6942436784144,51.0905442533741,1,1,0,1,111.062455892563,111.544185876846,1
122,"rf",48.6351092861046,-1.36489071389543,3.92863485366653,-2.35852854096294,50.9936378270675,40.9351264645094,56.3350921076998,43.2936550054723,58.6936206486627,1,1,0,1,105.684535980225,106.171805143356,1
123,"rf",45.350275892095,-4.649724107905,3.70165184358038,-0.142502150550811,45.4927780426458,38.0951715953712,52.6053801888188,38.237673745922,52.7478823393696,1,1,0,1,110.136591911316,110.63303399086,1
124,"rf",41.8918786833017,-8.10812131669834,3.42352150862417,0.69880497026692,41.1930737130347,35.1818998261,48.6018575405033,34.4830948558331,47.9030525702363,0,0,1,1,106.480715990067,106.910135030746,1
125,"rf",49.83118478787,-0.168815212130042,3.83204896812055,-0.878398657786668,50.7095834456566,42.3205068233598,57.3418627523801,43.1989054811465,58.2202614101668,1,1,0,1,109.544028997421,110.076745033264,1
126,"rf",47.6449524238801,-2.35504757611992,3.48279435275899,-1.50111948732199,49.1460719112021,40.818800926913,54.4711039208472,42.319920414235,55.9722234081692,1,1,0,1,106.095139980316,106.600806951523,1
127,"rf",41.8502534686285,-8.14974653137146,3.94576197548127,-0.95644558488479,42.8066990535133,34.1167021051176,49.5838048321394,35.0731476900024,50.5402504170242,0,1,1,1,107.248158931732,107.678941011429,1
128,"rf",43.9048980798589,-6.09510192014108,4.15124151825923,-0.85292900103385,44.7578270808928,35.7686142129435,52.0411819467744,36.6215432139773,52.8941109478082,1,1,0,1,109.657516002655,110.138640165329,1
129,"rf",44.3700786133896,-5.62992138661043,3.64620118928564,-0.369692926102097,44.7397715394917,37.2236556020026,51.5165016247765,37.5933485281047,51.8861945508786,1,1,0,1,110.236248970032,110.688742876053,1
130,"rf",49.3557259660138,-0.644274033986186,3.49128605514965,0.604258326497394,48.7514676395164,42.5129310381936,56.198520893834,41.9086727116962,55.5942625673366,1,1,0,1,112.351359128952,112.888702869415,1
131,"rf",44.6635212067862,-5.33647879321375,3.65469448902012,1.73508160280253,42.9284396039837,37.5004516338098,51.8265907797627,35.7653700310073,50.0915091769602,1,1,0,1,110.450721979141,110.988022089005,1
132,"rf",44.9917360481291,-5.00826395187086,3.38120801275607,-0.344552315457584,45.3362883635867,38.364690118889,51.6187819773693,38.7092424343466,51.9633342928269,1,1,0,1,111.74708199501,112.246846914291,1
133,"rf",45.8468863702666,-4.1531136297334,3.66555039213667,-0.650653916755829,46.4975402870224,38.6625396181621,53.0312331223711,39.3131935349179,53.681887039127,1,1,0,1,105.868588924408,106.304160118103,1
134,"rf",44.3029461546266,-5.69705384537337,3.65045901492716,-2.50663893956691,46.8095850941935,37.1481779583298,51.4577143509234,39.6548168978967,53.9643532904903,1,1,0,1,110.386862039566,110.917472839355,1
135,"rf",44.7580986345332,-5.24190136546677,4.23231873492132,-0.224369603256889,44.9824682377901,36.4629063429933,53.0532909260731,36.6872759462502,53.27766052933,1,1,0,1,107.008095026016,107.522977113724,1
136,"rf",50.0713333503477,0.0713333503476861,3.46289248455772,-1.43360088386326,51.504934234211,43.2841887982801,56.8584779024152,44.7177896821434,58.2920787862785,1,1,0,1,111.801094055176,112.330304861069,1
137,"rf",41.9938375902974,-8.00616240970262,3.689759362165,-0.199874336979647,42.193711927277,34.7620421288345,49.2256330517603,34.9619164658142,49.4255073887399,0,0,1,1,105.531357049942,106.049408912659,1
138,"rf",47.3248471182149,-2.67515288178513,3.49816302775786,-0.395886773457242,47.7207338916721,40.4685735717599,54.1811206646699,40.8644603452171,54.5770074381271,1,1,0,1,107.665297985077,108.118313074112,1
139,"rf",46.9411088926137,-3.05889110738632,3.43472280531378,-1.34224843204917,48.2833573246629,40.2091758973203,53.6730418879071,41.5514243293695,55.0152903199563,1,1,0,1,111.465297937393,112.017151117325,1
140,"rf",38.0987496356343,-11.9012503643657,3.70404879059285,0.570029655603996,37.5287199800303,30.8389474090932,45.3585518621754,30.2689177534892,44.7885222065715,0,0,1,1,110.117758989334,110.60500907898,0
141,"rf",45.2512282579961,-4.74877174200387,3.83411661196547,-1.07738319668402,46.3286114546801,37.7364977860171,52.7659587299752,38.8138809827011,53.8433419266592,1,1,0,1,112.139762878418,112.638612031937,1
142,"rf",43.8456268265297,-6.15437317347033,3.92640796837638,-0.284377623074164,44.1300044496038,36.1500086199009,51.5412450331585,36.434386242975,51.8256226562326,1,1,0,1,111.199271202087,111.659021139145,1
143,"rf",44.4386018888639,-5.56139811113612,3.28019926700839,-0.46595085059581,44.9045527394597,38.0095294634128,50.867674314315,38.4754803140086,51.3336251649108,1,1,0,1,111.327343940735,111.778805017471,1
144,"rf",47.0531197240039,-2.94688027599614,4.12632832115513,-1.09115050377427,48.1442702277781,38.9656648261522,55.1405746218555,40.0568153299265,56.2317251256298,1,1,0,1,106.485207080841,106.966901063919,1
145,"rf",53.3622829270366,3.36228292703661,3.64470328845209,-0.98696880848312,54.3492517355197,46.2187957473358,60.5057701067374,47.2057645558189,61.4927389152205,1,1,0,1,110.827724933624,111.336864948273,0
146,"rf",49.3618942594865,-0.638105740513545,3.67278190235736,-0.935284924182362,50.2971791836688,42.1633740077955,56.5604145111774,43.0986589319779,57.4956994353598,1,1,0,1,105.422904968262,105.809980154037,1
147,"rf",38.9576752206078,-11.0423247793922,3.29088778868197,-0.187153331731203,39.144828552339,32.5076536776285,45.4076967635872,32.6948070093597,45.5948500953184,0,0,1,1,109.694775104523,110.272426128387,0
148,"rf",50.501500357457,0.501500357456962,3.8794903350068,-0.339422105666657,50.8409224631236,42.8978390224724,58.1051616924415,43.2372611281391,58.4445837981082,1,1,0,1,106.861301183701,107.358922958374,1
149,"rf",43.1203251771374,-6.87967482286263,3.77893047670549,0.0403282342001319,43.0799969429372,35.7137575427138,50.5268928115609,35.6734293085137,50.4865645773608,1,1,0,1,106.57573890686,107.022552013397,1
150,"rf",45.5900507566223,-4.4099492433777,3.57657164749992,0.284009192165833,45.3060415644565,38.5800991393954,52.6000023738492,38.2960899472295,52.3159931816834,1,1,0,1,110.420160055161,110.982241153717,1
151,"rf",44.2209579594074,-5.77904204059257,3.50757645532183,-0.558649805174014,44.7796077645814,37.346234433956,51.0956814848589,37.90488423913,51.6543312900329,1,1,0,1,111.839511156082,112.343168973923,1
152,"rf",46.5949080981341,-3.40509190186588,3.46648741074967,-1.52805663142195,48.1229647295561,39.8007176202033,53.389098576065,41.3287742516252,54.9171552074869,1,1,0,1,111.70437002182,112.1662940979,1
153,"rf",50.6327353488879,0.632735348887927,3.62038276396108,-2.00691512270374,52.6396504715917,43.5369155212746,57.7285551765012,45.5438306439784,59.735470299205,1,1,0,1,111.558932065964,112.115573883057,1
154,"rf",43.0625233349178,-6.9374766650822,3.6039939370329,-1.04404837522967,44.1065717101475,35.9988250178326,50.126221652003,37.0428733930623,51.1702700272327,1,1,0,1,109.444402933121,110.048764944077,1
155,"rf",47.035632304578,-2.96436769542202,3.49114921384716,-0.326714619976741,47.3623469245547,40.1931055807822,53.8781590283737,40.519820200759,54.2048736483505,1,1,0,1,107.431559085846,107.862658023834,1
156,"rf",51.8044041118102,1.80440411181022,3.78337475349162,-1.69462424455482,53.499028356365,44.3891258549485,59.2196823686719,46.0837500995034,60.9143066132267,1,1,0,1,110.900681018829,111.382772922516,1
157,"rf",43.4859079397088,-6.5140920602912,3.79430600340336,0.287333106323459,43.1985748333853,36.0492048267141,50.9226110527035,35.7618717203906,50.63527794638,1,1,0,1,106.615775108337,107.158746957779,1
158,"rf",43.1275261123707,-6.87247388762927,3.59406160450287,-0.546782051411967,43.6743081637827,36.0832948093269,50.1717574154146,36.6300768607388,50.7185394668266,1,1,0,1,109.649976015091,110.120810985565,1
159,"rf",41.5735369265192,-8.42646307348081,3.45599372499326,-1.11723429835883,42.690771224878,34.799913694736,48.3471601583024,35.9171479930948,49.4643944566612,0,0,1,1,106.219525098801,106.667741060257,1
160,"rf",41.9382097834541,-8.0617902165459,3.53676092879172,-2.26407269750808,44.2022824809622,35.0062857410939,48.8701338258143,37.270358438602,51.1342065233224,0,1,1,1,107.310902118683,107.69216299057,1
161,"rf",48.2188938116541,-1.78110618834592,3.68546933369145,-0.525109340969053,48.7440031526231,40.995506651492,55.4422809718161,41.5206159924611,55.9673903127852,1,1,0,1,112.210861206055,112.719387054443,1
162,"rf",47.7531860977773,-2.24681390222269,3.73215990824712,-2.41479464848171,50.167980746259,40.4382870930686,55.068085102486,42.8530817415503,57.4828797509677,1,1,0,1,107.538489103317,107.975539922714,1
163,"rf",49.838741906825,-0.161258093174958,3.61336028607408,-3.69018231703485,53.5289242238599,42.7566858829525,56.9207979306976,46.4468681999873,60.6109802477324,1,1,0,1,110.630907773972,111.158843040466,1
164,"rf",51.1616952275323,1.16169522753231,3.91694721843156,0.813405904538108,50.3482893229942,43.4846197500621,58.8387707050025,42.671213845524,58.0253648004644,1,1,0,1,109.733858823776,110.278945922852,1
165,"rf",56.7948595223072,6.79485952230716,3.76139766807409,-1.76000625966495,58.5548657819721,49.422655561349,64.1670634832653,51.182661821014,65.9270697429303,1,0,0,1,111.015079975128,111.527890920639,0
166,"rf",42.7078140159893,-7.29218598401074,3.30498802225443,-0.178665393154013,42.8864794091433,36.2301565230343,49.1854715089442,36.4088219161883,49.3641369020982,0,0,1,1,105.507699012756,106.051373004913,1
167,"rf",34.7908259030662,-15.2091740969338,3.64374593366253,-0.795182158321197,35.5860080613874,27.6492151042733,41.932436701859,28.4443972625945,42.7276188601802,0,0,1,1,112.126147985458,112.6481590271,0
168,"rf",45.50178654245,-4.49821345755004,3.67868691936185,-0.532450382792767,46.0342369252427,38.2916926701021,52.7118804147978,38.8241430528949,53.2443307975906,1,1,0,1,108.080518007278,108.599651098251,1
169,"rf",49.4113979643282,-0.588602035671762,3.74814559136571,-1.79458344883754,51.2059814131658,42.0651675964389,56.7576283322176,43.8597510452764,58.5522117810551,1,1,0,1,108.491654157639,108.939568042755,1
170,"rf",37.7795938858173,-12.2204061141827,3.47483563849978,-0.0103745630881988,37.7899684489055,30.9690411821615,44.5901465894731,30.9794157452497,44.6005211525613,0,0,1,1,106.263028860092,106.790035009384,0
171,"rf",44.1699033179103,-5.83009668208971,4.01879768887513,0.801451231982718,43.3684520859276,36.2932045865622,52.0466020492583,35.4917533545795,51.2451508172756,1,1,0,1,105.162995100021,105.586654901505,1
172,"rf",47.5027183022109,-2.4972816977891,3.78715944778457,0.544246418241954,46.958471883969,40.0800221808425,54.9254144235793,39.5357757626006,54.3811680053373,1,1,0,1,109.40364408493,109.954144001007,1
173,"rf",49.9789610582815,-0.0210389417185013,3.32081133551589,0.149300101427841,49.8296609568537,43.470290441218,56.487631675345,43.3209903397902,56.3383315739172,1,1,0,1,108.272356987,108.769337177277,1
174,"rf",41.9848660675463,-8.0151339324537,3.78206320462612,-1.55028795448749,43.5351540220338,34.572158399225,49.3975737358676,36.1224463537125,50.9478616903551,0,1,1,1,113.595547199249,114.10723900795,1
175,"rf",44.8991184546514,-5.10088154534864,3.84769209256219,0.454911352891983,44.4442071017594,37.3577805296299,52.4404563796728,36.9028691767379,51.9855450267808,1,1,0,1,108.034675836563,108.511891126633,1
176,"rf",49.9583816659651,-0.0416183340349008,3.80727059857828,-1.04555524277094,51.003936908736,42.4962684133534,57.4204949185768,43.5418236561244,58.4660501613477,1,1,0,1,115.696407079697,116.184586763382,1
177,"rf",45.8822860790382,-4.11771392096182,3.86089684195361,0.138867969895749,45.7434181091424,38.3150673207847,53.4495048372917,38.1761993508889,53.3106368673959,1,1,0,1,106.039463043213,106.489002943039,1
178,"rf",48.440937481084,-1.55906251891597,3.63546969060103,-1.56060050448199,50.001537985566,41.315547820619,55.566327141549,42.876148325101,57.126927646031,1,1,0,1,114.463975191116,114.968487977982,1
179,"rf",55.4138086024402,5.41380860244018,3.63210577548705,-2.67936795280974,58.0931765552499,48.2950120944456,62.5326051104347,50.9743800472554,65.2119730632445,1,0,0,1,106.320892095566,106.803697824478,0
180,"rf",40.1382851833843,-9.86171481661567,3.24954107245991,-0.00909512931009715,40.1473803126944,33.7693017150792,46.5072686516894,33.7783968443893,46.5163637809995,0,0,1,1,106.511343002319,107.092972040176,1
181,"rf",39.4155223042054,-10.5844776957946,3.58426264149245,1.00960073828438,38.405921565921,32.3904966157478,46.440547992663,31.3808958774634,45.4309472543786,0,0,1,1,105.572720050812,106.187948942184,1
182,"rf",42.5613158191919,-7.43868418080805,4.18461472116547,-0.11717981355951,42.6784956327515,34.3596216765315,50.7630099618524,34.476801490091,50.8801897754119,1,1,0,1,105.302013158798,105.758030891418,1
183,"rf",40.3932388406923,-9.6067611593077,3.68294521955878,0.0526617032833201,40.340577137409,33.1747988533231,47.6116788280615,33.1221371500398,47.5590171247782,0,0,1,1,106.973728895187,107.42779302597,1
184,"rf",45.7057393622818,-4.29426063771824,3.42732423864789,-1.69589267056883,47.4016320328506,38.9883072911907,52.4231714333728,40.6841999617596,54.1190641039416,1,1,0,1,108.461004972458,108.994645118713,1
185,"rf",42.6048003226896,-7.39519967731041,3.71612903531901,1.03174938675907,41.5730509359305,35.3213212515608,49.8882793938184,34.2895718648017,48.8565300070594,0,0,1,1,115.037093162537,115.563804149628,1
186,"rf",43.7457532859228,-6.25424671407716,3.94382980002018,0.32564929092991,43.4201039949929,36.0159889167275,51.4755176551182,35.6903396257976,51.1498683641883,1,1,0,1,107.727374792099,108.165581941605,1
187,"rf",50.2858386071856,0.285838607185575,3.5845435878425,-0.703519337894207,50.9893579450798,43.2602622740003,57.3114149403709,43.9637816118945,58.0149342782651,1,1,0,1,113.180514097214,113.789134979248,1
188,"rf",43.992804272631,-6.00719572736897,3.68672521038789,0.571387795111569,43.4214164775195,36.7669556393749,51.2186529058871,36.1955678442634,50.6472651107756,1,1,0,1,108.756287097931,109.261831998825,1
189,"rf",41.9770151575665,-8.0229848424335,3.83191783348361,1.63472307540192,40.3422920821646,34.4665942122219,49.4874361029111,32.83187113682,47.8527130275092,0,0,1,1,116.124193191528,116.694115161896,1
190,"rf",40.6130303491504,-9.38696965084959,3.6829155599665,-0.773295528747546,41.386325877898,33.3946484935139,47.8314122047869,34.1679440222615,48.6047077335345,0,0,1,1,107.375622034073,107.926723003387,1
191,"rf",42.0960109305074,-7.90398906949256,3.78338306762019,0.944755522097999,41.1512554084094,34.6807163782532,49.5113054827617,33.7359608561552,48.5665499606637,0,0,1,1,106.627990961075,107.075881004333,1
192,"rf",47.6738921795617,-2.32610782043827,3.17545743070546,-1.92094542803303,49.5948376075948,41.4501099809389,53.8976743781845,43.371055408972,55.8186198062176,1,1,0,1,106.937455892563,107.368278026581,1
193,"rf",45.6850690578132,-4.31493094218676,3.50794697856835,-0.94624937028167,46.6313184280949,38.8096193201432,52.5605187954833,39.7558686904248,53.506768165765,1,1,0,1,107.681719064713,108.118963956833,1
194,"rf",43.6316711078562,-6.36832889214381,3.14168558288498,-1.53312171572455,45.1647928235807,37.4740805146529,49.7892617010595,39.0072022303774,51.322383416784,0,1,1,1,106.846225976944,107.350970983505,1
195,"rf",43.638071005179,-6.36192899482103,3.9501022279467,-1.92443596785301,45.562506973032,35.896012903152,51.3801291072059,37.820448871005,53.3045650750589,1,1,0,1,107.957520008087,108.414493083954,1
196,"rf",46.6898863217433,-3.31011367825674,2.85254288183983,0.161454481820734,46.5284318399225,41.0990050089811,52.2807676345054,40.9375505271604,52.1193131526847,1,1,0,1,112.216808080673,112.710050106049,1
197,"rf",46.8065882022669,-3.19341179773308,3.69742194810747,-0.303332422072593,47.1099206243395,39.5597743483284,54.0534020562055,39.863106770401,54.3567344782781,1,1,0,1,107.677355051041,108.115808010101,1
198,"rf",45.267564145415,-4.73243585458502,3.81911315254284,-0.359354648224382,45.6269187936394,37.7822399135478,52.7528883772822,38.1415945617722,53.1122430255066,1,1,0,1,113.806380987167,114.344280004501,1
199,"rf",56.9361276453429,6.93612764534293,3.74907662371598,-2.50332355543647,59.4394512007794,49.5880724875786,64.2841828031073,52.091396043015,66.7875063585437,1,0,0,1,106.436097860336,106.99542593956,0
200,"rf",45.5778752054862,-4.42212479451376,4.26192005414607,-1.77328885391128,47.3511640593975,37.2246653943709,53.9310850166015,38.9979542482822,55.7043738705128,1,1,0,1,107.979601144791,108.5231320858,1
201,"rf",50.4391150049751,0.439115004975143,3.82393761375783,-0.770741919387198,51.2098569243623,42.9443350028818,57.9338950070685,43.715076922269,58.7046369264557,1,1,0,1,105.873710155487,106.328545093536,1
202,"rf",50.2865428217105,0.286542821710469,3.76090030271111,-1.6565902682101,51.9431330899206,42.9153136789509,57.65777196447,44.571903947161,59.3143622326801,1,1,0,1,104.188383817673,104.699360132217,1
203,"rf",46.4945210564305,-3.50547894356948,3.57458801970238,-3.25515561355178,49.7496766699823,39.4884572782455,53.5005848346155,42.7436128917973,56.7557404481673,1,1,0,1,105.732268095016,106.236948013306,1
204,"rf",42.4847458211645,-7.51525417883553,3.35843628257626,-0.1431354657214,42.6278812868859,35.9023316629424,49.0671599793865,36.0454671286638,49.2102954451079,0,0,1,1,106.879158973694,107.413176774979,1
205,"rf",44.6142588900178,-5.38574110998225,3.60813999824153,-0.638210117620076,45.2524690076378,37.5424344422859,51.6860833377496,38.180644559906,52.3242934553696,1,1,0,1,105.005787849426,105.459530115128,1
206,"rf",39.3500205119987,-10.6499794880013,3.59993274529511,-0.993661445377413,40.3436819573761,32.2942819844539,46.4057590395435,33.2879434298313,47.3994204849209,0,0,1,1,104.089839935303,104.621011972427,1
207,"rf",48.7070943229961,-1.29290567700394,4.21492697271929,-3.10093026000229,51.8080245829983,40.4459892589998,56.9681993869923,43.5469195190021,60.0691296469946,1,1,0,1,110.768303871155,111.284327983856,1
208,"rf",38.3977443423572,-11.6022556576428,3.06457632381723,-0.426262972338293,38.8240073146955,32.3912851198013,44.4042035649131,32.8175480921396,44.8304665372514,0,0,1,1,102.799954175949,103.261118888855,0
209,"rf",49.0620144437692,-0.937985556230835,3.65599684193324,-0.932413055027659,49.9944274987968,41.8963923059878,56.2276365815505,42.8288053610155,57.1600496365782,1,1,0,1,110.582818984985,111.127187013626,1
210,"rf",45.176200922407,-4.823799077593,3.79735881829379,-1.9647771241888,47.1409780465958,37.7335144021756,52.6188874426384,39.6982915263644,54.5836645668272,1,1,0,1,102.408221960068,102.93115401268,1
211,"rf",43.7209881999475,-6.2790118000525,3.86635792621772,-0.952657132199263,44.6736453321468,36.1430659132198,51.2989104866752,37.0957230454191,52.2515676188745,1,1,0,1,113.074836969376,113.648573875427,1
212,"rf",47.6170773261049,-2.38292267389514,3.8928922382462,-0.743178250773319,48.3602555768782,39.9871487434468,55.2470059087629,40.7303269942201,55.9901841595362,1,1,0,1,104.387552022934,104.892227888107,1
213,"rf",47.4290265812301,-2.5709734187699,3.81840932953325,-0.0230859350859376,47.452112516316,39.9450818171132,54.912971345347,39.9681677521991,54.936057280433,1,1,0,1,108.27281999588,108.805960893631,1
214,"rf",48.4501650754459,-1.54983492455406,3.56885784336934,-1.54426096049293,49.9944260359389,41.4553322364987,55.4449979143931,42.9995931969917,56.9892588748861,1,1,0,1,104.237809896469,104.638521909714,1
215,"rf",38.8801759663172,-11.1198240336828,3.34200658284086,-0.748391228345398,39.6285671946626,32.3299634278533,45.430388504781,33.0783546561987,46.1787797331264,0,0,1,1,103.764737844467,104.243113994598,0
216,"rf",40.6577621586316,-9.34223784136842,3.57149223020806,-0.573649110996968,41.2314112696285,33.6577660163591,47.657758300904,34.2314151273561,48.231407411901,0,0,1,1,106.90761089325,107.380182981491,1
217,"rf",48.345100671579,-1.654899328421,3.49828308559523,-1.34069122801314,49.6857918995921,41.4885918160867,55.2016095270713,42.8292830440998,56.5423007550844,1,1,0,1,106.180608034134,106.656954050064,1
218,"rf",42.974569080842,-7.02543091915796,3.89256244845845,-1.61499108724765,44.5895601680897,35.3452868742904,50.6038512873937,36.9602779615381,52.2188423746413,1,1,0,1,112.276731967926,112.88198018074,1
219,"rf",46.777130994369,-3.22286900563104,3.5972227921424,-0.906006062179692,47.6831370565487,39.7267038774033,53.8275581113347,40.6327099395829,54.7335641735144,1,1,0,1,106.802001953125,107.341588020325,1
220,"rf",48.2031270457903,-1.7968729542097,3.58535847293096,-1.8736693413332,50.0767963871235,41.1759535671801,55.2303005244005,43.0496229085133,57.1039698657337,1,1,0,1,111.714470863342,112.210521936417,1
221,"rf",41.4591502441328,-8.54084975586722,4.33885072086569,-1.33690419331645,42.7960544374492,32.9551590969404,49.9631413913252,34.2920632902568,51.3000455846416,0,1,1,1,107.02002286911,107.591736793518,1
222,"rf",39.6558010508416,-10.3441989491584,3.80166767670291,-0.3489444944057,40.0047455452473,32.2046693233138,47.1069327783694,32.5536138177195,47.4558772727751,0,0,1,1,110.691713094711,111.20627617836,1
223,"rf",46.4364419485131,-3.56355805148693,3.69280347163273,-0.826646411238286,47.2630883597514,39.1986801421285,53.6742037548977,40.0253265533667,54.500850166136,1,1,0,1,106.87565279007,107.335899114609,1
224,"rf",48.3400504903944,-1.65994950960565,3.79133568647451,-1.84849826184293,50.1885487522373,40.9091690916029,55.7709318891858,42.7576673534458,57.6194301510288,1,1,0,1,105.575212001801,106.124750137329,1
225,"rf",50.3889771700577,0.38897717005775,4.01226531273446,-2.16612999486691,52.5551071649247,42.5250816606789,58.2528726794366,44.6912116555458,60.4190026743035,1,1,0,1,106.749756097794,107.211026906967,1
226,"rf",42.2968352154945,-7.70316478450551,3.99851323905292,-0.514683873404074,42.8115190888986,34.4598932752442,50.1337771557448,34.9745771486482,50.6484610291489,1,1,0,1,107.37414097786,107.909549951553,1
227,"rf",45.710584062667,-4.28941593733295,3.55647352104548,-1.04448781983005,46.7550718824971,38.7400240494476,52.6811440758865,39.7845118692776,53.7256318957166,1,1,0,1,105.233052968979,105.711282968521,1
228,"rf",40.3167068815256,-9.68329311847438,3.49984609005673,-0.184261332001427,40.500968213527,33.4571345935811,47.1762791694701,33.6413959255825,47.3605405014716,0,0,1,1,104.444742918015,105.054374933243,1
229,"rf",52.3912414159116,2.39124141591162,3.52232319878273,-2.24649047807413,54.6377318939858,45.4876148043876,59.2948680274357,47.7341052824617,61.5413585055098,1,1,0,1,111.093593835831,111.59513092041,1
230,"rf",48.7133096672766,-1.28669033272341,3.67298777623637,-0.125046326408707,48.8383559936853,41.5143859101974,55.9122334243557,41.6394322366062,56.0372797507644,1,1,0,1,106.295063972473,106.839607954025,1
231,"rf",39.8959286127566,-10.1040713872434,3.59003560933312,0.459909284072168,39.4360193286845,32.8595881152474,46.9322691102658,32.3996788311752,46.4723598261937,0,0,1,1,112.955264091492,113.503770112991,1
232,"rf",38.8857742531175,-11.1142257468825,3.90105697648245,-1.24180222424377,40.1275764773612,31.2398430775731,46.5317054286618,32.4816453018169,47.7735076529055,0,0,1,1,105.368933916092,105.874022006989,1
233,"rf",47.0578506888259,-2.94214931117406,3.84276235214884,0.0716464849240737,46.9862042039019,39.5261748774678,54.5895265001841,39.4545283925437,54.51788001526,1,1,0,1,111.02250289917,111.520606994629,1
234,"rf",44.0712864076395,-5.9287135923605,3.51820148376106,-0.334577986711189,44.4058643943507,37.1757382091124,50.9668346061666,37.5103161958236,51.3014125928777,1,1,0,1,106.092967033386,106.585654020309,1
235,"rf",38.2177025440492,-11.7822974559508,3.49414009027678,-0.124677717591574,38.3423802616408,31.3693138101692,45.0660912779292,31.4939915277607,45.1907689955208,0,0,1,1,104.262731075287,104.7635409832,0
236,"rf",42.9214859861707,-7.07851401382933,3.43995424752834,0.464193406542222,42.4572925796284,36.1792995525495,49.6636724197918,35.7151061460073,49.1994790132496,0,0,1,1,104.649349927902,105.198949098587,1
237,"rf",52.6282559023417,2.62825590234172,3.81287991904752,-2.42522213165937,55.0534780340011,45.1551485836326,60.1013632210509,47.580370715292,62.5265853527102,1,1,0,1,104.740431070328,105.234479904175,1
238,"rf",48.0461459594481,-1.95385404055191,3.5593967269592,-2.4182033640471,50.4643493234952,41.0698565679183,55.0224353509779,43.4880599319654,57.440638715025,1,1,0,1,106.565705060959,107.040901184082,1
239,"rf",44.6006800531891,-5.39931994681089,4.11013450454847,0.730458229665935,43.8702218235232,36.5449644526587,52.6563956537195,35.8145062229928,51.9259374240536,1,1,0,1,106.884786128998,107.447487831116,1
240,"rf",50.5420154760266,0.542015476026641,3.57777998366653,-1.020379148892,51.5623946249186,43.529695563432,57.5543353886213,44.550074712324,58.5747145375133,1,1,0,1,111.540641069412,112.066332817078,1
241,"rf",45.0799795770633,-4.92002042293667,3.83992039290483,0.275595376381013,44.8043842006823,37.553873903469,52.6060852506577,37.278278527088,52.3304898742767,1,1,0,1,105.962939023972,106.469800949097,1
242,"rf",48.4697554427697,-1.53024455723026,3.43682919350852,-0.761401966553791,49.2311574093235,41.7336940024772,55.2058168830623,42.495095969031,55.9672188496161,1,1,0,1,111.643123149872,112.128741979599,1
243,"rf",52.353273098942,2.35327309894199,3.69168494886959,-0.845481334779969,53.198754433722,45.117703556889,59.588842640995,45.963184891669,60.4343239757749,1,1,0,1,103.810520887375,104.288186788559,1
244,"rf",39.491769080311,-10.508230919689,3.2470533424746,0.722607901528441,38.7691611787825,33.1276614731803,45.8558766874416,32.4050535716519,45.1332687859131,0,0,1,1,113.31284403801,113.827761173248,1
245,"rf",46.5486793736067,-3.45132062639327,3.63976826344329,-0.966645745390807,47.5153251189975,39.414864665186,53.6824940820275,40.3815104105768,54.6491398274183,1,1,0,1,104.574867963791,105.080461025238,1
246,"rf",43.936546793158,-6.06345320684204,3.9605527557208,-0.924184607908252,44.8607314010662,36.1740060330743,51.6990875532416,37.0981906409826,52.6232721611498,1,1,0,1,106.2425801754,106.750946044922,1
247,"rf",44.8498214232438,-5.15017857675618,3.56315559484388,1.25063472836077,43.599186694883,37.8661647860374,51.8334780604502,36.6155300576766,50.5828433320894,1,1,0,1,106.36904501915,106.858180999756,1
248,"rf",47.5041985850289,-2.49580141497113,3.40445522617901,-0.511111420629362,48.0153100056582,40.8315889547389,54.1768082153189,41.3427003753682,54.6879196359482,1,1,0,1,106.643885135651,107.104592084885,1
249,"rf",49.6510586855394,-0.348941314460568,3.8649752111761,-0.0894159388631977,49.7404746244026,42.0758464704942,57.2262709005847,42.1652624093574,57.3156868394479,1,1,0,1,105.500500917435,106.019493103027,1
250,"rf",48.6786859834768,-1.32131401652317,3.75822108230501,-0.77677118351631,49.4554571669931,41.3127080162199,56.0446639507338,42.0894791997362,56.8214351342501,1,1,0,1,107.13204908371,107.640159845352,1
251,"rf",46.5848670968858,-3.41513290311416,3.62430360512439,-0.28105910621408,46.8659262030999,39.4813625618034,53.6883716319683,39.7624216680175,53.9694307381824,1,1,0,1,113.497757911682,113.972529888153,1
252,"rf",50.5927575510923,0.592757551092269,3.59003852478374,-1.64279412462476,52.235551675717,43.5564113394048,57.6291037627797,45.1992054640296,59.2718978874045,1,1,0,1,107.692336797714,108.177247047424,1
253,"rf",44.2430681237044,-5.75693187629557,3.76987361353524,0.427510103741362,43.8155580199631,36.8542516149075,51.6318846325014,36.4267415111661,51.20437452876,1,1,0,1,113.877001047134,114.446902036667,1
254,"rf",49.4189273974424,-0.58107260255759,3.57050495124621,-2.17569360574501,51.5946210031874,42.4208662863779,56.4169885085069,44.5965598921229,58.5926821142519,1,1,0,1,105.702091932297,106.139518022537,1
255,"rf",41.5399200138758,-8.46007998612421,3.69833642342079,-1.43542673078413,42.9753467446599,34.2913138212584,48.7885262064932,35.7267405520425,50.2239529372773,0,1,1,1,112.748385190964,113.205667972565,1
256,"rf",44.3236762115348,-5.67632378846522,3.49308915939563,-1.33735555714041,45.6610317686752,37.477347264332,51.1700051587375,38.8147028214725,52.5073607158779,1,1,0,1,106.466226100922,106.914207935333,1
257,"rf",43.794207380437,-6.20579261956303,3.78799006178798,-0.550773923586384,44.3449813040234,36.3698832855369,51.2185314753371,36.9206572091233,51.7693053989234,1,1,0,1,104.91428399086,105.41769194603,1
258,"rf",47.4713702681899,-2.52862973181011,3.64687896593398,-1.90797252709322,49.3793427952831,40.3236188389826,54.6191216973972,42.2315913660758,56.5270942244904,1,1,0,1,105.710759162903,106.311976909637,1
259,"rf",44.2584514116753,-5.74154858832468,3.70064807562725,-1.83398983103513,46.0924412427104,37.0053144639885,51.5115883593622,38.8393042950236,53.3455781903973,1,1,0,1,106.444638967514,106.944133996964,1
260,"rf",53.5942108888347,3.59421088883468,3.80393214499083,-0.879697947058368,54.473908835893,46.1386408850185,61.0497808926509,47.0183388320768,61.9294788397093,1,1,0,1,108.320694923401,108.865072011948,0
261,"rf",48.6031141531123,-1.39688584688773,3.9650232026093,-1.09879966005774,49.70191381317,40.8318114781324,56.3744168280922,41.9306111381901,57.4732164881499,1,1,0,1,107.484134912491,107.915870904922,1
262,"rf",46.082935870637,-3.91706412936302,3.52631775564037,-1.17523607181526,47.2581719424522,39.1714800715377,52.9943916697362,40.346716143353,54.1696277415515,1,1,0,1,112.98814201355,113.535313844681,1
263,"rf",53.0407063234126,3.04070632341264,3.57462540600952,-3.18682447543542,56.2275307988481,46.0345692694121,60.0468433774132,49.2213937448475,63.2336678528486,1,1,0,1,104.751022100449,105.231298923492,0
264,"rf",50.8245104580126,0.824510458012561,3.60201286230998,-0.837445741187572,51.6619561992001,43.764694976035,57.8843259399901,44.6021407172225,58.7217716811777,1,1,0,1,114.716317892075,115.241660118103,1
265,"rf",43.460850864116,-6.53914913588402,3.94639304614235,0.479896870636729,42.9809539934792,35.7260626248377,51.1956391033943,35.2461657542009,50.7157422327576,1,1,0,1,105.550405025482,106.005603075027,1
266,"rf",47.542134540403,-2.45786545959698,3.82205139286482,-0.099328886384427,47.6414634267874,40.0510514633268,55.0332176174792,40.1503803497112,55.1325465038636,1,1,0,1,113.302920103073,113.843886852264,1
267,"rf",44.8072860851198,-5.19271391488024,3.4868774079098,-0.43890370346589,45.2461897885857,37.9731319471102,51.6414402231294,38.4120356505761,52.0803439265952,1,1,0,1,105.558465003967,106.183655023575,1
268,"rf",42.0813932347338,-7.91860676526618,3.63683920516623,0.456239370847634,41.6251538638862,34.9533193750447,49.2094670944229,34.4970800041971,48.7532277235753,0,0,1,1,107.25895190239,107.806538105011,1
269,"rf",47.0793589200639,-2.9206410799361,3.92451781337544,0.397512046326746,46.6818468737372,39.3874453491621,54.7712724909657,38.9899333028354,54.3737604446389,1,1,0,1,106.776645183563,107.242316007614,1
270,"rf",46.5855613997408,-3.41443860025916,3.54721260873149,-0.879778633053824,47.4653400327947,39.6331524411207,53.5379703583609,40.5129310741746,54.4177489914148,1,1,0,1,106.165313005447,106.704885005951,1
271,"rf",45.2640804779632,-4.73591952203681,3.9569162571788,-0.188752630256865,45.4528331082201,37.5086671240517,53.0194938318747,37.6974197543086,53.2082464621315,1,1,0,1,107.573517084122,108.047601938248,1
272,"rf",46.0267666982917,-3.97323330170828,3.77908765225183,0.649112431815723,45.377654266476,38.6198910054581,53.4336423911253,37.9707785736424,52.7845299593096,1,1,0,1,107.317594051361,107.784507989883,1
273,"rf",43.6798206254393,-6.32017937456073,3.69454826065442,-2.06537384517701,45.7451944706163,36.4386390954115,50.921002155467,38.5040129405885,52.986376000644,1,1,0,1,112.552245140076,113.009926080704,1
274,"rf",47.5507824973396,-2.44921750266035,3.69601366652538,0.213806452120679,47.336976045219,40.3067288245821,54.7948361700972,40.0929223724614,54.5810297179765,1,1,0,1,107.38325381279,107.883223056793,1
275,"rf",41.3643019402719,-8.63569805972806,3.12800623842324,-0.231306176425527,41.5956081166975,35.2335223695458,47.4950815109981,35.4648285459713,47.7263876874236,0,0,1,1,113.658133983612,114.182932138443,1
276,"rf",43.2092175001342,-6.79078249986576,3.77499966634486,-0.124529332752182,43.3337468328864,35.8103541124476,50.6080808878209,35.9348834451998,50.7326102205731,1,1,0,1,108.423305034637,108.945318937302,1
277,"rf",47.6281335312517,-2.37186646874825,3.83534548091592,-0.547511637647901,48.1756451688996,40.1109945203881,55.1452725421154,40.658506158036,55.6927841797633,1,1,0,1,111.865037918091,112.321352005005,1
278,"rf",39.8746124756337,-10.1253875243663,4.12418344136528,-0.713844121781221,40.588456597415,31.7913614649213,47.9578634863461,32.5052055867025,48.6717076081274,0,0,1,1,107.43967294693,107.994286060333,1
279,"rf",43.7078649778001,-6.29213502219985,4.05858193029361,0.419848746075296,43.2880162317249,35.7531905661196,51.6625393894807,35.3333418200443,51.2426906434054,1,1,0,1,107.369380950928,107.866243839264,1
280,"rf",46.6582011308848,-3.34179886911522,3.94484419930147,-0.971004152298889,47.6292052831837,38.9264485756321,54.3899536861374,39.897452727931,55.3609578384363,1,1,0,1,107.903548002243,108.407289981842,1
281,"rf",50.2035270323589,0.203527032358934,3.48079417544512,-2.26023033518286,52.4637573675418,43.3812958108897,57.0257582538282,45.6415261460726,59.285988589011,1,1,0,1,108.097755908966,108.597346067429,1
282,"rf",49.5207703753033,-0.479229624696657,3.65971574838546,0.131013239100938,49.3897571362024,42.3478593148138,56.6936814357929,42.2168460757128,56.562668196692,1,1,0,1,107.807657957077,108.287976026535,1
283,"rf",46.0175443625217,-3.98245563747827,3.44567148359208,-0.506031371828605,46.5235757343503,39.2641523521246,52.7709363729189,39.7701837239532,53.2769677447475,1,1,0,1,109.563306093216,110.051097154617,1
284,"rf",41.5596588864356,-8.44034111356439,3.01879149491231,-0.73585935279462,42.2955182392302,35.6429362795716,47.4763814932996,36.3787956323663,48.2122408460942,0,0,1,1,111.955389976501,112.42461681366,1
285,"rf",47.1603858550545,-2.83961414494545,3.4494011231276,-1.76855273773351,48.9289385927881,40.3996838854925,53.9210878246166,42.168236623226,55.6896405623502,1,1,0,1,106.372720003128,106.920383930206,1
286,"rf",41.1953654502452,-8.8046345497548,3.78817013486206,0.517942502328673,40.6774229479165,33.7706884186053,48.6200424818851,33.2527459162767,48.1020999795564,0,0,1,1,111.35796380043,111.830374956131,1
287,"rf",46.4623757837123,-3.53762421628768,3.90350020471598,0.597740192936271,45.864635590776,38.8116559688243,54.1130955986004,38.213915775888,53.5153554056641,1,1,0,1,106.475936174393,106.966016054153,1
288,"rf",45.8733323224124,-4.12666767758765,4.21260058660699,-0.731917382591035,46.6052497050034,37.6167868914103,54.1298777534144,38.3487042740014,54.8617951360054,1,1,0,1,113.472478866577,114.043854951859,1
289,"rf",42.3216210303663,-7.6783789696337,3.25363299062823,0.991887333587606,41.3297336967787,35.9446175498236,48.698624510909,34.952730216236,47.7067371773214,0,0,1,1,107.257994890213,107.727681875229,1
290,"rf",41.9511853196871,-8.04881468031294,4.02663238951765,-0.789602140140538,42.7407874598276,34.05913085725,49.8432397821241,34.8487329973905,50.6328419222647,0,1,1,1,106.698386907578,107.132929086685,1
291,"rf",45.7599457349479,-4.24005426505214,3.65645779535175,-1.51416076668177,47.2741065016296,38.5934201450677,52.926471324828,40.1075809117495,54.4406320915098,1,1,0,1,108.917956113815,109.387012004852,1
292,"rf",44.0668007559883,-5.93319924401174,3.70076182179284,1.51486864540135,42.5519321105869,36.8134408699135,51.3201606420631,35.2985722245121,49.8052919966617,1,0,0,1,107.162262916565,107.537388086319,1
293,"rf",33.8356271213245,-16.1643728786755,3.64553441180235,-0.870089549004611,34.7057166703291,26.6905109697905,40.9807432728585,27.5606005187951,41.8508328218631,0,0,1,1,106.410795927048,106.871021032333,0
294,"rf",41.8582935898295,-8.14170641017051,3.0611013547501,-0.346535925155962,42.2048295149855,35.8586451814925,47.8579419981665,36.2051811066485,48.2044779233224,0,0,1,1,106.888215780258,107.389873981476,1
295,"rf",38.5660239181626,-11.4339760818374,3.6861706904057,-2.12525448578018,40.6912784039428,31.3412621241003,45.7907857122249,33.4665166098805,47.9160401980051,0,0,1,1,113.572913169861,114.103135108948,1
296,"rf",47.6810913246373,-2.31890867536275,3.86045610179941,-1.49019948253459,49.1712908071718,40.1147364012125,55.247446248062,41.6049358837471,56.7376457305966,1,1,0,1,107.236171960831,107.618784189224,1
297,"rf",48.6446786738488,-1.35532132615122,4.04928419937832,-0.685672182811075,49.3303508566599,40.7082274799002,56.5811298677974,41.3938996627112,57.2668020506085,1,1,0,1,112.386317968369,112.923012971878,1
298,"rf",47.2173234709635,-2.78267652903652,3.59960280376823,-0.103203697464508,47.320527168428,40.1622316169284,54.2724153249986,40.2654353143929,54.3756190224631,1,1,0,1,107.381043195724,107.897416830063,1
299,"rf",44.1144163212165,-5.88558367878352,3.44639033316793,1.31065390726805,42.8037624139484,37.3596153915403,50.8692172508926,36.0489614842723,49.5585633436246,1,0,0,1,112.460942983627,112.96054315567,1
300,"rf",42.9148917525422,-7.08510824745775,3.73549978565184,-0.991510842393481,43.9064025949357,35.5934467084076,50.2363367966769,36.584957550801,51.2278476390704,1,1,0,1,108.585160017014,109.149039983749,1
301,"rf",44.8156488041104,-5.18435119588963,3.29828091059615,1.12683046442294,43.6888183396874,38.3511370084459,51.2801605997748,37.224306544023,50.1533301353519,1,1,0,1,107.249593019485,107.766210794449,1
302,"rf",43.2981453411767,-6.70185465882329,3.67075686088132,0.373406529076135,42.9247388121006,36.103594097846,50.4926965845074,35.7301875687699,50.1192900554313,1,1,0,1,107.903416872025,108.3442299366,1
303,"rf",44.3549438809385,-5.64505611906154,3.59281754299502,-1.34583012251868,45.7007740034571,37.3131508936445,51.3967368682324,38.6589810161632,52.7425669907511,1,1,0,1,107.285788059235,107.821329116821,1
304,"rf",43.7640133017626,-6.23598669823738,3.80232374368996,-2.19954200107893,45.9635553028416,36.3115957065688,51.2164308969564,38.5111377076477,53.4159728980354,1,1,0,1,106.88004899025,107.377259016037,1
305,"rf",45.1590954712944,-4.84090452870556,4.04985548964062,-1.90420070913557,47.06329618043,37.221524569007,53.0966663735819,39.1257252781426,55.0008670827174,1,1,0,1,108.663290977478,109.164883852005,1
306,"rf",40.4056755600965,-9.5943244399035,3.49416127452328,-1.11627066795241,41.5219462280489,33.5572453058563,47.2541058143367,34.6735159738087,48.3703764822891,0,0,1,1,113.86368894577,114.328125,1
307,"rf",53.5374669829888,3.5374669829888,3.58626042392471,-2.48562376247826,56.023090745467,46.508525712915,60.5664082530626,48.9941494753933,63.0520320155408,1,1,0,1,105.802833080292,106.264516115189,0
308,"rf",38.3131013225757,-11.6868986774243,3.60529803858689,-0.132461555413684,38.4455628779894,31.2468470134125,45.3793556317389,31.3793085688262,45.5118171871526,0,0,1,1,109.579027891159,110.031228065491,0
309,"rf",39.4007966028212,-10.5992033971788,4.05665007191118,-0.986528739126463,40.3873253419477,31.4499085639935,47.3516846416489,32.43643730312,48.3382133807754,0,0,1,1,106.974930047989,107.485535860062,1
310,"rf",46.0567040202215,-3.94329597977848,3.44938379031273,-2.03295432396606,48.0896583441876,39.2960360223523,52.8173720180907,41.3289903463184,54.8503263420568,1,1,0,1,113.912341833115,114.351027965546,1
311,"rf",41.0379143220183,-8.96208567798168,3.43980245087866,-1.37899534307234,42.4169096650907,34.2960254043635,47.7798032396731,35.6750207474359,49.1587985827454,0,0,1,1,108.872539043427,109.359257936478,1
312,"rf",50.0148030761398,0.0148030761397848,3.81252743132165,-2.04456733594812,52.0593704120879,42.5423866206783,57.4872195316012,44.5869539566265,59.5317868675494,1,1,0,1,107.82003903389,108.289040088654,1
313,"rf",41.278684119519,-8.72131588048099,3.43762342541909,-0.784386785994556,42.0630709055136,34.5410660132864,48.0163022257516,35.3254527992809,48.8006890117462,0,0,1,1,107.880393028259,108.414976119995,1
314,"rf",46.3689037150888,-3.63109628491121,3.74498002638415,-0.655658583751418,47.0245622988402,39.028877740554,53.7089296896236,39.6845363243054,54.364588273375,1,1,0,1,106.620991945267,107.08154296875,1
315,"rf",45.2943572169549,-4.70564278304511,3.36690729401724,-1.58720217516169,46.8815593921166,38.6953401813959,51.8933742525139,40.2825423565576,53.4805764276756,1,1,0,1,107.886465072632,108.466862916946,1
316,"rf",41.4917516307819,-8.50824836921811,3.98723158506947,-1.44012653108396,42.9318781618659,33.6769213260252,49.3065819355386,35.1170478571091,50.7467084666226,0,1,1,1,107.795306921005,108.220881938934,1
317,"rf",41.7643532273912,-8.23564677260878,3.68105672812674,-0.369541145052395,42.1338943724436,34.549614615214,48.9790918395685,34.9191557602664,49.3486329846209,0,0,1,1,114.055253982544,114.736431121826,1
318,"rf",43.4901534926308,-6.50984650736919,4.02845088575569,-0.83048875846017,44.320642251091,35.5945348430612,51.3857721422004,36.4250236015214,52.2162609006606,1,1,0,1,108.057063102722,108.553676128387,1
319,"rf",45.4765417048704,-4.52345829512959,3.8246093879569,-0.294105298702092,45.7706470035725,37.9804450495411,52.9726383601997,38.2745503482432,53.2667436589018,1,1,0,1,107.979820966721,108.426735162735,1
320,"rf",51.8619911865503,1.86199118655028,4.34788007833447,-0.0556195618808744,51.9176107484312,43.3403028239155,60.383679549185,43.3959223857964,60.4392991110659,1,1,0,1,107.448312044144,107.884846925735,1
321,"rf",48.9314640913986,-1.06853590860142,3.88972917626017,-2.59726067389048,51.5287247652891,41.307734996314,56.5551931864832,43.9049956702045,59.1524538603736,1,1,0,1,113.604752063751,114.018584012985,1
322,"rf",46.0869479165058,-3.91305208349415,3.64843479215004,-0.232850439053358,46.3197983555592,38.9361471239489,53.2377487090628,39.1689975630023,53.4705991481162,1,1,0,1,108.665740966797,109.127540111542,1
323,"rf",49.2410609198956,-0.758939080104433,3.71928302307031,-0.650186836950553,49.8912477568461,41.9514001463665,56.5307216934246,42.6015869833171,57.1809085303752,1,1,0,1,108.200829029083,108.650682926178,1
324,"rf",48.6618425549931,-1.33815744500691,3.79936634547673,-2.09938913554646,50.7612316905396,41.2152213537851,56.108463756201,43.3146104893316,58.2078528917475,1,1,0,1,109.723227024078,110.175549030304,1
325,"rf",46.6404859199228,-3.35951408007723,3.46758381563552,-0.53198003618909,47.1724659561119,39.8441465279032,53.4368253119424,40.3761265640923,53.9688053481315,1,1,0,1,107.725749015808,108.304256916046,1
326,"rf",43.6868737954765,-6.3131262045235,4.0626628326169,0.169556431175245,43.5173173643013,35.7242009622179,51.6495466287351,35.5546445310427,51.4799901975599,1,1,0,1,108.447669029236,108.946810007095,1
327,"rf",43.8658839022576,-6.13411609774245,3.73587375436003,-0.963016761654245,44.8289006639118,36.5437058929235,51.1880619115916,37.5067226545777,52.1510786732459,1,1,0,1,106.643337011337,107.216948986053,1
328,"rf",41.1079161454766,-8.89208385452336,3.67320043351464,-0.579918330598517,41.6878344760752,33.908575587791,48.3072567031623,34.4884939183896,48.8871750337608,0,0,1,1,114.122416973114,114.545535087585,1
329,"rf",44.2566216906956,-5.74337830930443,3.6245903439173,0.528817027157864,43.7278046635377,37.152555157906,51.3606882234851,36.6237381307482,50.8318711963273,1,1,0,1,106.013842105865,106.473276138306,1
330,"rf",42.0903149115168,-7.90968508848321,3.49382925397892,-2.75583109558347,44.8461460071003,35.2425354055857,48.9380944174479,37.9983665011691,51.6939255130314,0,1,1,1,107.263898134232,107.802395105362,1
331,"rf",44.6946051672744,-5.30539483272555,3.80686205674969,-1.02899502241583,45.7236001896903,37.233292641933,52.1559176926159,38.2622876643488,53.1849127150317,1,1,0,1,108.918704032898,109.415477991104,1
332,"rf",44.5877099928276,-5.41229000717235,3.43551109595444,-0.05552573137971,44.6432357242074,37.8542319762692,51.3211880093861,37.9097577076489,51.3767137407658,1,1,0,1,115.073231935501,115.577021837234,1
333,"rf",44.6370281990484,-5.36297180095156,4.04179404520136,-0.916452759394403,45.5534809584428,36.7152574375253,52.5587989605716,37.6317101969197,53.475251719966,1,1,0,1,106.863857030869,107.403452157974,1
334,"rf",43.6934510535985,-6.30654894640152,4.00685270113855,-1.21617278224518,44.9096238358437,35.8401640680099,51.5467380391871,37.0563368502551,52.7629108214322,1,1,0,1,110.628925085068,111.123315811157,1
335,"rf",47.2175320528556,-2.7824679471444,3.69229254729525,-2.07516852380036,49.292700576656,39.9807716397713,54.4542924659399,42.0559401635716,56.5294609897403,1,1,0,1,108.132418870926,108.645487070084,1
336,"rf",47.8659123087456,-2.1340876912544,3.57840270141679,-1.34857445520672,49.2144867639523,40.8523718917879,54.8794527257033,42.2009463469946,56.2280271809101,1,1,0,1,109.819100141525,110.305016994476,1
337,"rf",40.8445625257843,-9.15543747421572,3.79154207905651,0.63415956173997,40.2104029640443,33.4132766049654,48.2758484466032,32.7791170432254,47.6416888848632,0,0,1,1,107.872648954391,108.429294109344,1
338,"rf",41.3752920131593,-8.62470798684069,3.64717956611636,-2.15012663337505,43.5254186465344,34.2269514184208,48.5236326078978,36.3770780517959,50.6737592412728,0,1,1,1,108.766335010529,109.282949209213,1
339,"rf",44.4220300417572,-5.57796995824283,3.93454071487254,-0.198199351318095,44.6202293930753,36.7104719449005,52.1335881386138,36.9086712962186,52.3317874899319,1,1,0,1,116.175390005112,116.66348195076,1
340,"rf",49.8653766271531,-0.134623372846882,3.35647708070266,-2.1904533828291,52.0558300099822,43.2868024340418,56.4439508202645,45.4772558168709,58.6344042030936,1,1,0,1,109.136037111282,109.706452846527,1
341,"rf",50.1049323114518,0.104932311451783,4.26820077016499,-3.09985971981883,53.2047920312706,41.7394125231423,58.4704520997613,44.8392722429611,61.5703118195801,1,1,0,1,109.68025803566,110.271217107773,1
342,"rf",41.4730726761572,-8.5269273238428,3.7129760568769,0.160292571307572,41.3127801048496,34.1957733292189,48.7503720230955,34.0354807579114,48.5900794517879,0,0,1,1,108.062241077423,108.567077875137,1
343,"rf",50.6482146259996,0.6482146259996,4.06546195757262,-1.1315136981115,51.7797283241111,42.6800556086396,58.6163736433596,43.8115693067511,59.7478873414711,1,1,0,1,116.789090871811,117.329983949661,1
344,"rf",52.7665501519772,2.76655015197718,3.22806233906345,-0.837698117303972,53.6042482692812,46.4396642275627,59.0934360763917,47.2773623448667,59.9311341936956,1,1,0,1,109.166876792908,109.589736938477,0
345,"rf",45.5757669395936,-4.42423306040642,4.53324128259674,-1.36293786150787,46.9387048011014,36.6907772924738,54.4607565867134,38.0537151539817,55.8236944482212,1,1,0,1,108.606703996658,109.049454927444,1
346,"rf",44.4432872077958,-5.55671279220417,3.44106702575555,-0.222758058119908,44.6660452659157,37.6989197689266,51.1876546466651,37.9216778270465,51.410412704785,1,1,0,1,111.334370851517,111.801487922668,1
347,"rf",42.0443586506299,-7.95564134937013,3.52780298869754,0.722199155520329,41.3221594951095,35.1299918482299,48.9587254530298,34.4077926927096,48.2365262975095,0,0,1,1,109.980549812317,110.504649877548,1
348,"rf",42.6469945605886,-7.35300543941138,3.93624005476613,-1.52884959559236,44.175844156181,34.932105818743,50.3618833024342,36.4609554143354,51.8907328980266,1,1,0,1,108.316148996353,108.795748949051,1
349,"rf",45.7285822879842,-4.27141771201583,3.71623787391967,-1.71213696386314,47.4407192518473,38.4448898971179,53.0122746788504,40.1570268609811,54.7244116427136,1,1,0,1,106.913946866989,107.629798173904,1
350,"rf",46.3719121733939,-3.62808782660606,3.56729688467071,-0.18101308461717,46.5529252580111,39.3801387572774,53.3636855895105,39.5611518418946,53.5446986741276,1,1,0,1,115.364431858063,115.903493881226,1
351,"rf",45.1404793664704,-4.85952063352956,3.95729198103595,-1.60113261980823,46.7416119862787,37.3843296073308,52.8966291256101,38.985462227139,54.4977617454183,1,1,0,1,107.358016014099,107.891731977463,1
352,"rf",44.7245409447849,-5.27545905521508,3.61451797165227,-0.681137730427622,45.4056786752125,37.6402158988737,51.8088659906961,38.3213536293013,52.4900037211238,1,1,0,1,109.506421804428,109.956200122833,1
353,"rf",47.1401701146664,-2.8598298853336,3.73802726338347,-0.774233877573451,47.9144039922399,39.813771305206,54.4665689241268,40.5880051827794,55.2408028017003,1,1,0,1,108.358002185822,108.87459897995,1
354,"rf",47.4849397796048,-2.51506022039517,3.69925230904117,-2.55946842145273,50.0444082010576,40.2345384841575,54.7353410750521,42.7940069056102,57.2948094965049,1,1,0,1,116.12088394165,116.600350856781,1
355,"rf",48.0353167832563,-1.96468321674371,3.60171732410786,-2.19227620487845,50.2275929881347,40.9760805455109,55.0945530210017,43.1683567503894,57.2868292258801,1,1,0,1,109.724524974823,110.127521038055,1
356,"rf",39.2223260162898,-10.7776739837102,3.33134701801884,0.595477802479792,38.62684821381,32.693005840968,45.7516461916116,32.0975280384882,45.1561683891318,0,0,1,1,107.640928030014,108.084583044052,1
357,"rf",41.9342460848253,-8.06575391517472,3.8233627051196,-0.634918908947199,42.5691649937725,34.4405928829572,49.4278992866933,35.0755117919044,50.0628181956405,0,1,1,1,108.949850082397,109.460464000702,1
358,"rf",44.70433452355,-5.29566547645001,3.97497513304055,-0.781328152315361,45.4856626758653,36.9135264233482,52.4951426237518,37.6948545756636,53.2764707760671,1,1,0,1,107.497120857239,107.983448028564,1
359,"rf",45.828679742114,-4.17132025788601,4.07262002001308,-1.34539698208192,47.1740767241959,37.8464911801716,53.8108683040564,39.1918881622535,55.1562652861383,1,1,0,1,109.167596817017,109.67342710495,1
360,"rf",46.945103637616,-3.05489636238401,3.87771675533743,-1.1617272386438,48.1068308762598,39.3449184549071,54.5452888203249,40.5066456935509,55.7070160589687,1,1,0,1,107.183678150177,107.631357908249,1
361,"rf",50.0800682076989,0.0800682076989006,3.85533713800482,-0.733965200167347,50.8140334078662,42.5237462689497,57.6363901464481,43.2577114691171,58.3703553466154,1,1,0,1,117.046584844589,117.527796030045,1
362,"rf",46.0213835896994,-3.97861641030062,3.56297951225073,0.347226553162422,45.674157036537,39.0380720680339,53.0046951113649,38.6908455148714,52.6574685582025,1,1,0,1,110.456515789032,110.97765994072,1
363,"rf",50.0018794167315,0.00187941673145531,4.02365648769302,-0.971172256379695,50.9730516731112,42.1156576146922,57.8881012187707,43.0868298710719,58.8592734751504,1,1,0,1,107.719071865082,108.313483953476,1
364,"rf",43.6147549822891,-6.38524501771087,3.64320287587907,-0.178387276434272,43.7931422587234,36.4742085571934,50.7553014073848,36.6525958336277,50.9336886838191,1,1,0,1,109.179394006729,109.653255939484,1
365,"rf",40.2454753339515,-9.7545246660485,3.53655985035136,-2.22030686909665,42.4657822030481,33.3139453980925,47.1770052698105,35.5342522671891,49.3973121389072,0,0,1,1,115.326622962952,115.916019201279,1
366,"rf",44.5150351312425,-5.48496486875751,3.78480842000304,-0.849227677991536,45.364262809234,37.0969469396526,51.9331233228324,37.9461746176441,52.7823510008239,1,1,0,1,109.321191072464,109.804540872574,1
367,"rf",49.9038507968503,-0.0961492031496576,3.47986324016146,-0.923973705733232,50.8278245025836,43.083444175009,56.7242574186916,44.0074178807423,57.6482311244249,1,1,0,1,112.108433008194,112.661620855331,1
368,"rf",46.2171222442168,-3.7828777557832,3.57619055115003,-0.904454863695534,47.1215771079123,39.2079175621103,53.2263269263233,40.1123724258058,54.1307817900188,1,1,0,1,109.336343050003,109.782907962799,1
369,"rf",45.0700869269416,-4.92991307305837,3.48502809499573,1.09970726273638,43.9703796642053,38.2395573756398,51.9006164782435,37.1398501129034,50.8009092155071,1,1,0,1,108.826508998871,109.328650951385,1
370,"rf",49.3982322822809,-0.601767717719135,3.24528803669932,-2.20465521966514,51.602887501946,43.0375846108915,55.7588799536702,45.2422398305566,57.9635351733354,1,1,0,1,109.20626115799,109.677919149399,1
371,"rf",45.59867881845,-4.40132118154995,3.4692605474627,-2.35351075144356,47.9521895698936,38.7990530924374,52.3983045444627,41.152563843881,54.7518152959062,1,1,0,1,109.898134946823,110.385623931885,1
372,"rf",47.1222118247963,-2.87778817520372,3.48958672461311,-0.953570929630231,48.0757827544265,40.2827475236255,53.9616761259671,41.2363184532557,54.9152470555973,1,1,0,1,112.276080846786,112.802618026733,1
373,"rf",41.8953586157877,-8.10464138421234,3.56546268665369,-2.27973656593799,44.1750951817256,34.907180161725,48.8835370698503,37.186916727663,51.1632736357883,0,1,1,1,109.102029085159,109.500584125519,1
374,"rf",46.9738596105216,-3.02614038947839,4.09271249226204,0.876372957519948,46.0974866530017,38.9522905266109,54.9954286944324,38.0759175690909,54.1190557369124,1,1,0,1,109.363858938217,109.96032500267,1
375,"rf",45.831539343514,-4.168460656486,3.54090504324141,-1.17678723585764,47.0083265793716,38.8914929860846,52.7715857009434,40.0682802219422,53.948372936801,1,1,0,1,109.048610210419,109.652064085007,1
376,"rf",47.8999791741769,-2.10002082582307,3.62793313543167,0.813465502217852,47.0865136719591,40.7893608904114,55.0105974579425,39.9758953881935,54.1971319557246,1,1,0,1,116.133871793747,116.608101844788,1
377,"rf",43.3612383042506,-6.6387616957494,3.6000534508008,0.578041262902602,42.783197041348,36.3052631982619,50.4172134102393,35.7272219353593,49.8391721473367,1,0,0,1,111.503460884094,112.074723005295,1
378,"rf",41.0082318453165,-8.99176815468355,3.65427932630797,-1.45301465508405,42.4612465004005,33.8459759763035,48.1704877143294,35.2989906313876,49.6235023694134,0,0,1,1,108.421194076538,109.004732847214,1
379,"rf",46.0849615588964,-3.91503844110356,3.91197426675142,-0.0363778682809155,46.1213394271774,38.4176328876162,53.7522902301767,38.4540107558971,53.7886680984576,1,1,0,1,107.950404882431,108.416109085083,1
380,"rf",49.3466968167101,-0.653303183289857,3.67167790597113,-0.982451701659151,50.3291485183693,42.1503403581753,56.543053275245,43.1327920598344,57.5255049769042,1,1,0,1,109.591361045837,110.083107948303,1
381,"rf",48.8783801714336,-1.12161982856644,3.20667515873404,-2.05794156300812,50.9363217344417,42.5934123501956,55.1633479926715,44.6513539132037,57.2212895556796,1,1,0,1,106.946339130402,107.446332931519,1
382,"rf",46.5279009982074,-3.47209900179261,3.22651639807401,-0.517281049346458,47.0451820475538,40.2040450624544,52.8517569339603,40.7213261118009,53.3690379833068,1,1,0,1,107.424922943115,107.936103105545,1
383,"rf",45.8023789614567,-4.19762103854327,4.00190926662757,-2.80966517622414,48.6120441376809,37.9587809294696,53.6459769934439,40.7684461056937,56.455642169668,1,1,0,1,114.823963880539,115.324823856354,1
384,"rf",46.5553899365258,-3.44461006347424,3.55144620422843,-0.784877215651491,47.3402671521773,39.5946832832066,53.516096589845,40.3795604988581,54.3009738054965,1,1,0,1,108.426066875458,108.897952079773,1
385,"rf",45.8135404718079,-4.1864595281921,3.86977908443002,-1.17597342534442,46.9895138971523,38.2289128381987,53.3981681054171,39.4048862635431,54.5741415307616,1,1,0,1,106.590815067291,107.058851003647,1
386,"rf",44.5806069676057,-5.4193930323943,3.24507565510012,-0.469137333522866,45.0497443011286,38.2203755565018,50.9408383787097,38.6895128900246,51.4099757122325,1,1,0,1,106.890810012817,107.457564115524,1
387,"rf",47.6032487759847,-2.39675122401528,3.6021946144494,0.0536924075719512,47.5495563684128,40.5430770663597,54.6634204856097,40.4893846587878,54.6097280780377,1,1,0,1,113.698105096817,114.211764097214,1
388,"rf",45.3763035316372,-4.62369646836283,3.54392385536453,-1.67499345172359,47.0512969833608,38.4303404111704,52.322266652104,40.105333862894,53.9972601038276,1,1,0,1,106.92441701889,107.452166795731,1
389,"rf",44.8137015294592,-5.18629847054079,3.90466822845801,-1.05888005706372,45.8725815865229,37.1606924301037,52.4667106288147,38.2195724871674,53.5255906858784,1,1,0,1,108.194375991821,108.756804943085,1
390,"rf",39.4335398280181,-10.5664601719819,3.94277962681569,0.688067253556845,38.7454725744613,31.7058337604811,47.1612458955551,31.0177665069243,46.4731786419983,0,0,1,1,107.110589981079,107.616659879684,1
391,"rf",49.8429340594879,-0.157065940512069,3.28617850163223,-0.312777058941599,50.1557111184295,43.402142549519,56.2837255694569,43.7149196084606,56.5965026283985,1,1,0,1,107.269715070724,107.794166088104,1
392,"rf",43.7324970322466,-6.26750296775343,3.35225286916114,0.536172578845445,43.1963244534011,37.1622021416197,50.3027919228735,36.6260295627742,49.766619344028,1,0,0,1,107.681607961655,108.267678976059,1
393,"rf",42.9733580161695,-7.02664198383045,3.68599068274517,-0.778091050110874,43.7514490662804,35.7489490306388,50.1977670017003,36.5270400807497,50.9758580518112,1,1,0,1,109.195559024811,109.648879051208,1
394,"rf",42.6445897692718,-7.35541023072819,3.78495315758882,0.165363015598082,42.4792267536737,35.2262178972266,50.062961641317,35.0608548816285,49.897598625719,1,0,0,1,116.272001028061,116.759727954865,1
395,"rf",47.5334656142919,-2.46653438570809,3.78434016327434,-0.403340715464189,47.9368063297561,40.1162951890258,54.950636039558,40.51963590449,55.3539767550222,1,1,0,1,107.595368862152,108.062710046768,1
396,"rf",46.6383262954716,-3.36167370452845,3.47772501807522,-0.399879225946606,47.0382055214182,39.8221105119102,53.4545420790329,40.2219897378568,53.8544213049795,1,1,0,1,107.138623952866,107.598642110825,1
397,"rf",43.5209637169058,-6.47903628309424,3.48105468660275,0.92797205444321,42.5929916624626,36.69822190295,50.3437055308615,35.7702498485068,49.4157334764183,1,0,0,1,106.543606996536,107.016566991806,1
398,"rf",48.6048951393127,-1.39510486068734,3.56743136934311,-1.41864589871354,50.0235410380262,41.6128581380818,55.5969321405436,43.0315040367953,57.0155780392571,1,1,0,1,115.251506090164,115.752076148987,1
399,"rf",47.7850277204213,-2.21497227957868,3.50400134057797,-0.268918929654966,48.0539466500763,40.9173112911084,54.6527441497342,41.1862302207634,54.9216630793892,1,1,0,1,107.933213949203,108.431332111359,1
400,"rf",43.5154986638331,-6.48450133616688,3.69246850895609,0.28253534323764,43.2329633205955,36.2783933722309,50.7526039554354,35.9958580289932,50.4700686121977,1,1,0,1,106.967633008957,107.527171850204,1
401,"rf",48.0025208374846,-1.99747916251537,3.6823668392316,-2.12175776726588,50.1242786047505,40.7852144547261,55.2198272202432,42.906972221992,57.341584987509,1,1,0,1,105.705521821976,106.250891923904,1
402,"rf",40.6964094115956,-9.30359058840435,3.65044609097068,0.493248767787215,40.2031606438084,33.5416665457881,47.8511522774032,33.0484177780009,47.357903509616,0,0,1,1,107.395210981369,107.95892906189,1
403,"rf",44.1422874305944,-5.85771256940565,3.86255796899428,-2.18172705940714,46.3240144900015,36.5718129231674,51.7127619380213,38.7535399825745,53.8944889974284,1,1,0,1,108.289052009583,108.859251976013,1
404,"rf",43.9630464039339,-6.0369535960661,3.42416735728875,1.04776000150861,42.9152864024253,37.2518017066103,50.6742911012576,36.2040417051016,49.6265310997489,1,0,0,1,107.527292013168,107.99889588356,1
405,"rf",47.405756497376,-2.59424350262397,3.15884692971476,-0.613324813989635,48.0190813113657,41.2145302824602,53.5969827122919,41.8278550964498,54.2103075262815,1,1,0,1,111.129746198654,111.62367606163,1
406,"rf",47.8083549111803,-2.19164508881973,3.24081130908695,-1.78539378655126,49.5937486977315,41.4564814646797,54.1602283576808,43.241875251231,55.9456221442321,1,1,0,1,109.034098148346,109.621599912643,1
407,"rf",42.5453893798513,-7.45461062014871,3.65032403900595,0.427373836967639,42.1180155428836,35.3908857314988,49.6998930282037,34.9635118945312,49.2725191912361,0,0,1,1,108.474422216415,108.917432069778,1
408,"rf",47.3319093298013,-2.66809067019868,3.30598602199286,-1.33560843621702,48.6675177660183,40.8522957933025,53.8115228663002,42.1879042295195,55.1471313025172,1,1,0,1,107.493713855743,107.878597974777,1
409,"rf",47.0377367080415,-2.96226329195846,3.7189651185408,-2.09967720508919,49.1374139131307,39.7486990159408,54.3267744001422,41.84837622103,56.4264516052314,1,1,0,1,116.417052030563,116.886872053146,1
410,"rf",46.902211843684,-3.09778815631597,3.63711723820352,0.103813745691156,46.7983980979929,39.7735930492553,54.0308306381127,39.6697793035642,53.9270168924216,1,1,0,1,107.02063202858,107.519299030304,1
411,"rf",53.6246043213566,3.62460432135665,3.60254064247331,-1.09073322817035,54.715337549527,46.5637544092672,60.6854542334461,47.6544876374375,61.7761874616165,1,1,0,1,109.687858104706,110.267639875412,0
412,"rf",43.0791987414686,-6.92080125853143,3.45226831901902,-0.496877454740272,43.5760761962088,36.3128771712227,49.8455203117145,36.8097546259629,50.3423977664548,0,1,1,1,109.007886886597,109.437117099762,1
413,"rf",41.3075908653463,-8.69240913465373,3.53099596770445,-0.018348918353162,41.3259397836994,34.3869659390894,48.2282157916032,34.4053148574425,48.2465647099563,0,0,1,1,107.945955991745,108.576833963394,1
414,"rf",52.3709290362777,2.37092903627766,3.5308085893965,-0.870779412366097,53.2417084486438,45.4506713647558,59.2911867077995,46.321450777122,60.1619661201656,1,1,0,1,109.121028900146,109.578221082687,1
415,"rf",46.0521353564612,-3.94786464353882,3.78963891620629,-2.94107036152992,48.9932057179911,38.6245795662854,53.4796911466369,41.5656499278154,56.4207615081668,1,1,0,1,107.782358884811,108.295547962189,1
416,"rf",44.2200371894132,-5.77996281058681,3.74537947195581,-0.171992002456797,44.39202919187,36.8792283159442,51.5608460628822,37.051220318401,51.732838065339,1,1,0,1,109.532982110977,109.98471903801,1
417,"rf",43.7836900718269,-6.21630992817306,3.63309522132641,0.758052563969535,43.0256375078574,36.6629542856226,50.9044258580313,35.9049017216531,50.1463732940617,1,1,0,1,106.922075986862,107.405589103699,1
418,"rf",40.6799984209475,-9.3200015790525,3.90546449844172,-1.18237752473276,41.8623759456803,33.0254286611019,48.3345681807931,34.2078061858347,49.5169457055258,0,0,1,1,109.673194885254,110.148016929626,1
419,"rf",47.2401234849007,-2.75987651509931,3.90533901710365,-1.62209511923584,48.8622186041365,39.5857996639585,54.8944473058429,41.2078947831943,56.5165424250787,1,1,0,1,109.908121109009,110.416870117188,1
420,"rf",48.8513669395475,-1.14863306045248,4.13052415289461,-0.98371583719932,49.8350827767468,40.7556883626013,56.9470455164938,41.7394041998006,57.9307613536931,1,1,0,1,114.619454860687,115.096247911453,1
421,"rf",45.1731508831946,-4.82684911680538,3.39311081121135,-0.201639401974738,45.3747902851694,38.5227758976669,51.8235258687223,38.7244152996416,52.0251652706971,1,1,0,1,109.568876981735,110.060438871384,1
422,"rf",46.9483164983017,-3.0516835016983,2.96275959696311,-0.586274513763613,47.5345910120653,41.1414143934036,52.7552186031998,41.7276889071672,53.3414931169634,1,1,0,1,110.147104978561,110.64763712883,1
423,"rf",42.439347694548,-7.56065230545195,3.49312147543917,-1.15028051733341,43.5896282118815,35.5929554090639,49.2857399800322,36.7432359263973,50.4360204973656,0,1,1,1,108.553047895432,109.061841964722,1
424,"rf",48.934409083544,-1.06559091645603,3.69471403756129,0.509342488331995,48.425066595212,41.6929026367493,56.1759155303387,41.1835601484173,55.6665730420067,1,1,0,1,110.673331022263,111.156620025635,1
425,"rf",48.6052538840356,-1.39474611596444,4.06302768802844,1.69545308118003,46.9098008028555,40.6418659473108,56.5686418207603,38.9464128661307,54.8731887395803,1,1,0,1,112.182451963425,112.684597969055,1
426,"rf",42.1515755315634,-7.84842446843661,3.6445769151301,-0.97919742726323,43.1307729588266,35.0083360390223,49.2948150241045,35.9875334662855,50.2740124513677,0,1,1,1,109.115623950958,109.590626001358,1
427,"rf",42.9179146657944,-7.08208533420561,3.60947736343988,-0.660197975706112,43.5781126415005,35.8434690304396,49.9923603011491,36.5036670061457,50.6525582768553,0,1,1,1,108.290673017502,108.893136978149,1
428,"rf",40.4972048699418,-9.50279513005817,3.86873106089983,-1.34811665024495,41.8453215201868,32.9146313247067,48.0797784151769,34.2627479749517,49.4278950654219,0,0,1,1,110.635215044022,111.093233823776,1
429,"rf",50.8820747613321,0.882074761332092,3.50558165516056,-1.97203577144379,52.8541105327759,44.0112609723531,57.7528885503111,45.9832967437969,59.7249243217549,1,1,0,1,110.52274107933,110.935370206833,1
430,"rf",42.9499930744789,-7.05000692552107,3.12245434145043,-0.658035542354995,43.6080286168339,36.8300950218654,49.0698911270925,37.4881305642203,49.7279266694475,0,0,1,1,110.686287164688,111.203336954117,1
431,"rf",51.041242856663,1.04124285666301,3.55100746426387,-0.0415239980660758,51.0827668547291,44.0813961178729,58.0010895954531,44.122920115939,58.0426135935192,1,1,0,1,112.76872086525,113.349734067917,1
432,"rf",40.951786132193,-9.04821386780704,4.04387981485703,-0.122073038991623,41.0738591711846,33.0259273372647,48.8776449271212,33.1480003762563,48.9997179661129,0,0,1,1,110.542875051498,111.062762975693,1
433,"rf",51.7896115096371,1.78961150963712,3.97977320663989,-2.14845854039971,53.9380700500368,43.9893993579854,59.5898236612888,46.1378578983852,61.7382822016885,1,1,0,1,112.182240009308,112.629794836044,1
434,"rf",50.7565125307014,0.756512530701428,3.91626847900139,-3.31158422371314,54.0680967544146,43.0807673580693,58.4322577033336,46.3923515817824,61.7438419270467,1,1,0,1,110.137358903885,110.678946018219,1
435,"rf",50.9517057587093,0.951705758709295,3.77451283960989,0.575445748646104,50.3762600100632,43.5537965338899,58.3496149835287,42.9783507852438,57.7741692348826,1,1,0,1,110.963230848312,111.440310955048,1
436,"rf",49.0359526990666,-0.96404730093343,3.59984716684526,-2.19321756576466,51.2291702648312,41.9803819022013,56.0915234959318,44.173599467966,58.2847410616965,1,1,0,1,110.142957925797,110.63220500946,1
437,"rf",41.8363645019999,-8.1636354980001,3.28992727923971,-2.4012841879138,44.2376486899137,35.3882255229342,48.2845034810656,37.789509710848,50.6857876689794,0,1,1,1,110.614817142487,111.100980997086,1
438,"rf",46.3321419237883,-3.66785807621173,3.47818482967806,-1.19810855078892,47.5302504745772,39.5150249260457,53.1492589215308,40.7131334768346,54.3473674723198,1,1,0,1,110.428820133209,110.876307010651,1
439,"rf",41.2161029325945,-8.78389706740552,3.55760008652967,-1.02618264292509,42.2422855755196,34.2433348915997,48.1888709735892,35.2695175345248,49.2150536165143,0,0,1,1,110.553773880005,111.038626909256,1
440,"rf",44.3587928965072,-5.64120710349284,3.53899174148816,0.67425777900722,43.6845351174999,37.4224965416057,51.2950892514086,36.7482387625985,50.6208314724014,1,1,0,1,110.783998012543,111.282211065292,1
441,"rf",42.6793292134226,-7.32067078657744,3.5839156486945,-0.85731262148164,43.5366418349042,35.6549836183518,49.7036748084933,36.5122962398335,50.5609874299749,0,1,1,1,109.05968785286,109.5686378479,1
442,"rf",40.0642140265406,-9.93578597345938,3.81031322222211,-0.081298280864651,40.1455123074053,32.5961373411685,47.5322907119127,32.6774356220332,47.6135889927774,0,0,1,1,108.443510055542,108.879857063293,1
443,"rf",48.0377743595064,-1.96222564049362,3.50359253639673,-1.16752147933403,49.2052958388404,41.1708591716654,54.9046895473473,42.3383806509995,56.0722110266813,1,1,0,1,111.271546840668,111.797992944717,1
444,"rf",47.5321379247425,-2.46786207525754,3.82283052501063,-0.971858071028656,48.5039959957711,40.0395277767213,55.0247480727636,41.0113858477499,55.9966061437923,1,1,0,1,109.557826042175,110.100380897522,1
445,"rf",47.5615332237369,-2.43846677626308,3.72937842711797,0.169858415984827,47.3916748077521,40.2520858218651,54.8709806256088,40.0822274058802,54.7011222096239,1,1,0,1,109.03498005867,109.523607969284,1
446,"rf",52.4797676607414,2.4797676607414,3.66469166873324,-2.05759524129136,54.5373629020328,45.2971039755803,59.6624313459025,47.3546992168716,61.7200265871939,1,1,0,1,111.015131950378,111.4908618927,1
447,"rf",43.1312303960791,-6.86876960392092,3.40487835113822,-1.63005167209757,44.7612820681766,36.457791456108,49.8046693360501,38.0878431282056,51.4347210081477,0,1,1,1,109.080248117447,109.567285060883,1
448,"rf",51.5222574322794,1.52225743227941,4.0546574352091,-3.47292648656774,54.9951839188472,43.575274889622,59.4692399749368,47.0482013761898,62.9421664615045,1,1,0,1,110.130367040634,110.672790050507,1
449,"rf",49.0787727917909,-0.921227208209146,3.86124563813171,-0.72239458031644,49.8011673721073,41.5108704055903,56.6466751779914,42.2332649859068,57.3690697583078,1,1,0,1,112.154397010803,112.732668161392,1
450,"rf",46.5545995412825,-3.44540045871747,3.64671322472272,0.18889063962213,46.3657089016604,39.4071729588801,53.702026123685,39.218282319258,53.5131354840628,1,1,0,1,109.88024020195,110.395387172699,1
451,"rf",46.6214215833841,-3.37857841661592,3.47194177950849,-0.870852776733159,47.4922743601172,39.8165407391275,53.4263024276406,40.6873935158607,54.2971552043738,1,1,0,1,110.229956865311,110.748901844025,1
452,"rf",50.9968484491624,0.996848449162435,3.78915668705601,-0.586655382824169,51.5835038319866,43.5702378107535,58.4234590875713,44.1568931935777,59.0101144703955,1,1,0,1,108.378220796585,108.839591026306,1
453,"rf",44.1243619204073,-5.87563807959273,3.79817270872202,-0.365764502372429,44.4901264227797,36.6800802042492,51.5686436365654,37.0458447066216,51.9344081389378,1,1,0,1,108.659106016159,109.19842505455,1
454,"rf",47.8914079280271,-2.10859207197292,4.02787319478419,-2.43558400821477,50.3269919362418,39.9969215319558,55.7858943240984,42.4325055401706,58.2214783323131,1,1,0,1,110.841969013214,111.297162055969,1
455,"rf",42.4685825709882,-7.53141742901176,3.34257873029391,1.09530230841745,41.3732802625708,35.9172486441226,49.0199164978539,34.8219463357051,47.9246141894365,0,0,1,1,111.273694038391,111.795065879822,1
456,"rf",44.6749427043011,-5.3250572956989,3.40634826341569,0.691572431067343,43.9833702732338,37.9986227892058,51.3512626193964,37.3070503581385,50.6596901883291,1,1,0,1,111.400017976761,111.888552904129,1
457,"rf",41.2877205567437,-8.71227944325625,3.51846507359087,-0.0752141363710095,41.3629346931148,34.3916557316436,48.1837853818439,34.4668698680146,48.2589995182149,0,0,1,1,110.581374168396,111.059013128281,1
458,"rf",44.0251088375254,-5.97489116247461,3.49880495679814,0.448690380162567,43.5764184573628,37.1675771332708,50.88264054178,36.7188867531083,50.4339501616174,1,1,0,1,112.011004924774,112.511036872864,1
459,"rf",47.0557450328423,-2.94425496715773,4.13212614091052,0.822874999887482,46.2328700329548,38.9569266170812,55.1545634486034,38.1340516171937,54.3316884487159,1,1,0,1,110.072309017181,110.503901958466,1
460,"rf",41.5352508066953,-8.46474919330466,3.69907289340776,-1.65113117445927,43.1863819811546,34.2852011594278,48.7853004539629,35.936332333887,50.4364316284222,0,1,1,1,109.269082069397,109.701297998428,1
461,"rf",39.3562498070659,-10.6437501929341,3.97350489827771,-1.14396807305968,40.5002178801256,31.5683233140481,47.1441763000837,32.7122913871078,48.2881443731434,0,0,1,1,111.954900979996,112.470033168793,1
462,"rf",43.2175718083846,-6.78242819161536,3.82500681096207,-1.66558716889424,44.8831589772789,35.7206962182786,50.7144473984907,37.3862833871728,52.3800345673849,1,1,0,1,109.040942192078,109.532612085342,1
463,"rf",49.2214502829544,-0.778549717045607,3.83714647081403,-0.683273471297248,49.9047237542516,41.7007813967539,56.7421191691549,42.3840548680512,57.4253926404521,1,1,0,1,110.427760839462,110.957154989243,1
464,"rf",51.1420605626775,1.14206056267754,3.77574598883279,-2.40558802349537,53.5476485861729,43.7417344097937,58.5423867155614,46.1473224332891,60.9479747390568,1,1,0,1,110.16517496109,110.644299030304,1
465,"rf",45.1795567406018,-4.82044325939817,3.78517697636094,-2.17720422141135,47.3567609620132,37.7607461918242,52.5983672893795,39.9379504132355,54.7755715107909,1,1,0,1,109.142976045609,109.628176927567,1
466,"rf",42.1417603698337,-7.8582396301663,3.75669332711824,-0.679422881609568,42.8211832514433,34.77877674772,49.5047439919474,35.4581996293296,50.184166873557,0,1,1,1,107.892066955566,108.337668895721,1
467,"rf",44.7103603518081,-5.28963964819193,3.3968825669301,-1.88185708745692,46.592217439265,38.0525928609131,51.368127842703,39.93444994837,53.24998493016,1,1,0,1,110.055695056915,110.460284948349,1
468,"rf",48.6492955625596,-1.35070443744045,3.77385779047913,-1.55221501166754,50.2015105742271,41.2526702104446,56.0459209146745,42.8048852221121,57.5981359263421,1,1,0,1,110.201913118362,110.686929941177,1
469,"rf",41.9565984800358,-8.0434015199642,3.89746470395665,1.16485671883077,40.791741761205,34.3177080292647,49.5954889308069,33.1528513104339,48.4306322119761,0,0,1,1,110.836222171783,111.323094129562,1
470,"rf",48.4746125926771,-1.52538740732294,3.81357270748811,-0.438709748507414,48.9133223411845,41.0001474335755,55.9490777517787,41.4388571820829,56.3877875002861,1,1,0,1,109.508740901947,109.920073032379,1
471,"rf",52.8246134348175,2.82461343481754,3.95089931450173,-0.941046776807163,53.7656602116247,45.0809930718502,60.5682337977849,46.0220398486573,61.5092805745921,1,1,0,1,110.186851978302,110.708093166351,1
472,"rf",47.7882880956898,-2.21171190431018,3.75681645986684,0.704841649371751,47.0834464463181,40.4250631378236,55.1515130535561,39.7202214884518,54.4466714041843,1,1,0,1,109.130927085876,109.614049911499,1
473,"rf",43.137865965541,-6.86213403445896,3.77665917018254,-1.36735358914176,44.5052195546828,35.7357500101003,50.5399819209818,37.1031035992421,51.9073355101235,1,1,0,1,108.752450942993,109.181519031525,1
474,"rf",41.6098725420183,-8.39012745798167,4.24675470315156,-2.28848687404655,43.8983594160649,33.2863862726652,49.9333588113715,35.5748731467117,52.221845685418,0,1,1,1,108.651443004608,109.167741060257,1
475,"rf",44.9540358474182,-5.04596415258182,3.6802671875258,-0.269619455034558,45.2236553024527,37.7408447063831,52.1672269884533,38.0104641614177,52.4368464434878,1,1,0,1,94.0389490127563,94.5209739208221,1
476,"rf",47.6633811281354,-2.33661887186456,3.81008657910742,0.0409569007740558,47.6224242273614,40.1957486551055,55.1310136011654,40.1547917543314,55.0900567003913,1,1,0,1,108.189293146133,108.730721950531,1
477,"rf",42.9146644619562,-7.08533553804378,3.45154429235684,0.904868772192799,42.0097956897634,36.149761957892,49.6795669660204,35.2448931856992,48.7746981938276,0,0,1,1,110.579741954803,111.153887987137,1
478,"rf",47.2829447997317,-2.71705520026831,3.53505197739588,-0.329464998813236,47.6124097985449,40.3543702405587,54.2115193589047,40.6838352393719,54.5409843577179,1,1,0,1,110.804853916168,111.395688056946,1
479,"rf",46.9916821251844,-3.00831787481563,3.90161695335485,-0.858250345492344,47.8499324706767,39.344653415138,54.6387108352308,40.2029037606303,55.4969611807231,1,1,0,1,109.122870922089,109.67932009697,1
480,"rf",42.8191003506477,-7.18089964935234,3.4250886899305,-0.274758116430405,43.0938584670781,36.1060498745284,49.5321508267669,36.3808079909588,49.8069089431973,0,0,1,1,110.244009017944,110.728921890259,1
481,"rf",42.0024571610836,-7.99754283891639,3.91819994310906,-1.65731473461594,43.6597718956996,34.322926388363,49.6819879338043,35.9802411229789,51.3393026684202,0,1,1,1,110.643950939178,111.16121006012,1
482,"rf",45.3362670187266,-4.66373298127343,3.87117915692223,1.11851088876202,44.2177561299645,37.7488952934569,52.9236387439963,36.6303844046948,51.8051278552343,1,1,0,1,96.6223561763763,97.1519939899445,1
483,"rf",45.3338543417794,-4.66614565822063,3.54485036010128,-1.703028108098,47.0368824498774,38.386075305397,52.2816333781617,40.089103413495,53.9846614862597,1,1,0,1,107.802825927734,108.258074998856,1
484,"rf",44.2642930526597,-5.73570694734031,3.32648860700759,-1.09644644001964,45.3607394926793,37.744495187942,50.7840909173774,38.8409416279616,51.880537357397,1,1,0,1,106.703505992889,107.157387971878,1
485,"rf",41.1962182564051,-8.80378174359488,3.9689183168883,-1.27776474328491,42.47398299969,33.4172812977227,48.9751552150875,34.6950460410076,50.2529199583724,0,1,1,1,109.683819055557,110.231380939484,1
486,"rf",48.6195593218335,-1.3804406781665,3.79550482590887,-1.20889354703493,49.8284528688684,41.1805065599042,56.0586120837628,42.3894001069391,57.2675056307978,1,1,0,1,73.6193330287933,73.9294219017029,1
487,"rf",48.405206787257,-1.59479321274297,3.97130802111118,-2.42736729980513,50.8325740870622,40.6215860943641,56.18882748015,43.0489533941692,58.6161947799551,1,1,0,1,110.524519920349,111.019632101059,1
488,"rf",46.8571348392585,-3.14286516074153,4.01579825376411,-0.576983264346929,47.4341181036054,38.986314892702,54.727954785815,39.5632981570489,55.3049380501619,1,1,0,1,103.828006029129,104.267151832581,1
489,"rf",44.3835660979964,-5.61643390200358,3.47690947453547,0.453588374703664,43.9299777232928,37.5689487504008,51.198183445592,37.1153603756972,50.7445950708884,1,1,0,1,110.038616895676,110.43784403801,1
490,"rf",48.7397778290029,-1.26022217099709,3.34184868646963,-1.61516494941512,50.354942778418,42.18987476174,55.2896808962659,43.8050397111551,56.904845845681,1,1,0,1,112.374232053757,112.853970050812,1
491,"rf",46.0667480052125,-3.93325199478751,3.16245726308386,0.569734574361782,45.4970134308507,39.868445666921,52.265050343504,39.2987110925592,51.6953157691422,1,1,0,1,103.565199136734,103.997552156448,1
492,"rf",46.0133277389499,-3.98667226105008,3.66421634797384,-2.06840538199782,48.0817331209477,38.8315956653583,53.1950598125415,40.9000010473561,55.2634651945394,1,1,0,1,105.753214120865,106.282365083694,1
493,"rf",47.2252602479797,-2.77473975202029,3.78816801900334,-1.22654521154403,48.4518054595237,39.8005873633467,54.6499331326127,41.0271325748908,55.8764783441567,1,1,0,1,73.8990008831024,74.2177519798279,1
494,"rf",44.4287876007485,-5.57121239925153,3.84902172508537,1.05558095368644,43.373206647062,36.8848436438689,51.972731557628,35.8292626901825,50.9171506039416,1,1,0,1,104.960995197296,105.557790994644,1
495,"rf",50.9033633894793,0.903363389479253,3.57792165367976,-1.70705717437551,52.6104205638548,43.8907658087609,57.9159609701976,45.5978229831365,59.6230181445731,1,1,0,1,82.7292499542236,83.1506359577179,1
496,"rf",45.143212180676,-4.85678781932399,3.58168000291348,-1.10694695807559,46.2501591387516,38.1232483708183,52.1631759905338,39.2301953288939,53.2701229486093,1,1,0,1,94.0165259838104,94.536034822464,1
497,"rf",44.9161070721473,-5.08389292785269,3.53127083129024,-0.301100345911223,45.2172074180585,37.9949434231616,51.837270721133,38.2960437690729,52.1383710670442,1,1,0,1,72.2456290721893,72.5554189682007,1
498,"rf",44.2777142034123,-5.72228579658766,4.05291986355862,-2.26635746038409,46.5440716637964,36.3341372386104,52.2212911682142,38.6004946989945,54.4876486285983,1,1,0,1,91.2208321094513,91.7435789108276,1
499,"rf",48.2946700577028,-1.70532994229725,3.61546751696913,-0.186804124515433,48.4814741822182,41.2084839371688,55.3808561782367,41.3952880616842,55.5676603027521,1,1,0,1,76.2923531532288,76.661337852478,1
500,"rf",51.0100725441937,1.01007254419373,3.61061239201824,-1.14424437780536,52.1543169219991,43.933402293704,58.0867427946835,45.0776466715093,59.2309871724888,1,1,0,1,92.1463749408722,92.6006569862366,1
