"replicate","Estimator","estimate","bias","bootstrap_se","bootstrap_bias","bc_estimate","ci_lower","ci_upper","bc_ci_lower","bc_ci_upper","covered_true_95","covered_true_95_bc","reject_h0_effect","reject_h0_null","bootstrap_time_sec","replicate_time_sec","covered_mc_mean_95"
1,"super",43.0214430129284,-6.97855698707156,3.38586721524992,-3.00626931274308,46.0277123256715,36.3852652146037,49.6576208112532,39.3915345273467,52.6638901239963,0,1,1,1,1549.64964008331,1556.00215291977,1
2,"super",42.8160163573266,-7.18398364267338,3.39934366084056,-3.78614664705421,46.6021630043808,36.1534252110046,49.4786075036487,39.9395718580588,53.2647541507029,0,1,1,1,1538.16380381584,1544.27760505676,1
3,"super",46.2674537179402,-3.73254628205983,3.68937536729701,-1.22667462342184,47.494128341362,39.0364108725888,53.4984965632915,40.2630854960106,54.7251711867134,1,1,0,1,1526.09984993935,1531.9131398201,1
4,"super",46.209625370219,-3.79037462978103,3.40565111518165,-1.34750085075973,47.5571262209787,39.5346718405543,52.8845788998837,40.882172691314,54.2320797506434,1,1,0,1,1534.55341005325,1540.61805105209,1
5,"super",46.7891591655865,-3.21084083441352,3.20200853258172,-1.27353329757122,48.0626924631577,40.5133377635364,53.0649805676366,41.7868710611076,54.3385138652078,1,1,0,1,1530.50663399696,1536.63818693161,1
6,"super",52.4178228608171,2.41782286081706,3.22584471626607,-3.67188477607851,56.0897076368956,46.0952833972167,58.7403623244174,49.7671681732952,62.4122471004959,1,1,0,1,1531.91094708443,1538.31825017929,1
7,"super",47.8484799763342,-2.1515200236658,3.74687876217887,-1.82416914002087,49.6726491163551,40.5047325480256,55.1922274046428,42.3289016880465,57.0163965446637,1,1,0,1,1597.32347607613,1603.75551319122,1
8,"super",53.089348205268,3.08934820526803,3.56556947112467,-2.25943006939413,55.3487782746622,46.1009604574881,60.0777359530479,48.3603905268823,62.337166022442,1,1,0,1,1538.55229687691,1544.88822197914,1
9,"super",44.3613837560953,-5.63861624390471,3.1566426482893,-2.28045726361041,46.6418410197057,38.1744778533851,50.5482896588055,40.4549351169955,52.8287469224159,1,1,0,1,1534.62973284721,1540.99004411697,1
10,"super",50.0059027762071,0.0059027762070869,3.793259182767,-3.14621684944291,53.15211962565,42.5712513939579,57.4405541584563,45.7174682434008,60.5867710078992,1,1,0,1,1539.44850921631,1545.58670306206,1
11,"super",40.8983156265014,-9.10168437349859,3.54711786489629,-2.31476860423987,43.2130842307413,33.9460923623861,47.8505388906167,36.2608609666259,50.1653074948566,0,1,1,1,1593.78408312798,1599.86181282997,0
12,"super",48.1823544370204,-1.81764556297963,3.46572816473778,-2.25503626687814,50.4373907038985,41.3896520539282,54.9750568201125,43.6446883208064,57.2300930869907,1,1,0,1,1650.57700490952,1657.31929707527,1
13,"super",47.6314502810444,-2.36854971895557,3.51425471423028,-1.80830001970779,49.4397503007522,40.743637608653,54.5192629534359,42.5519376283608,56.3275629731437,1,1,0,1,1644.72147321701,1651.38044786453,1
14,"super",50.9296001260714,0.929600126071371,3.18561371194072,-3.30262625395688,54.2322263800283,44.6859119820106,57.1732882701321,47.9885382359675,60.475914524089,1,1,0,1,1644.87550997734,1651.82810211182,1
15,"super",45.5306159510408,-4.46938404895918,3.77085270179705,-2.86473913401387,48.3953550850547,38.139880464513,52.9213514375686,41.0046195985269,55.7860905715825,1,1,0,1,1644.21984910965,1650.85667800903,1
16,"super",54.9937642326216,4.99376423262163,3.85510004854621,-3.9200336220527,58.9137978546743,47.4379069806724,62.5496214845708,51.3579406027251,66.4696551066235,1,0,0,1,1650.52703285217,1657.04540801048,1
17,"super",49.2397331951831,-0.760266804816922,4.38911168828405,-2.45176796603911,51.6915011612222,40.6372323620225,57.8422340283436,43.0890003280617,60.2940019943827,1,1,0,1,1638.81916713715,1645.66388487816,1
18,"super",47.3121430623869,-2.68785693761309,3.47925028337284,-1.42780146751689,48.7399445299038,40.4929378137754,54.1313483109984,41.9207392812923,55.5591497785153,1,1,0,1,1651.93491196632,1658.7905819416,1
19,"super",52.6966127118098,2.69661271180983,3.76932665243244,-3.96568491789409,56.6622976297039,45.3088682270753,60.0843571965443,49.2745531449694,64.0500421144384,1,1,0,1,1650.68581295013,1657.93956494331,1
20,"super",43.033415965402,-6.96658403459802,3.50838552459809,-1.7910267485356,44.8244427139376,36.1571066933081,49.9097252374959,37.9481334418437,51.7007519860315,0,1,1,1,1638.64724397659,1645.47432899475,1
21,"super",46.3515593471951,-3.64844065280494,2.95118259263184,-1.60433878780849,47.9558981350036,40.5673477538351,52.135770940555,42.1716865416436,53.7401097283635,1,1,0,1,1644.66239118576,1651.54536604881,1
22,"super",45.1191909255248,-4.88080907447517,3.2934417352057,-2.33050491682656,47.4496958423514,38.6641637393406,51.5742181117091,40.9946686561671,53.9047230285357,1,1,0,1,1652.43527889252,1659.06139397621,1
23,"super",48.5597308327061,-1.44026916729387,2.99592120103855,-3.13550726586558,51.6952380985717,42.6878331781506,54.4316284872617,45.8233404440162,57.5671357531272,1,1,0,1,1632.52115297318,1639.9191031456,1
24,"super",46.985710327238,-3.01428967276202,3.92984106078438,-1.88091642541505,48.866626752653,39.2833633831339,54.688057271342,41.164279808549,56.5689736967571,1,1,0,1,1622.88026285172,1629.81404089928,1
25,"super",44.1139863476377,-5.88601365236226,3.68547299277952,-1.60519827313423,45.719184620772,36.8905920157948,51.3373806794807,38.4957902889291,52.9425789526149,1,1,0,1,1630.52420115471,1637.39752006531,1
26,"super",46.387364479059,-3.61263552094096,3.54284867295631,-1.81732450599169,48.2046889850507,39.4435086773891,53.3312202807289,41.2608331833808,55.1485447867206,1,1,0,1,1630.03322887421,1637.03541111946,1
27,"super",44.5626554443505,-5.43734455564945,3.12804843153782,-0.300976080598332,44.8636315249489,38.4317931766394,50.6935177120617,38.7327692572377,50.99449379266,1,1,0,1,1631.11407518387,1638.05604195595,1
28,"super",54.2847015740868,4.28470157408676,3.72143094559817,-2.76226173378613,57.0469633078729,46.9908309497615,61.578572198412,49.7530926835476,64.3408339321981,1,1,0,1,1631.20181488991,1638.18046808243,1
29,"super",53.4922789612283,3.49227896122827,3.93393424422737,-1.79909756132851,55.2913765225568,45.7819095249938,61.2026483974627,47.5810070863223,63.0017459587912,1,1,0,1,1628.89037704468,1635.66276192665,1
30,"super",44.6413414513773,-5.35865854862272,3.11334077459332,-2.00016289974072,46.641504351118,38.5393056615743,50.7433772411802,40.5394685613151,52.743540140921,1,1,0,1,1629.87320685387,1636.79618906975,1
31,"super",52.5127941278168,2.51279412781678,3.74435239639254,-2.35370752592932,54.8665016537461,45.1739982854612,59.8515899701724,47.5277058113905,62.2052974961017,1,1,0,1,1634.66045498848,1641.49057197571,1
32,"super",51.1069855113216,1.10698551132158,3.31247332289931,-1.26470935542663,52.3716948667482,44.6146570986892,57.5993139239539,45.8793664541158,58.8640232793806,1,1,0,1,1638.56815004349,1645.56795477867,1
33,"super",50.0112252552296,0.0112252552296255,3.63145495829684,-2.97127601478512,52.9825012700147,42.8937043254884,57.1287461849708,45.8649803402735,60.100022199756,1,1,0,1,1625.30137085915,1632.33178710938,1
34,"super",48.3778559738154,-1.62214402618456,3.72590418772718,-3.21726710269946,51.5951230765149,41.0752179560232,55.6804939916077,44.2924850587227,58.8977610943071,1,1,0,1,1654.02598786354,1661.05982398987,1
35,"super",50.1195684499391,0.119568449939138,3.62608356296926,-1.48431200017018,51.6038804501093,43.0125752615867,57.2265616382916,44.4968872617569,58.7108736384617,1,1,0,1,1643.59197306633,1650.22428798676,1
36,"super",48.1882717729054,-1.81172822709456,3.96185451270796,-3.4025732180947,51.5908449910001,40.4231796160104,55.9533639298005,43.8257528341051,59.3559371478952,1,1,0,1,1642.25776982307,1649.04066610336,1
37,"super",52.6189061474006,2.61890614740061,3.73335623020412,-1.34567212618538,53.964578273586,45.3016623947423,59.9361499000589,46.6473345209277,61.2818220262443,1,1,0,1,1637.25771093369,1643.96878790855,1
38,"super",45.3379479400332,-4.66205205996683,3.93266619148629,-3.53517275122616,48.8731206912593,37.6300638415018,53.0458320385646,41.1652365927279,56.5810047897908,1,1,0,1,1642.28862905502,1649.20501208305,1
39,"super",50.5143174643791,0.514317464379097,3.83248277948854,-1.7064743214527,52.2207917858318,43.0027892452116,58.0258456835466,44.7092635666643,59.7323200049993,1,1,0,1,1638.44227695465,1645.05330705643,1
40,"super",45.9805230036161,-4.01947699638387,3.07546115451426,-0.676591535564178,46.6571145391803,39.9527299049162,52.008316102316,40.6293214404804,52.6849076378802,1,1,0,1,1640.99387788773,1647.94013595581,1
41,"super",52.5975776330631,2.59757763306308,3.08818045802737,-3.85775463365344,56.4553322667165,46.544855157569,58.6503001085571,50.4026097912225,62.5080547422106,1,0,0,1,1639.42942690849,1646.31620788574,1
42,"super",47.6315441479283,-2.3684558520717,3.93500248732204,-2.04425174359682,49.6757958915251,39.9190809937016,55.344007302155,41.9633327372984,57.3882590457519,1,1,0,1,1647.9505507946,1654.81876111031,1
43,"super",53.1609927886822,3.16099278868215,3.44984050437433,-1.70939411789657,54.8703869065787,46.399429647701,59.9225559296633,48.1088237655975,61.6319500475599,1,1,0,1,1643.25506019592,1650.30932092667,1
44,"super",52.2118642750051,2.21186427500507,3.70201329976817,-3.95271750048403,56.1645817754891,44.9560515371712,59.467677012839,48.9087690376552,63.420394513323,1,1,0,1,1640.74184918404,1647.84634208679,1
45,"super",48.034865774961,-1.96513422503902,3.44931297479534,-2.21271145355198,50.247577228513,41.2743365729554,54.7953949769666,43.4870480265074,57.0081064305186,1,1,0,1,1647.54023194313,1654.51724004745,1
46,"super",47.0458919014862,-2.9541080985138,3.40044144429769,-2.67703667712593,49.7229285786121,40.3811491391254,53.710634663847,43.0581858162513,56.387671340973,1,1,0,1,1655.60332393646,1662.5751619339,1
47,"super",43.8906512413366,-6.10934875866337,3.72421888871494,-3.46835996994702,47.3590112112837,36.5913163489116,51.1899861337617,40.0596763188586,54.6583461037087,1,1,0,1,1649.60701608658,1656.5611550808,1
48,"super",46.8319566770704,-3.16804332292957,3.39936458371306,-2.43196117667581,49.2639178537462,40.1693245226719,53.494588831469,42.6012856993477,55.9265500081448,1,1,0,1,1652.68415904045,1659.67680311203,1
49,"super",54.541002124685,4.54100212468504,3.46521638563796,-2.36940252698579,56.9104046516708,47.7493028101966,61.3327014391735,50.1187053371824,63.7021039661593,1,0,0,1,1653.10932898521,1660.17700386047,1
50,"super",52.5635352672858,2.56353526728578,3.19727972603577,-2.09647779213604,54.6600130594218,46.2969821557556,58.830088378816,48.3934599478916,60.926566170952,1,1,0,1,1657.76074886322,1664.76591801643,1
51,"super",48.2935459837321,-1.70645401626786,3.59421056418411,-3.45986733941041,51.7534133231425,41.2490227250779,55.3380692423864,44.7088900644883,58.7979365817968,1,1,0,1,1645.63655900955,1652.74390697479,1
52,"super",50.4554094278884,0.455409427888412,3.86609014729148,-3.71122575770292,54.1666351855913,42.878011978212,58.0328068775649,46.5892377359149,61.7440326352678,1,1,0,1,1649.09524512291,1655.96974802017,1
53,"super",46.8302131332006,-3.16978686679939,3.54424285050943,-2.83250190871572,49.6627150419163,39.8836247937386,53.7768014726627,42.7161267024543,56.6093033813784,1,1,0,1,1649.74505591393,1656.47378492355,1
54,"super",44.6791937820445,-5.32080621795552,3.66889999794889,-3.44820693852157,48.127400720566,37.4882819231856,51.8701056409034,40.9364888617072,55.318312579425,1,1,0,1,1650.8795311451,1658.006939888,1
55,"super",45.0004979930054,-4.99950200699462,3.68237741808193,-3.64133792100829,48.6418359140137,37.7831708760812,52.2178251099295,41.4245087970895,55.8591630309378,1,1,0,1,1651.7977950573,1658.58703994751,1
56,"super",44.9991888508691,-5.00081114913095,3.34653626324807,-3.14535854605241,48.1445473969215,38.4400983019456,51.5582793997925,41.585456847998,54.7036379458449,1,1,0,1,1651.32503700256,1658.47411394119,1
57,"super",54.5849576063473,4.58495760634732,3.84295830764716,-2.68423165185119,57.2691892581985,47.0528977292699,62.1170174834247,49.7371293811211,64.8012491352759,1,1,0,1,1649.64825201035,1656.68278408051,1
58,"super",50.5599203980513,0.559920398051311,3.14269902785539,-2.78934523537276,53.3492656334241,44.4003434892057,56.7194973068969,47.1896887245785,59.5088425422697,1,1,0,1,1647.22297382355,1654.14402318001,1
59,"super",51.853033514373,1.85303351437302,3.19253880364209,-2.55748371452513,54.4105172288982,45.5957724399879,58.1102945887581,48.1532561545131,60.6677783032832,1,1,0,1,1646.14234995842,1653.10384392738,1
60,"super",49.9438037417066,-0.0561962582934257,3.66579586061921,-2.61106939291093,52.5548731346175,42.7589758802169,57.1286316031962,45.3700452731278,59.7397009961072,1,1,0,1,1647.91089200974,1654.77397704124,1
61,"super",53.1721776788634,3.17217767886338,3.3908327877991,-2.10764243400833,55.2798201128717,46.5262675371796,59.8180878205472,48.6339099711879,61.9257302545555,1,1,0,1,1643.14498901367,1650.06263017654,1
62,"super",54.1605061511152,4.16050615111521,3.77743974635235,-3.08187926687945,57.2423854179947,46.7568602944945,61.5641520077359,49.8387395613739,64.6460312746154,1,1,0,1,1648.69405603409,1655.51487612724,1
63,"super",48.7684661768277,-1.2315338231723,3.40238495658121,-1.66733507906397,50.4358012558917,42.0999142003876,55.4370181532678,43.7672492794516,57.1043532323317,1,1,0,1,1641.32198405266,1648.18659305573,1
64,"super",48.9217328290933,-1.07826717090668,3.31696672603288,-2.25460038619264,51.176333215286,42.4205975081511,55.4228681500355,44.6751978943438,57.6774685362281,1,1,0,1,1645.38920593262,1652.42262387276,1
65,"super",53.4434208715823,3.44342087158229,3.50510159761522,-2.89695815529367,56.340379026876,46.5735479781027,60.3132937650619,49.4705061333963,63.2102519203556,1,1,0,1,1643.50714707375,1650.22830295563,1
66,"super",43.7428266095749,-6.25717339042513,3.70441996771857,-2.87005019480576,46.6128768043806,36.4822968892354,51.0033563299143,39.3523470840412,53.8734065247201,1,1,0,1,1648.82506895065,1655.69525504112,1
67,"super",45.9042677553314,-4.0957322446686,3.73682573258732,-1.96677633922095,47.8710440945523,38.5802239029577,53.228311607705,40.5470002421787,55.195087946926,1,1,0,1,1654.59505820274,1661.4835588932,1
68,"super",44.1942603380686,-5.80573966193145,3.44874066002647,-3.08403379583961,47.2782941339082,37.4348528523978,50.9536678237393,40.5188866482374,54.0377016195789,1,1,0,1,1653.30877590179,1660.36317586899,1
69,"super",46.571718405971,-3.428281594029,3.43849033682748,-3.40780297348947,49.9795213794605,39.8324011846002,53.3110356273419,43.2402041580896,56.7188386008313,1,1,0,1,1651.48922801018,1658.75232720375,1
70,"super",49.0625962954305,-0.937403704569519,3.25625774936817,-2.83311412831739,51.8957104237479,42.6804483822894,55.4447442085715,45.5135625106068,58.2778583368889,1,1,0,1,1650.4521958828,1657.42590904236,1
71,"super",45.8053761284284,-4.19462387157158,3.57764388469989,-3.25133755133236,49.0567136797608,38.7933229649067,52.8174292919502,42.044660516239,56.0687668432825,1,1,0,1,1654.42362117767,1661.61378908157,1
72,"super",45.6922541758248,-4.30774582417524,3.54886325400084,-2.80978807742641,48.5020422532512,38.7366100119255,52.647898339724,41.5463980893519,55.4576864171504,1,1,0,1,1650.07907700539,1656.8855137825,1
73,"super",47.9363998631662,-2.06360013683378,3.29741837016403,-2.69555345874087,50.6319533219071,41.473578615684,54.3992211106485,44.1691320744248,57.0947745693894,1,1,0,1,1650.34635305405,1657.36538982391,1
74,"super",43.4306807576087,-6.5693192423913,3.2907229608803,-1.18582819571993,44.6165089533286,36.9809822711843,49.8803792440331,38.1668104669042,51.066207439753,0,1,1,1,1653.79887008667,1660.97122216225,1
75,"super",53.5137904008544,3.51379040085442,3.74468204956259,-3.11488197026374,56.6286723711182,46.1743484501581,60.8532323515507,49.2892304204218,63.9681143218145,1,1,0,1,1651.15194201469,1658.08452892303,1
76,"super",48.3361630037388,-1.66383699626119,3.53046297151061,-1.93741378995313,50.2735767936919,41.4165827308258,55.2557432766519,43.3539965207789,57.193157066605,1,1,0,1,1643.67372894287,1650.57451105118,1
77,"super",52.8708667615879,2.87086676158794,3.4640022982755,-2.31041923645768,55.1812859980456,46.081547014604,59.6601865085719,48.3919662510617,61.9706057450296,1,1,0,1,1650.1077041626,1656.95910215378,1
78,"super",51.3040780653303,1.30407806533032,3.54132644563339,-1.99879224308318,53.3028703084135,44.3632057743896,58.244950356271,46.3619980174728,60.2437425993542,1,1,0,1,1713.18398594856,1720.37886118889,1
79,"super",51.9390137300703,1.93901373007032,3.65691588139579,-4.53801978074216,56.4770335108125,44.771590308042,59.1064371520986,49.3096100887842,63.6444569328408,1,1,0,1,1700.05519199371,1707.09674811363,1
80,"super",50.2320283902269,0.23202839022693,3.57482679442512,-2.96849868481216,53.2005270750391,43.2254966221849,57.238560158269,46.1939953069971,60.2070588430811,1,1,0,1,1701.9787311554,1708.99111890793,1
81,"super",45.962761643955,-4.03723835604505,3.42550927306363,-2.27754491587698,48.2403065598319,39.2488868400423,52.6766364478676,41.5264317559192,54.9541813637446,1,1,0,1,1699.56413912773,1706.62725806236,1
82,"super",50.7771968636486,0.777196863648633,3.19603069004052,-3.02997800057918,53.8071748642278,44.5130918176845,57.0413019096127,47.5430698182637,60.0712799101919,1,1,0,1,1706.51471304893,1713.4468100071,1
83,"super",42.5190638276696,-7.48093617233037,3.55706006613395,-1.70776472476621,44.2268285524358,35.5473542072014,49.4907734481378,37.2551189319676,51.198538172904,0,1,1,1,1710.28787088394,1717.4654238224,1
84,"super",50.8366021321269,0.836602132126878,3.09006489825904,-2.51258219836587,53.3491843304927,44.7801862216477,56.893018042606,47.2927684200136,59.4056002409719,1,1,0,1,1708.56257009506,1715.93735003471,1
85,"super",53.5165859502849,3.51658595028488,3.62220901627258,-2.52504163477252,56.0416275850574,46.4171867339144,60.6159851666554,48.9422283686869,63.1410268014279,1,1,0,1,1705.9853451252,1713.22881889343,1
86,"super",42.1253529716908,-7.87464702830925,3.53851853025458,-3.76941014059079,45.8947631122815,35.1899840937642,49.0607218496173,38.959394234355,52.8301319902081,0,1,1,1,1702.11492586136,1708.94159507751,1
87,"super",55.96661877352,5.96661877351999,3.40855942972353,-2.86249896468974,58.8291177382097,49.2859650520975,62.6472724949425,52.1484640167872,65.5097714596322,1,0,0,1,1702.96457099915,1710.04534006119,0
88,"super",47.8015696241809,-2.19843037581906,3.23414028410412,-3.57222321410216,51.3737928382831,41.4627711463867,54.1403681019752,45.0349943604889,57.7125913160773,1,1,0,1,1705.91497302055,1713.11149692535,1
89,"super",54.4855421542471,4.48554215424709,3.65081897516426,-1.31424427984872,55.7997864340958,47.3300684488497,61.6410158596445,48.6443127286984,62.9552601394932,1,1,0,1,1677.50795507431,1684.57364296913,1
90,"super",47.9451320686345,-2.05486793136546,3.43240241866008,-2.44533236037951,50.390464429014,41.2177469476126,54.6725171896565,43.6630793079921,57.117849550036,1,1,0,1,1669.10477089882,1676.19355297089,1
91,"super",49.6868277542193,-0.313172245780727,3.57845922936123,-2.14517655472613,51.8320043089454,42.6731765445263,56.7004789639122,44.8183530992524,58.8456555186384,1,1,0,1,1671.34263300896,1678.53937482834,1
92,"super",44.677874324956,-5.32212567504401,3.35362244249903,-1.70073032811751,46.3786046530735,38.1048951199126,51.2508535299993,39.8056254480302,52.9515838581168,1,1,0,1,1674.0441160202,1681.28642082214,1
93,"super",50.5996394819782,0.59963948197823,3.54088567064278,-3.70003651364093,54.2996759956192,43.6596310941444,57.539647869812,47.3596676077853,61.239684383453,1,1,0,1,1670.6309709549,1677.95249009132,1
94,"super",55.43869344472,5.43869344472003,3.3598155731437,-3.31371108279042,58.7524045275104,48.8535759266616,62.0238109627785,52.167287009452,65.3375220455689,1,0,0,1,1682.74362492561,1689.86131310463,0
95,"super",49.163996543263,-0.836003456737018,3.5711861818089,-2.71243876904457,51.8764353123075,42.1646002448304,56.1633928416955,44.877039013875,58.8758316107401,1,1,0,1,1677.98514413834,1685.11936116219,1
96,"super",50.5837200636546,0.583720063654638,3.41199379538497,-2.10780990148938,52.691529965144,43.896335109226,57.2711050180833,46.0041450107153,59.3789149195727,1,1,0,1,1670.28109502792,1677.42498803139,1
97,"super",48.234648544977,-1.76535145502304,3.66118519681868,-2.21351587358903,50.448164418566,41.0588574184811,55.4104396714728,43.2723732920702,57.6239555450618,1,1,0,1,1667.78844594955,1674.8806989193,1
98,"super",53.302261905148,3.30226190514805,3.9920828831085,-2.87031646610219,56.1725783712502,45.4779232309566,61.1266005793395,48.3482396970588,63.9969170454417,1,1,0,1,1676.24872398376,1683.61733412743,1
99,"super",51.0426412225527,1.04264122255265,3.46107896914136,-3.33381006273975,54.3764512852924,44.2590510953866,57.8262313497187,47.5928611581263,61.1600414124585,1,1,0,1,1672.23227190971,1679.33450102806,1
100,"super",42.5750549908222,-7.42494500917783,3.75190105829747,-2.04944635364985,44.624501344472,35.2214640430014,49.9286459386429,37.2709103966513,51.9780922922928,0,1,1,1,1664.65856480598,1671.63218903542,1
101,"super",46.634112487197,-3.36588751280295,3.67543462815145,-2.4775652673396,49.1116777545367,39.4303929884888,53.8378319859053,41.9079582558284,56.3153972532449,1,1,0,1,1660.94660496712,1667.79022598267,1
102,"super",46.4724049728836,-3.52759502711636,3.68830864582954,-2.26911763081038,48.741522603694,39.24345286319,53.7013570825772,41.5125704940004,55.9704747133876,1,1,0,1,1669.53364801407,1676.64661884308,1
103,"super",50.8194968926914,0.819496892691426,3.51492420895763,-4.74573568078034,55.5652325734718,43.9303720347465,57.7086217506363,48.6761077155269,62.4543574314167,1,1,0,1,1663.65260505676,1670.46631097794,1
104,"super",50.6973816880627,0.697381688062656,3.42719127641541,-2.91303829997233,53.610419988035,43.9802102181586,57.4145531579667,46.8932485181309,60.327591457939,1,1,0,1,1664.68437290192,1671.65414500237,1
105,"super",49.2950882170538,-0.704911782946226,3.18725742631108,-0.651627065361382,49.9467152824152,43.0481784520262,55.5419979820813,43.6998055173876,56.1936250474427,1,1,0,1,1664.51808285713,1671.57290697098,1
106,"super",48.8521625346333,-1.1478374653667,3.80960144075368,-2.92748247606557,51.7796450106989,41.3854809153042,56.3188441539624,44.3129633913698,59.246326630028,1,1,0,1,1665.47718191147,1672.72046303749,1
107,"super",45.8812089348331,-4.11879106516685,3.75306614219137,-3.22034763006902,49.1015565649022,38.5253344645414,53.2370834051249,41.7456820946104,56.4574310351939,1,1,0,1,1659.20964694023,1666.06469202042,1
108,"super",52.5010481550855,2.50104815508546,3.46022772817264,-3.05216252525541,55.5532106803409,45.7191264295602,59.2829698806107,48.7712889548156,62.3351324058661,1,1,0,1,1662.84016489983,1669.98003005981,1
109,"super",46.1753931146084,-3.82460688539165,3.34116438198281,-2.07665446477503,48.2520475793834,39.626831259494,52.7239549697227,41.703485724269,54.8006094344977,1,1,0,1,1664.92314291,1671.8414478302,1
110,"super",45.6604158997734,-4.33958410022655,3.3551665986172,-3.05225565442748,48.7126715542009,39.084410204352,52.2364215951949,42.1366658587795,55.2886772496224,1,1,0,1,1666.25356698036,1673.18219900131,1
111,"super",47.0582123636583,-2.94178763634167,3.84035809206431,-2.86835169081333,49.9265640544717,39.5312488154753,54.5851759118413,42.3996005062887,57.4535276026547,1,1,0,1,1673.97040700912,1681.17009496689,1
112,"super",48.9624457483993,-1.03755425160067,3.53975325235733,-2.29695364225787,51.2593993906572,42.0246568596204,55.9002346371782,44.3216105018783,58.1971882794361,1,1,0,1,1682.70475101471,1689.75606298447,1
113,"super",49.2850591761192,-0.71494082388076,3.55794237727802,-3.04225348781434,52.3273126639336,42.3116202575855,56.258498094653,45.3538737453998,59.3007515824673,1,1,0,1,1679.06756687164,1686.03260707855,1
114,"super",51.7499215523712,1.74992155237122,3.61479837224792,-0.967082951845484,52.7170045042167,44.6650469313913,58.8347961733512,45.6321298832368,59.8018791251966,1,1,0,1,1681.40110898018,1688.16026592255,1
115,"super",49.8955411154585,-0.104458884541465,3.37830407399359,-2.07275594292258,51.9682970583811,43.2741868016062,56.5168954293109,45.3469427445287,58.5896513722335,1,1,0,1,1669.81109404564,1677.00479578972,1
116,"super",52.4319564745627,2.43195647456269,3.97803650145947,-2.39154339772379,54.8234998722865,44.6351482025164,60.228764746609,47.0266916002402,62.6203081443327,1,1,0,1,1678.61317205429,1685.70586705208,1
117,"super",40.320099839026,-9.67990016097402,3.30101100316177,-2.76893573583121,43.0890355748572,33.8502371602585,46.7899625177935,36.6191728960897,49.5588982536247,0,0,1,1,1674.79361605644,1681.93540287018,0
118,"super",45.2034986236996,-4.7965013763004,3.9013953831679,-3.94245429905128,49.1459529227509,37.5569041832397,52.8500930641595,41.4993584822909,56.7925473632108,1,1,0,1,1677.26610398293,1684.11348795891,1
119,"super",55.4727620562512,5.4727620562512,3.49542347333254,-1.57907646365887,57.0518385199101,48.6218579378035,62.3236661746989,50.2009344014624,63.9027426383578,1,0,0,1,1683.18406891823,1690.24677801132,1
120,"super",52.479618674233,2.47961867423297,3.72222447856138,-2.18101041775871,54.6606290919917,45.1841927538793,59.7750445945867,47.365203171638,61.9560550123454,1,1,0,1,1679.87415409088,1687.27889990807,1
121,"super",49.0671310939527,-0.932868906047261,3.48178806369837,-2.29821845059639,51.3653495445491,42.2429518873025,55.891310300603,44.5411703378989,58.1895287511994,1,1,0,1,1672.54548788071,1679.91427087784,1
122,"super",48.5272084165944,-1.47279158340561,3.89059401436058,-1.25601016569444,49.7832185822888,40.9017842699805,56.1526325632082,42.157794435675,57.4086427289027,1,1,0,1,1669.92917299271,1676.80368494987,1
123,"super",49.0040368600974,-0.995963139902557,3.24036839418881,-2.11290958239129,51.1169464424887,42.6530315108455,55.3550422093494,44.7659410932368,57.4679517917407,1,1,0,1,1672.20717597008,1679.54512405396,1
124,"super",45.679014393126,-4.32098560687395,3.36913892396935,-1.76971449441917,47.4487288875452,39.0756234432341,52.282405343018,40.8453379376533,54.0521198374372,1,1,0,1,1667.26450896263,1674.40571808815,1
125,"super",54.361555441689,4.36155544168903,3.28396895151341,-3.30466900407544,57.6662244457645,47.925094570375,60.7980163130031,51.2297635744504,64.1026853170785,1,0,0,1,1664.93590092659,1671.85457801819,1
126,"super",50.6981512408083,0.698151240808258,3.48195455625606,-3.0698732099932,53.7680244508015,43.8736457147412,57.5226567668753,46.9435189247344,60.5925299768685,1,1,0,1,1672.8071949482,1680.10188388824,1
127,"super",45.2577892068181,-4.74221079318185,3.48469821932683,-2.9844095443012,48.2421987511193,38.4279061999467,52.0876722136896,41.4123157442479,55.0720817579908,1,1,0,1,1672.82160210609,1679.91494488716,1
128,"super",46.7825843845592,-3.21741561544076,3.7779450564643,-2.6201201088711,49.4027044934303,39.3779481383181,54.1872206308004,41.9980682471892,56.8073407396715,1,1,0,1,1666.14348006248,1672.93978786469,1
129,"super",48.398406070308,-1.60159392969204,3.35911826503484,-2.78766331410763,51.1860693844156,41.814655251029,54.9821568895869,44.6023185651366,57.7698202036946,1,1,0,1,1667.99816298485,1675.02735996246,1
130,"super",53.6016934055416,3.60169340554161,3.43977243827065,-2.78848668523455,56.3901800907762,46.8598633115176,60.3435234995656,49.6483499967522,63.1320101848002,1,1,0,1,1674.56099796295,1682.00519800186,1
131,"super",50.5140585997607,0.514058599760702,3.63624358338897,-2.3803692129272,52.8944278126879,43.3871521373034,57.640965062218,45.7675213502307,60.0213342751452,1,1,0,1,1673.23824691772,1680.51073002815,1
132,"super",49.4525767254691,-0.547423274530921,3.5231811080152,-3.73482423256554,53.1874009580346,42.5472686427474,56.3578848081908,46.2820928753129,60.0927090407563,1,1,0,1,1667.78372693062,1674.92043280602,1
133,"super",49.4551415707161,-0.544858429283927,3.41429592912569,-2.70676943760445,52.1619110083205,42.763244517068,56.1470386243641,45.4700139546725,58.8538080619686,1,1,0,1,1646.44886684418,1652.86443901062,1
134,"super",45.7207456691813,-4.27925433081872,3.60955616791161,-2.50138225249756,48.2221279216788,38.6461455799001,52.7953457584624,41.1475278323977,55.29672801096,1,1,0,1,1643.05242395401,1649.57867407799,1
135,"super",47.5344633793453,-2.46553662065469,3.65461662601667,-1.23581031480562,48.7702736941509,40.3715464150514,54.6973803436393,41.607356729857,55.9331906584449,1,1,0,1,1644.4686820507,1650.80496406555,1
136,"super",51.2842119725045,1.28421197250448,3.49332058769394,-1.86076760079764,53.1449795733021,44.4374294341721,58.1309945108369,46.2981970349697,59.9917621116345,1,1,0,1,1643.08750009537,1649.65334200859,1
137,"super",45.7292541113329,-4.27074588866707,3.3159640532688,-2.90488776183239,48.6341418731653,39.2300839928966,52.2284242297692,42.134971754729,55.1333119916016,1,1,0,1,1641.75773978233,1648.29034304619,1
138,"super",49.5627907918406,-0.437209208159402,3.62570758508804,-1.45837881763428,51.0211696094749,42.4565345065943,56.6690470770869,43.9149133242286,58.1274258947211,1,1,0,1,1643.20603394508,1650.10152196884,1
139,"super",49.475558639275,-0.524441360725028,3.2003605414046,-2.50039981526751,51.9759584545425,43.2029672405788,55.7481500379711,45.7033670558463,58.2485498532386,1,1,0,1,1650.94806003571,1657.49230694771,1
140,"super",42.1595784546481,-7.84042154535189,3.58126917835146,-2.07492326130418,44.2345017159523,35.1404198461359,49.1787370631603,37.2153431074401,51.2536603244645,0,1,1,1,1642.84300899506,1649.27489995956,1
141,"super",48.7316149456215,-1.2683850543785,3.73328171638186,-2.82487812278862,51.5564930684101,41.4145172373712,56.0487126538718,44.2393953601598,58.8735907766604,1,1,0,1,1642.40650582314,1649.15748906136,1
142,"super",47.3601500715453,-2.63984992845467,3.58353180156641,-2.97983720371528,50.3399872752606,40.3365568030212,54.3837433400694,43.3163940067365,57.3635805437847,1,1,0,1,1650.79880785942,1657.51348400116,1
143,"super",47.3644996981632,-2.63550030183685,3.22006114151422,-2.41254587542345,49.7770455735866,41.0532958327783,53.675703563548,43.4658417082018,56.0882494389714,1,1,0,1,1652.24890708923,1658.96392703056,1
144,"super",50.0467100609696,0.0467100609696445,3.44488104054902,-2.22938942829036,52.27609948926,43.2948672904687,56.7985528314706,45.5242567187591,59.0279422597609,1,1,0,1,1725.56730604172,1732.82141900063,1
145,"super",56.2686755867458,6.26867558674584,3.71980422289469,-2.53960842219988,58.8082840089457,48.9779932803322,63.5593578931594,51.5176017025321,66.0989663153593,1,0,0,1,1725.22014594078,1732.32685494423,0
146,"super",52.0446543409574,2.04465434095739,3.23902028176175,-2.03734309006019,54.0819974310176,45.6962912435096,58.3930174384052,47.7336343335698,60.4303605284654,1,1,0,1,1723.45412015915,1730.60617589951,1
147,"super",42.6591897108734,-7.34081028912657,3.3091060591428,-2.50040236792408,45.1595920787975,36.1734610139303,49.1449184078166,38.6738633818543,51.6453207757407,0,1,1,1,1724.12811207771,1731.19565296173,1
148,"super",55.7633319449704,5.76333194497044,3.69108589802915,-3.99170691223743,59.7550388572079,48.5289365209896,62.9977273689513,52.5206434332271,66.9894342811887,1,0,0,1,1721.20387196541,1728.20037603378,1
149,"super",49.6011671963075,-0.398832803692457,3.7923817320512,-5.1214262791544,54.7225934754619,42.1682355858596,57.0340988067555,47.289661865014,62.1555250859099,1,1,0,1,1724.27104997635,1731.36985898018,1
150,"super",50.9408872669264,0.940887266926424,3.54002728136198,-3.62214669247881,54.5630339594052,44.0025612911677,57.8792132426851,47.6247079836465,61.501359935164,1,1,0,1,1722.95052599907,1730.15657401085,1
151,"super",46.8375486509114,-3.16245134908865,3.43944205364248,-2.47141473571362,49.308963386625,40.0963660988596,53.5787312029631,42.5677808345732,56.0501459386767,1,1,0,1,1722.7357840538,1729.81017804146,1
152,"super",47.8046622860967,-2.19533771390327,3.20917675828274,-2.13468181512609,49.9393441012228,41.5147914198396,54.0945331523539,43.6494732349656,56.22921496748,1,1,0,1,1721.55439805984,1728.69237303734,1
153,"super",51.4159788240349,1.41597882403489,3.27317868573592,-1.59283621889547,53.0088150429304,45.0006664850283,57.8312911630414,46.5935027039238,59.4241273819369,1,1,0,1,1717.18619179726,1724.11447286606,1
154,"super",47.1473404014745,-2.85265959852549,3.37611539489017,-3.45243917120619,50.5997795726807,40.5302758198386,53.7644049831105,43.9827149910448,57.2168441543167,1,1,0,1,1713.85396504402,1720.7619240284,1
155,"super",50.0578668671843,0.0578668671842593,3.07784087261301,-2.71027272949776,52.768139596682,44.0254096067174,56.0903241276511,46.7356823362152,58.8005968571488,1,1,0,1,1734.23200201988,1741.59223484993,1
156,"super",55.7042649451034,5.70426494510343,3.73132946096724,-4.55534935436255,60.259614299466,48.3909935871544,63.0175363030525,52.9463429415169,67.572885657415,1,0,0,1,1730.78253889084,1738.2515361309,1
157,"super",48.612697419077,-1.38730258092297,3.64773625762856,-3.39061442858129,52.0033118476583,41.4632657290241,55.7621291091299,44.8538801576054,59.1527435377112,1,1,0,1,1730.48169207573,1737.84807801247,1
158,"super",45.6342766139588,-4.36572338604117,3.53438870043368,-1.66435688093878,47.2986334948976,38.7070020537435,52.5615511741742,40.3713589346823,54.2259080551129,1,1,0,1,1728.62146115303,1735.9075858593,1
159,"super",45.1004506719475,-4.89954932805245,3.57373537287879,-2.7254058092653,47.8258564812129,38.0960580508283,52.1048432930668,40.8214638600936,54.8302491023321,1,1,0,1,1731.92318606377,1739.2009871006,1
160,"super",44.438626061638,-5.56137393836201,3.49668941289824,-3.69809537347125,48.1367214351092,37.5852407472349,51.292011376041,41.2833361207062,54.9901067495123,1,1,0,1,1737.62855100632,1745.03820490837,1
161,"super",52.7615065415811,2.76150654158108,3.77195848394975,-2.83243056464902,55.5939371062301,45.3686037618593,60.1544093213029,48.2010343265083,62.9868398859519,1,1,0,1,1729.01992702484,1736.18525099754,1
162,"super",49.5910805787466,-0.408919421253444,3.62354412853108,-2.96966387183645,52.560744450583,42.4890645904341,56.693096567059,45.4587284622705,59.6627604388955,1,1,0,1,1732.6808681488,1740.03763604164,1
163,"super",49.8891644889428,-0.110835511057211,3.41237132062741,-2.39303370068124,52.282198189624,43.2010395986357,56.5772893792499,45.5940732993169,58.9703230799311,1,1,0,1,1730.61486005783,1738.11365795135,1
164,"super",54.8300464462376,4.83004644623761,3.67407848355237,-1.53471854613903,56.3647649923766,47.6289849421014,62.0311079503738,49.1637034882405,63.5658264965128,1,1,0,1,1728.42520999908,1735.62578105927,1
165,"super",59.8396606447513,9.83966064475134,3.90596562166774,-4.20697762032601,64.0466382650773,52.184108701431,67.4952125880717,56.391086321757,71.7021902083977,0,0,1,1,1729.85614204407,1737.50365114212,0
166,"super",46.2581768989256,-3.74182310107442,3.02250711587305,-2.90430845852632,49.1624853574519,40.3341718087984,52.1821819890528,43.2384802673247,55.0864904475791,1,1,0,1,1723.69567489624,1731.02417993546,1
167,"super",39.41020409625,-10.58979590375,3.43576362043567,-3.0344968231672,42.4447009194172,32.6762311408031,46.1441770516968,35.7107279639703,49.178673874864,0,0,1,1,1733.09630608559,1740.78808116913,0
168,"super",48.0726768621976,-1.92732313780242,3.22039878839236,-1.52002261989337,49.592699482091,41.7608112210921,54.384542503303,43.2808338409855,55.9045651231964,1,1,0,1,1733.38878893852,1741.27937293053,1
169,"super",52.0698242041525,2.06982420415247,3.44738524423268,-2.32505578276502,54.3948799869175,45.3130732846216,58.8265751236833,47.6381290673866,61.1516309064484,1,1,0,1,1739.2243719101,1746.79211091995,1
170,"super",40.2738097198135,-9.72619028018654,3.37493544434003,-1.83915262583591,42.1129623456494,33.6590577987593,46.8885616408676,35.4982104245952,48.7277142667035,0,0,1,1,1731.72494196892,1739.37614798546,0
171,"super",49.5467616443658,-0.453238355634156,3.7051830771102,-3.21897726912712,52.765738913493,42.2847362571026,56.8087870316291,45.5037135262297,60.0277643007563,1,1,0,1,1739.85390806198,1747.33599686623,1
172,"super",51.5059433658214,1.50594336582142,3.43729629639435,-2.06303726320232,53.5689806290237,44.7689664206956,58.2429203109472,46.8320036838979,60.3059575741496,1,1,0,1,1736.34746694565,1743.77647805214,1
173,"super",51.7252820189252,1.72528201892516,3.10932674681114,-0.536237647349225,52.2615196662744,45.6311135790082,57.8194504588421,46.1673512263575,58.3556881061913,1,1,0,1,1732.16353106499,1739.98213100433,1
174,"super",43.6831998781091,-6.31680012189085,3.48668851533104,-1.96331542629944,45.6465153044086,36.8494159627509,50.5169837934674,38.8127313890503,52.4802992197669,1,1,0,1,1733.79402804375,1741.17036390305,1
175,"super",50.1413120402519,0.141312040251854,3.99076980827425,-3.53032686757531,53.6716389078272,42.3195469454445,57.9630771350592,45.8498738130198,61.4934040026345,1,1,0,1,1729.42631292343,1737.03308606148,1
176,"super",52.8977897206559,2.89778972065588,3.44460793042105,-2.72438560780342,55.6221753284593,46.1464822361696,59.6490972051422,48.870867843973,62.3734828129456,1,1,0,1,1741.47305512428,1748.95517301559,1
177,"super",48.6814537048597,-1.31854629514029,3.58940674988745,-1.45863367749187,50.1400873823516,41.6463457492153,55.7165616605041,43.1049794267072,57.175195337996,1,1,0,1,1758.81120610237,1766.16449213028,1
178,"super",50.6595474966387,0.659547496638666,3.58096286541485,-2.82022660350444,53.4797741001431,43.6409892504502,57.6781057428271,46.4612158539546,60.4983323463316,1,1,0,1,1759.74205803871,1767.07225799561,1
179,"super",57.4702246733841,7.47022467338408,3.60279692930596,-3.63234408941829,61.1025687628024,50.4088724483329,64.5315768984353,54.0412165377512,68.1639209878535,0,0,1,1,1758.04595303535,1765.45035409927,0
180,"super",44.0000036618697,-5.99999633813033,3.24415378251103,-2.25814980409881,46.2581534659685,37.6415790878387,50.3584282359007,39.8997288919375,52.6165780399995,1,1,0,1,1752.75556182861,1760.3605260849,1
181,"super",44.2070748895485,-5.79292511045154,3.37533534467323,-2.46981523665944,46.6768901262079,37.5915391782438,50.8226106008531,40.0613544149033,53.2924258375125,1,1,0,1,1756.63153815269,1764.034334898,1
182,"super",46.9695677185197,-3.03043228148032,3.71476864152221,-2.98403643098904,49.9536041495087,39.6887549702374,54.250380466802,42.6727914012264,57.234416897791,1,1,0,1,1755.17035508156,1762.94281291962,1
183,"super",44.1587456601968,-5.84125433980315,3.29809203255033,-2.32093768455915,46.479683344756,37.6946040586997,50.622887261694,40.0155417432589,52.9438249462532,1,1,0,1,1760.07435894012,1767.6746571064,1
184,"super",47.0242723087639,-2.97572769123612,3.35831830666583,-2.01429836476284,49.0385706735267,40.4420893790773,53.6064552384505,42.4563877438402,55.6207536032133,1,1,0,1,1758.3619351387,1765.42501115799,1
185,"super",47.8521274094028,-2.14787259059723,3.3129553006999,-2.29243978381806,50.1445671932208,41.3588543376399,54.3454004811656,43.651294121458,56.6378402649837,1,1,0,1,1753.95334386826,1761.25987195969,1
186,"super",48.2972373469692,-1.70276265303079,3.71309801497852,-2.53537138648115,50.8326087334504,41.0196989665441,55.5747757273943,43.5550703530253,58.1101471138754,1,1,0,1,1756.72485399246,1763.80275297165,1
187,"super",52.0594211191053,2.05942111910526,3.4004614014329,-1.88854050106014,53.9479616201654,45.3946392414782,58.7242029967323,47.2831797425383,60.6127434977925,1,1,0,1,1761.17843985558,1768.71602606773,1
188,"super",49.3356220183233,-0.664377981676658,3.89380485061022,-3.42254877544428,52.7581707937676,41.7039047483,56.9673392883467,45.1264535237442,60.389888063791,1,1,0,1,1765.41546297073,1772.87679409981,1
189,"super",47.2710479264109,-2.72895207358909,3.64176073357394,-1.67678852382605,48.947836450237,40.1333280482938,54.408767804528,41.8101165721199,56.0855563283541,1,1,0,1,1769.72400307655,1777.84459209442,1
190,"super",44.7802380777352,-5.21976192226481,3.42131331108691,-3.02576465704215,47.8060027347773,38.0745872081774,51.485888947293,41.1003518652195,54.5116536043352,1,1,0,1,1769.87704992294,1777.74097681046,1
191,"super",46.3274606287885,-3.67253937121153,3.48973451223699,-1.60859699787215,47.9360576266606,39.4877066691975,53.1672145883794,41.0963036670697,54.7758115862516,1,1,0,1,1768.0595998764,1775.69636702538,1
192,"super",48.9485254777637,-1.05147452223632,3.46673955809435,-2.15852907958774,51.1070545573514,42.1538408001185,55.7432101554089,44.3123698797062,57.9017392349967,1,1,0,1,1765.17882204056,1772.9749519825,1
193,"super",48.2454387941229,-1.75456120587708,3.36204152804332,-2.65230077265397,50.8977395667769,41.65595848463,54.8349191036158,44.308259257284,57.4872198762698,1,1,0,1,1767.20126223564,1774.68978500366,1
194,"super",44.8086916407724,-5.19130835922762,3.10921448808643,-1.35508350502308,46.1637751457955,38.7147432239128,50.9026400576319,40.0698267289359,52.257723562655,1,1,0,1,1763.52227783203,1771.05085611343,1
195,"super",45.8099253364791,-4.19007466352085,3.61929470917613,-2.48454830335129,48.2944736398304,38.7162380570576,52.9036126159007,41.2007863604089,55.388160919252,1,1,0,1,1774.08824586868,1781.77810382843,1
196,"super",49.9597255870651,-0.0402744129348847,2.93889271307014,-2.07873094623455,52.0384565332997,44.1996017150204,55.7198494591098,46.278332661255,57.7985804053444,1,1,0,1,1767.62267780304,1775.3389081955,1
197,"super",50.9458587153248,0.945858715324817,3.72892034321621,-2.37224072721768,53.3180994425425,43.6373091414023,58.2544082892473,46.00954986862,60.626649016465,1,1,0,1,1770.90177106857,1778.57983613014,1
198,"super",47.1319630895145,-2.86803691048549,3.60825525164543,-1.1486660052219,48.2806290947364,40.059912749262,54.2040134297671,41.2085787544839,55.352679434989,1,1,0,1,1775.38189411163,1782.79175305367,1
199,"super",58.8289873898109,8.82898738981086,3.67231015971735,-2.93644552178166,61.7654329115925,51.6313917367043,66.0265830429174,54.567837258486,68.9630285646991,0,0,1,1,1746.58454918861,1754.02495884895,0
200,"super",49.0322016410109,-0.967798358989057,3.77748093849301,-3.31626883873533,52.3484704797463,41.6284750492781,56.4359282327438,44.9447438880134,59.7521970714791,1,1,0,1,1745.0043489933,1752.50151085854,1
201,"super",52.9114778760316,2.91147787603158,3.50336396977709,-2.25472538173967,55.1662032577712,46.0450106705332,59.77794508153,48.2997360522729,62.0326704632696,1,1,0,1,1745.64503693581,1753.17044305801,1
202,"super",53.2816663247501,3.2816663247501,3.62487726512658,-3.87031881012626,57.1519851348764,46.177037436724,60.3862952127762,50.0473562468502,64.2566140229025,1,0,0,1,1743.76311802864,1751.13229799271,1
203,"super",47.4959352542794,-2.50406474572063,3.42446810160854,-2.97804462285169,50.4739798771311,40.7841011089204,54.2077693996384,43.7621457317721,57.18581402249,1,1,0,1,1741.55256605148,1749.09298801422,1
204,"super",45.5438080766714,-4.45619192332855,3.28695500178275,-2.02103049495808,47.5648385716295,39.1014946543735,51.9861214989694,41.1225251493316,54.0071519939275,1,1,0,1,1746.814661026,1754.67616009712,1
205,"super",47.8540470732989,-2.14595292670106,3.35448044172198,-2.15925404000756,50.0133011133065,41.2793862206798,54.428707925918,43.4386402606874,56.5879619659256,1,1,0,1,1743.41350579262,1751.25158691406,1
206,"super",44.2431451841243,-5.75685481587567,4.06636368619842,-4.17032345021177,48.4134686343361,36.2732188111339,52.2130715571148,40.4435422613457,56.3833950073265,1,1,0,1,1742.65181303024,1750.2222070694,1
207,"super",51.8449991160877,1.84499911608773,3.91329976301805,-4.89552684265614,56.7405259587439,44.1750725198632,59.5149257123122,49.0705993625194,64.4104525549684,1,1,0,1,1741.5671980381,1749.14315605164,1
208,"super",43.7601952727142,-6.23980472728575,3.31557131290346,-4.25692288525245,48.0171181579667,37.2617949112493,50.2585956341792,41.5187177965017,54.5155185194317,1,1,0,1,1741.66902399063,1749.09648680687,1
209,"super",50.7223671132645,0.722367113264497,3.49540283653017,-1.19475092694945,51.917118040214,43.8715034422062,57.5732307843228,45.0662543691557,58.7679817112722,1,1,0,1,1745.15690302849,1752.82305383682,1
210,"super",46.6797985757036,-3.32020142429641,3.63150406729033,-3.02462266046145,49.704421236165,39.5621813941038,53.7974157573034,42.5868040545653,56.8220384177648,1,1,0,1,1758.49591302872,1765.85417199135,1
211,"super",45.9624545040762,-4.03754549592375,3.30802089751897,-1.97913691456331,47.9415914186396,39.4788526848332,52.4460563233193,41.4579895993965,54.4251932378826,1,1,0,1,1761.16236281395,1768.84301495552,1
212,"super",51.5536651596605,1.5536651596605,3.86953738479329,-2.90416236933038,54.4578275289909,43.9695112486343,59.1378190706867,46.8736736179647,62.041981440017,1,1,0,1,1760.65485501289,1767.73556113243,1
213,"super",50.7993929509636,0.799392950963608,3.45279292001808,-2.31814279647846,53.1175357474421,44.0320431816533,57.5667427202739,46.3501859781317,59.8848855167524,1,1,0,1,1751.9638569355,1759.27903699875,1
214,"super",49.8192346662531,-0.180765333746926,3.40871592294693,-1.71205993610653,51.5312946023596,43.1382742237489,56.5001951087573,44.8503341598554,58.2122550448638,1,1,0,1,1755.51866602898,1762.89750599861,1
215,"super",42.2630979128757,-7.73690208712434,3.36096466166185,-2.13081155452892,44.3939094674046,35.6757282227066,48.8504676030447,37.8065397772355,50.9812791575737,0,1,1,1,1756.39572691917,1764.19530081749,1
216,"super",44.5969703338163,-5.40302966618368,3.34199989917512,-3.15573181311308,47.7527021469294,38.0467708950966,51.147169772536,41.2025027082097,54.3029015856491,1,1,0,1,1757.54002404213,1765.30001997948,1
217,"super",50.0736709952915,0.0736709952914936,3.88072766631894,-1.66349544679364,51.7371664420851,42.4675845354982,57.6797574550848,44.1310799822919,59.3432529018784,1,1,0,1,1757.66289496422,1764.83088517189,1
218,"super",44.6362144071336,-5.3637855928664,3.40412261993603,-2.06663615211068,46.7028505592443,37.9642566731009,51.3081721411663,40.0308928252115,53.374808293277,1,1,0,1,1754.44527697563,1761.80656814575,1
219,"super",50.694894139412,0.694894139412042,3.52460794791232,-3.26994910020044,53.9648432396125,43.7867895018803,57.6029987769438,47.0567386020807,60.8729478771442,1,1,0,1,1760.95191597939,1768.47916007042,1
220,"super",49.0362458779884,-0.963754122011586,3.7263337072065,-1.68811865460444,50.7243645325929,41.7327660174861,56.3397257384908,43.4208846720905,58.0278443930952,1,1,0,1,1760.88797616959,1768.34200787544,1
221,"super",44.5510439467564,-5.44895605324361,3.76971366883262,-2.56434020208344,47.1153841488398,37.1625409238161,51.9395469696967,39.7268811258995,54.5038871717801,1,1,0,1,1767.12567901611,1774.39776802063,1
222,"super",44.344636034285,-5.65536396571498,3.66552215230382,-2.68568146294408,47.0303174972291,37.1603446312358,51.5289274373342,39.8460260941799,54.2146089002783,1,1,0,1,1757.6606528759,1765.02362680435,1
223,"super",50.8345645425837,0.834564542583678,3.79332082199648,-3.80313314230387,54.6376976848875,43.3997923496647,58.2693367355026,47.2029254919686,62.0724698778065,1,1,0,1,1766.04602098465,1773.49257087708,1
224,"super",49.2701378834703,-0.729862116529709,3.86666647034309,-2.00253910946005,51.2726769929303,41.6916108613692,56.8486649055714,43.6941499708293,58.8512040150314,1,1,0,1,1761.28905200958,1768.84950399399,1
225,"super",53.3566204740203,3.35662047402035,3.90193750126515,-3.47470621419377,56.8313266882141,45.7089635016144,61.0042774464263,49.1836697158082,64.47898366062,1,1,0,1,1758.41424512863,1765.64372420311,1
226,"super",47.8054203969514,-2.19457960304858,3.38693603391869,-3.58114569584916,51.3865660928006,41.1671477525299,54.443693041373,44.748293448379,58.0248387372221,1,1,0,1,1768.85986185074,1776.40791201591,1
227,"super",48.6197635674893,-1.38023643251066,3.14616868521862,-2.88428705752786,51.5040506250172,42.4533862551731,54.7861408798056,45.337673312701,57.6704279373334,1,1,0,1,1764.51300811768,1772.05233120918,1
228,"super",43.71867373743,-6.28132626256996,3.05111391690985,-2.13863780767655,45.8573115451066,37.7386003475578,49.6987471273023,39.8772381552343,51.8373849349788,0,1,1,1,1759.16328978539,1766.62345409393,1
229,"super",52.6506124711472,2.65061247114719,3.3860005142943,-1.0627072856381,53.7133197567853,46.0141734114963,59.2870515307981,47.0768806971344,60.3497588164362,1,1,0,1,1763.92414283752,1771.3724000454,1
230,"super",53.1167242689842,3.11672426898415,3.21270060057264,-2.51024998627771,55.6269742552619,46.8199467987516,59.4135017392167,49.3301967850293,61.9237517254944,1,1,0,1,1762.88694310188,1770.14382314682,1
231,"super",45.2598017989777,-4.7401982010223,3.40174378057344,-3.12910421242476,48.3889060114025,38.5925065044206,51.9270970935348,41.7216107168454,55.0562013059595,1,1,0,1,1772.10597610474,1779.70630908012,1
232,"super",42.4624439430493,-7.53755605695068,3.60809000547661,-2.81271175666852,45.2751556997178,35.3907174793362,49.5341704067624,38.2034292360048,52.3468821634309,0,1,1,1,1748.79432106018,1755.92619800568,1
233,"super",50.2847998370885,0.284799837088514,3.49707724098943,-2.13913401009793,52.4239338471864,43.4306543935945,57.1389452805825,45.5697884036925,59.2780792906804,1,1,0,1,1751.78228497505,1759.5623049736,1
234,"super",47.5287317690349,-2.47126823096513,3.33159190673602,-2.79515222861376,50.3238839976486,40.9989316206471,54.0585319174226,43.7940838492609,56.8536841460364,1,1,0,1,1748.59339904785,1756.36689281464,1
235,"super",41.5728591525781,-8.42714084742186,3.53510423028923,-2.04387566882542,43.6167348214036,34.6441821796161,48.5015361255402,36.6880578484415,50.5454117943656,0,1,1,1,1744.82944893837,1752.58539605141,0
236,"super",47.1659682005456,-2.83403179945442,3.29568166310903,-1.85137432230869,49.0173425228543,40.7065508363428,53.6253855647483,42.5579251586515,55.476759887057,1,1,0,1,1749.02987003326,1756.35688996315,1
237,"super",52.366205036095,2.366205036095,3.88640691287673,-1.35587351247441,53.7220785485694,44.7489874575891,59.9834226146009,46.1048609700635,61.3392961270753,1,1,0,1,1747.97514915466,1755.44232416153,1
238,"super",49.7288737719662,-0.2711262280338,3.41615431303738,-2.55807596812511,52.2869497400913,43.0333343527818,56.4244131911506,45.5914103209069,58.9824891592758,1,1,0,1,1749.39228892326,1756.83500814438,1
239,"super",50.6440392912671,0.644039291267063,3.43474422453315,-3.99356517996619,54.6376044712333,43.9120643150751,57.376014267459,47.9056294950413,61.3695794474252,1,1,0,1,1754.69340395927,1762.08075809479,1
240,"super",53.6979260501255,3.69792605012547,3.58604285506323,-3.00103616703217,56.6989622171576,46.6694112071844,60.7264408930666,49.6704473742165,63.7274770600987,1,1,0,1,1751.6709561348,1759.16385912895,1
241,"super",48.6949470687992,-1.30505293120078,3.08989796122689,-2.17073983129374,50.865686900093,42.6388583488908,54.7510357887077,44.8095981801845,56.9217756200014,1,1,0,1,1753.84541797638,1761.29706501961,1
242,"super",53.0046528060578,3.00465280605781,3.44304291466458,-3.69425130940298,56.6989041154608,46.2564126960894,59.7528929160262,49.9506640054924,63.4471442254292,1,1,0,1,1746.7010948658,1754.25711989403,1
243,"super",54.919409948023,4.91940994802303,3.42081281258426,-2.52685180078534,57.4462617488084,48.2147400375047,61.6240798585413,50.7415918382901,64.1509316593267,1,0,0,1,1754.97250080109,1762.36706900597,1
244,"super",45.862916852816,-4.13708314718401,3.24335685005374,-3.79836299924493,49.6612798520609,39.5060542376994,52.2197794679326,43.3044172369443,56.0181424671775,1,1,0,1,1757.37098789215,1764.87363982201,1
245,"super",50.0372237372984,0.037223737298369,3.62336023232449,-2.757741813995,52.7949655512934,42.9355681789277,57.138879295669,45.6933099929227,59.896621109664,1,1,0,1,1756.38081693649,1763.80647587776,1
246,"super",47.4192816454064,-2.58071835459355,3.53220490564326,-2.60248601727218,50.0217676626786,40.49628724433,54.3422760464829,43.0987732616021,56.9447620637551,1,1,0,1,1755.03841900826,1762.65458202362,1
247,"super",49.7139199694032,-0.286080030596793,3.29961473057335,-2.65831746143028,52.3722374308335,43.2467939346216,56.1810460041848,45.9051113960519,58.8393634656151,1,1,0,1,1756.35381102562,1764.00025486946,1
248,"super",51.2981844264199,1.29818442641985,3.32556500924249,-3.15168168154237,54.4498661079622,44.780196780058,57.8161720727818,47.9318784616003,60.9678537543241,1,1,0,1,1761.04092502594,1768.48706889153,1
249,"super",53.2877665102267,3.28776651022672,3.39443254062931,-2.70544641907113,55.9932129292978,46.6348009826425,59.940732037811,49.3402474017136,62.6461784568821,1,1,0,1,1755.72383117676,1763.01298093796,1
250,"super",49.7929607982704,-0.207039201729621,3.71372511557946,-0.667228758753218,50.4601895570236,42.5141933232528,57.071728273288,43.181422082006,57.7389570320412,1,1,0,1,1762.47954297066,1770.08275198936,1
251,"super",48.9779984871691,-1.02200151283087,3.31909099054098,-0.934074885231723,49.9120733724009,42.4726996842974,55.4832972900408,43.4067745695292,56.4173721752726,1,1,0,1,1764.18099093437,1771.54266500473,1
252,"super",53.5234842629096,3.52348426290959,3.37812910558754,-3.39090095597379,56.9143852188834,46.9024728808315,60.1444956449877,50.2933738368053,63.5353966009615,1,0,0,1,1759.99082612991,1767.37630581856,1
253,"super",49.0402609271111,-0.959739072888922,3.5800191869363,-3.30886846427503,52.3491293913861,42.0235522567536,56.0569695974686,45.3324207210286,59.3658380617436,1,1,0,1,1757.11546301842,1764.45300388336,1
254,"super",51.4046641806304,1.40466418063038,3.65517546867906,-2.90863876620542,54.3133029468358,44.2406519048451,58.5686764564157,47.1492906710505,61.4773152226211,1,1,0,1,1841.39502501488,1848.78597617149,1
255,"super",43.8393440459636,-6.16065595403644,3.45894056581663,-2.40934324736478,46.2486872933283,37.0599451122984,50.6187429796287,39.4692883596632,53.0280862269935,1,1,0,1,1839.34789013863,1846.95582008362,1
256,"super",47.3593998725596,-2.64060012744038,3.50921466906708,-2.74845083927396,50.1078507118336,40.4814655071685,54.2373342379507,43.2299163464425,56.9857850772247,1,1,0,1,1839.69032979012,1847.13619017601,1
257,"super",46.3458722074791,-3.65412779252087,3.93623674814572,-1.593939479072,47.9398116865511,38.6309899464905,54.0607544684678,40.2249294255625,55.6546939475398,1,1,0,1,1834.04155397415,1841.70560216904,1
258,"super",50.5286003740834,0.528600374083403,3.88115142185746,-3.78328880477544,54.3118891788588,42.9216833686964,58.1355173794704,46.7049721734718,61.9188061842459,1,1,0,1,1836.70370602608,1844.57503294945,1
259,"super",46.9443665031705,-3.0556334968295,3.67961550385651,-3.31551731155172,50.2598838147222,39.7324526386565,54.1562803676845,43.0479699502083,57.4717976792362,1,1,0,1,1844.6702940464,1852.15285301208,1
260,"super",56.0995697136519,6.09956971365191,3.65665321185577,-2.1718899916942,58.2714597053461,48.9326611144619,63.2664783128419,51.1045511061561,65.4383683045361,1,0,0,1,1845.1702940464,1852.52954602242,0
261,"super",52.4391167496964,2.43911674969639,4.00105448530613,-3.17670149755011,55.6158182472465,44.5971940583139,60.2810394410789,47.773895555864,63.457740938629,1,1,0,1,1844.9340069294,1852.72323799133,1
262,"super",48.1132451614422,-1.88675483855778,3.3872078989968,-2.41251845110025,50.5257636125425,41.4744396712589,54.7520506516255,43.8869581223591,57.1645691027258,1,1,0,1,1843.80614089966,1851.28285980225,1
263,"super",53.8920096562079,3.8920096562079,3.16134272713149,-2.66395599933121,56.5559656555391,47.6958917682425,60.0881275441733,50.3598477675737,62.7520835435045,1,0,0,1,1844.03877496719,1851.42703104019,1
264,"super",52.6810794713743,2.68107947137427,3.18831072234495,-1.63062537439196,54.3117048457662,46.4321052840553,58.9300536586932,48.0627306584473,60.5606790330852,1,1,0,1,1842.57472586632,1850.06198406219,1
265,"super",48.582390316453,-1.41760968354696,3.65031379416477,-3.07865503704509,51.6610453534981,41.4279067476203,55.7368738852857,44.5065617846654,58.8155289223308,1,1,0,1,1844.68019413948,1852.40290284157,1
266,"super",52.3861227272746,2.38612272727458,3.56561619273083,-3.71939574367894,56.1055184709535,45.3976434068293,59.3746020477198,49.1170391505083,63.0939977913988,1,1,0,1,1848.28851699829,1856.08157300949,1
267,"super",47.9898899729306,-2.0101100270694,3.63489665571421,-2.80174879835469,50.7916387712853,40.8656234402057,55.1141565056555,43.6673722385603,57.9159053040102,1,1,0,1,1844.56546902657,1852.65814614296,1
268,"super",46.3092356756629,-3.69076432433714,3.41387563555849,-2.09053783544874,48.3997735111116,39.6181623822694,53.0003089690563,41.7087002177182,55.090846804505,1,1,0,1,1853.18014097214,1861.12133908272,1
269,"super",52.5959476221003,2.59594762210031,3.90621673493004,-3.66530351046441,56.2612511325647,44.9399035058298,60.2519917383708,48.6052070162942,63.9172952488352,1,1,0,1,1848.29189896584,1855.96116709709,1
270,"super",48.8809268104232,-1.1190731895768,3.37004563089219,-2.12449379941449,51.0054206098377,42.2757587476179,55.4860948732285,44.4002525470324,57.610588672643,1,1,0,1,1843.83056282997,1851.55623793602,1
271,"super",49.2522582500779,-0.747741749922099,3.74908842372555,-2.50955999542536,51.7618182455033,41.9041799647198,56.600336535436,44.4137399601451,59.1098965308614,1,1,0,1,1841.40339899063,1848.88503289223,1
272,"super",49.7435705268574,-0.256429473142568,3.54894150025914,-2.06347179541117,51.8070423222686,42.78777300311,56.6993680506049,44.8512447985211,58.7628398460161,1,1,0,1,1841.33839511871,1849.14798688889,1
273,"super",45.7335831552721,-4.26641684472792,3.89580804229336,-2.72414346817193,48.457726623444,38.0979397016956,53.3692266088485,40.8220831698675,56.0933700770205,1,1,0,1,1847.08281302452,1855.14598703384,1
274,"super",50.373230878169,0.373230878169039,3.45901940788757,-1.37406799332236,51.7472988714914,43.5936774168843,57.1527843394537,44.9677454102067,58.5268523327761,1,1,0,1,1844.44124698639,1851.76712298393,1
275,"super",43.9094345468976,-6.09056545310244,3.1849001476338,-2.01141746899825,45.9208520158958,37.667144963179,50.1517241306161,39.6785624321773,52.1631415996143,1,1,0,1,1834.62769293785,1842.26664304733,1
276,"super",47.8934822184998,-2.10651778150019,3.8045761204925,-3.14653365384762,51.0400158723474,40.4366500458934,55.3503143911062,43.583183699741,58.4968480449538,1,1,0,1,1795.21943998337,1803.24730587006,1
277,"super",50.8516833062188,0.851683306218803,3.83237446763839,-2.2196697025465,53.0713530087653,43.3403673743767,58.3629992380609,45.5600370769232,60.5826689406074,1,1,0,1,1792.18322300911,1800.2436299324,1
278,"super",43.7705666587145,-6.22943334128549,3.57473047692675,-2.12179603543174,45.8923626941463,36.7642236695004,50.7769096479286,38.8860197049321,52.8987056833604,1,1,0,1,1801.93109989166,1809.95621395111,1
279,"super",48.1841209769428,-1.8158790230572,3.91446590106557,-2.6032395782768,50.7873605552196,40.5119087921442,55.8563331617414,43.115148370421,58.4595727400182,1,1,0,1,1794.66428494453,1802.71832799911,1
280,"super",49.2724688529298,-0.727531147070152,3.56989724843054,-1.80394803780185,51.0764168907317,42.2755988174974,56.2693388883623,44.0795468552992,58.0732869261642,1,1,0,1,1798.65678715706,1806.77511692047,1
281,"super",52.4656815462302,2.46568154623024,3.5470948969662,-3.2420951682825,55.7077767145127,45.5135032984307,59.4178597940298,48.7555984667132,62.6599549623123,1,1,0,1,1800.5052728653,1808.69154500961,1
282,"super",54.3869895533944,4.38698955339443,3.6426811779337,-3.33460799224876,57.7215975456432,47.2474656374824,61.5265134693064,50.5820736297312,64.8611214615552,1,0,0,1,1798.04653787613,1806.10893917084,1
283,"super",51.3516834709609,1.35168347096089,3.02787253651437,-5.06693319745403,56.4186166684149,45.4171623496148,57.286204592307,50.4840955470688,62.353137789761,1,0,0,1,1807.76124382019,1815.69764685631,1
284,"super",43.7621897566766,-6.23781024332343,3.02985377660473,-2.03095185646089,45.7931416131375,37.8237854761086,49.7005940372445,39.8547373325695,51.7315458937054,0,1,1,1,1797.62515306473,1805.78026008606,1
285,"super",48.8329991224651,-1.1670008775349,3.29364635123034,-2.59288706961211,51.4258861920772,42.3775708962419,55.2884273486883,44.970457965854,57.8813144183004,1,1,0,1,1798.10609602928,1806.03596711159,1
286,"super",45.0712663032403,-4.92873369675965,3.60596759285479,-1.84554181674905,46.9168081199894,38.0036996918264,52.1388329146543,39.8492415085754,53.9843747314034,1,1,0,1,1795.07718300819,1802.92219114304,1
287,"super",50.1976084040814,0.197608404081414,3.64556247868996,-2.05055163440282,52.2481600384842,43.0524372424585,57.3427795657043,45.1029888768614,59.3933312001071,1,1,0,1,1781.5604929924,1789.06814312935,1
288,"super",48.3805179509873,-1.61948204901269,3.91362799441289,-1.51951887019113,49.9000368211784,40.7099480330503,56.0510878689243,42.2294669032415,57.5706067391154,1,1,0,1,1779.66929602623,1787.00382995605,1
289,"super",45.053717652065,-4.94628234793501,3.47257895420344,-0.913905381065724,45.9676230331307,38.2475879683545,51.8598473357755,39.1614933494202,52.7737527168412,1,1,0,1,1777.84037494659,1785.51847791672,1
290,"super",46.6280712714964,-3.37192872850365,3.64946266169613,-3.75042047259151,50.3784917440879,39.4752558916483,53.7808866513444,43.2256763642398,57.531307123936,1,1,0,1,1776.30973815918,1783.71067500114,1
291,"super",47.0978608739709,-2.90213912602912,3.71765186016294,-1.65370529453187,48.7515661685027,39.8113971209932,54.3843246269486,41.465102415525,56.0380299214804,1,1,0,1,1785.40521097183,1793.28406119347,1
292,"super",49.0446795871019,-0.955320412898082,3.36150880818911,-2.4861528788817,51.5308324659836,42.4562433893371,55.6331157848667,44.9423962682188,58.1192686637484,1,1,0,1,1785.35956788063,1793.2262699604,1
293,"super",38.7218640526201,-11.2781359473799,3.78067998131796,-3.53449804496492,42.256362097585,31.3118674521653,46.1318606530749,34.8463654971303,49.6663586980398,0,0,1,1,1784.97858309746,1792.95261001587,0
294,"super",44.3584237903388,-5.64157620966121,3.33640543537131,-1.66697717276717,46.025400963106,37.8191892991873,50.8976582814902,39.4861664719545,52.5646354542574,1,1,0,1,1776.73487496376,1784.38162899017,1
295,"super",41.5847534718499,-8.4152465281501,3.42132805408654,-3.34158733095088,44.9263408028008,34.8790737065438,48.290433237156,38.2206610374947,51.6320205681069,0,1,1,1,1779.54532504082,1787.19112300873,0
296,"super",50.5615509794035,0.561550979403457,3.38076021795869,-3.08770874016827,53.6492597195717,43.9353827118386,57.1877192469683,47.0230914520069,60.2754279871366,1,1,0,1,1773.630038023,1781.03796291351,1
297,"super",51.3826779706162,1.38267797061616,4.14123455697197,-1.33912365692824,52.7218016275444,43.2660073874184,59.4993485538139,44.6051310443466,60.8384722107421,1,1,0,1,1780.78971481323,1788.57637906075,1
298,"super",51.9231894537031,1.92318945370307,3.45918093470351,-3.76379859374843,55.6869880474515,45.1433194056766,58.7030595017295,48.907117999425,62.466858095478,1,1,0,1,1811.23164892197,1818.87078595161,1
299,"super",48.9878732482965,-1.01212675170347,3.45164475524217,-2.56439251733128,51.5522657656278,42.2227738405953,55.7529726559978,44.7871663579266,58.317365173329,1,1,0,1,1815.74931001663,1823.74012112617,1
300,"super",47.1873012392855,-2.81269876071451,3.96661335833347,-3.90553683583775,51.0928380751232,39.4128819163564,54.9617205622146,43.3184187521942,58.8672573980523,1,1,0,1,1818.67338299751,1826.75329113007,1
301,"super",48.4440246417122,-1.5559753582878,2.87956816486093,-1.65496636777021,50.0989910094824,42.8001747475567,54.0878745358677,44.4551411153269,55.7428409036379,1,1,0,1,1822.54973006248,1830.13157010078,1
302,"super",46.4839723438227,-3.51602765617726,3.59386271660501,-1.6093894726226,48.0933618164453,39.4401308538956,53.5278138337498,41.0495203265182,55.1372033063724,1,1,0,1,1815.53892302513,1823.68183302879,1
303,"super",45.7379071443048,-4.26209285569519,3.47817242991142,-0.528954830255586,46.2668619745604,38.9208144496583,52.5549998389514,39.4497692799138,53.0839546692069,1,1,0,1,1813.49995708466,1821.3607749939,1
304,"super",46.3750316760761,-3.62496832392394,3.38010996775563,-3.32118215084976,49.6962138269258,39.7501378754902,52.9999254766619,43.07132002634,56.3211076275117,1,1,0,1,1818.14501905441,1826.01184487343,1
305,"super",47.7903166821509,-2.20968331784911,4.12041049481144,-2.36606421331164,50.1563808954625,39.7144605107996,55.8661728535022,42.0805247241112,58.2322370668138,1,1,0,1,1817.6296839714,1825.82233500481,1
306,"super",43.5112611249401,-6.48873887505988,3.55850914679479,-2.40823443542403,45.9194955603641,36.536711358566,50.4858108913143,38.94494579399,52.8940453267383,1,1,0,1,1808.91793489456,1816.97177195549,1
307,"super",53.6305609990866,3.63056099908663,3.5667204414494,-2.05602377268259,55.6865847717692,46.639917390923,60.6212046072502,48.6959411636056,62.6772283799328,1,1,0,1,1808.25235199928,1816.14674401283,1
308,"super",43.6759218051154,-6.32407819488464,3.21519549113571,-3.15526564035397,46.8311874454693,37.3742544392338,49.9775891709969,40.5295200795878,53.1328548113509,0,1,1,1,1813.50568294525,1821.33131098747,1
309,"super",43.8640262445971,-6.13597375540288,3.48111498743381,-3.76021930230849,47.6242455469056,37.0411662431843,50.68688624601,40.8013855454927,54.4471055483185,1,1,0,1,1810.22710299492,1817.93892407417,1
310,"super",46.3415942196935,-3.65840578030652,2.98211369334149,-0.730712106756755,47.0723063264502,40.4967587829404,52.1864296564465,41.2274708896972,52.9171417632033,1,1,0,1,1808.78436303139,1816.4475941658,1
311,"super",43.3790710841022,-6.62092891589777,3.21382822055181,-2.36747861495677,45.746549699059,37.0800835193222,49.6780586488822,39.447562134279,52.045537263839,0,1,1,1,1815.82175803185,1823.92035293579,1
312,"super",51.5277791813127,1.52777918131269,3.83392383650569,-1.87468994576596,53.4024691270786,44.0134265422919,59.0421318203335,45.8881164880579,60.9168217660994,1,1,0,1,1811.00249886513,1818.62638878822,1
313,"super",43.9427452934123,-6.05725470658766,3.38068040706368,-2.51095510181031,46.4537003952226,37.3167334523273,50.5687571344974,39.8276885541376,53.0797122363077,1,1,0,1,1806.98823690414,1814.66025900841,1
314,"super",49.0051687490611,-0.994831250938901,3.040496088682,-2.61896073344864,51.6241294825097,43.0459059201095,54.9644315780127,45.6648666535581,57.5833923114614,1,1,0,1,1809.3675801754,1817.18100118637,1
315,"super",45.4111071394242,-4.58889286057583,3.0232404322845,-0.918678849024218,46.3297859884484,39.4856647755412,51.3365495033071,40.4043436245655,52.2552283523313,1,1,0,1,1814.78943896294,1822.42636489868,1
316,"super",45.1186686378414,-4.88133136215864,3.50478478811144,-3.50020285588361,48.618871493725,38.2494166795791,51.9879205961036,41.7496195354627,55.4881234519872,1,1,0,1,1811.62141013145,1819.44837903976,1
317,"super",45.7291761443726,-4.27082385562738,3.67050367913897,-2.63342525206108,48.3626013964337,38.5351211281385,52.9232311606068,41.1685463801996,55.5566564126678,1,1,0,1,1813.03423595428,1820.96839380264,1
318,"super",47.5995561622654,-2.40044383773461,3.54895489994287,-3.94814995882268,51.5477061210881,40.6437323756204,54.5553799489104,44.5918823344431,58.503529907733,1,1,0,1,1814.40774703026,1822.08970022202,1
319,"super",49.2846712561324,-0.715328743867644,3.56317661849033,-1.91747721100602,51.2021484671384,42.3009734133361,56.2683690989286,44.2184506243421,58.1858463099346,1,1,0,1,1811.17364501953,1819.04640293121,1
320,"super",57.0205288962157,7.02052889621565,4.10433985749022,-3.90639040994682,60.9269193061625,48.9761705952226,65.0648871972087,52.8825610051694,68.9712776071556,1,0,0,1,1806.72466182709,1814.49033498764,0
321,"super",48.8463004774347,-1.15369952256533,3.56461173304993,-1.15477531760592,50.0010757950406,41.8597898617879,55.8328110930814,43.0145651793938,56.9875864106874,1,1,0,1,1799.47573590279,1807.11309313774,1
322,"super",51.0866280080762,1.08662800807619,3.50921980215755,-3.81950381825158,54.9061318263278,44.2086835820126,57.9645724341398,48.0281874002642,61.7840762523913,1,1,0,1,1806.25458192825,1814.08551597595,1
323,"super",51.6752132582556,1.67521325825557,3.53699223429744,-1.93874635675289,53.6139596150085,44.7428358654347,58.6075906510764,46.6815822221876,60.5463370078293,1,1,0,1,1811.29996299744,1819.31205391884,1
324,"super",51.2049398965727,1.20493989657268,3.62323665415831,-2.76241062159107,53.9673505181637,44.103526546957,58.3063532461884,46.865937168548,61.0687638677794,1,1,0,1,1803.98611903191,1811.58796691895,1
325,"super",50.2597813667238,0.259781366723836,3.47426618836911,-3.46202935267473,53.7218107193986,43.4503447648151,57.0692179686325,46.9123741174899,60.5312473213073,1,1,0,1,1806.25300121307,1814.04065418243,1
326,"super",47.4989061941835,-2.50109380581648,3.56550172042049,-2.3438375306017,49.8427437247852,40.5106512353438,54.4871611530233,42.8544887659455,56.830998683625,1,1,0,1,1809.14888095856,1816.69705677032,1
327,"super",46.2096570149215,-3.79034298507848,3.6933403902963,-2.16924292856827,48.3788999434898,38.9708428672937,53.4484711625494,41.140085795862,55.6177140911176,1,1,0,1,1806.19527196884,1814.11744093895,1
328,"super",43.9042090357741,-6.09579096422593,3.5334831584471,-2.497105255705,46.4013142914791,36.9787093052389,50.8297087663092,39.4758145609439,53.3268140220142,1,1,0,1,1798.0389149189,1805.83554291725,1
329,"super",47.5851438569314,-2.4148561430686,3.46468299092385,-2.19289972207647,49.7780435790079,40.7944899768721,54.3757977369907,42.9873896989486,56.5686974590671,1,1,0,1,1807.06985712051,1814.81931900978,1
330,"super",43.7699125801084,-6.2300874198916,3.50076457781633,-3.18218569174204,46.9520982718504,36.9085400892348,50.631285070982,40.0907257809769,53.813470762724,1,1,0,1,1800.31516003609,1807.86372113228,1
331,"super",49.133276505358,-0.866723494641974,3.67345139059505,-3.80866036000013,52.9419368653582,41.9334440808331,56.3331089298829,45.7421044408333,60.141769289883,1,1,0,1,1807.93394804001,1815.82798218727,1
332,"super",48.2963913349778,-1.70360866502218,3.53789460122006,-2.02116446986807,50.3175558048459,41.3622453354878,55.2305373344678,43.3834098053559,57.2517018043359,1,1,0,1,1803.89736294746,1811.52926206589,1
333,"super",48.7059628935255,-1.29403710647447,3.84014712927815,-3.18826251232739,51.8942254058529,41.1794128248055,56.2325129622456,44.3676753371329,59.420775474573,1,1,0,1,1801.19704508781,1808.87672996521,1
334,"super",47.9075347882184,-2.09246521178159,3.79966938176449,-3.8928764986431,51.8004112868615,40.4603196468004,55.3547499296364,44.3531961454435,59.2476264282795,1,1,0,1,1807.77774620056,1815.56586194038,1
335,"super",48.3841255385586,-1.61587446144136,3.53953462925378,-1.39885333857507,49.7829788771337,41.4467651431889,55.3214859339284,42.845618481764,56.7203392725035,1,1,0,1,1800.96546316147,1808.56249785423,1
336,"super",51.3731647704694,1.37316477046935,3.6660799965624,-2.86038501937547,54.2335497898448,44.1877800127643,58.5585495281744,47.0481650321398,61.4189345475498,1,1,0,1,1803.97292494774,1811.89393115044,1
337,"super",46.1425754801251,-3.85742451987485,3.90345511270433,-3.43409487257049,49.5766703526956,38.4919440439559,53.7932069162944,41.9260389165264,57.2273017888649,1,1,0,1,1800.13680291176,1807.81696200371,1
338,"super",43.4080868703859,-6.59191312961411,3.32831338700757,-2.14248630986935,45.5505731802552,36.8847125025885,49.9314612381832,39.0271988124579,52.0739475480526,0,1,1,1,1801.678358078,1809.44760799408,1
339,"super",50.2863574531117,0.286357453111727,3.7351257878131,-3.56845145983764,53.8548089129494,42.9656454312712,57.6070694749522,46.5340968911089,61.1755209347898,1,1,0,1,1804.93592000008,1812.49251484871,1
340,"super",50.392747977567,0.392747977566955,3.49605275665093,-1.46858811210368,51.8613360896706,43.5406104864792,57.2448854686548,45.0091985985828,58.7134735807584,1,1,0,1,1807.00944805145,1814.65028882027,1
341,"super",51.2570118766969,1.25701187669686,4.19016726429486,-2.24946868610466,53.5064805628015,43.0444349494802,59.4695888039135,45.2939036355849,61.7190574900182,1,1,0,1,1806.21646809578,1813.7537689209,1
342,"super",46.3132363891145,-3.68676361088546,3.57784778976181,-2.35298096825247,48.666217357367,39.3007835790152,53.3256891992139,41.6537645472676,55.6786701674664,1,1,0,1,1805.84030199051,1813.5916800499,1
343,"super",52.6561713210025,2.65617132100248,3.83009712444054,-1.94701617721882,54.6031874982213,45.1493188998086,60.1630237421964,47.0963350770274,62.1100399194152,1,1,0,1,1816.73305702209,1824.36483287811,1
344,"super",54.6811835490508,4.68118354905084,3.10596411467108,-1.57823687454013,56.259420423591,48.5936057470217,60.76876135108,50.1718426215618,62.3469982256201,1,0,0,1,1810.65110707283,1818.44890999794,1
345,"super",48.4923861482683,-1.50761385173173,4.04323706585734,-2.38883895187931,50.8812251001476,40.5677871182305,56.416985178306,42.9566260701098,58.8058241301854,1,1,0,1,1802.31654405594,1809.96141791344,1
346,"super",46.9822113710744,-3.01778862892555,3.3321978146127,-1.81113905687478,48.7933504279492,40.4512236650705,53.5131990770784,42.2623627219453,55.3243381339532,1,1,0,1,1813.06293010712,1821.0687251091,1
347,"super",46.3780132644535,-3.62198673554645,3.56161625966246,-2.47651955803978,48.8545328224933,39.3973736687629,53.3586528601442,41.8738932268027,55.835172418184,1,1,0,1,1809.4481678009,1817.43727993965,1
348,"super",45.1306925723098,-4.86930742769017,3.51743344328862,-2.04279045287704,47.1734830251869,38.2366497054474,52.0247354391722,40.2794401583245,54.0675258920493,1,1,0,1,1811.86121702194,1819.62422800064,1
349,"super",49.108311438406,-0.891688561593988,3.18013145882568,-4.20381451325058,53.3121259516566,42.8753683130049,55.3412545638072,47.0791828262554,59.5450690770577,1,1,0,1,1808.97584104538,1816.7347869873,1
350,"super",47.856645902162,-2.14335409783797,3.10242928616519,-0.274282862583178,48.1309287647452,41.775996236696,53.9372955676281,42.0502790992791,54.2115784302113,1,1,0,1,1814.27201700211,1821.92930197716,1
351,"super",47.8084199505931,-2.19158004940688,3.64947973621247,-2.59935562428618,50.4077755748793,40.6555711053079,54.9612687958783,43.2549267295941,57.5606244201645,1,1,0,1,1802.50321793556,1810.00906801224,1
352,"super",48.8716329157017,-1.12836708429825,3.61260989302094,-3.05259909197243,51.9242320076742,41.7910476351876,55.9522181962159,44.84364672716,59.0048172881883,1,1,0,1,1813.23902893066,1820.8448278904,1
353,"super",48.4533464695461,-1.54665353045387,3.65587053626952,-0.800259490448262,49.2536059599944,41.2879718863167,55.6187210527755,42.088231376765,56.4189805432238,1,1,0,1,1809.6728219986,1817.47652792931,1
354,"super",47.1708693619049,-2.82913063809513,3.34526118125318,-1.23011769878145,48.4009870606863,40.6142779277687,53.727460796041,41.8443956265502,54.9575784948225,1,1,0,1,1809.85886096954,1817.32843017578,1
355,"super",50.0953549584415,0.0953549584415398,3.86304034157215,-2.90160093456681,52.9969558930083,42.5239350181348,57.6667748987483,45.4255359527016,60.5683758333151,1,1,0,1,1805.3979010582,1813.20409488678,1
356,"super",43.5188713788768,-6.4811286211232,3.27309485666086,-2.38506205407093,45.9039334329477,37.1037233418382,49.9340194159154,39.4887853959091,52.3190814699863,0,1,1,1,1806.12437701225,1813.87643504143,1
357,"super",43.4974931781791,-6.50250682182089,3.37990294901289,-0.422106331470275,43.9195995096494,36.8730051268731,50.1219812294851,37.2951114583434,50.5440875609554,1,1,0,1,1815.60831713676,1823.41819596291,1
358,"super",48.1575414627426,-1.8424585372574,3.58180422415145,-2.83201190271345,50.9895533654561,41.1373341837323,55.1777487417529,43.9693460864458,58.0097606444663,1,1,0,1,1803.22462701797,1810.60932302475,1
359,"super",49.2756893761102,-0.724310623889835,3.70174398997562,-3.10629573439635,52.3819851105065,42.0204044757703,56.53097427645,45.1267002101667,59.6372700108463,1,1,0,1,1802.43739199638,1810.02361607552,1
360,"super",48.9950851989688,-1.00491480103121,3.69736338779697,-1.82766197232131,50.8227471712901,41.7483861211297,56.2417842768079,43.576048093451,58.0694462491292,1,1,0,1,1805.66909885406,1813.3803050518,1
361,"super",53.3755000049431,3.37550000494306,3.51414030689286,-2.66291777388902,56.0384177788321,46.4879115668125,60.2630884430736,49.1508293407015,62.9260062169626,1,1,0,1,1805.75375390053,1813.49361300468,1
362,"super",50.8456236940143,0.845623694014272,3.74850136431843,-3.16542093902694,54.0110446330412,43.4986960239509,58.1925513640776,46.6641169629778,61.3579723031046,1,1,0,1,1811.52836894989,1819.25008392334,1
363,"super",54.4162223478054,4.41622234780539,3.61462201663545,-3.8483962675309,58.2646186153363,47.3316933774744,61.5007513181364,51.1800896450053,65.3491475856673,1,0,0,1,1808.17052602768,1815.67362189293,1
364,"super",47.3502475690565,-2.64975243094354,3.64986467209653,-2.9892524229907,50.3394999920472,40.1966442633022,54.5038508748107,43.1858966862929,57.4931032978014,1,1,0,1,1778.17141199112,1785.92891788483,1
365,"super",43.5808227747484,-6.41917722525164,3.88562129172628,-3.7679880541414,47.3488108288898,35.9651449854029,51.1965005640939,39.7331330395443,54.9644886182353,1,1,0,1,1774.93544602394,1782.66200304031,1
366,"super",46.3433844702256,-3.65661552977445,3.60479519089755,-1.55367320973862,47.8970576799642,39.2781157244232,53.4086532160279,40.8317889341618,54.9623264257665,1,1,0,1,1776.32941794395,1783.40373110771,1
367,"super",52.8178482634294,2.81784826342943,3.48418214760126,-2.76610900012356,55.583957263553,45.9889767385535,59.6467197883053,48.7550857386771,62.4128287884289,1,1,0,1,1772.97597098351,1780.65807890892,1
368,"super",48.5641261627373,-1.43587383726268,3.59894911007065,-1.80616180026876,50.3702879630061,41.5103155248064,55.6179368006683,43.3164773250751,57.424098600937,1,1,0,1,1783.06907892227,1790.68207192421,1
369,"super",49.2903082207498,-0.709691779250228,3.52989509819577,-2.09320744067309,51.3835156614229,42.3718409590816,56.208775482418,44.4650483997547,58.301982923091,1,1,0,1,1788.61873698235,1796.6036670208,1
370,"super",49.6841814263867,-0.315818573613257,3.29407738703253,-1.2466227219541,50.9308041483408,43.2279083855152,56.1404544672583,44.4745311074693,57.3870771892124,1,1,0,1,1780.95806312561,1788.6266541481,1
371,"super",46.39540843878,-3.60459156122,3.50229036999181,-1.81122878464249,48.2066372234225,39.5310454501946,53.2597714273654,41.3422742348371,55.0710002120079,1,1,0,1,1781.61161518097,1788.8653678894,1
372,"super",49.5493882849165,-0.450611715083539,3.59361614975967,-1.49909013949286,51.0484784244093,42.506030057126,56.5927465127069,44.0051201966189,58.0918366521998,1,1,0,1,1780.2292778492,1787.79827690125,1
373,"super",43.8399209198094,-6.16007908019056,3.50662726813549,-2.99286483063243,46.8327857504419,36.9670577670578,50.7127840725611,39.9599225976902,53.7056489031935,1,1,0,1,1777.24414300919,1784.75426793098,1
374,"super",52.1334848301583,2.1334848301583,3.77436579367527,-2.33650460977359,54.4699894399319,44.7358638100748,59.5311058502418,47.0723684198484,61.8676104600154,1,1,0,1,1781.67084503174,1789.10551309586,1
375,"super",47.5898866584646,-2.41011334153544,3.44286978434271,-2.13991377305641,49.729800431521,40.8419858776917,54.3377874392374,42.9818996507481,56.4777012122939,1,1,0,1,1836.84915614128,1844.67878890038,1
376,"super",51.2642045953569,1.26420459535689,3.45732323200858,-1.30727912463178,52.5714837199887,44.4879755777065,58.0404336130073,45.7952547023382,59.3477127376391,1,1,0,1,1840.77955913544,1849.18590712547,1
377,"super",48.814049662025,-1.18595033797501,3.62712005706851,-3.17469183622053,51.9887414982455,41.7050249825678,55.9230743414821,44.8797168187884,59.0977661777027,1,1,0,1,1833.83009886742,1842.07250881195,1
378,"super",43.0936154163173,-6.90638458368269,3.18872755157556,-1.77352600142125,44.8671414177386,36.8438242587186,49.343406573916,38.6173502601399,51.1169325753373,0,1,1,1,1839.8200700283,1847.77192091942,1
379,"super",48.1167171024203,-1.88328289757968,3.76348370228103,-0.547044759342107,48.6637618617624,40.740424589546,55.4930096152946,41.2874693488881,56.0400543746367,1,1,0,1,1829.49966311455,1837.3942489624,1
380,"super",51.4385061803928,1.43850618039282,3.59855082862308,-1.87709710762962,53.3156032880224,44.3854761597548,58.4915362010308,46.2625732673844,60.3686333086604,1,1,0,1,1844.63248300552,1852.52716803551,1
381,"super",50.2805958250387,0.280595825038723,3.27721432147827,-2.58935034956301,52.8699461746017,43.8573737853224,56.703817864755,46.4467241348855,59.293168214318,1,1,0,1,1836.53281807899,1844.11782884598,1
382,"super",50.4215592074638,0.421559207463794,3.56533741095628,-3.43818225151409,53.8597414589779,43.4336262892562,57.4094921256714,46.8718085407703,60.8476743771855,1,1,0,1,1848.56883978844,1856.3588218689,1
383,"super",49.9914025317939,-0.00859746820606233,3.6526241844209,-4.00727638611021,53.9986789179041,42.832390681269,57.1504143823189,46.8396670673792,61.1576907684291,1,1,0,1,1841.14634895325,1849.16383981705,1
384,"super",50.6539938082689,0.653993808268872,3.38349301717573,-3.55049259600391,54.2044864042728,44.0224693526617,57.2855182638761,47.5729619486656,60.83601085988,1,1,0,1,1842.4855568409,1850.66085195541,1
385,"super",48.4344401261147,-1.56555987388535,3.28144628186602,-1.95712773861662,50.3915678647313,42.0029235964544,54.8659566557749,43.960051335071,56.8230843943915,1,1,0,1,1835.90894293785,1843.32085108757,1
386,"super",47.6770366081612,-2.32296339183883,3.69183303606296,-2.53403748544658,50.2110740936078,40.4411768205426,54.9128963957797,42.9752143059892,57.4469338812263,1,1,0,1,1798.55599308014,1806.13126587868,1
387,"super",51.8624558983858,1.86245589838575,3.1355851897468,-3.20004732695857,55.0625032253443,45.7168218560248,58.0080899407467,48.9168691829834,61.2081372677052,1,1,0,1,1797.14447808266,1804.9166431427,1
388,"super",47.3563845269,-2.64361547310003,3.55355686848869,-1.92931587248716,49.2857003993871,40.3915410476472,54.3212280061527,42.3208569201344,56.2505438786399,1,1,0,1,1796.23747301102,1803.96056008339,1
389,"super",46.4677784261858,-3.53222157381423,3.80548767179035,-1.8361920397239,48.3039704659097,39.0091596458655,53.926397206506,40.8453516855894,55.7625892462299,1,1,0,1,1797.73694705963,1805.65375089645,1
390,"super",44.7080350214919,-5.29196497850806,3.71891040677245,-3.06072761747214,47.7687626389641,37.4191045624867,51.9969654804972,40.4798321799589,55.0576930979693,1,1,0,1,1797.72606515884,1805.51953887939,1
391,"super",52.8186256178999,2.8186256178999,3.84188608208979,-2.91239265485974,55.7310182727596,45.2886672642982,60.3485839715016,48.201059919158,63.2609766263613,1,1,0,1,1797.3753900528,1805.27114295959,1
392,"super",47.5236477478269,-2.47635225217309,3.19683491288024,-2.521227111472,50.0448748592989,41.2579664540614,53.7893290415924,43.7791935655334,56.3105561530644,1,1,0,1,1803.38457107544,1810.90336298943,1
393,"super",46.695818495987,-3.30418150401303,3.26441044418662,-2.89434307849504,49.590161574482,40.2976915946248,53.0939453973491,43.1920346731198,55.9882884758442,1,1,0,1,1802.8421061039,1810.61330604553,1
394,"super",45.9800784791618,-4.01992152083822,3.99843914589991,-1.88730231232974,47.8673807914915,38.1432817588229,53.8168751995007,40.0305840711526,55.7041775118305,1,1,0,1,1798.21150302887,1805.872382164,1
395,"super",51.835916053313,1.83591605331299,3.65712189768886,-3.03740022826313,54.8733162815761,44.66808884677,59.0037432598559,47.7054890750332,62.0411434881191,1,1,0,1,1797.44204711914,1805.31542396545,1
396,"super",49.757688920493,-0.242311079507019,3.12723493182451,-2.46824346859609,52.2259323890891,43.6284210829214,55.8869567580646,46.0966645515174,58.3552002266607,1,1,0,1,1793.47549200058,1801.13813900948,1
397,"super",49.8002146801909,-0.199785319809145,3.5029353630914,-4.03348688298152,53.8337015631724,42.93458752836,56.6658418320217,46.9680744113415,60.6993287150033,1,1,0,1,1778.03507089615,1785.38821101189,1
398,"super",50.0428560361653,0.0428560361652544,3.53828864010093,-1.95241550074195,51.9952715369072,43.1079377346602,56.9777743376703,45.0603532354022,58.9301898384122,1,1,0,1,1779.97282290459,1787.45314002037,1
399,"super",51.7216179034717,1.72161790347172,3.4427320986537,-2.31124108108476,54.0328589845565,44.9739869816905,58.469248825253,47.2852280627752,60.7804899063377,1,1,0,1,1784.14473199844,1791.97440886497,1
400,"super",47.5040704568277,-2.4959295431723,3.69382812476998,-1.84242688407049,49.3464973408982,40.2643003671974,54.743840546458,42.1067272512679,56.5862674305285,1,1,0,1,1786.69265413284,1794.26508498192,1
401,"super",50.3802313711702,0.380231371170211,3.73737133056139,-2.90708738036307,53.2873187515333,43.0551181664174,57.7053445759231,45.9622055467804,60.6124319562861,1,1,0,1,1778.71471810341,1786.44079113007,1
402,"super",44.1816369978972,-5.81836300210282,3.67029571260699,-1.8960518583981,46.0776888562953,36.9879895885757,51.3752844072187,38.8840414469738,53.2713362656167,1,1,0,1,1777.35288882256,1784.97909593582,1
403,"super",47.031468421479,-2.96853157852101,3.7861226420968,-3.1997635424683,50.2312319639473,39.6108044019176,54.4521324410403,42.8105679443859,57.6518959835086,1,1,0,1,1781.82698607445,1789.37423181534,1
404,"super",48.7387097008727,-1.26129029912728,3.10973322239028,-2.39806633148912,51.1367760323618,42.6437445834601,54.8336748182854,45.0418109149492,57.2317411497745,1,1,0,1,1782.62457895279,1790.30684304237,1
405,"super",49.8343886182998,-0.165611381700153,3.20174824319451,-2.3553676030896,52.1897562213894,43.5590773740742,56.1096998625255,45.9144449771638,58.4650674656151,1,1,0,1,1778.90396404266,1787.08624720573,1
406,"super",47.954718377921,-2.04528162207904,3.72879575074818,-0.480915975731726,48.4356343536527,40.6464130007485,55.2630237550934,41.1273289764803,55.7439397308251,1,1,0,1,1781.96344995499,1789.84862303734,1
407,"super",48.4030038736112,-1.5969961263888,3.55407218848515,-3.39927743409273,51.8022813077039,41.4371503857248,55.3688573614975,44.8364278198176,58.7681347955903,1,1,0,1,1764.33970403671,1771.85728597641,1
408,"super",48.813843522563,-1.18615647743701,3.12772130689058,-2.01009836231711,50.8239418848801,42.6836224073789,54.9440646377471,44.693720769696,56.9541630000642,1,1,0,1,2097.70968413353,2105.4551949501,1
409,"super",50.5381175208983,0.538117520898254,3.82650329181746,-4.33437025351157,54.8724877744098,43.0383088822121,58.0379261595844,47.3726791357236,62.372296413096,1,1,0,1,2090.88318300247,2098.42842102051,1
410,"super",52.1849680185192,2.18496801851921,3.73782826891771,-4.51095232784778,56.695920346367,44.8589592310448,59.5109768059936,49.3699115588926,64.0219291338414,1,1,0,1,2090.4921579361,2098.06349682808,1
411,"super",55.6006270606597,5.60062706065967,3.55146005281613,-1.15015601386547,56.7507830745251,48.6398932646073,62.561360856712,49.7900492784728,63.7115168705775,1,1,0,1,2086.51256203651,2094.26693606377,1
412,"super",45.2289127097053,-4.77108729029468,3.40329940695691,-1.4386640906018,46.6675768003071,38.5585684434633,51.8992569759474,39.9972325340651,53.3379210665492,1,1,0,1,2093.82505607605,2101.30103492737,1
413,"super",46.584634703192,-3.41536529680803,3.5193707762092,-3.52496239202656,50.1095970952185,39.6867947335792,53.4824746728048,43.2117571256057,57.0074370648313,1,1,0,1,2100.68616890907,2108.29797315598,1
414,"super",55.8604284930036,5.86042849300357,3.21090675961636,-3.33410748331798,59.1945359763216,49.5671668864393,62.1536900995679,52.9012743697573,65.4877975828858,1,0,0,1,2111.20437407494,2118.79600405693,0
415,"super",48.1944338879786,-1.80556611202145,3.5136022438864,-3.85426186887063,52.0486957568492,41.3079000339621,55.080967741995,45.1621619028327,58.9352296108657,1,1,0,1,2099.10881090164,2106.79933691025,1
416,"super",47.5498736355796,-2.45012636442043,3.28395606084154,-2.56356647385059,50.1134401094302,41.1134380295181,53.986309241641,43.6770045033687,56.5498757154916,1,1,0,1,2083.48991012573,2091.07432293892,1
417,"super",47.6779574725547,-2.32204252744533,3.58095563805155,-1.81196975589007,49.4899272284447,40.659413391738,54.6965015533713,42.4713831476281,56.5084713092614,1,1,0,1,2090.02196907997,2097.66913986206,1
418,"super",43.4025528469624,-6.59744715303763,3.35372847546217,-2.44718117197284,45.8497340189352,36.8293658211301,49.9757398727946,39.276546993103,52.4229210447675,0,1,1,1,2095.14024305344,2102.62302899361,1
419,"super",50.6390175127527,0.63901751275268,3.5182130459881,-3.44679981967071,54.0858173324234,43.743446652677,57.5345883728283,47.1902464723477,60.981388192499,1,1,0,1,2050.71690988541,2059.292552948,1
420,"super",52.7329667638097,2.73296676380966,3.82527754983194,-3.7278626490971,56.4608294129068,45.2355605352694,60.2303729923499,48.9634231843665,63.958235641447,1,1,0,1,2050.51497006416,2058.95582079887,1
421,"super",49.7569853760661,-0.243014623933902,3.3551896504173,-3.52505745778954,53.2820428338556,43.1809344999467,56.3330362521855,46.7059919577362,59.8580937099751,1,1,0,1,2041.089220047,2049.81243419647,1
422,"super",50.0369992628099,0.0369992628098785,2.97168057473391,-2.4601698125793,52.4971690753892,44.2126123627741,55.8613861628456,46.6727821753534,58.3215559754249,1,1,0,1,2059.67747712135,2068.61629605293,1
423,"super",44.7775946330195,-5.22240536698054,3.15300078828801,-2.31520726942419,47.0928019024436,38.5978266447486,50.9573626212904,40.9130339141727,53.2725698907145,1,1,0,1,2048.48854589462,2057.27738881111,1
424,"super",52.6269048281938,2.62690482819376,3.56393974845878,-1.95096145632728,54.577866284521,45.6417112781438,59.6120983782437,47.5926727344711,61.563059834571,1,1,0,1,2042.89744520187,2051.73791193962,1
425,"super",54.0155251558431,4.01552515584306,3.80331322742531,-3.21894369579164,57.2344688516347,46.5611682081647,61.4698821035215,49.7801119039563,64.6888257993131,1,1,0,1,2049.88936901093,2058.47271490097,1
426,"super",44.1714984870571,-5.82850151294286,3.47702301352548,-1.83107868187783,46.002577168935,37.3566586071303,50.986338366984,39.1877372890081,52.8174170488618,1,1,0,1,2035.87395310402,2044.60458803177,1
427,"super",46.8246349069123,-3.1753650930877,3.73589906854089,-3.1396038878392,49.9642387947515,39.5024072826954,54.1468625311292,42.6420111705346,57.2864664189684,1,1,0,1,2052.15119290352,2060.81371998787,1
428,"super",42.8266069308055,-7.1733930691945,3.66437384377971,-2.3102832554972,45.1368901863027,35.6445661711067,50.0086476905043,37.9548494266039,52.3189309460015,1,1,0,1,2053.51094007492,2062.21719908714,1
429,"super",52.4763117322136,2.47631173221355,3.61701075477458,-2.40445358562034,54.8807653178339,45.3871009211613,59.5655225432658,47.7915545067817,61.9699761288861,1,1,0,1,2043.84675884247,2052.90010499954,1
430,"super",45.3236699637631,-4.67633003623687,3.23043237144915,-1.84270074027062,47.1663707040338,38.9921388612305,51.6552010662958,40.8348396015011,53.4979018065664,1,1,0,1,1906.02653694153,1914.49563193321,1
431,"super",54.591766097622,4.59176609762198,3.69346103744247,-2.11901384694409,56.7107799445661,47.3527154859328,61.8308167093112,49.4717293328769,63.9498305562553,1,1,0,1,1915.88289189339,1924.66094088554,1
432,"super",44.9821869320741,-5.01781306792585,3.75682261262369,-2.63428144285916,47.6164683749333,37.618949915026,52.3454239491223,40.2532313578852,54.9797053919814,1,1,0,1,1907.51713991165,1915.85469508171,1
433,"super",53.6989273503089,3.69892735030891,3.44215415987956,-2.27113917397975,55.9700665242887,46.9524291677102,60.4454255329076,49.22356834169,62.7165647068873,1,1,0,1,1911.4218621254,1919.94788098335,1
434,"super",51.9729673268159,1.97296732681594,3.67499443019809,-2.52426486415884,54.4972321909748,44.7701106002424,59.1758240533895,47.2943754644012,61.7000889175483,1,1,0,1,1900.09814190865,1908.3457660675,1
435,"super",56.6552133200257,6.65521332002572,3.72259546365016,-4.42652743330674,61.0817407533325,49.3590602822592,63.9513663577922,53.785587715566,68.377893791099,1,0,0,1,1903.90299010277,1912.17630815506,0
436,"super",51.5461825479629,1.54618254796291,3.90169853557128,-2.92717609867859,54.4733586466415,43.8989939397105,59.1933711562153,46.8261700383891,62.1205472548939,1,1,0,1,1904.31647610664,1912.69272994995,1
437,"super",44.0253888036811,-5.97461119631887,3.14422381642752,-3.34692035693807,47.3723091606192,37.8628233641501,50.1879542432122,41.2097437210882,53.5348746001502,1,1,0,1,1905.00875401497,1913.22021603584,1
438,"super",49.3459828424365,-0.654017157563487,3.53191773934086,-2.73925075897679,52.0852336014133,42.4235512769703,56.2684144079027,45.1628020359471,59.0076651668795,1,1,0,1,1911.75219798088,1919.82195878029,1
439,"super",42.0951411461658,-7.90485885383418,3.4976813390936,-1.17176539655762,43.2669065427234,35.2398116921445,48.9504706001871,36.4115770887022,50.1222359967447,0,1,1,1,1907.85755705833,1915.97761797905,1
440,"super",48.7796368934247,-1.22036310657529,3.07132414261965,-2.63814666424483,51.4177835576695,42.7599521890418,54.7993215978076,45.3980988532867,57.4374682620524,1,1,0,1,1908.71266889572,1917.27768802643,1
441,"super",43.9908880771823,-6.00911192281768,3.16462584449131,-1.04738720841363,45.038275285596,37.7883353974347,50.1934407569299,38.8357226058483,51.2408279653436,1,1,0,1,1872.26796507835,1880.43577980995,1
442,"super",44.5663558774759,-5.43364412252409,3.27356454473001,-3.56317002875147,48.1295259062274,38.1502872687378,50.982424486214,41.7134572974893,54.5455945149655,1,1,0,1,1877.35604214668,1885.17263507843,1
443,"super",51.552767767836,1.55276776783602,3.44556118652551,-3.46766997855833,55.0204377463943,44.7995919357169,58.3059435999551,48.2672619142753,61.7736135785134,1,1,0,1,1887.93250584602,1895.91673898697,1
444,"super",48.9846211746064,-1.0153788253936,3.45999585300586,-1.35798850525604,50.3426096798624,42.203153916057,55.7660884331558,43.561142421313,57.1240769384119,1,1,0,1,1882.4328110218,1890.45702195168,1
445,"super",51.6207192463362,1.62071924633619,3.6143954250151,-3.24716398014297,54.8678832264792,44.5366343874202,58.7048041052521,47.7837983675632,61.9519680853951,1,1,0,1,1876.52298593521,1884.65012192726,1
446,"super",54.4877955542381,4.48779555423805,3.65546519226509,-2.73915486570122,57.2269504199393,47.3232154306587,61.6523756778174,50.0623702963599,64.3915305435186,1,0,0,1,1877.78486609459,1885.73598384857,1
447,"super",43.1554287721529,-6.84457122784713,3.29126010282643,-0.532311151014476,43.6877399231673,36.7046775068595,49.6061800374463,37.2369886578739,50.1384911884608,0,1,1,1,1875.43711090088,1883.73281598091,1
448,"super",52.9353064412446,2.93530644124465,3.84333855984679,-3.4104595907076,56.3457660319522,45.4025012835509,60.4681115989384,48.8129608742585,63.878571189646,1,1,0,1,1882.68839097023,1890.34826207161,1
449,"super",52.5868207413069,2.58682074130685,3.71547632068478,-3.09055804526112,55.677378786568,45.3046209673533,59.8690205152604,48.3951790126144,62.9595785605215,1,1,0,1,1888.37965106964,1896.39677214622,1
450,"super",50.9043375143316,0.90433751433163,3.40905777575447,-2.86651972149829,53.7708572358299,44.2227070526367,57.5859679760266,47.0892267741349,60.4524876975249,1,1,0,1,1880.9731259346,1888.67900300026,1
451,"super",48.2064519552961,-1.79354804470386,2.85204181648118,-1.7250119988004,49.9314639540965,42.6165527125908,53.7963511980014,44.3415647113912,55.5213631968018,1,1,0,1,1885.69769501686,1893.86889219284,1
452,"super",54.0845387709685,4.08453877096854,3.75280025739528,-3.26332324164742,57.347862012616,46.7291854253012,61.4398921166359,49.9925086669486,64.7032153582833,1,1,0,1,1878.30636191368,1886.48306298256,1
453,"super",46.3930983496655,-3.60690165033453,3.55661813922045,-1.0168702746699,47.4099686243354,39.4222548900315,53.3639418092994,40.4391251647014,54.3808120839693,1,1,0,1,1882.47834086418,1890.08138298988,1
454,"super",50.5348803451393,0.534880345139307,3.63894821499559,-3.00006825741017,53.5349486025495,43.4026729021416,57.667087788137,46.4027411595518,60.6671560455471,1,1,0,1,1880.09480404854,1887.60448098183,1
455,"super",46.6435305565718,-3.35646944342823,3.20952993228143,-1.73086313574294,48.3743936923147,40.3529674819969,52.9340936311467,42.0838306177398,54.6649567668896,1,1,0,1,1870.78685688972,1878.68525886536,1
456,"super",48.8513700389456,-1.14862996105438,3.59192752655706,-2.27835974957148,51.1297297885171,41.8113214518158,55.8914186260755,44.0896812013872,58.169778375647,1,1,0,1,1882.09538006783,1889.74070382118,1
457,"super",45.8660586415127,-4.13394135848735,3.39550272769356,-3.46744536809369,49.3335040096063,39.2109955858258,52.5211216971995,42.6784409539194,55.9885670652932,1,1,0,1,1883.51436686516,1891.62634897232,1
458,"super",47.2021130483316,-2.79788695166839,3.64171194562293,-1.7818113123984,48.98392436073,40.0644887928414,54.3397373038218,41.8463001052398,56.1215486162202,1,1,0,1,1874.05487394333,1882.10678505898,1
459,"super",51.6011749892938,1.60117498929375,3.6460295126802,-2.78355387689134,54.3847288661851,44.4550884578704,58.7472615207171,47.2386423347618,61.5308153976084,1,1,0,1,1882.40596795082,1890.79091310501,1
460,"super",44.6224902561242,-5.37750974387577,3.57140223001418,-2.6953396827236,47.3178299388478,37.6226705109904,51.6223100012581,40.318010193714,54.3176496839817,1,1,0,1,1882.41265511513,1890.40447282791,1
461,"super",43.0297210628255,-6.97027893717452,3.86068659534791,-3.48452828535483,46.5142493481803,35.462914380347,50.5965277453039,38.9474426657018,54.0810560306588,1,1,0,1,1885.13215017319,1893.13751792908,1
462,"super",44.9553548174133,-5.04464518258671,3.54931310270142,-1.80695234150183,46.7623071589151,37.9988289662624,51.9118806685642,39.8057813077642,53.718833010066,1,1,0,1,1876.03245902061,1884.0182659626,1
463,"super",51.1112474889156,1.11124748891555,3.93530889855634,-1.62938620192311,52.7406336908387,43.3981837797051,58.824311198126,45.0275699816283,60.4536974000491,1,1,0,1,1879.57038211823,1887.25693893433,1
464,"super",51.252433731865,1.25243373186498,3.70336467302137,-1.85274522509457,53.1051789569596,43.9939723511251,58.5108951126048,45.8467175762197,60.3636403376994,1,1,0,1,1883.2441110611,1891.11169195175,1
465,"super",46.2775993790522,-3.72240062094781,3.48606357528634,-1.44537711116944,47.7229764902216,39.445040323674,53.1101584344304,40.8904174348435,54.5555355455998,1,1,0,1,1874.46621918678,1882.53853392601,1
466,"super",47.1945695503439,-2.80543044965607,3.61916679038721,-3.57173795401209,50.766307504356,40.1011329871416,54.2880061135463,43.6728709411537,57.8597440675584,1,1,0,1,1877.29632401466,1885.34182906151,1
467,"super",46.4656036609832,-3.53439633901684,3.38807913845422,-2.50090316918033,48.9665068301635,39.8250905728414,53.1061167491249,42.3259937420217,55.6070199183053,1,1,0,1,1876.94641685486,1885.22865986824,1
468,"super",51.0480465416603,1.04804654166034,3.54048457879878,-2.66386562044901,53.7119121621093,44.1088242793953,57.9872688039254,46.7726898998443,60.6511344243744,1,1,0,1,1879.14252519608,1887.18664479256,1
469,"super",47.1441031730507,-2.85589682694929,3.89099742085923,-2.74959996703521,49.8937031400859,39.5178883642284,54.770317981873,42.2674883312636,57.5199179489082,1,1,0,1,1887.45608711243,1895.29262804985,1
470,"super",51.292692309091,1.29269230909101,3.28591591020089,-2.15647162866066,53.4491639377517,44.8524154688701,57.7329691493119,47.0088870975308,59.8894407779726,1,1,0,1,1876.36045098305,1883.83510017395,1
471,"super",56.3174411856299,6.31744118562985,3.83811413685005,-3.16398347927345,59.4814246649033,48.7948757088497,63.84000666241,51.9588591881232,67.0039901416834,1,0,0,1,1876.89562797546,1884.93015980721,0
472,"super",50.7810608160429,0.78106081604291,3.48427447037166,-1.0799614635755,51.8610222796184,43.9520083418621,57.6101132902237,45.0319698054376,58.6900747537992,1,1,0,1,1879.34149193764,1886.81080889702,1
473,"super",44.4308342102945,-5.56916578970554,3.84350015328063,-0.950881641349021,45.3817158516435,36.8977123352903,51.9639560852987,37.8485939766393,52.9148377266477,1,1,0,1,1874.27333593369,1882.03759503365,1
474,"super",43.4743336941034,-6.52566630589661,3.24795798106054,-1.91165772538015,45.3859914194835,37.1084530279253,49.8402143602815,39.0201107533055,51.7518720856616,0,1,1,1,1890.8717019558,1899.18891096115,1
475,"super",48.52039271626,-1.47960728373995,3.3534356817839,-2.45281623008211,50.9732089463422,41.9477795554921,55.093005877028,44.4005957855742,57.5458221071101,1,1,0,1,1884.95126795769,1893.11437606812,1
476,"super",51.32277651001,1.32277651001,3.55783027748836,-2.39563407765628,53.7184105876663,44.3495573030267,58.2959957169933,46.7451913806829,60.6916297946496,1,1,0,1,1891.22326803207,1898.9367480278,1
477,"super",47.6359650439844,-2.36403495601557,3.14221451873935,-2.00091366044475,49.6368787044292,41.4773377555564,53.7945923324124,43.4782514160012,55.7955059928572,1,1,0,1,1885.31763410568,1893.26684713364,1
478,"super",51.358635414276,1.35863541427604,3.39539654481806,-3.04539121136283,54.4040266256389,44.7037804732009,58.0134903553512,47.7491716845637,61.058881566714,1,1,0,1,1894.47631788254,1902.51637792587,1
479,"super",50.0226892855693,0.0226892855692853,3.88275462508379,-2.66664604092474,52.689335326494,42.4126300595987,57.6327485115398,45.0792761005235,60.2993945524646,1,1,0,1,1889.39148902893,1897.39015507698,1
480,"super",47.1070536219529,-2.89294637804714,3.15657236108562,-3.56673729531438,50.6737909172672,40.9202854796305,53.2938217642752,44.4870227749449,56.8605590595896,1,1,0,1,1889.70234298706,1897.60633993149,1
481,"super",45.0041679156085,-4.99583208439154,3.46987143831637,-2.99608396190116,48.0002518775096,38.2033448655242,51.8049909656927,41.1994288274253,54.8010749275939,1,1,0,1,1895.7981030941,1903.60454583168,1
482,"super",51.3683746513613,1.36837465136127,3.57508670093459,-3.18968233408991,54.5580569854512,44.3613334759214,58.3754158268012,47.5510158100113,61.5650981608911,1,1,0,1,1894.83484888077,1902.62466692924,1
483,"super",46.5174486533647,-3.48255134663526,3.05595775603877,-1.54969517706776,48.0671438304325,40.5278815132529,52.5070157934766,42.0775766903207,54.0567109705443,1,1,0,1,1886.78977108002,1894.69728207588,1
484,"super",44.5370532722827,-5.46294672771728,3.12878490032868,-0.491241503496539,45.0282947757793,38.4047475522658,50.6693589922997,38.8959890557623,51.1606004957962,1,1,0,1,1885.02669215202,1892.9707930088,1
485,"super",44.4185331598107,-5.58146684018933,3.41003712222401,-2.82616297407643,47.2446961338871,37.734983214307,51.1020831053143,40.5611461883834,53.9282460793908,1,1,0,1,1881.40810799599,1889.27433609962,1
486,"super",51.135430308894,1.13543030889395,3.84646640998913,-2.35737167187632,53.4928019807703,43.5964946775722,58.6743659402157,45.9538663494485,61.031737612092,1,1,0,1,1888.19285488129,1896.01893496513,1
487,"super",49.5379091183865,-0.462090881613491,3.68967018845648,-2.26175212826256,51.7996612466491,42.3062884341807,56.7695298025923,44.5680405624433,59.0312819308549,1,1,0,1,1891.71535801888,1900.0875210762,1
488,"super",51.228484929961,1.22848492996104,3.89773409905082,-3.30473953295032,54.5332244629114,43.5890664745078,58.8679033854143,46.8938060074581,62.1726429183646,1,1,0,1,1881.3860719204,1889.14891290665,1
489,"super",47.6591760983059,-2.34082390169408,3.38660471559258,-1.94417655851388,49.6033526568198,41.021552825871,54.2967993707409,42.9657293843848,56.2409759292548,1,1,0,1,1889.88979506493,1898.02273392677,1
490,"super",51.5742929933804,1.57429299338042,3.3608336607679,-3.4941204020631,55.0684133954435,44.9871800602454,58.1614059265154,48.4813004623085,61.6555263285785,1,1,0,1,1881.01198220253,1889.01972699165,1
491,"super",50.377493771298,0.377493771298049,3.23809071363709,-2.5622020298153,52.9396958011133,44.0309525938958,56.7240349487003,46.593154623711,59.2862369785156,1,1,0,1,1863.7976770401,1871.83143901825,1
492,"super",48.209872763734,-1.790127236266,3.73120676456825,-1.98973430854814,50.1996070722821,40.896841886308,55.52290364116,42.8865761948562,57.5126379497081,1,1,0,1,1878.48865795135,1886.12444400787,1
493,"super",51.4851218866767,1.48512188667673,3.44251028708617,-3.8272899673591,55.3124118540358,44.7379257075792,58.2323180657743,48.5652156749383,62.0596080331334,1,1,0,1,1892.12857985497,1900.26433420181,1
494,"super",49.9746498364319,-0.0253501635681062,3.66060295309403,-2.77918865017202,52.7538384866039,42.7999998866666,57.1492997861971,45.5791885368387,59.9284884363692,1,1,0,1,1877.16691613197,1884.78437185287,1
495,"super",51.2951615734006,1.29516157340064,3.68745194306584,-0.895913903749033,52.1910754771497,44.0678885702694,58.5224345765319,44.9638024740184,59.418348480281,1,1,0,1,1876.72677206993,1884.78349089622,1
496,"super",46.2482984447239,-3.75170155527613,3.30617743529059,-1.8222018310771,48.070500275801,39.7683097450553,52.7282871443924,41.5905115761324,54.5504889754695,1,1,0,1,1208.48979592323,1213.70263290405,1
497,"super",48.4758293337192,-1.52417066628078,3.7961943897931,-3.20425667746622,51.6800860111854,41.0354250514117,55.9162336160267,44.239681728878,59.1204902934929,1,1,0,1,1211.63397312164,1218.57687115669,1
498,"super",47.322009229414,-2.67799077058597,3.85269313220293,-3.97677344473483,51.2987826741489,39.7708694468115,54.8731490120166,43.7476428915463,58.8499224567514,1,1,0,1,1213.00630903244,1220.8931479454,1
499,"super",52.0025586945809,2.00255869458094,3.39982965132635,-2.36643074443464,54.3689894390156,45.3390150244099,58.666102364752,47.7054457688446,61.0325331091866,1,1,0,1,1224.32449579239,1232.60612106323,1
500,"super",53.0389777278141,3.03897772781406,3.48351430548424,-1.71401375210989,54.752991479924,46.2114151494349,59.8665403061932,47.9254289015448,61.5805540583031,1,1,0,1,1219.13222312927,1227.64381885529,1
