"replicate","Estimator","estimate","bias","bootstrap_se","bootstrap_bias","bc_estimate","ci_lower","ci_upper","bc_ci_lower","bc_ci_upper","covered_true_95","covered_true_95_bc","reject_h0_effect","reject_h0_null","bootstrap_time_sec","replicate_time_sec","covered_mc_mean_95"
1,"xgboost",40.7653238830566,-9.23467611694336,3.98629799298519,-1.55727607183837,42.322599954895,32.9523233851614,48.5783243809519,34.5095994569997,50.1356004527903,0,1,1,1,11.5215361118317,11.6674559116364,1
2,"xgboost",39.302954284668,-10.697045715332,4.01937350736585,-1.33765802157592,40.6406123062439,31.4251269698165,47.1807815995195,32.7627849913924,48.5184396210954,0,0,1,1,11.407879114151,11.5580298900604,1
3,"xgboost",45.0386383209229,-4.96136167907714,3.73530448516763,-0.520581743911748,45.5592200648346,37.7175760587034,52.3597005831423,38.2381578026151,52.8802823270541,1,1,0,1,11.6803932189941,11.8299930095673,1
4,"xgboost",44.267178642273,-5.73282135772704,3.74211307306462,0.441886710433948,43.825291931839,36.9327717929898,51.6015854915561,36.4908850825558,51.1596987811222,1,1,0,1,11.5463929176331,11.6959240436554,1
5,"xgboost",49.6643354034424,-0.335664596557613,3.556558408232,-4.3986768228302,54.0630122262726,42.6936090143946,56.6350617924902,47.0922858372248,61.0337386153204,1,1,0,1,11.7166650295258,11.8597059249878,1
6,"xgboost",49.6560095748901,-0.34399042510988,3.60299132850674,-1.49704851889799,51.1530580937881,42.5942763344068,56.7177428153735,44.0913248533048,58.2147913342715,1,1,0,1,11.5955309867859,11.7376801967621,1
7,"xgboost",43.3957830963135,-6.60421690368653,3.93881305263424,1.74031892851259,41.6554641678009,35.6758513713141,51.1157148213128,33.9355324428015,49.3753958928003,1,0,0,1,11.5363640785217,11.6840360164642,1
8,"xgboost",51.2954881362915,1.2954881362915,4.29690474096938,-0.698931540601244,51.9944196768927,42.8737095989921,59.7172666735909,43.5726411395934,60.4161982141921,1,1,0,1,11.8111689090729,11.9551410675049,1
9,"xgboost",41.8680706100464,-8.13192938995362,3.53645868172903,-0.138850176116939,42.0069207861633,34.9367389610435,48.7994022590493,35.0755891371604,48.9382524351662,0,0,1,1,11.5634000301361,11.7081351280212,1
10,"xgboost",46.5155070114136,-3.48449298858642,4.05543080740716,-1.11737415899659,47.6328811704102,38.5670086871014,54.4640053357258,39.6843828460979,55.5813794947224,1,1,0,1,11.7037589550018,11.848580121994,1
11,"xgboost",36.2019161682129,-13.7980838317871,3.78281622859346,1.43225712820436,34.7696590400085,28.7877326000361,43.6160997363897,27.3554754718317,42.1838426081853,0,0,1,1,11.4851379394531,11.6324360370636,0
12,"xgboost",46.3687843399048,-3.63121566009521,3.8518179297074,-1.51621507487489,47.8849994147797,38.8193599226726,53.9182087571369,40.3355749975475,55.4344238320118,1,1,0,1,27.4907531738281,27.5399551391602,1
13,"xgboost",44.6134907073975,-5.38650929260253,4.11487947110324,1.14777359027862,43.4657171171188,36.5484751433119,52.678506271483,35.4007015530333,51.5307326812044,1,1,0,1,29.0766780376434,29.1330890655518,1
14,"xgboost",47.8657621688843,-2.13423783111572,3.81801238494631,-0.420727293168071,48.2864894620524,40.3825954018616,55.3489289359069,40.8033226950297,55.769656229075,1,1,0,1,28.655503988266,28.695198059082,1
15,"xgboost",42.4400958328247,-7.55990416717528,3.88926175686997,-0.169109000579844,42.6092048334046,34.8172828629106,50.0629088027388,34.9863918634904,50.2320178033187,1,1,0,1,28.3598780632019,28.410383939743,1
16,"xgboost",51.8941287918091,1.8941287918091,4.18875292292656,-1.52800852291109,53.4221373147202,43.6843239227362,60.103933660882,45.2123324456472,61.6319421837931,1,1,0,1,27.439689874649,27.4932270050049,1
17,"xgboost",51.5899287567139,1.58992875671387,4.48569989110616,-4.9867188863678,56.5766476430817,42.7981185246906,60.3817389887372,47.7848374110583,65.368457875105,1,1,0,1,27.381413936615,27.4411849975586,1
18,"xgboost",44.6325862426758,-5.36741375732422,3.58577960963696,1.09361089012146,43.5389753525543,37.6045873512893,51.6605851340623,36.5109764611678,50.5669742439408,1,1,0,1,29.0112581253052,29.063542842865,1
19,"xgboost",49.733976234436,-0.266023765563958,4.39632200741978,-1.55999053026581,51.2939667647019,41.1173434354525,58.3506090334196,42.6773339657183,59.9105995636855,1,1,0,1,28.458468914032,28.5195209980011,1
20,"xgboost",39.8934068984985,-10.1065931015015,4.03359443914839,1.17545135360718,38.7179555448914,31.9877070695266,47.7991067274704,30.8122557159195,46.6236553738632,0,0,1,1,28.9146988391876,28.949266910553,1
21,"xgboost",43.7886560974121,-6.21134390258789,3.11747784829647,1.21191303266907,42.576743064743,37.6785117921496,49.8988004026746,36.4665987594805,48.6868873700056,0,0,1,1,28.8827521800995,28.9520111083984,1
22,"xgboost",44.0776087265015,-5.92239127349853,3.98985978758314,-1.71766867200881,45.7952773985103,36.2576272394739,51.897590213529,37.9752959114827,53.6152588855379,1,1,0,1,29.0581960678101,29.1112899780273,1
23,"xgboost",44.0219254379273,-5.97807456207275,3.63469675623162,0.561437029251096,43.4604884086762,36.8980507009887,51.1458001748658,36.3366136717376,50.5843631456147,1,1,0,1,27.4154751300812,27.5245070457458,1
24,"xgboost",49.8768787689209,-0.123121231079104,3.97874064155568,-4.45920079751587,54.3360795664368,42.078690407646,57.6750671301958,46.5378912051618,62.1342679277117,1,1,0,1,28.461333990097,28.5607471466064,1
25,"xgboost",43.7769288864136,-6.22307111358642,4.09816538583599,-2.58497554006482,46.3619044264784,35.7446723274863,51.8091854453408,38.3296478675512,54.3941609854056,1,1,0,1,27.1722571849823,27.2489860057831,1
26,"xgboost",46.0298765792847,-3.97012342071534,3.89248598269233,-2.29130148617553,48.3211780654602,38.4007442428807,53.6590089156886,40.6920457290562,55.9503104018642,1,1,0,1,28.1729080677032,28.2741560935974,1
27,"xgboost",42.9971945495605,-7.00280545043946,3.74532208516032,0.0908549444427535,42.9063396051178,35.6564981521439,50.3378909469772,35.5656432077011,50.2470360025345,1,1,0,1,28.1145348548889,28.2146718502045,1
28,"xgboost",52.1493651275635,2.1493651275635,3.95303955689877,-1.22158458491518,53.3709497124787,44.4015499665797,59.8971802885473,45.6231345514949,61.1187648734624,1,1,0,1,26.938206911087,27.0467000007629,1
29,"xgboost",53.7264276256561,3.72642762565613,4.03478090355138,-1.93632912926102,55.6627567549171,45.8184023691854,61.6344528821268,47.7547314984465,63.5707820113878,1,1,0,1,27.3360829353333,27.4485070705414,1
30,"xgboost",41.0318179016113,-8.96818209838867,3.46851396141035,1.4154309690857,39.6163869325256,34.2336554573727,47.82998034585,32.818224488287,46.4145493767643,0,0,1,1,27.0350210666656,27.1440119743347,1
31,"xgboost",52.8258093185425,2.82580931854247,3.58624688161185,-2.87200491567992,55.6978142342224,45.7968945909142,59.8547240461708,48.6688995065941,62.7267289618507,1,1,0,1,28.3281328678131,28.4416108131409,1
32,"xgboost",52.0814029159546,2.08140291595456,3.94850090944279,-2.32322838601681,54.4046313019714,44.342483340523,59.8203224913861,46.6657117265398,62.1435508774029,1,1,0,1,27.8192870616913,27.9160089492798,1
33,"xgboost",47.8494709777832,-2.15052902221679,4.11597025018791,-1.12846521430969,48.9779361920929,39.7823175259766,55.9166244295898,40.9107827402863,57.0450896438995,1,1,0,1,28.4401321411133,28.5499699115753,1
34,"xgboost",45.0523784103394,-4.94762158966065,4.08545015968917,-0.0832912936859103,45.1356697040253,37.0450432367152,53.0597135839635,37.1283345304011,53.1430048776494,1,1,0,1,25.8102679252625,25.9205410480499,1
35,"xgboost",46.9880845108032,-3.01191548919677,3.9178985401915,1.95429283618545,45.0337916746178,39.3091444769458,54.6670245446606,37.3548516407604,52.7127317084752,1,1,0,1,25.1808741092682,25.2577769756317,1
36,"xgboost",46.2465259933472,-3.75347400665284,4.42972913959457,-1.90750934027862,48.1540353336258,37.5644164184742,54.9286355682201,39.4719257587528,56.8361449084987,1,1,0,1,23.532299041748,23.6533977985382,1
37,"xgboost",53.4601575469971,3.46015754699709,4.03233012367727,-2.03769313880922,55.4978506858063,45.5569357308137,61.3633793631805,47.5946288696229,63.4010725019897,1,1,0,1,26.9778320789337,27.0723829269409,1
38,"xgboost",41.5701680221558,-8.42983197784424,4.27266915648163,-0.186455918167113,41.7566239403229,33.1958903575966,49.9444456867149,33.3823462757638,50.130901604882,0,1,1,1,26.1268639564514,26.231372833252,1
39,"xgboost",46.2823847579956,-3.71761524200439,4.01662897534193,2.23653782893371,44.0458469290619,38.4099366270654,54.1548328889258,36.1733987981317,51.9182950599921,1,1,0,1,24.1963369846344,24.3026700019836,1
40,"xgboost",48.1688539810181,-1.83114601898193,3.44433512403657,-2.5558605465088,50.7247145275269,41.4180811872201,54.919626774816,43.9739417337289,57.4754873213248,1,1,0,1,26.9477350711823,27.0836749076843,1
41,"xgboost",48.6208556365967,-1.37914436340333,4.19033919339503,-0.12239226393126,48.7432479005279,40.4079417345358,56.8337695386575,40.530333998467,56.9561618025888,1,1,0,1,25.8886229991913,25.957927942276,1
42,"xgboost",46.1618994064331,-3.83810059356691,4.1593539466691,-1.43724130065917,47.5991407070923,38.0097154720071,54.3140833408591,39.4469567726663,55.7513246415182,1,1,0,1,24.3013191223145,24.4134809970856,1
43,"xgboost",51.6365062408447,1.63650624084474,3.60849863033938,0.343690025054919,51.2928162157898,44.5639788871174,58.709033594572,44.2202888620625,58.3653435695171,1,1,0,1,27.1247498989105,27.2509179115295,1
44,"xgboost",50.7479363899231,0.747936389923098,4.32486974903342,-2.99009645409942,53.7380328440225,42.2713474439908,59.2245253358554,45.2614438980902,62.2146217899548,1,1,0,1,26.568391084671,26.6363039016724,1
45,"xgboost",47.7765836181641,-2.22341638183595,3.835959967119,-2.70383272830199,50.480416346466,40.2582402364734,55.2949269998548,42.9620729647753,57.9987597281567,1,1,0,1,21.5471458435059,21.8597111701965,1
46,"xgboost",47.2575215911865,-2.74247840881348,3.67772316575232,-2.79640635063171,50.0539279418182,40.0493166412033,54.4657265411697,42.8457229918351,57.2621328918014,1,1,0,1,22.1471879482269,22.5433540344238,1
47,"xgboost",41.756553237915,-8.24344676208496,3.85726135919451,-1.43409867659069,43.1906519145057,34.1964598949358,49.3166465808943,35.6305585715265,50.750745257485,0,1,1,1,23.0308301448822,23.4372370243073,1
48,"xgboost",46.2222528610229,-3.77774713897706,3.98468369678783,-2.3881514580078,48.6104043190307,38.4124163255349,54.032089396511,40.8005677835427,56.4202408545188,1,1,0,1,22.1486120223999,22.2530391216278,1
49,"xgboost",52.1177141571045,2.11771415710449,4.07222150864761,-0.388995826559061,52.5067099836635,44.1363066630858,60.0991216511232,44.5253024896449,60.4881174776822,1,1,0,1,23.4739170074463,23.8345379829407,1
50,"xgboost",49.6997096176147,-0.300290382385263,3.7365829333072,-0.341099786392206,50.0408094040069,42.3761416430856,57.0232775921439,42.7172414294778,57.3643773785361,1,1,0,1,22.0691831111908,22.1443040370941,1
51,"xgboost",46.8362677154541,-3.16373228454591,3.69344330527785,-2.68159903956603,49.5178667550201,39.5972518581689,54.0752835727393,42.278850897735,56.7568826123053,1,1,0,1,22.656121969223,22.8087549209595,1
52,"xgboost",45.0554966812134,-4.94450331878662,4.29602485248906,1.39090277133942,43.664593909874,36.6354426936458,53.4755506687809,35.2445399223064,52.0846478974415,1,1,0,1,23.7680399417877,24.1462459564209,1
53,"xgboost",44.8843034133911,-5.11569658660887,4.11210292322546,-1.66388326872303,46.5481866821142,36.8247297831474,52.9438770436349,38.4886130518704,54.6077603123579,1,1,0,1,23.5286138057709,23.855856180191,1
54,"xgboost",39.7886704177857,-10.2113295822143,3.75695247782705,1.19594592240905,38.5927244953766,32.4251788696161,47.1521619659552,31.2292329472071,45.9562160435461,0,0,1,1,24.1834990978241,24.3493750095367,1
55,"xgboost",41.4325314254761,-8.56746857452394,4.14602072813828,-0.441965486633293,41.8744969121094,33.3064801191685,49.5585827317836,33.7484456058018,50.0005482184169,0,1,1,1,21.368870973587,21.5207750797272,1
56,"xgboost",39.2341629333496,-10.7658370666504,3.67147003696731,1.85423964855956,37.37992328479,32.0382138905757,46.4301119761235,30.1839742420162,44.5758723275639,0,0,1,1,20.6524188518524,20.8049030303955,1
57,"xgboost",53.9566165390015,3.95661653900145,3.99296245422825,-2.36873727235411,56.3253538113556,46.1305539370934,61.7826791409095,48.4992912094475,64.1514164132636,1,1,0,1,20.8361132144928,21.0998151302338,1
58,"xgboost",45.6833194732666,-4.31668052673339,3.8486256130407,1.31879589761351,44.3645235756531,38.1401518817285,53.2264870648048,36.821355984115,51.9076911671913,1,1,0,1,21.6781260967255,21.876405954361,1
59,"xgboost",48.586511428833,-1.41348857116699,3.60229592391812,0.293105976486203,48.2934054523468,41.5261411562981,55.646881701368,41.2330351798119,55.3537757248818,1,1,0,1,21.124086856842,21.3300411701202,1
60,"xgboost",48.3758511505127,-1.62414884948733,3.72549766451052,-2.49988671791073,50.8757378684234,41.074009903584,55.6776923974414,43.5738966214947,58.1775791153521,1,1,0,1,21.7967529296875,22.0379800796509,1
61,"xgboost",54.5389266052246,4.53892660522461,3.86040439844992,-3.3346327640686,57.8735593692932,46.9726730185028,62.1051801919465,50.3073057825714,65.4398129560151,1,0,0,1,21.3642508983612,21.5972530841827,0
62,"xgboost",49.046659362793,-0.953340637207042,4.00576163249383,1.15799830592347,47.8886610568695,41.1955108324527,56.8978078931332,40.0375125265292,55.7398095872098,1,1,0,1,23.1850888729095,23.3364660739899,1
63,"xgboost",44.6888894577026,-5.31111054229737,3.48323224902128,2.50368654185487,42.1852029158478,37.8618796998325,51.5158992155728,35.3581931579776,49.0122126737179,1,0,0,1,22.8794589042664,23.0896279811859,1
64,"xgboost",45.384356338501,-4.61564366149903,4.20089110757452,1.21943186122895,44.164924477272,37.1507610646803,53.6179516123216,35.9313292034514,52.3985197510927,1,1,0,1,20.6082451343536,20.7599890232086,1
65,"xgboost",51.1000324401856,1.10003244018555,3.71660371143461,-0.81562872953797,51.9156611697235,43.8156230209658,58.3844418594053,44.6312517505038,59.2000705889432,1,1,0,1,22.1048550605774,22.2153160572052,1
66,"xgboost",44.165232006073,-5.83476799392699,3.96426265724236,-3.37355132405855,47.5387833301316,36.3954199726209,51.9350440395251,39.7689712966795,55.3085953635836,1,1,0,1,21.6701419353485,21.7542870044708,1
67,"xgboost",41.7346918792725,-8.26530812072754,3.89338092724747,1.05294553846741,40.6817463408051,34.1038054837723,49.3655782747727,33.0508599453049,48.3126327363053,0,0,1,1,22.8199779987335,22.8928480148315,1
68,"xgboost",41.7675799102783,-8.23242008972168,3.54129230922746,-1.60372942388916,43.3713093341675,34.8267745254638,48.7083852950928,36.430503949353,50.312114718982,0,1,1,1,24.6863338947296,24.8022241592407,1
69,"xgboost",46.2719623336792,-3.7280376663208,4.01403904237951,-4.27745232486343,50.5494146585426,38.4045903780777,54.1393342892807,42.6820427029411,58.4167866141441,1,1,0,1,24.3122611045837,24.5022540092468,1
70,"xgboost",44.1061222763061,-5.89387772369385,3.64421625691942,2.53726328846741,41.5688589878387,36.9635896608687,51.2486548917436,34.4263263724013,48.7113916032761,1,0,0,1,24.2526559829712,24.4092810153961,1
71,"xgboost",43.5981897506714,-6.40181024932862,3.66025679222735,-1.79484185029602,45.3930316009674,36.4242182637377,50.7721612376051,38.2190601140337,52.5670030879011,1,1,0,1,24.2405281066895,24.3434069156647,1
72,"xgboost",40.3794706344605,-9.62052936553953,3.53697232971505,0.75495730232236,39.6245133321381,33.4471322539043,47.3118090150167,32.6921749515819,46.5568517126943,0,0,1,1,25.2428529262543,25.3580238819122,1
73,"xgboost",45.7956712799072,-4.20432872009275,3.84661424492697,-1.06332061907961,46.8589918989869,38.2564458974317,53.3348966623828,39.3197665165113,54.3982172814625,1,1,0,1,25.8031091690063,25.9111380577087,1
74,"xgboost",42.7827099075317,-7.21729009246826,3.66120513105292,-1.50647090962219,44.2891808171539,35.6068797106548,49.9585401044087,37.113350620277,51.4650110140309,0,1,1,1,24.4756500720978,24.6250879764557,1
75,"xgboost",54.8029991397858,4.80299913978577,3.60649906027162,-5.06187833779025,59.864877477576,47.7343908713759,61.8716074081957,52.7962692091661,66.9334857459859,1,0,0,1,23.5288639068604,23.6446261405945,0
76,"xgboost",45.7709718856812,-4.22902811431884,3.97306134370383,-0.350627816535955,46.1215997022171,37.9839147436533,53.558029027709,38.3345425601893,53.9086568442449,1,1,0,1,25.2008221149445,25.4599008560181,1
77,"xgboost",49.8475594100952,-0.152440589904778,3.78691113639112,0.262105221359242,49.585454188736,42.425349970115,57.2697688500755,42.1632447487557,57.0076636287162,1,1,0,1,24.3963627815247,24.5551550388336,1
78,"xgboost",49.5628199996948,-0.43718000030519,4.16363351215368,-0.964797257621754,50.5276172573166,41.4022482710496,57.72339172834,42.3670455286713,58.6881889859618,1,1,0,1,23.6918749809265,23.7524039745331,1
79,"xgboost",46.3068134841919,-3.6931865158081,4.17133516663238,0.498462265182489,45.8083512190094,38.1311467901471,54.4824801782367,37.6326845249646,53.9840179130543,1,1,0,1,23.3209140300751,23.4396770000458,1
80,"xgboost",50.4762620887756,0.47626208877562,4.02853653638218,-3.3212214751129,53.7974835638885,42.5804755670628,58.3720486104884,45.9016970421757,61.6932700856013,1,1,0,1,23.8411288261414,23.9346737861633,1
81,"xgboost",45.7745234375,-4.2254765625,4.09874336158521,-2.07566993962097,47.850193377121,37.7411340669204,53.8079128080796,39.8168040065413,55.8835827477006,1,1,0,1,21.8567500114441,21.9794828891754,1
82,"xgboost",46.5886243896484,-3.41137561035156,3.64325504818632,1.19466974485778,45.3939546447907,39.4479757087095,53.7292730705874,38.2533059638517,52.5346033257296,1,1,0,1,21.2387421131134,21.3039488792419,1
83,"xgboost",40.2651293487549,-9.73487065124512,3.79145887816147,-0.133579938781736,40.3987092875366,32.8340064986938,47.696252198816,32.9675864374755,47.8298321375977,0,0,1,1,23.3051631450653,23.6122839450836,1
84,"xgboost",50.5653391113281,0.565339111328115,3.6957876179328,-2.12026869056701,52.6856078018951,43.3217284856708,57.8089497369855,45.4419971762378,59.9292184275525,1,1,0,1,22.5649609565735,22.6393961906433,1
85,"xgboost",51.5459092330933,1.54590923309327,3.95478173604631,-1.340452493042,52.8863617261353,43.7946794637257,59.2971390024608,45.1351319567677,60.6375914955028,1,1,0,1,23.6054661273956,23.7532489299774,1
86,"xgboost",37.4255639266968,-12.5744360733032,4.30928084732361,1.16013139289856,36.2654325337982,28.9795286666743,45.8715991867193,27.8193972737757,44.7114677938207,0,0,1,1,21.8308851718903,21.914379119873,0
87,"xgboost",51.2300122451782,1.23001224517823,3.5721597240678,1.45537695331573,49.7746352918625,44.2287078389808,58.2313166513757,42.7733308856651,56.7759396980599,1,1,0,1,22.3498451709747,22.461706161499,1
88,"xgboost",43.7447664108276,-6.25523358917237,3.64608529942787,0.407062233795173,43.3377041770325,36.5985705393881,50.8909622822672,36.1915083055929,50.483900048472,1,1,0,1,23.6925220489502,23.7908530235291,1
89,"xgboost",54.5686927947998,4.5686927947998,3.34774321788709,-1.74721440441894,56.3159071992187,48.0072366582529,61.1301489313467,49.7544510626718,62.8773633357657,1,1,0,1,22.0594780445099,22.1761829853058,0
90,"xgboost",45.1352423095703,-4.8647576904297,3.82795627094643,0.364228567077646,44.7710137424927,37.632585884121,52.6378987350196,37.2683573170434,52.2736701679419,1,1,0,1,21.5022490024567,21.6633310317993,1
91,"xgboost",47.3340513534546,-2.6659486465454,4.02120620942606,0.205386138336173,47.1286652151184,39.4526320085707,55.2154706983385,39.2472458702345,55.0100845600023,1,1,0,1,21.5953299999237,21.7250959873199,1
92,"xgboost",43.6197381973267,-6.38026180267335,3.75627411840279,-1.25247976544189,44.8722179627685,36.2575762091973,50.9819001854561,37.5100559746391,52.2343799508979,1,1,0,1,21.0770618915558,21.1919031143188,1
93,"xgboost",46.3617355575562,-3.63826444244385,3.91152007314766,0.514025184555052,45.8477103730011,38.6952970893813,54.028174025731,38.1812719048262,53.514148841176,1,1,0,1,20.7836260795593,20.8911139965057,1
94,"xgboost",49.3707713470459,-0.629228652954097,3.85246394238292,2.45568225533771,46.9150890917082,41.8200807682362,56.9214619258556,39.3643985128985,54.4657796705179,1,1,0,1,21.4888570308685,21.6181380748749,1
95,"xgboost",45.2649087371826,-4.73509126281739,3.89962017677142,0.738180369155891,44.5267283680267,37.6217936373249,52.9080238370403,36.883613268169,52.1698434678844,1,1,0,1,22.7256610393524,22.8380811214447,1
96,"xgboost",46.2193413696289,-3.78065863037109,3.64227444044733,2.18138872302245,44.0379526466065,39.0806146445414,53.3580680947165,36.8992259215189,51.176679371694,1,1,0,1,22.2172718048096,22.3792970180511,1
97,"xgboost",46.6669931564331,-3.33300684356692,3.93281739580127,-0.466232955467198,47.1332261119003,38.95881270289,54.3751736099762,39.4250456583572,54.8414065654434,1,1,0,1,21.5756189823151,21.6890480518341,1
98,"xgboost",49.0284732131958,-0.971526786804205,3.96284649002328,0.831767636535652,48.1967055766601,41.2614368164892,56.7955096099024,40.4296691799535,55.9637419733667,1,1,0,1,20.9863049983978,21.0990600585938,1
99,"xgboost",48.8869936904907,-1.11300630950928,4.04325328820585,-1.77334382580566,50.6603375162964,40.9623628652341,56.8116245157473,42.7357066910398,58.584968341553,1,1,0,1,22.234277009964,22.3123698234558,1
100,"xgboost",43.9818497543335,-6.01815024566654,3.64005042493273,-4.03055180554959,48.012401559883,36.8474820195556,51.1162174891113,40.8780338251052,55.1467692946609,1,1,0,1,25.7930221557617,25.9314489364624,1
101,"xgboost",41.2691671142578,-8.73083288574219,3.77191143011223,1.94321322454834,39.3259538897095,33.8763565583629,48.6619776701528,31.9331433338145,46.7187644456044,0,0,1,1,25.864727973938,25.9890930652618,1
102,"xgboost",41.0528786315918,-8.9471213684082,3.73121076781837,2.53660586036682,38.516272771225,33.7398399079398,48.3659173552438,31.2032340475729,45.829311494877,0,0,1,1,26.2459330558777,26.3267159461975,1
103,"xgboost",45.486884979248,-4.51311502075198,3.9335738296097,0.0876888020935311,45.3991961771545,37.7772219426837,53.1965480158123,37.6895331405902,53.1088592137188,1,1,0,1,25.8908081054688,25.9691700935364,1
104,"xgboost",47.6526742706299,-2.34732572937011,4.00343604188281,-1.01368292236329,48.6663571929932,39.80608381413,55.4992647271298,40.8197667364933,56.5129476494931,1,1,0,1,26.0086069107056,26.1605010032654,1
105,"xgboost",48.4536014328003,-1.5463985671997,3.51004834036934,-0.583582066818252,49.0371834996186,41.5740331016818,55.3331697639188,42.1576151685001,55.916751830737,1,1,0,1,25.0962960720062,25.2399060726166,1
106,"xgboost",44.0025327301025,-5.99746726989746,3.87631630064236,0.703207153427122,43.2993255766754,36.405092388158,51.5999730720471,35.7018852347309,50.89676591862,1,1,0,1,25.8277230262756,25.9169499874115,1
107,"xgboost",40.0555199813843,-9.94448001861572,3.99150813851383,1.61637649923706,38.4391434821472,32.2323077858987,47.8787321768699,30.6159312866616,46.2623556776328,0,0,1,1,26.0717298984528,26.1570460796356,1
108,"xgboost",47.1923899459839,-2.80761005401613,3.4840180819353,1.99080685771354,45.2015830882703,40.3638399839044,54.0209399080634,38.3730331261908,52.0301330503498,1,1,0,1,25.6042439937592,25.7058889865875,1
109,"xgboost",44.902925819397,-5.09707418060302,3.65584054645551,-1.27393416062928,46.1768599800263,37.737610015123,52.068241623671,39.0115441757522,53.3421757843003,1,1,0,1,25.1869330406189,25.2686848640442,1
110,"xgboost",41.5946398887634,-8.40536011123657,3.68880154552516,0.621063694274895,40.9735761944885,34.3647217134184,48.8245580641084,33.7436580191435,48.2034943698335,0,0,1,1,25.8567280769348,25.9594881534576,1
111,"xgboost",44.9032647018433,-5.09673529815674,4.0909944559404,-1.67654713575744,46.5798118376007,36.885062907247,52.9214664964395,38.5616100430045,54.5980136321969,1,1,0,1,27.9421169757843,28.0571658611298,1
112,"xgboost",45.5643723754883,-4.4356276245117,3.50729777865454,0.102615782989488,45.4617565924988,38.6901950462681,52.4385497047085,38.5875792632786,52.335933921719,1,1,0,1,26.0374290943146,26.0980839729309,1
113,"xgboost",45.6371895980835,-4.36281040191651,4.16984782407989,-0.331359267761222,45.9685488658447,37.4644380418742,53.8099411542928,37.7957973096354,54.141300422054,1,1,0,1,28.5997347831726,28.7044730186462,1
114,"xgboost",51.3663809967041,1.36638099670409,3.70042962045499,-1.79370467512511,53.1600856718292,44.1136722132871,58.6190897801211,45.9073768884122,60.4127944552462,1,1,0,1,26.3219261169434,26.3991780281067,1
115,"xgboost",46.2173013000488,-3.78269869995115,4.08524303372274,2.09293182513426,44.1243694749146,38.2103720858591,54.2242305142386,36.1174402607249,52.1312986891043,1,1,0,1,25.8066971302032,25.9197309017181,1
116,"xgboost",51.9792503585815,1.97925035858153,4.24892738685141,-2.76904973374175,54.7483000923233,43.6515057074269,60.3069950097362,46.4205554411686,63.0760447434779,1,1,0,1,26.1789901256561,26.2933280467987,1
117,"xgboost",37.0483312454224,-12.9516687545776,4.1873251307109,-0.989204501815806,38.0375357472382,28.8413247976695,45.2553376931752,29.8305292994853,46.244542194991,0,0,1,1,28.706020116806,28.7957110404968,0
118,"xgboost",37.0575043449402,-12.9424956550598,3.98763526232911,2.11323687815679,34.9442674667834,29.2418828472932,44.8731258425872,27.1286459691364,42.7598889644304,0,0,1,1,28.0142509937286,28.1378440856934,0
119,"xgboost",56.0197887077332,6.01978870773316,3.91405685038556,-2.23767648716546,58.2574651948986,48.3483782475352,63.6911991679311,50.5860547347006,65.9288756550966,1,0,0,1,26.7029631137848,26.7845070362091,0
120,"xgboost",48.1326989479065,-1.8673010520935,3.93563318146686,1.78125270914423,46.3514462387623,40.4189996558707,55.8463982399423,38.6377469467264,54.0651455307981,1,1,0,1,27.7438230514526,27.8697090148926,1
121,"xgboost",45.585560508728,-4.41443949127196,3.72605094149988,0.0336917955169582,45.5518687132111,38.2826348588267,52.8884861586294,38.2489430633098,52.8547943631124,1,1,0,1,28.0167148113251,28.1416430473328,1
122,"xgboost",50.3810767059326,0.381076705932607,4.16190108721805,-3.14644919586181,53.5275259017944,42.2239004677671,58.5382529440981,45.3703496636289,61.6847021399599,1,1,0,1,23.6419658660889,23.7996730804443,1
123,"xgboost",48.5902361984253,-1.4097638015747,3.67687647618912,-2.4921660879364,51.0824022863617,41.3836907294921,55.7967816673585,43.8758568174285,58.2889477552949,1,1,0,1,23.3997340202332,23.5221269130707,1
124,"xgboost",42.7831366271973,-7.21686337280274,3.62592052394356,0.0164856559448339,42.7666509712524,35.6764629894633,49.8898102649312,35.6599773335184,49.8733246089864,0,0,1,1,23.4357810020447,23.5972509384155,1
125,"xgboost",52.7751467285156,2.77514672851563,3.72034261295306,-1.63774667449952,54.4128934030151,45.483409196978,60.0668842600533,47.1211558714775,61.7046309345528,1,1,0,1,23.7120208740234,23.8314778804779,1
126,"xgboost",49.3939252090454,-0.606074790954594,4.06141938409393,-2.17817493241119,51.5721001414566,41.4336894901085,57.3541609279824,43.6118644225196,59.5323358603935,1,1,0,1,24.4343478679657,24.5117990970612,1
127,"xgboost",41.2177710571289,-8.78222894287109,3.6816620469729,1.0401645075531,40.1776065495758,34.001846041814,48.4336960724438,32.9616815342609,47.3935315648907,0,0,1,1,24.2737791538239,24.6214671134949,1
128,"xgboost",44.0871445083618,-5.91285549163818,4.22075399266441,-0.698772215240488,44.7859167236023,35.814618695136,52.3596703215877,36.5133909103764,53.0584425368282,1,1,0,1,23.7033989429474,23.8167309761047,1
129,"xgboost",40.1349864959717,-9.86501350402833,3.75335123071735,4.68861978627015,35.4463667097015,32.7785532624366,47.4914197295068,28.0899334761664,42.8027999432366,0,0,1,1,23.4327738285065,23.6034948825836,1
130,"xgboost",50.3782940597534,0.378294059753408,3.65725033697405,-0.305961723182669,50.6842557829361,43.2102151168373,57.5463730026695,43.51617684002,57.8523347258522,1,1,0,1,24.1427218914032,24.3277671337128,1
131,"xgboost",49.436198173523,-0.563801826477047,4.03199046724892,-2.26337463427735,51.6995728078003,41.5336420717062,57.3387542753397,43.7970167059836,59.602128909617,1,1,0,1,22.5149388313293,22.5936939716339,1
132,"xgboost",46.5911254425049,-3.40887455749512,4.01140287473928,-1.16454681404495,47.7556722565498,38.7289202805355,54.4533306044743,39.8934670945804,55.6178774185193,1,1,0,1,23.7495710849762,23.8575580120087,1
133,"xgboost",46.6253719787598,-3.37462802124023,3.75272012553075,-0.587653497592925,47.2130254763527,39.2701756886609,53.9805682688587,39.8578291862538,54.5682217664516,1,1,0,1,25.3087899684906,25.4491400718689,1
134,"xgboost",42.9263173294067,-7.07368267059327,3.7862608306981,-3.64626464772755e-05,42.9263537920532,35.5053824651638,50.3472521936497,35.5054189278102,50.3472886562962,1,1,0,1,25.3116600513458,25.5751349925995,1
135,"xgboost",46.4712292518616,-3.52877074813843,3.94083610798342,-0.833316456877043,47.3045457087386,38.7473324112391,54.1951260924841,39.5806488681161,55.0284425493611,1,1,0,1,23.6610951423645,23.9942479133606,1
136,"xgboost",50.3966419830323,0.396641983032261,3.70412281630163,-1.82764905148318,52.2242910345154,43.136694668768,57.6565892972965,44.9643437202512,59.4842383487797,1,1,0,1,23.4765281677246,23.703803062439,1
137,"xgboost",43.9251228713989,-6.07487712860107,4.10630519642778,-2.23516313180543,46.1602860032044,35.8769125768708,51.973333165927,38.1120757086763,54.2084962977325,1,1,0,1,25.8193778991699,26.0457890033722,1
138,"xgboost",49.4258300170898,-0.574169982910156,3.82473208671293,-1.6986084098053,51.1244384268951,41.9294928766178,56.9221671575619,43.6281012864231,58.6207755673672,1,1,0,1,25.0594980716705,25.2381150722504,1
139,"xgboost",48.64180493927,-1.35819506072998,3.7151193095884,-1.79189582643128,50.4337007657013,41.3603048942075,55.9233049843326,43.1522007206387,57.7152008107639,1,1,0,1,25.1272168159485,25.2537009716034,1
140,"xgboost",40.5829588623047,-9.41704113769531,3.79182560382691,-0.62888057831956,41.2118394406243,33.1511172431471,48.0148004814623,33.7799978214667,48.6436810597818,0,0,1,1,26.3988330364227,26.7501051425934,1
141,"xgboost",48.2191113510132,-1.78088864898682,3.97635927962977,-2.55097707421111,50.7700884252243,40.4255903733472,56.0126323286792,42.9765674475583,58.5636094028903,1,1,0,1,25.0677580833435,25.1734960079193,1
142,"xgboost",41.5764588623047,-8.42354113769529,4.43893325170903,2.27608178074644,39.3003770815583,32.8763095591777,50.2766081654317,30.6002277784313,48.0005263846853,1,0,0,1,24.9349739551544,25.1383059024811,1
143,"xgboost",43.8508228149414,-6.1491771850586,3.54092052952911,0.696173424537669,43.1546493904037,36.9107461049458,50.790899524937,36.2145726804082,50.0947261003993,1,1,0,1,25.098799943924,25.4078750610352,1
144,"xgboost",47.0239733276367,-2.97602667236328,3.72451246839431,-0.331037808387762,47.3550111360245,39.7240630296135,54.32388362566,40.0551008380013,54.6549214340477,1,1,0,1,27.3296020030975,27.6638238430023,1
145,"xgboost",53.6998049087524,3.69980490875245,4.07053734168616,-0.352005868469249,54.0518107772217,45.7216983213222,61.6779114961827,46.0737041897914,62.029917364652,1,1,0,1,27.619341135025,27.703460931778,1
146,"xgboost",50.0434634475708,0.043463447570808,3.80229511740417,-0.627673614807136,50.6711370623779,42.5911019588661,57.4958249362755,43.2187755736733,58.1234985510826,1,1,0,1,26.9275550842285,27.0210208892822,1
147,"xgboost",41.5147526168823,-8.48524738311768,3.77901945939825,-1.88185931742859,43.3966119343109,34.1080105795857,48.9214946541789,35.9898698970143,50.8033539716075,0,1,1,1,25.9721250534058,26.1070499420166,1
148,"xgboost",50.3546292495727,0.354629249572739,4.47819926796537,0.570916967311874,49.7837122822609,41.577519968767,59.1317385303785,41.0066030014551,58.5608215630666,1,1,0,1,27.7708640098572,27.910197019577,1
149,"xgboost",42.8226447906494,-7.17735520935058,4.09784911644532,0.513281363128655,42.3093634275208,34.7910081083373,50.8542814729615,34.2777267452087,50.3410001098329,1,1,0,1,27.2474131584167,27.4934020042419,1
150,"xgboost",45.7972347564697,-4.20276524353027,3.75162398525854,1.07249729505919,44.7247374614105,38.4441868618264,53.1502826511131,37.3716895667672,52.0777853560539,1,1,0,1,28.0109310150146,28.1323189735413,1
151,"xgboost",42.7809564285278,-7.21904357147216,3.49463056445759,1.52319790255356,41.2577585259743,35.9316063829181,49.6303064741376,34.4084084803645,48.107108571584,0,0,1,1,28.5867290496826,28.6692910194397,1
152,"xgboost",46.1936015853882,-3.80639841461182,3.81288845969436,-0.695814551498408,46.8894161368866,38.7204775273188,53.6667256434575,39.4162920788172,54.3625401949559,1,1,0,1,27.7123160362244,27.83393907547,1
153,"xgboost",51.2012253799438,1.20122537994385,3.95243640905093,-2.74064779232788,53.9418731722717,43.4545923670192,58.9478583928685,46.1952401593471,61.6885061851964,1,1,0,1,28.3565330505371,28.5038230419159,1
154,"xgboost",38.7214658889771,-11.2785341110229,3.74400793122401,3.37864718403625,35.3428187049408,31.3833451859457,46.0595865920084,28.0046980019094,42.6809394079722,0,0,1,1,28.2357361316681,28.3109729290009,0
155,"xgboost",48.0890152740479,-1.91098472595215,3.71659873425641,-0.923297798156739,49.0123130722046,40.8046156099181,55.3734149381776,41.7279134080749,56.2967127363343,1,1,0,1,22.2483661174774,22.3618879318237,1
156,"xgboost",48.5595301361084,-1.44046986389159,3.8515940566355,2.90046570450591,45.6590644316025,41.0105445020343,56.1085157701825,38.1100787975284,53.2080500656766,1,1,0,1,23.4794199466705,23.5866780281067,1
157,"xgboost",47.39506300354,-2.60493699645995,3.71168897105187,-2.66368128295136,50.0587442864914,40.1202862984638,54.6698397086162,42.7839675814152,57.3335209915676,1,1,0,1,24.2009119987488,24.3054511547089,1
158,"xgboost",42.2670272369385,-7.73297276306153,3.51909710545912,1.35130445632934,40.9157227806091,35.3697236521394,49.1643308217375,34.0184191958101,47.8130263654082,0,0,1,1,24.3191030025482,24.5349309444427,1
159,"xgboost",45.2355463943481,-4.76445360565186,3.66119868720319,-3.49193700988769,48.7274834042358,38.0597288271846,52.4113639615117,41.5516658370723,55.9033009713994,1,1,0,1,24.8119649887085,24.9270269870758,1
160,"xgboost",43.4117020874024,-6.58829791259764,4.01586760770419,-3.05388611486818,46.4655882022705,35.5407462096211,51.2826579651836,38.5946323244893,54.3365440800518,1,1,0,1,24.9456639289856,25.013927936554,1
161,"xgboost",48.1448991394043,-1.8551008605957,4.13829414238049,0.971267566574092,47.1736315728302,40.0339916629055,56.2558066159031,39.0627240963314,55.284539049329,1,1,0,1,24.1441950798035,24.2598559856415,1
162,"xgboost",44.9638509216309,-5.03614907836915,4.28180102365435,1.05748977774049,43.9063611438904,36.5716751263016,53.3560267169601,35.5141853485611,52.2985369392196,1,1,0,1,25.6192691326141,25.7689139842987,1
163,"xgboost",46.226646648407,-3.77335335159302,3.84538951816607,0.462750920673372,45.7638957277336,38.6898216862737,53.7634716105403,38.2270707656003,53.3007206898669,1,1,0,1,25.1610329151154,25.2453091144562,1
164,"xgboost",54.9450599517822,4.94505995178222,4.17386281718324,-1.73464659922027,56.6797065510025,46.7644391536922,63.1256807498723,48.4990857529124,64.8603273490925,1,1,0,1,22.9941170215607,23.1293590068817,0
165,"xgboost",54.5458441696167,4.5458441696167,4.10840026274692,1.0407519088974,53.5050922607193,46.4935276205578,62.5981607186756,45.4527757116604,61.5574088097782,1,1,0,1,25.3973069190979,25.5215239524841,0
166,"xgboost",46.1594738998413,-3.8405261001587,3.23981478744028,-2.34096728408813,48.5004411839294,39.8095535998781,52.5093941998045,42.1505208839662,54.8503614838927,1,1,0,1,21.3718311786652,21.5966680049896,1
167,"xgboost",36.7968613510132,-13.2031386489868,3.71993956760362,-1.23671383734131,38.0335751883545,29.5059137738446,44.0878089281818,30.7426276111859,45.3245227655231,0,0,1,1,20.6667881011963,20.8546969890594,0
168,"xgboost",46.8947306747437,-3.10526932525634,4.00957410906334,-1.3938945661316,48.2886252408753,39.0361098276352,54.7533515218521,40.4300043937668,56.1472460879837,1,1,0,1,25.7161209583282,25.8982429504395,1
169,"xgboost",47.49031690979,-2.50968309020997,4.15309292133611,1.64191251380921,45.8484043959808,39.350404359523,55.630229460057,37.7084918457138,53.9883169462478,1,1,0,1,22.1476609706879,22.2876350879669,1
170,"xgboost",39.1852322006226,-10.8147677993774,4.02187781532873,-1.53695994299317,40.7221921436157,31.3024965323576,47.0679678688875,32.8394564753508,48.6049278118807,0,0,1,1,20.8424520492554,20.918154001236,1
171,"xgboost",45.357243560791,-4.64275643920898,3.91177824759518,0.608062009429929,44.7491815513611,37.6902990799973,53.0241880415848,37.0822370705673,52.4161260321548,1,1,0,1,19.9872119426727,20.057226896286,1
172,"xgboost",46.9093400573731,-3.09065994262694,3.5154783776819,1.55205904144285,45.3572810159302,40.0191290486872,53.7995510660589,38.4670700072444,52.247492024616,1,1,0,1,25.2355461120605,25.3517510890961,1
173,"xgboost",52.1879810409546,2.1879810409546,3.58036511632536,-1.09949941230774,53.2874804532623,45.1705943614533,59.2053677204559,46.2700937737611,60.3048671327636,1,1,0,1,25.4533309936523,25.5719130039215,1
174,"xgboost",39.5471798629761,-10.4528201370239,3.92007242249147,2.31914301214599,37.2280368508301,31.8639790981041,47.230380627848,29.5448360859581,44.911237615702,0,0,1,1,20.9461801052094,21.0536801815033,1
175,"xgboost",44.4509235458374,-5.5490764541626,4.29500436833661,1.85131758432198,42.5996059615154,36.0328696704554,52.8689774212194,34.1815520861335,51.0176598368974,1,1,0,1,23.0435528755188,23.1977279186249,1
176,"xgboost",51.329095161438,1.32909516143799,3.72475054532364,-1.07411597602844,52.4032111374664,44.0287182412077,58.6294720816683,45.1028342172362,59.7035880576967,1,1,0,1,25.2971410751343,25.3966109752655,1
177,"xgboost",48.2424819869995,-1.75751801300049,3.94703388023281,-1.19551612792969,49.4379981149292,40.5064377359838,55.9785262380152,41.7019538639135,57.1740423659449,1,1,0,1,23.2152268886566,23.3877727985382,1
178,"xgboost",47.9531580810547,-2.04684191894531,4.07673000565337,-0.622861249288562,48.5760193303433,39.9629140952803,55.9434020668291,40.5857753445689,56.5662633161176,1,1,0,1,23.0300109386444,23.3280889987946,1
179,"xgboost",52.9208532562256,2.9208532562256,3.97769724007355,0.702381552330003,52.2184717038956,45.1247099242771,60.7169965881741,44.4223283719471,60.0146150358441,1,1,0,1,25.5996949672699,25.8832468986511,1
180,"xgboost",41.9989261779785,-8.0010738220215,3.64505324234941,-0.931643773956282,42.9305699519348,34.8547531012427,49.1430992547143,35.786396875199,50.0747430286706,0,1,1,1,24.2793951034546,24.4100589752197,1
181,"xgboost",42.5375030822754,-7.46249691772462,3.5031329890354,-1.78946897402953,44.3269720563049,35.6714885907118,49.4035175738389,37.4609575647414,51.1929865478685,0,1,1,1,24.897430896759,25.2478060722351,1
182,"xgboost",42.2205571212769,-7.77944287872315,3.84943821974154,0.936002664306642,41.2845544569702,34.6757968498715,49.7653173926822,33.7397941855648,48.8293147283756,0,0,1,1,24.0381348133087,24.1665749549866,1
183,"xgboost",40.6061585617065,-9.39384143829349,3.7020101380996,0.151603370819117,40.4545551908874,33.3503520206292,47.8619651027839,33.19874864981,47.7103617319648,0,0,1,1,24.9657969474792,25.0703530311584,1
184,"xgboost",43.6833057250977,-6.31669427490234,3.46588245807632,1.18486802655029,42.4984376985474,36.8903009326189,50.4763105175764,35.7054329060686,49.2914424910261,1,0,0,1,25.7750971317291,26.1610460281372,1
185,"xgboost",45.4745655899048,-4.52543441009524,3.71858912346559,-0.732379919570903,46.2069455094757,38.1862648346098,52.7628663451997,38.9186447541807,53.4952462647706,1,1,0,1,24.3421099185944,24.757169008255,1
186,"xgboost",44.2345247344971,-5.76547526550294,3.53495432955462,0.506533912551895,43.7279908219452,37.3061415615761,51.162907907418,36.7996076490242,50.6563739948662,1,1,0,1,21.6383590698242,21.9326779842377,1
187,"xgboost",53.0187513656616,3.01875136566163,3.6849790006966,-2.41007634423829,55.4288277098999,45.7963252405099,60.2411774908134,48.2064015847482,62.6512538350516,1,1,0,1,26.5309610366821,26.6571490764618,1
188,"xgboost",45.4476984176636,-4.55230158233641,3.92821939501772,0.461587400276173,44.9861110173874,37.7485298800571,53.14686695527,37.286942479781,52.6852795549939,1,1,0,1,24.2749259471893,24.3901529312134,1
189,"xgboost",45.3942428817749,-4.6057571182251,4.21839250312003,-0.695922849334714,46.0901657311096,37.1263455030059,53.6621402605439,37.8222683523406,54.3580631098786,1,1,0,1,23.8435659408569,23.9041700363159,1
190,"xgboost",41.9162920150757,-8.08370798492431,3.94772704036851,-1.32212631888581,43.2384183339615,34.1788891951585,49.6536948349929,35.5010155140443,50.9758211538787,0,1,1,1,24.881206035614,24.984377861023,1
191,"xgboost",44.9343799743652,-5.06562002563476,4.1277397594404,-0.863886059524539,45.7982660338898,36.844158708308,53.0246012404224,37.7080447678326,53.888487299947,1,1,0,1,26.5490100383759,26.6182079315186,1
192,"xgboost",47.0580283279419,-2.9419716720581,3.67789105715188,-0.196483559997567,47.2545118879395,39.8494943168623,54.2665623390215,40.0459778768599,54.4630458990191,1,1,0,1,27.3577589988708,27.4870798587799,1
193,"xgboost",46.9665594062805,-3.03344059371949,3.57093823351669,-1.44373698258971,48.4102963888702,39.9676490775707,53.9654697349903,41.4113860601604,55.40920671758,1,1,0,1,24.3205530643463,24.4080679416656,1
194,"xgboost",40.5456335144043,-9.45436648559571,3.51725110797056,2.47839579013062,38.0672377242737,33.6519480181984,47.4393190106102,31.1735522280678,44.9609232204796,0,0,1,1,30.4680850505829,30.5595710277557,1
195,"xgboost",45.3015440826416,-4.69845591735841,4.05867625925331,-2.77010679675292,48.0716508793945,37.3466847895974,53.2564033756858,40.1167915863503,56.0265101724387,1,1,0,1,30.3612499237061,30.4890580177307,1
196,"xgboost",51.945771446228,1.94577144622802,3.55289746912374,-4.18801921133422,56.1337906575622,44.982220365982,58.9093225264741,49.1702395773162,63.0973417378083,1,1,0,1,26.1080870628357,26.205775976181,1
197,"xgboost",51.6507889938354,1.65078899383544,3.84831800912875,-4.19358343968164,55.8443724335171,44.1082242948862,59.1933536927847,48.3018077345679,63.3869371324663,1,1,0,1,23.2714750766754,23.4216079711914,1
198,"xgboost",45.4688330383301,-4.53116696166993,3.8902258150488,-0.428828919921862,45.8976619582519,37.8441305491064,53.0935355275537,38.2729594690283,53.5223644474756,1,1,0,1,30.5157830715179,30.6368339061737,1
199,"xgboost",57.0017836456299,7.00178364562989,4.08037686353582,-1.33928976038201,58.3410734060119,49.0043919497492,64.9991753415106,50.3436817101312,66.3384651018926,1,0,0,1,22.9896290302277,23.152204990387,0
200,"xgboost",47.8190724716186,-2.18092752838135,4.14676255373962,-2.81718356487274,50.6362560364914,39.6915672138496,55.9465777293876,42.5087507787224,58.7637612942604,1,1,0,1,23.478926897049,23.5967929363251,1
201,"xgboost",51.3763063964844,1.37630639648439,3.95769118335291,-0.536515915300377,51.9128223117848,43.619374215181,59.1332385777878,44.1558901304814,59.6697544930882,1,1,0,1,24.8143379688263,25.014475107193,1
202,"xgboost",49.7856622543335,-0.214337745666498,3.76520762510124,-0.577363680068977,50.3630259344025,42.4059909148195,57.1653335938475,42.9833545948885,57.7426972739165,1,1,0,1,23.4109129905701,23.5430111885071,1
203,"xgboost",40.525117401123,-9.47488259887696,3.74405189538213,3.27889143634034,37.2462259647827,33.1869105299251,47.8633242723209,29.9080190935848,44.5844328359806,0,0,1,1,21.838928937912,21.9588849544525,1
204,"xgboost",43.1935463027954,-6.8064536972046,3.82510366424939,-0.654909873016344,43.8484561758117,35.6964808837344,50.6906117218564,36.3513907567507,51.3455215948727,1,1,0,1,22.1849451065063,22.3266649246216,1
205,"xgboost",48.0653920516968,-1.93460794830323,3.90089172571081,-3.40345525660705,51.4688473083038,40.4197847617133,55.7109993416802,43.8232400183203,59.1144545982873,1,1,0,1,29.4784829616547,29.6858420372009,1
206,"xgboost",36.6106851501465,-13.3893148498535,3.7586325155001,2.61572845869448,33.994956691452,29.2439007886451,43.9774695116478,26.6281723299506,41.3617410529534,0,0,1,1,28.7196609973907,28.8988199234009,0
207,"xgboost",47.2902503185272,-2.70974968147279,4.5890534140784,-0.824314516393656,48.1145648349209,38.295870903803,56.2846297332515,39.1201854201966,57.1089442496451,1,1,0,1,23.055321931839,23.1565999984741,1
208,"xgboost",38.8832352981567,-11.1167647018433,3.5304294466972,0.474313406829829,38.4089218913269,31.9637207326706,45.8027498636429,31.4894073258407,45.3284364568131,0,0,1,1,24.6297900676727,24.9464719295502,0
209,"xgboost",46.3335955886841,-3.66640441131591,4.03278590905829,3.20226540188597,43.1313301867981,38.4294804495692,54.237710727799,35.2272150476833,51.035445325913,1,1,0,1,27.3690900802612,27.6224880218506,1
210,"xgboost",43.8288233566284,-6.17117664337157,3.96014416813087,-0.571520177474994,44.4003435341034,36.0670834135056,51.5905632997513,36.6386035909806,52.1620834772263,1,1,0,1,22.0269091129303,22.2275469303131,1
211,"xgboost",46.9304553527832,-3.06954464721679,4.0892264239186,-3.8720362328148,50.802491585598,38.9157188372732,54.9451918682932,42.787755070088,58.817228101108,1,1,0,1,22.0758280754089,22.3026411533356,1
212,"xgboost",47.5287566814423,-2.47124331855773,4.25556667059209,0.0172305097501209,47.5115261716921,39.1879992732728,55.8695140896118,39.1707687635226,55.8522835798617,1,1,0,1,21.5560100078583,21.7709858417511,1
213,"xgboost",48.1500401000976,-1.84995989990235,3.7132846184161,-0.0843330598983698,48.234373159996,40.8721359836555,55.4279442165398,40.9564690435539,55.5122772764381,1,1,0,1,21.4088869094849,21.5774500370026,1
214,"xgboost",49.3352741928101,-0.664725807189939,4.35094292658251,-1.32588459323883,50.6611587860489,40.807582757919,57.8629656277011,42.1334673511579,59.1888502209399,1,1,0,1,20.6222639083862,20.7459218502045,1
215,"xgboost",39.3980472793579,-10.6019527206421,3.54384231468677,-0.194006597229006,39.5920538765869,32.4522439756828,46.343850583033,32.6462505729118,46.537857180262,0,0,1,1,21.0880808830261,21.2156949043274,1
216,"xgboost",41.9592563171387,-8.04074368286133,3.62404632237906,-1.00885144979858,42.9681077669372,34.8562560469709,49.0622565873065,35.8651074967695,50.071108037105,0,1,1,1,28.7421290874481,29.0270178318024,1
217,"xgboost",48.9002455444336,-1.0997544555664,3.36887276207041,-0.583525935607916,49.4837714800415,42.2973762622776,55.5031148265896,42.8809021978855,56.0866407621975,1,1,0,1,29.2441279888153,29.6157450675964,1
218,"xgboost",40.8253211669922,-9.17467883300781,3.93697439981111,1.23693340585708,39.5883877611351,33.1089931353062,48.5416491986782,31.8720597294491,47.3047157928211,0,0,1,1,22.615984916687,22.9515221118927,1
219,"xgboost",48.8798376770019,-1.12016232299806,4.01774902173976,-2.01784204145812,50.8976797184601,41.005194295471,56.7544810585329,43.0230363369291,58.772323099991,1,1,0,1,19.6051909923553,19.7817320823669,1
220,"xgboost",48.9954781494141,-1.00452185058595,4.17372081875822,-2.07705623719787,51.0725343866119,40.8151356631229,57.1758206357052,42.8921919003208,59.2528768729031,1,1,0,1,29.9273951053619,30.2925839424133,1
221,"xgboost",43.4396570053101,-6.56034299468994,4.26264283062455,-1.51543286807251,44.9550898733826,35.0850305783281,51.794283432292,36.6004634464006,53.3097163003646,1,1,0,1,22.4625940322876,22.5456318855286,1
222,"xgboost",42.652990020752,-7.34700997924804,3.69684267056093,-2.02649575157166,44.6794857723236,35.4073115299417,49.8986685115622,37.4338072815133,51.9251642631339,0,1,1,1,21.9329791069031,22.0569579601288,1
223,"xgboost",44.6136030654907,-5.38639693450928,4.08137788158455,1.83836764192581,42.7752354235649,36.6142494102866,52.6129567206948,34.7758817683608,50.774589078769,1,1,0,1,23.4760780334473,23.5575139522552,1
224,"xgboost",47.410217956543,-2.58978204345703,4.10990444341481,-0.683926140350344,48.0941440968933,39.3549532675488,55.4654826455371,40.0388794078992,56.1494087858875,1,1,0,1,22.2609028816223,22.3489849567413,1
225,"xgboost",50.3622032089233,0.362203208923333,4.233485680097,-0.44293989856719,50.8051431074905,42.0647237468672,58.6596826709795,42.5076636454343,59.1026225695467,1,1,0,1,21.802787065506,21.9208590984344,1
226,"xgboost",43.622411529541,-6.37758847045899,3.98641084203898,-0.368912452445983,43.991323981987,35.8091898515646,51.4356332075174,36.1781023040106,51.8045456599634,1,1,0,1,21.1395900249481,21.2121140956879,1
227,"xgboost",44.6496941604614,-5.35030583953857,3.66634926396618,0.303357885375974,44.3463362750855,37.4637816483428,51.8356066725801,37.1604237629668,51.5322487872041,1,1,0,1,30.9503290653229,31.0483200550079,1
228,"xgboost",41.6242621307373,-8.37573786926269,3.4997578814712,-0.417630126892099,42.0418922576294,34.7648627284436,48.4836615330311,35.1824928553357,48.9012916599232,0,0,1,1,30.7269809246063,30.8111951351166,1
229,"xgboost",51.090836517334,1.090836517334,3.7884846400007,1.23969821699141,49.8511383003426,43.6655430669494,58.5161299677186,42.425844849958,57.2764317507272,1,1,0,1,22.4813749790192,22.6856060028076,1
230,"xgboost",51.2837063674927,1.2837063674927,3.83951462667798,-2.09098966896345,53.3746960364562,43.7583959810891,58.8090167538963,45.8493856500526,60.9000064228597,1,1,0,1,22.3281450271606,22.3800339698792,1
231,"xgboost",40.6036774635315,-9.39632253646851,3.66045397731846,0.311419516766314,40.2922579467652,33.4293195009209,47.7780354261421,33.1178999841546,47.4666159093757,0,0,1,1,30.557569026947,30.674243927002,1
232,"xgboost",41.0338288955689,-8.96617110443114,3.96646405480184,-2.41855965452958,43.4523885500984,33.2597022021845,48.8079555889532,35.6782618567141,51.2265152434828,0,1,1,1,24.4737069606781,24.5637440681458,1
233,"xgboost",45.891724899292,-4.10827510070801,3.88435475874566,1.90818841482545,43.9835364844665,38.2785294689737,53.5049203296103,36.3703410541483,51.5967319147848,1,1,0,1,24.7288818359375,24.8960199356079,1
234,"xgboost",45.6885993270874,-4.31140067291259,3.64461273975015,-1.07637812034608,46.7649774474335,38.5452896195813,52.8319090345936,39.6216677399273,53.9082871549396,1,1,0,1,24.2183041572571,24.3200860023499,1
235,"xgboost",37.9579869384766,-12.0420130615234,3.54125172690471,0.348612913833612,37.609374024643,31.0172610935531,44.8987127834001,30.6686481797195,44.5500998695665,0,0,1,1,25.5539240837097,25.6181030273438,0
236,"xgboost",41.758589630127,-8.24141036987304,3.92581986843224,2.80619806631469,38.9523915638123,34.064124078208,49.4530551820459,31.2579260118933,46.6468571157312,0,0,1,1,23.3684918880463,23.463093996048,1
237,"xgboost",51.3383177108765,1.33831771087646,4.36016985030071,-0.686196150627133,52.0245138615036,42.7925418378097,59.8840935839433,43.4787379884368,60.5702897345704,1,1,0,1,22.5303230285645,22.7489449977875,1
238,"xgboost",44.4848868789673,-5.5151131210327,3.73359352296108,1.96015408464049,42.5247327943268,37.1671780410516,51.802595716883,35.2070239564111,49.8424416322425,1,0,0,1,29.1047120094299,29.2291450500488,1
239,"xgboost",46.493498260498,-3.50650173950196,4.26335449025087,-0.937769177593225,47.4312674380913,38.1374770062792,54.8495195147169,39.0752461838724,55.7872886923101,1,1,0,1,28.5638909339905,28.662474155426,1
240,"xgboost",51.2329482040405,1.23294820404052,4.03621024609509,-1.03846289912413,52.2714111031647,43.3221214876626,59.1437749204184,44.3605843867867,60.1822378195426,1,1,0,1,23.0191140174866,23.1621429920197,1
241,"xgboost",49.0383680801392,-0.961631919860835,3.98193453347819,-2.72974652435303,51.7681146044922,41.2339198057256,56.8428163545527,43.9636663300786,59.5725628789057,1,1,0,1,24.5013880729675,24.6532580852509,1
242,"xgboost",47.6600551300049,-2.33994486999512,3.60524098899578,1.1486663847046,46.5113887453003,40.5939126359856,54.7261976240242,39.445246251281,53.5775312393196,1,1,0,1,29.30433177948,29.4574978351593,1
243,"xgboost",51.7201882171631,1.72018821716307,3.6069599961844,0.663383191162126,51.0568050260009,44.6506765309649,58.7896999033612,43.9872933398028,58.1263167121991,1,1,0,1,23.7867410182953,23.8652310371399,1
244,"xgboost",38.5020889968872,-11.4979110031128,3.79896372079002,3.22522038015747,35.2768686167297,31.0562569255645,45.9479210682099,27.831036545407,42.7227006880525,0,0,1,1,25.0820269584656,25.1703069210052,0
245,"xgboost",47.5365400848389,-2.46345991516113,3.67754230481999,-1.03014437678528,48.5666844616241,40.3286896157693,54.7443905539085,41.3588339925545,55.7745349306938,1,1,0,1,21.0194988250732,21.0885889530182,1
246,"xgboost",43.9733320388794,-6.0266679611206,4.03176201800904,1.14709135431671,42.8262406845627,36.0712236893452,51.8754403884136,34.9241323350284,50.7283490340969,1,1,0,1,23.4422559738159,23.4983148574829,1
247,"xgboost",46.4340190658569,-3.56598093414307,3.73482706706039,0.71101465193177,45.7230044139252,39.1138925259332,53.7541456057807,38.4028778740014,53.0431309538489,1,1,0,1,23.955228805542,24.0738711357117,1
248,"xgboost",47.0586168823242,-2.94138311767578,3.36654540542332,1.14035121762085,45.9182656647034,40.4603091353757,53.6569246292727,39.3199579177549,52.5165734116519,1,1,0,1,23.3247489929199,23.5618817806244,1
249,"xgboost",55.1533657913208,5.1533657913208,3.74232408443314,-4.86791672006225,60.021282511383,47.818545367355,62.4881862152866,52.6864620874173,67.3561029353488,1,0,0,1,28.440357208252,28.5488858222961,0
250,"xgboost",48.3070796966553,-1.69292030334474,4.14752268658823,0.0177825143127563,48.2892971823425,40.1780846058795,56.436074787431,40.1603020915668,56.4182922731182,1,1,0,1,30.0032329559326,30.1079909801483,1
251,"xgboost",48.9588505706787,-1.04114942932127,3.7216622307533,-0.765029074234029,49.7238796449128,41.6645266357793,56.2531745055782,42.4295557100133,57.0182035798122,1,1,0,1,24.1229469776154,24.1869659423828,1
252,"xgboost",51.2117433242798,1.21174332427977,3.88153918147946,-2.42427902812194,53.6360223524017,43.604066323999,58.8194203245606,46.0283453521209,61.2436993526825,1,1,0,1,23.7150619029999,23.8192789554596,1
253,"xgboost",46.2626294708252,-3.73737052917481,3.8712848194355,-1.30321966098022,47.5658491318054,38.675050650835,53.8502082908154,39.9782703118152,55.1534279517956,1,1,0,1,27.9176049232483,28.0607018470764,1
254,"xgboost",50.9808650665283,0.98086506652831,3.62971750494866,-2.48026355802916,53.4611286245575,43.8667494827744,58.0949806502823,46.3470130408035,60.5752442083114,1,1,0,1,19.6742289066315,19.9307720661163,1
255,"xgboost",37.4875016479492,-12.5124983520508,3.91841943013785,2.94592175360108,34.5415798943481,29.8075406885571,45.1674626073414,26.861618934956,42.2215408537403,0,0,1,1,22.048779964447,22.1051309108734,0
256,"xgboost",47.5188164291382,-2.4811835708618,3.96792467887548,-2.97831982697298,50.4971362561112,39.7418269651746,55.2958058931018,42.7201467921476,58.2741257200748,1,1,0,1,20.9226429462433,21.0589950084686,1
257,"xgboost",46.4513264770508,-3.54867352294921,4.09765265246479,-2.78609019940187,49.2374166764527,38.4200748570648,54.4825780970368,41.2061650564666,57.2686682964387,1,1,0,1,20.009397983551,20.1139600276947,1
258,"xgboost",44.2545245666504,-5.74547543334961,4.25569982649691,2.44768134973145,41.8068432169189,35.9135061777031,52.5955429555977,33.4658248279716,50.1478616058662,1,1,0,1,21.1249589920044,21.2017641067505,1
259,"xgboost",46.4720152816772,-3.52798471832276,3.81356354894912,-2.96341511428069,49.4354303959579,38.9975680729822,53.9464624903723,41.9609831872629,56.909877604653,1,1,0,1,21.2211971282959,21.3549280166626,1
260,"xgboost",55.8986570663452,5.89865706634522,3.94218343298216,-2.08169076091767,57.9803478272629,48.1721195172497,63.6251946154407,50.2538102781674,65.7068853763584,1,0,0,1,28.8924911022186,29.0370390415192,0
261,"xgboost",47.3882596740723,-2.61174032592775,4.16498219745526,0.887632541770948,46.5006271323013,39.2250445708095,55.551474777335,38.3374120290385,54.6638422355641,1,1,0,1,28.7098870277405,28.8664419651031,1
262,"xgboost",45.7640888824463,-4.23591111755371,3.51781178497474,0.733911588119511,45.0301772943268,38.8693044795052,52.6588732853873,38.1353928913857,51.9249616972678,1,1,0,1,20.8358099460602,20.8933501243591,1
263,"xgboost",49.8240992431641,-0.175900756835944,4.10883822438846,0.863531293365483,48.9605679497986,41.7709243050612,57.8772741812669,40.9073930116957,57.0137428879015,1,1,0,1,21.292849779129,21.3837261199951,1
264,"xgboost",49.6858516998291,-0.314148300170878,3.56972022165226,1.40603096475218,48.2798207350769,42.6893286305064,56.6823747691519,41.2832976657542,55.2763438043997,1,1,0,1,29.5235240459442,29.669615983963,1
265,"xgboost",44.6619985580445,-5.33800144195555,4.03639931640965,0.351037905883771,44.3109606521607,36.7508012706594,52.5731958454295,36.3997633647757,52.2221579395457,1,1,0,1,22.0627210140228,22.3156290054321,1
266,"xgboost",49.754756652832,-0.245243347167978,3.81952954257491,-1.3979977244873,51.1527543773193,42.2686163114985,57.2408969941656,43.6666140359858,58.6388947186529,1,1,0,1,22.1611108779907,22.2513689994812,1
267,"xgboost",46.0776834564209,-3.92231654357911,3.65976161357762,-0.377570532714834,46.4552539891357,38.9046825018066,53.2506844110352,39.2822530345214,53.6282549437501,1,1,0,1,22.3876090049744,22.4865701198578,1
268,"xgboost",45.5533510437012,-4.44664895629883,3.86350932538659,-1.82866784745789,47.3820188911591,37.9810119120088,53.1256901753935,39.8096797594667,54.9543580228514,1,1,0,1,22.0176959037781,22.1163029670715,1
269,"xgboost",52.0834772567749,2.0834772567749,3.73087883993698,-4.3205860823946,56.4040633391695,44.7710890998158,59.395865413734,49.0916751822104,63.7164514961286,1,1,0,1,21.3967659473419,21.4798891544342,1
270,"xgboost",49.2663145675659,-0.733685432434086,3.6356079055634,-2.55533221580505,51.821646783371,42.1406540107526,56.3919751243793,44.6959862265576,58.9473073401843,1,1,0,1,23.2774081230164,23.5253810882568,1
271,"xgboost",47.4775614852905,-2.52243851470947,4.17516287106129,-1.21644239056397,48.6940038758545,39.2943926284216,55.6607303421595,40.5108350189855,56.8771727327235,1,1,0,1,30.2816050052643,30.3842148780823,1
272,"xgboost",48.8625270080566,-1.13747299194336,3.64368268978501,-0.955786627353667,49.8183136354103,41.721040164986,56.0040138511273,42.6768267923396,56.959800478481,1,1,0,1,29.697182893753,29.784451007843,1
273,"xgboost",47.1906855392456,-2.80931446075438,3.91014633818696,-4.76480670547487,51.9554922447205,39.526939542118,54.8544315363732,44.2917462475929,59.6192382418481,1,1,0,1,21.2098619937897,21.2676627635956,1
274,"xgboost",49.8480755233765,-0.151924476623527,3.72567554220924,-0.65482882972718,50.5029043531037,42.5458856425646,57.1502654041883,43.2007144722918,57.8050942339155,1,1,0,1,20.7769348621368,20.8631691932678,1
275,"xgboost",44.7897413330078,-5.21025866699217,3.72668695566879,-2.18587707025148,46.9756184032593,37.4855691182418,52.0939135477739,39.6714461884933,54.2797906180253,1,1,0,1,29.666323184967,29.8129150867462,1
276,"xgboost",45.8121535606384,-4.18784643936156,3.67207203996464,-1.47643604525376,47.2885896058922,38.6150246136712,53.0092825076057,40.091460658925,54.4857185528594,1,1,0,1,22.4468221664429,22.5557911396027,1
277,"xgboost",45.6527754745483,-4.34722452545165,4.42395820865336,1.81747319422912,43.8353022803192,36.9819767164774,54.3235742326193,35.1645035222483,52.5061010383902,1,1,0,1,21.3181960582733,21.3976128101349,1
278,"xgboost",41.247729675293,-8.75227032470703,4.25908748275901,-0.399603184906006,41.647332860199,32.90007160208,49.595387748506,33.299674786986,49.994990933412,0,0,1,1,21.5815348625183,21.7260098457336,1
279,"xgboost",45.6647403793335,-4.33525962066649,4.40571306504257,-0.887956667850986,46.5526970471845,37.0297014456325,54.2997793130345,37.9176581134835,55.1877359808855,1,1,0,1,22.4304370880127,22.4775741100311,1
280,"xgboost",45.8750670700073,-4.12493292999268,3.99615089623339,1.21687834069062,44.6581887293167,38.0427552366024,53.7073789034122,36.8258768959118,52.4905005627216,1,1,0,1,21.0405468940735,21.1133048534393,1
281,"xgboost",49.0548889160156,-0.945111083984372,3.90613120861637,-0.287841682434085,49.3427305984497,41.3990124282396,56.7107654037916,41.6868541106737,56.9986070862257,1,1,0,1,21.0725321769714,21.1913268566132,1
282,"xgboost",52.2756723365784,2.27567233657835,3.92255848446288,-2.07879760314177,54.3544699397201,44.5875989797791,59.9637456933776,46.6663965829209,62.0425432965194,1,1,0,1,26.4883110523224,26.6385159492493,1
283,"xgboost",45.7617018280029,-4.23829817199707,3.63652326302936,-0.0800628700408978,45.8417646980438,38.6342472035233,52.8891564524826,38.7143100735642,52.9692193225235,1,1,0,1,28.3754870891571,28.4671518802643,1
284,"xgboost",41.0879431915283,-8.91205680847168,3.52760259701276,0.815483276702885,40.2724599148254,34.1739691496134,48.0019172334433,33.3584858729105,47.1864339567404,0,0,1,1,21.37735414505,21.4917619228363,1
285,"xgboost",46.5984335021973,-3.40156649780275,3.8082555509243,-1.24719239015197,47.8456258923492,39.1343897784609,54.0624772259336,40.3815821686129,55.3096696160856,1,1,0,1,21.533460855484,21.6176280975342,1
286,"xgboost",41.3931794586181,-8.60682054138185,4.03050524309252,1.21917539627076,40.1740040623474,33.493534342657,49.2928245745793,32.2743589463862,48.0736491783086,0,0,1,1,28.0750198364258,28.274847984314,1
287,"xgboost",47.3865953598023,-2.61340464019775,4.17111385650564,0.69842150917053,46.6881738506317,39.2113624256352,55.5618282939693,38.5129409164647,54.8634067847987,1,1,0,1,20.9734401702881,21.0494999885559,1
288,"xgboost",47.377209640503,-2.62279035949705,3.9829060666519,-0.688584021171586,48.0657936616745,39.5708571960591,55.1835620849468,40.2594412172307,55.8721461061183,1,1,0,1,21.9433360099792,22.0263381004333,1
289,"xgboost",44.5587964782715,-5.4412035217285,3.41317964045777,-0.38407413002016,44.9428706082917,37.8690873102089,51.2485056463341,38.2531614402291,51.6325797763543,1,1,0,1,22.6969521045685,22.7390577793121,1
290,"xgboost",45.058556602478,-4.94144339752197,3.83600199121793,-2.96063589749146,48.0191924999695,37.540130855067,52.5769823498891,40.5007667525584,55.5376182473805,1,1,0,1,21.0035309791565,21.0948588848114,1
291,"xgboost",44.0052884407043,-5.99471155929567,3.71339040983347,0.532696634658826,43.4725918060455,36.7271769768943,51.2833999045144,36.1944803422355,50.7507032698555,1,1,0,1,22.2929759025574,22.3922028541565,1
292,"xgboost",46.4353723831177,-3.56462761688233,3.72950230724241,-0.790575575920101,47.2259479590378,39.1256821806635,53.7450625855718,39.9162577565836,54.5356381614919,1,1,0,1,19.8205721378326,19.9056768417358,1
293,"xgboost",35.6617643508911,-14.3382356491089,3.69296616104588,-1.41588090890503,37.0776452597961,28.423683679116,42.8998450226662,29.8395645880211,44.3157259315712,0,0,1,1,29.427001953125,29.6033129692078,0
294,"xgboost",43.2227216644287,-6.7772783355713,3.59352913571169,-0.587481037979117,43.8102027024078,36.1795339810385,50.265909347819,36.7670150190176,50.8533903857981,1,1,0,1,29.6101939678192,29.7457981109619,1
295,"xgboost",39.6824041442871,-10.3175958557129,3.7280152154224,-2.41794741960906,42.1003515638962,32.3756285882419,46.9891797003323,34.7935760078509,49.4071271199414,0,0,1,1,23.3814990520477,23.4432559013367,1
296,"xgboost",45.2573273925781,-4.74267260742187,4.47611134197631,2.08951173838806,43.1678156541901,36.4843103715133,54.0303444136429,34.3947986331253,51.9408326752549,1,1,0,1,22.0233020782471,22.1649980545044,1
297,"xgboost",53.6788301849365,3.67883018493653,4.46683691795219,-3.35608618119812,57.0349163661347,44.9239907009363,62.4336696689367,48.2800768821345,65.7897558501348,1,1,0,1,27.5462200641632,27.6503880023956,1
298,"xgboost",46.9198391876221,-3.08016081237793,4.00137585441508,0.935176568817141,45.9846626188049,39.0772866243603,54.7623917508838,38.1421100555432,53.8272151820667,1,1,0,1,22.6004090309143,22.6822290420532,1
299,"xgboost",43.2595898361206,-6.74041016387939,3.7290711145544,2.34591724317931,40.9136725929413,35.9507447558054,50.5684349164359,33.604827512626,48.2225176732566,1,0,0,1,22.0471749305725,22.1272070407867,1
300,"xgboost",42.9683114624024,-7.03168853759765,4.03264492453251,-0.289370212753305,43.2576816751557,35.0644726478804,50.8721502769243,35.3538428606337,51.1615204896776,1,1,0,1,23.2009110450745,23.3755650520325,1
301,"xgboost",45.5585992584228,-4.44140074157716,3.26422132573708,0.653915519241345,44.9046837391815,39.1608430224106,51.9563554944351,38.5069275031692,51.3024399751938,1,1,0,1,21.4471490383148,21.4937660694122,1
302,"xgboost",43.4240431976318,-6.57595680236816,3.60182680321677,1.85396761680603,41.5700755808258,36.3645923847759,50.4834940104877,34.5106247679699,48.6295263936817,1,0,0,1,22.1725478172302,22.2278640270233,1
303,"xgboost",44.2411837387085,-5.75881626129151,4.05279683243264,0.0384993275756855,44.2026844111328,36.2978479104825,52.1845195669345,36.2593485829068,52.1460202393588,1,1,0,1,22.4688370227814,22.6459040641785,1
304,"xgboost",42.3437352752686,-7.65626472473143,3.61780865522542,0.682248362487776,41.6614869127808,35.2529606080695,49.4345099424677,34.5707122455817,48.7522615799799,0,0,1,1,27.5310890674591,27.8795320987701,1
305,"xgboost",44.9022425613403,-5.09775743865968,4.29231170330255,-0.801664376369466,45.7039069377098,36.4894662124475,53.3150189102331,37.291130588817,54.1166832866026,1,1,0,1,29.9437808990479,30.1920549869537,1
306,"xgboost",37.798679107666,-12.201320892334,3.48509507246295,2.19879743391419,35.5998816737518,30.9680182829406,44.6293399323914,28.7692208490264,42.4305424984772,0,0,1,1,22.0896689891815,22.1823091506958,0
307,"xgboost",51.8979202270508,1.89792022705078,3.47309591873943,-0.189286618370048,52.0872068454208,45.0907773114685,58.7050631426331,45.2800639298385,58.8943497610031,1,1,0,1,22.1763141155243,22.286064863205,1
308,"xgboost",40.8074677963257,-9.19253220367432,3.63178682396775,-1.19748489712524,42.0049526934509,33.6892964218218,47.9256391708296,34.886781318947,49.1231240679548,0,0,1,1,30.1340029239655,30.4722368717194,1
309,"xgboost",37.6061977233887,-12.3938022766113,3.73008947149154,1.06238173980713,36.5438159835815,30.2953567001532,44.9170387466241,29.2329749603461,43.854657006817,0,0,1,1,19.3806278705597,19.5736079216003,0
310,"xgboost",46.7243671035767,-3.27563289642334,3.60080238353453,-1.01708585762024,47.7414529611969,39.666924116403,53.7818100907503,40.6840099740232,54.7988959483706,1,1,0,1,18.5782270431519,18.7548627853394,1
311,"xgboost",41.1583899841309,-8.84161001586914,3.50329619391422,-0.633501771591192,41.7918917557221,34.2920556168827,48.024724351379,34.9255573884739,48.6582261229702,0,0,1,1,18.7027242183685,18.7835900783539,1
312,"xgboost",49.5078515396118,-0.492148460388186,4.12501730683594,-0.839137219604488,50.3469887592163,41.422966182609,57.5927368966147,42.2621034022134,58.4318741162192,1,1,0,1,18.9202558994293,19.0105209350586,1
313,"xgboost",41.4047376022339,-8.59526239776612,3.67068775673545,0.201259748016362,41.2034778542175,34.2103218005403,48.5991534039275,34.0090620525239,48.3978936559111,0,0,1,1,18.6171729564667,18.8923268318176,1
314,"xgboost",46.0901606369019,-3.90983936309814,3.68865698159026,-0.156711555664067,46.2468721925659,38.8605258016627,53.319795472141,39.0172373573268,53.4765070278051,1,1,0,1,20.2810699939728,20.5223309993744,1
315,"xgboost",45.2462311096191,-4.75376889038086,3.57126106798758,-1.05719509536743,46.3034262049866,38.2466880369734,52.2457741822648,39.3038831323409,53.3029692776323,1,1,0,1,28.4082970619202,28.5632967948914,1
316,"xgboost",42.0048457641602,-7.99515423583985,4.01391269341696,-1.24552847871399,43.2503742428741,34.1377214479747,49.8719700803456,35.3832499266887,51.1174985590595,0,1,1,1,28.8652350902557,29.009115934372,1
317,"xgboost",46.4385433502197,-3.56145664978028,4.11057942061506,-4.47636111108398,50.9149044613037,38.3819557302227,54.4951309702168,42.8583168413067,58.9714920813007,1,1,0,1,19.7226791381836,19.797404050827,1
318,"xgboost",43.9138271179199,-6.08617288208008,3.89072550055583,-1.37829578870391,45.2921229066238,36.2881452630989,51.5395089727409,37.6664410518028,52.9178047614448,1,1,0,1,18.2318561077118,18.2992770671844,1
319,"xgboost",48.9806417922974,-1.01935820770264,3.71750455970059,-2.33744230264281,51.3180840949402,41.6944667429208,56.2668168416739,44.0319090455636,58.6042591443168,1,1,0,1,29.2100419998169,29.3561689853668,1
320,"xgboost",55.4757689208984,5.47576892089844,4.41881248968497,-2.67402173422241,58.1497906551209,46.8150555866801,64.1364822551168,49.4890773209025,66.8105039893392,1,1,0,1,19.6690640449524,19.7383530139923,0
321,"xgboost",47.427153503418,-2.57284649658202,3.86508738631158,-0.427751369478976,47.854904872897,39.8517214291472,55.0025855776887,40.2794727986262,55.4303369471677,1,1,0,1,19.8311951160431,19.9081611633301,1
322,"xgboost",45.9217358016968,-4.07826419830321,3.88564620124829,0.275175589401229,45.6465602122956,38.3060091905853,53.5374624128083,38.030833601184,53.2622868234071,1,1,0,1,22.0664038658142,22.1681399345398,1
323,"xgboost",47.5171590423584,-2.48284095764159,3.85454973211507,2.39622809576415,45.1209309465943,39.9623803907944,55.0719376939225,37.5661522950302,52.6757095981583,1,1,0,1,21.8240339756012,21.8913660049438,1
324,"xgboost",49.3539960250854,-0.646003974914578,3.96575001059158,-1.93418385443172,51.2881798795171,41.5812688326366,57.1267232175343,43.5154526870683,59.060907071966,1,1,0,1,20.0969438552856,20.1671431064606,1
325,"xgboost",48.837792930603,-1.16220706939697,3.73915044091293,-2.22261190319824,51.0604048338013,41.5091927336366,56.1663931275694,43.7318046368349,58.3890050307677,1,1,0,1,19.5680809020996,19.6526019573212,1
326,"xgboost",46.3246947937012,-3.67530520629882,3.94372179402138,-2.13568650877382,48.460381302475,38.5951421123736,54.0542474750288,40.7308286211474,56.1899339838026,1,1,0,1,28.39976811409,28.544490814209,1
327,"xgboost",44.1331364746094,-5.86686352539063,4.08067608468173,-0.569962729896538,44.7030992045059,36.1351583160593,52.1311146331595,36.7051210459558,52.701077363056,1,1,0,1,29.1736648082733,29.2918059825897,1
328,"xgboost",39.6835021362305,-10.3164978637695,3.90311295323742,0.93616381419374,38.7473383220367,32.0335413202934,47.3334629521676,31.0973775060996,46.3972991379738,0,0,1,1,20.6738531589508,20.7167179584503,1
329,"xgboost",45.4163578796387,-4.58364212036133,3.92603388422238,0.788529042205809,44.6278288374329,37.7214728644789,53.1112428947984,36.9329438222731,52.3227138525926,1,1,0,1,19.3503789901733,19.4160509109497,1
330,"xgboost",40.5707932128906,-9.42920678710938,3.84185607965953,-1.13740697872925,41.7082001916199,33.0408936629717,48.1006927628095,34.178300641701,49.2380997415388,0,0,1,1,29.2902958393097,29.417503118515,1
331,"xgboost",45.0198236160278,-4.98017638397216,4.13823433688661,-0.891678222671509,45.9115018386993,36.9090333561431,53.1306138759126,37.8007115788146,54.0222920985841,1,1,0,1,22.4271650314331,22.6128599643707,1
332,"xgboost",47.2552837600708,-2.7447162399292,4.07698142807579,-1.4367472887268,48.6920310487976,39.2645469954036,55.246020524738,40.7012942841304,56.6827678134648,1,1,0,1,22.0207161903381,22.1240282058716,1
333,"xgboost",44.2618669204712,-5.73813307952882,4.06427933938542,0.851851715301528,43.4100152051696,36.2960257921655,52.2277080487768,35.444174076864,51.3758563334753,1,1,0,1,23.3589820861816,23.4991359710693,1
334,"xgboost",45.5308073577881,-4.46919264221192,4.11650276135001,-2.54682480021668,48.0776321580048,37.4626102032824,53.5990045122938,40.009435003499,56.1458293125105,1,1,0,1,21.671756029129,21.735869884491,1
335,"xgboost",48.6235054321289,-1.3764945678711,4.1836462017729,-1.96350178193664,50.5870072140655,40.4237095525962,56.8233013116616,42.3872113345329,58.7868030935982,1,1,0,1,22.8154520988464,22.9277060031891,1
336,"xgboost",48.2949535713196,-1.70504642868043,3.99463117258354,-1.05505184667968,49.3500054179993,40.4656203415348,56.1242868011043,41.5206721882145,57.179338647784,1,1,0,1,22.002534866333,22.1332359313965,1
337,"xgboost",40.962533821106,-9.03746617889404,3.98826413720972,1.46898528880309,39.4935485323029,33.1456797513422,48.7793878908697,31.6766944625391,47.3104026020666,0,0,1,1,28.8334228992462,29.0029239654541,1
338,"xgboost",42.2898376083374,-7.71016239166259,4.00631164770679,-2.33578880841828,44.6256264167557,34.4376110679888,50.142064148686,36.773399876407,52.4778529571043,1,1,0,1,28.2637050151825,28.3661389350891,1
339,"xgboost",48.1293798217773,-1.87062017822265,3.97596946047458,-2.29856054296113,50.4279403647385,40.336622875616,55.9221367679387,42.6351834185771,58.2206973108998,1,1,0,1,22.5706119537354,22.6801800727844,1
340,"xgboost",47.2777739028931,-2.72222609710692,3.83823562749825,1.46377895568846,45.8139949472046,39.754970308818,54.8005774969681,38.2911913531296,53.3367985412797,1,1,0,1,23.1574680805206,23.3850898742676,1
341,"xgboost",51.0701358356476,1.07013583564758,4.54759822571919,-2.99904052272701,54.0691763583746,42.1570070970797,59.9832645742155,45.1560476198067,62.9823050969425,1,1,0,1,29.6249260902405,29.7647490501404,1
342,"xgboost",46.5209411468506,-3.47905885314942,3.74437026096654,-3.32413437882995,49.8450755256805,39.1821102905733,53.8597720031278,42.5062446694033,57.1839063819578,1,1,0,1,21.6638240814209,21.8040170669556,1
343,"xgboost",49.6244919815063,-0.375508018493655,4.25217773920595,0.611051002212527,49.0134409792938,41.2903767567997,57.958607206213,40.6793257545872,57.3475562040004,1,1,0,1,20.9481000900269,21.1047489643097,1
344,"xgboost",55.3988487892151,5.39884878921508,3.45633761335299,-2.00272224966621,57.4015710388813,48.6245515486321,62.1731460297981,50.6272737982983,64.1758682794643,1,0,0,1,23.9331240653992,24.0497658252716,0
345,"xgboost",44.3637518692017,-5.63624813079834,4.02539534386829,1.69082117584515,42.6729306933565,36.4741219716846,52.2533817667187,34.7833007958394,50.5625605908736,1,1,0,1,19.4508850574493,19.5082828998566,1
346,"xgboost",46.012161491394,-3.98783850860596,3.76191484799051,-0.970321691360468,46.9824831827545,38.6389438764262,53.3853791063619,39.6092655677866,54.3557007977224,1,1,0,1,20.0599129199982,20.1744089126587,1
347,"xgboost",45.3947592544556,-4.60524074554443,3.91359106851331,-1.74857950452304,47.1433387589786,37.7242617099519,53.0652567989593,39.4728412144749,54.8138363034823,1,1,0,1,21.6784188747406,21.7414679527283,1
348,"xgboost",44.9495985031128,-5.0504014968872,3.96880413873351,-2.5796561834259,47.5292546865387,37.1708853295016,52.728311676724,39.7505415129275,55.3079678601499,1,1,0,1,25.3520381450653,25.4872379302979,1
349,"xgboost",44.041183555603,-5.95881644439698,3.7576918444312,0.292397727386479,43.7487858282165,36.676242875518,51.4061242356881,36.3838451481315,51.1137265083016,1,1,0,1,27.2352249622345,27.3807229995728,1
350,"xgboost",45.4712199630737,-4.52878003692628,3.40632353252416,1.99082981816102,43.4803901449127,38.7949485196351,52.1474914065123,36.8041187014741,50.1566615883513,1,1,0,1,19.6865088939667,19.7784597873688,1
351,"xgboost",47.5533388671875,-2.44666113281249,4.3113953457434,-2.88676341806032,50.4401022852478,39.1031592664168,56.0035184679582,41.9899226844772,58.8902818860185,1,1,0,1,22.5657799243927,22.7398300170898,1
352,"xgboost",45.334165840149,-4.66583415985105,4.11663119574118,-0.397428576164266,45.7315944163132,37.2657169588622,53.4026147214357,37.6631455350264,53.8000432976,1,1,0,1,24.935781955719,25.0300381183624,1
353,"xgboost",45.4065336761475,-4.59346632385253,4.15015435184541,1.5081442040863,43.8983894720612,37.2723806162483,53.5406867360466,35.764236412162,52.0325425319603,1,1,0,1,22.789302110672,22.8639488220215,1
354,"xgboost",48.9468496017456,-1.0531503982544,3.67271548442403,-2.48557344258117,51.4324230443268,41.7484595268119,56.1452396766793,44.2340329693931,58.6308131192605,1,1,0,1,23.2730739116669,23.3924140930176,1
355,"xgboost",46.0776941375732,-3.92230586242676,3.98273166090725,-0.928958601394648,47.0066527389679,38.2716835221076,53.8837047530388,39.2006421235023,54.8126633544335,1,1,0,1,18.9307780265808,19.0928769111633,1
356,"xgboost",42.4204035110474,-7.57959648895264,3.47394327024087,-1.6014747225647,44.0218782336121,35.61159981704,49.2292072050548,37.2130745396046,50.8306819276195,0,1,1,1,21.4961268901825,21.6285190582275,1
357,"xgboost",42.7251289978027,-7.27487100219726,4.01317901544275,-1.53481203063966,44.2599410284424,34.859442664023,50.5908153315824,36.3942546946627,52.1256273622221,1,1,0,1,21.9264340400696,21.9933159351349,1
358,"xgboost",46.2603424301147,-3.73965756988525,3.55911881231823,-0.98189793197632,47.2422403620911,39.284597741272,53.2360871189574,40.2664956732484,54.2179850509338,1,1,0,1,22.7309122085571,22.8550820350647,1
359,"xgboost",45.9305288162231,-4.06947118377687,4.44585188587047,0.239388346780792,45.6911404694423,37.2168192393175,54.6442383931287,36.9774308925368,54.4048500463479,1,1,0,1,22.9109890460968,22.9929890632629,1
360,"xgboost",45.4177321929932,-4.58226780700684,4.00391790838591,1.70371124392701,43.7140209490661,37.5701972955018,53.2652670904845,35.8664860515748,51.5615558465575,1,1,0,1,22.5010631084442,22.5767679214478,1
361,"xgboost",49.6609196929932,-0.339080307006839,3.85380730657243,0.338281167755127,49.322638525238,42.1075961687539,57.2142432172324,41.7693150009988,56.8759620494773,1,1,0,1,23.7319579124451,23.9467928409576,1
362,"xgboost",47.3507043457031,-2.64929565429689,3.71940074799531,-0.518402590622884,47.869106936326,40.060812835561,54.6405958558453,40.5792154261838,55.1589984464681,1,1,0,1,22.2816331386566,22.3961510658264,1
363,"xgboost",52.2387476806641,2.23874768066406,4.79323192466192,-2.17456782550049,54.4133155061646,42.8441857387791,61.633309622549,45.0187535642796,63.8078774480495,1,1,0,1,22.7642390727997,22.8533811569214,1
364,"xgboost",45.6537189483643,-4.34628105163574,3.72295924527786,-1.53388344120788,47.1876023895721,38.3568529117092,52.9505849850193,39.8907363529171,54.4844684262272,1,1,0,1,20.9167020320892,21.0408530235291,1
365,"xgboost",40.9355219841003,-9.06447801589966,3.71704626870228,-2.48865449684143,43.4241764809418,33.6502451685749,48.2207987996258,36.1388996654163,50.7094532964672,0,1,1,1,23.1729619503021,23.3445661067963,1
366,"xgboost",47.7008199310303,-2.29918006896973,3.61809473874645,-2.24064371618653,49.9414636472168,40.6094845504334,54.7921553116272,42.8501282666199,57.0327990278137,1,1,0,1,21.5731430053711,21.6807100772858,1
367,"xgboost",47.9717284851074,-2.02827151489257,3.65932534573382,1.53895058732031,46.4327778977871,40.7995825997546,55.1438743704603,39.2606320124343,53.60492378314,1,1,0,1,19.9024538993835,20.0466139316559,1
368,"xgboost",45.1479539794922,-4.85204602050781,3.84336553328469,1.38871210411071,43.7592418753815,37.6150959548316,52.6808120041528,36.2263838507209,51.2920999000421,1,1,0,1,21.94296002388,22.2393288612366,1
369,"xgboost",45.9794148101807,-4.02058518981934,3.80259592724925,-0.142378898521422,46.1217937087021,38.5264637450134,53.4323658753479,38.6688426435349,53.5747447738693,1,1,0,1,19.3206470012665,19.4016170501709,1
370,"xgboost",47.6799629592895,-2.32003704071046,3.43763933387392,1.02078236948778,46.6591805898018,40.9423136730584,54.4176122455207,39.9215313035706,53.3968298760329,1,1,0,1,22.868350982666,22.955579996109,1
371,"xgboost",46.7591901397705,-3.24080986022949,3.97359452468963,-2.76034479582215,49.5195349355927,38.9710879822133,54.5472922973277,41.7314327780354,57.3076370931499,1,1,0,1,23.3370411396027,23.4225280284882,1
372,"xgboost",47.3276812820434,-2.67231871795656,3.42622978544871,0.360501884033226,46.9671793980102,40.6123942998056,54.0429682642813,40.2518924157723,53.6824663802481,1,1,0,1,21.9827561378479,22.0711441040039,1
373,"xgboost",43.6653466720581,-6.33465332794191,3.73783565046363,-2.90968037872313,46.5750270507812,36.3393234170195,50.9913699270966,39.2490037957427,53.9010503058198,1,1,0,1,21.4108188152313,21.4926500320435,1
374,"xgboost",52.259222114563,2.25922211456298,4.34648087750874,-3.73316322506713,55.9923853396301,43.7402761351538,60.7781680939722,47.4734393602209,64.5113313190393,1,1,0,1,22.6696779727936,22.8146409988403,1
375,"xgboost",45.1089956588745,-4.89100434112548,3.67603453590123,0.108625107688894,45.0003705511856,37.9041003625827,52.3138909551663,37.7954752548938,52.2052658474774,1,1,0,1,24.2913610935211,24.3915829658508,1
376,"xgboost",49.9430948181152,-0.0569051818847726,3.92997983583187,-0.21643267013549,50.1595274882507,42.2404758799161,57.6457137563143,42.4569085500516,57.8621464264498,1,1,0,1,23.7083160877228,23.793142080307,1
377,"xgboost",45.6865090789795,-4.31349092102052,3.79105724505971,-0.498645107360829,46.1851541863403,38.2561734153328,53.1168447426261,38.7548185226936,53.615489849987,1,1,0,1,25.5833430290222,25.6760799884796,1
378,"xgboost",41.8955838241577,-8.10441617584228,3.72747230019698,-2.42450210502625,44.320085929184,34.589872362401,49.2012952859145,37.0143744674272,51.6257973909407,0,1,1,1,21.5043299198151,21.6368801593781,1
379,"xgboost",46.6197225265503,-3.3802774734497,3.935163758619,0.550535979354855,46.0691865471954,38.9069432863898,54.3325017667108,38.3564073070349,53.7819657873559,1,1,0,1,23.3008449077606,23.5762748718262,1
380,"xgboost",50.5208400039673,0.52084000396728,3.71354392215587,-1.1584162835288,51.6792562874961,43.2424276615342,57.7992523464004,44.400843945063,58.9576686299292,1,1,0,1,22.6816780567169,22.8091220855713,1
381,"xgboost",50.2588115081787,0.258811508178702,3.47055069628261,-2.88866293554687,53.1474744437256,43.4566571369444,57.060965879413,46.3453200724912,59.9496288149599,1,1,0,1,23.3786518573761,23.573942899704,1
382,"xgboost",45.7079982223511,-4.29200177764893,3.94078548374474,0.802432749450688,44.9055654729004,37.9842006034131,53.431795841289,37.1817678539624,52.6293630918383,1,1,0,1,22.9591369628906,23.0726702213287,1
383,"xgboost",49.0487121810913,-0.951287818908696,4.15253452724649,-3.96865460160827,53.0173667826996,40.9098940631291,57.1875302990535,44.8785486647374,61.1561849006618,1,1,0,1,23.4815390110016,23.5992319583893,1
384,"xgboost",45.5767587966919,-4.42324120330812,3.60916107168241,1.06786386543275,44.5088949312591,38.5029330817904,52.6505845115934,37.4350692163576,51.5827206461606,1,1,0,1,24.4002389907837,24.4896149635315,1
385,"xgboost",47.4726481285095,-2.52735187149046,3.46645601721973,-1.30752345310976,48.7801715816193,40.6785191807667,54.2667770762524,41.9860426338765,55.5743005293621,1,1,0,1,23.2937688827515,23.3908059597015,1
386,"xgboost",45.5411911849976,-4.45880881500245,3.53712987479821,0.438681480285652,45.1025097047119,38.6085440217524,52.4738383482427,38.1698625414667,52.0351568679571,1,1,0,1,22.4576849937439,22.6285939216614,1
387,"xgboost",49.6685668029785,-0.331433197021504,3.72611374777827,-1.32690539552305,50.9954721985015,42.3655180550335,56.9716155509235,43.6924234505566,58.2985209464465,1,1,0,1,20.0903630256653,20.1909909248352,1
388,"xgboost",45.4928588409424,-4.50714115905762,3.91968309695031,-1.78897200137328,47.2818308423157,37.8104211401093,53.1752965417754,39.5993931414826,54.9642685431487,1,1,0,1,18.6647279262543,18.8708188533783,1
389,"xgboost",45.7131765289307,-4.28682347106934,3.69095057436543,-1.12332488264465,46.8365014115753,38.479046334457,52.9473067234043,39.6023712171016,54.070631606049,1,1,0,1,23.8330709934235,23.949630022049,1
390,"xgboost",42.2276371994019,-7.77236280059815,3.81300762247584,-1.29742299894714,43.525060198349,34.7542795865725,49.7009948122312,36.0517025855196,50.9984178111783,0,1,1,1,21.948714017868,22.0762269496918,1
391,"xgboost",50.560271736145,0.560271736144998,3.75549632648666,-0.848334121849042,51.408605857994,43.1996341921587,57.9209092801313,44.0479683140077,58.7692434019804,1,1,0,1,25.6457688808441,25.7489259243011,1
392,"xgboost",43.5803546524048,-6.41964534759521,3.35787686564575,1.20644246209716,42.3739121903076,36.9990369312189,50.1616723735907,35.7925944691217,48.9552299114935,1,0,0,1,21.6274359226227,21.7243709564209,1
393,"xgboost",43.4061345367432,-6.59386546325682,3.64825485006539,-0.728111547729512,44.1342460844727,36.2556864241914,50.5565826492949,36.983797971921,51.2846941970244,1,1,0,1,21.7108840942383,21.805792093277,1
394,"xgboost",46.857071685791,-3.14292831420899,4.09969395415368,-3.79223849629211,50.6493101820831,38.8218191880132,54.8923241835688,42.6140576843053,58.6845626798609,1,1,0,1,20.8695359230042,20.9825930595398,1
395,"xgboost",50.1518849830628,0.15188498306275,4.00181044572126,-1.19959062260438,51.3514756056671,42.3084806364929,57.9952893296326,43.5080712590973,59.194879952237,1,1,0,1,20.2539911270142,20.3520538806915,1
396,"xgboost",48.1412176895141,-1.85878231048585,3.67631958925307,-0.987469152068606,49.1286868415828,40.935763698919,55.3466716801093,41.9232328509877,56.3341408321779,1,1,0,1,22.0434970855713,22.1476409435272,1
397,"xgboost",44.445140296936,-5.55485970306396,3.74602546483352,0.37215751107788,44.0729827858582,37.1030653006924,51.7872152931797,36.7309077896145,51.4150577821018,1,1,0,1,19.4340879917145,19.4871988296509,1
398,"xgboost",46.0387088241577,-3.96129117584228,3.95016071650106,1.90161382655334,44.1370949976044,38.2965360866707,53.7808815616447,36.3949222601174,51.8792677350914,1,1,0,1,18.9532079696655,19.0075879096985,1
399,"xgboost",47.5444282608032,-2.45557173919677,3.64790246825011,0.88418467013549,46.6602435906677,40.3946708039182,54.6941857176882,39.5104861337828,53.8100010475527,1,1,0,1,19.0568089485168,19.1554350852966,1
400,"xgboost",46.2708100967407,-3.72918990325929,3.87171359583053,-0.718713991371146,46.9895240881119,38.6823908904588,53.8592293030226,39.40110488183,54.5779432943938,1,1,0,1,18.2680559158325,18.3298289775848,1
401,"xgboost",47.2926577682495,-2.70734223175048,3.758110981964,-0.440175272705083,47.7328330409546,39.9268955936956,54.6584199428034,40.3670708664007,55.0985952155085,1,1,0,1,18.4992928504944,18.584762096405,1
402,"xgboost",42.7395199050903,-7.26048009490967,3.76456605036237,-1.20314572480774,43.9426656298981,35.3611060289579,50.1179337812228,36.5642517537656,51.3210795060305,1,1,0,1,18.1343789100647,18.3888819217682,1
403,"xgboost",47.1562373695373,-2.84376263046268,4.20504291596583,-4.29209150210568,51.448328871643,38.914504700799,55.3979700382756,43.2065962029047,59.6900615403813,1,1,0,1,20.1522870063782,20.2279169559479,1
404,"xgboost",46.9398665390015,-3.06013346099854,3.81302558237026,-0.828994971145626,47.7688615101471,39.4664737254259,54.413259352577,40.2954686965715,55.2422543237227,1,1,0,1,19.357136964798,19.451278924942,1
405,"xgboost",47.3032468414307,-2.69675315856934,3.23796198413948,-0.0875506481780945,47.3907974896088,40.9569579692074,53.6495357136539,41.0445086173855,53.737086361832,1,1,0,1,18.0475511550903,18.1256401538849,1
406,"xgboost",47.14637865448,-2.85362134552001,3.65861771084922,0.177156131591786,46.9692225228882,39.9756197080151,54.3171376009448,39.7984635764234,54.139981469353,1,1,0,1,20.1228189468384,20.1811389923096,1
407,"xgboost",46.692622215271,-3.30737778472901,3.54458572896853,-2.44644686878204,49.139069084053,39.745361846378,53.639882584164,42.1918087151601,56.086329452946,1,1,0,1,20.4951281547546,20.6465570926666,1
408,"xgboost",47.4577737312317,-2.54222626876831,3.6460993680807,-1.18781284902764,48.6455865802593,40.3115502857393,54.6039971767241,41.4993631347669,55.7918100257517,1,1,0,1,20.3950262069702,20.4774649143219,1
409,"xgboost",46.6006096954346,-3.39939030456542,3.92318303625584,-0.415497970901498,47.0161076663361,38.9113122396146,54.2899071512545,39.3268102105161,54.705405122156,1,1,0,1,18.8976039886475,19.007630109787,1
410,"xgboost",49.7587857513428,-0.241214248657229,4.24718254794805,-1.96978988324737,51.7285756345901,41.4344609215975,58.083110581088,43.4042508048449,60.0529004643354,1,1,0,1,18.1980500221252,18.3477830886841,1
411,"xgboost",54.0421464576721,4.04214645767212,4.01374773582576,-0.412074742451196,54.4542212001233,46.1753454524244,61.9089474629198,46.5874201948756,62.321022205371,1,1,0,1,20.463809967041,20.5933821201324,1
412,"xgboost",42.8162403106689,-7.18375968933105,3.65513710961255,0.319999381172181,42.4962409294968,35.6523032172725,49.9801774040654,35.3323038361003,49.6601780228932,0,0,1,1,19.2544097900391,19.3821859359741,1
413,"xgboost",46.9353759231567,-3.06462407684327,3.43350659106325,-4.71116114151382,51.6465370646706,40.2058266639919,53.6649251823216,44.9169878055057,58.3760863238354,1,1,0,1,20.8316190242767,21.0104568004608,1
414,"xgboost",54.6949205322266,4.69492053222657,3.7434561681557,-1.42735909091187,56.1222796231384,47.3578812649371,62.031959799516,48.785240355849,63.4593188904279,1,1,0,1,17.108069896698,17.1932389736176,0
415,"xgboost",43.9732048950195,-6.02679510498047,3.741899617503,-0.0610484953308088,44.0342533903503,36.6392164109494,51.3071933790896,36.7002649062803,51.3682418744204,1,1,0,1,13.7719180583954,13.843502998352,1
416,"xgboost",46.0522642822265,-3.94773571777345,3.86530778901456,-1.37581497480772,47.4280792570343,38.4764002265959,53.6281283378572,39.8522152014036,55.0039433126649,1,1,0,1,18.3055198192596,18.400043964386,1
417,"xgboost",48.4392191009521,-1.56078089904786,3.71906261237467,-2.85332640012359,51.2925455010757,41.1499903244483,55.7284478774559,44.0033167245719,58.5817742775795,1,1,0,1,19.4152929782867,19.5474960803986,1
418,"xgboost",41.1814356803894,-8.8185643196106,3.91246770508638,-0.754250527742379,41.9356862081318,33.513139887744,48.8497314730348,34.2673904154864,49.6039820007772,0,0,1,1,17.8628299236298,17.9172670841217,1
419,"xgboost",48.5107984008789,-1.4892015991211,3.99650111865749,-1.87769032571411,50.388488726593,40.6778001441362,56.3437966576216,42.5554904698503,58.2214869833357,1,1,0,1,16.113251209259,16.219496011734,1
420,"xgboost",49.7889253463745,-0.211074653625495,4.04693717125169,-1.48546379585265,51.2743891422272,41.8570742430248,57.7207764497242,43.3425380388774,59.2062402455769,1,1,0,1,16.2918310165405,16.3438391685486,1
421,"xgboost",46.4988457145691,-3.5011542854309,3.82808881405328,-0.798268641593943,47.297114356163,38.995929509404,54.0017619197342,39.794198150998,54.8000305613281,1,1,0,1,15.1249740123749,15.2407538890839,1
422,"xgboost",48.6627260131836,-1.33727398681641,3.55417863571029,-2.03843175247192,50.7011577656555,41.6966638925697,55.6287881337975,43.7350956450416,57.6672198862694,1,1,0,1,15.7447419166565,15.868448972702,1
423,"xgboost",43.4955975265503,-6.5044024734497,3.76437404578489,-1.68323699472047,45.1788345212708,36.1175599724746,50.873635080626,37.8007969671951,52.5568720753465,1,1,0,1,16.2135229110718,16.2852749824524,1
424,"xgboost",51.0318759002686,1.03187590026855,4.20036748795307,-0.456796391342159,51.4886722916107,42.7993069020476,59.2644448984895,43.2561032933897,59.7212412898317,1,1,0,1,16.0818979740143,16.1670558452606,1
425,"xgboost",48.7177569961548,-1.28224300384521,4.0436960315792,1.12400366112479,47.59375333503,40.792258409832,56.6432555824776,39.6682547487072,55.5192519213528,1,1,0,1,8.67646598815918,8.75719404220581,1
426,"xgboost",42.6172897872925,-7.38271021270752,3.60162461679073,-0.754560944534298,43.3718507318268,35.5582352525498,49.6763443220352,36.3127961970841,50.4309052665695,0,1,1,1,7.65947508811951,7.69284296035767,1
427,"xgboost",43.485045501709,-6.51495449829103,3.91054780384978,-0.654934459426862,44.1399799611358,35.8205126463412,51.1495783570767,36.4754471057681,51.8045128165036,1,1,0,1,15.4543380737305,15.5639131069183,1
428,"xgboost",38.5334344711304,-11.4665655288696,3.67269025425219,0.901205835220331,37.63222863591,31.3350938464248,45.7317750958359,30.4338880112045,44.8305692606156,0,0,1,1,15.5636558532715,15.6289269924164,0
429,"xgboost",50.9595208892822,0.959520889282231,3.84359809853982,-0.295491616500861,51.2550125057831,43.4262070450976,58.4928347334669,43.7216986615984,58.7883263499678,1,1,0,1,7.93766498565674,7.97023415565491,1
430,"xgboost",43.5814037094116,-6.4185962905884,3.52074632235205,-0.761559363723741,44.3429630731353,36.6808677188997,50.4819396999235,37.4424270826235,51.2434990636472,1,1,0,1,17.2346820831299,17.2754549980164,1
431,"xgboost",53.1944142074585,3.19441420745848,4.05279185485301,-1.0675238986511,54.2619381061096,45.2510881351093,61.1377402798077,46.3186120337604,62.2052641784588,1,1,0,1,18.1929850578308,18.2837498188019,1
432,"xgboost",42.706801109314,-7.29319889068604,4.21609756793859,-1.37775853936768,44.0845596486816,34.4434017208474,50.9702004977805,35.8211602602151,52.3479590371482,1,1,0,1,17.0962009429932,17.2393720149994,1
433,"xgboost",50.0641875686645,0.0641875686645434,4.09924265283944,0.477345926826487,49.5868416418381,42.0298196052088,58.0985555321203,41.5524736783823,57.6212096052938,1,1,0,1,16.9478280544281,17.0427060127258,1
434,"xgboost",49.1126390838623,-0.88736091613768,4.21499110578073,-0.233546972801221,49.3461860566635,40.8514083213754,57.3738698463492,41.0849552941767,57.6074168191504,1,1,0,1,17.0734257698059,17.1410179138184,1
435,"xgboost",53.9208584899902,3.92085848999024,3.79146173125357,-1.7510675554886,55.6719260454788,46.4897300479714,61.3519869320091,48.24079760346,63.1030544874977,1,1,0,1,15.8765480518341,15.9644620418549,0
436,"xgboost",48.825177116394,-1.17482288360596,3.77860543751339,0.17729336938477,48.6478837470093,41.4192465470806,56.2311076857075,41.2419531776958,56.0538143163227,1,1,0,1,7.21009206771851,7.2434241771698,1
437,"xgboost",40.7827603683472,-9.21723963165284,3.53787986849919,-0.321559067871085,41.1043194362182,33.8486432444595,47.7168774922349,34.1702023123305,48.038436560106,0,0,1,1,6.9857189655304,7.01490902900696,1
438,"xgboost",46.6507259979248,-3.3492740020752,3.62137620863794,-0.532826621932983,47.1835526198578,39.5529590545242,53.7484929413254,40.0857856764572,54.2813195632584,1,1,0,1,17.3339068889618,17.3847379684448,1
439,"xgboost",38.2931913375855,-11.7068086624145,3.42325101805254,1.82414096585082,36.4690503717346,31.5837426321624,45.0026400430085,29.7596016663116,43.1784990771577,0,0,1,1,17.5299789905548,17.594694852829,0
440,"xgboost",43.9039283447266,-6.09607165527344,3.6550375617297,2.30379361323548,41.6001347314911,36.7401863615952,51.0676703278579,34.4363927483598,48.7638767146224,1,0,0,1,7.14306807518005,7.17865586280823,1
441,"xgboost",44.3234896697998,-5.6765103302002,3.55195275373097,-2.17463647532653,46.4981261451263,37.3617901976992,51.2851891419004,39.5364266730258,53.4598256172269,1,1,0,1,18.1081430912018,18.1797261238098,1
442,"xgboost",42.3725391769409,-7.62746082305907,3.48119473978417,-1.08689940213014,43.4594385790711,35.5495228637937,49.1955554900882,36.6364222659238,50.2824548922183,0,1,1,1,17.8630719184875,17.9081881046295,1
443,"xgboost",47.7924538726807,-2.20754612731933,4.02834218727081,-0.057573671981821,47.8500275446625,39.8970482682266,55.6878594771348,39.9546219402084,55.7454331491166,1,1,0,1,17.2530760765076,17.3287098407745,1
444,"xgboost",47.6105828323364,-2.38941716766357,3.84066425513807,-0.020159274353027,47.6307421066895,40.0830192155555,55.1381464491174,40.1031784899085,55.1583057234704,1,1,0,1,17.7642679214478,17.8320531845093,1
445,"xgboost",48.3408719558716,-1.65912804412842,3.8069896794109,-0.378474073699948,48.7193460295715,40.8793092947105,55.8024346170326,41.2577833684105,56.1809086907326,1,1,0,1,18.4416329860687,18.5261118412018,1
446,"xgboost",52.60880809021,2.60880809020997,3.87858507479912,-1.75219846508742,54.3610065552974,45.0069210326291,60.2106951477908,46.7591194977165,61.9628936128783,1,1,0,1,18.15829205513,18.2293140888214,1
447,"xgboost",40.5572960281372,-9.4427039718628,3.6409700248393,1.51495354306031,39.0423424850769,33.4211259106623,47.6934661456121,31.906172367602,46.1785126025518,0,0,1,1,7.04414486885071,7.08759593963623,1
448,"xgboost",48.7950178070068,-1.20498219299317,4.1830969118446,-0.247234034020892,49.0422518410277,40.5962985159507,56.993737098063,40.8435325499716,57.2409711320838,1,1,0,1,6.95707106590271,6.99906802177429,1
449,"xgboost",50.2394403076172,0.23944030761718,3.71572409897959,-1.09728050144957,51.3367208090668,42.9567548971296,57.5221257181047,44.0540353985792,58.6194062195543,1,1,0,1,17.6208460330963,17.6963109970093,1
450,"xgboost",49.5424225540161,-0.457577445983887,3.62842543135318,-2.18670814128113,51.7291306952972,42.4308393879747,56.6540057200576,44.6175475292558,58.8407138613387,1,1,0,1,17.9560708999634,17.9974389076233,1
451,"xgboost",43.8687928161621,-6.13120718383789,3.63777362563792,2.42437021205139,41.4444226041107,36.7388875260021,50.9986981063221,34.3145173139507,48.5743278942707,1,0,0,1,7.09129095077515,7.13700008392334,1
452,"xgboost",48.9155049438477,-1.08449505615234,4.24929246298696,1.95755362754822,46.9579513162994,40.5870447566157,57.2439651310796,38.6294911290675,55.2864115035314,1,1,0,1,15.5713109970093,15.6390669345856,1
453,"xgboost",46.0285027389526,-3.97149726104735,3.87503123751234,-0.69789716452027,46.7263999034729,38.4335810744608,53.6234244034445,39.1314782389811,54.3213215679648,1,1,0,1,16.1711039543152,16.3970191478729,1
454,"xgboost",50.3772455978394,0.377245597839355,4.13488332703366,-3.82044236901856,54.1976879668579,42.2730231965782,58.4814679991005,46.0934655655968,62.301910368119,1,1,0,1,14.7160770893097,14.7531609535217,1
455,"xgboost",44.6019563598633,-5.39804364013671,3.22739709692146,0.233497881286617,44.3684584785767,38.2763742860881,50.9275384336385,38.0428764048015,50.6940405523519,1,1,0,1,15.1436100006104,15.2684268951416,1
456,"xgboost",46.590000038147,-3.40999996185302,3.80386598076249,0.0521627514953593,46.5378372866516,39.1345597138354,54.0454403624586,39.08239696234,53.9932776109632,1,1,0,1,16.1810739040375,16.2410349845886,1
457,"xgboost",41.0507422943115,-8.94925770568848,3.86199770528971,0.934528621963508,40.116213672348,33.4813658835674,48.6201187050557,32.5468372616039,47.6855900830922,0,0,1,1,16.3692529201508,16.5188701152802,1
458,"xgboost",48.0197819442749,-1.9802180557251,3.88937240366801,-2.78317478430176,50.8029567285767,40.3967521106216,55.6428117779282,43.1799268949234,58.42598656223,1,1,0,1,6.78971004486084,6.81922698020935,1
459,"xgboost",50.6359105834961,0.635910583496099,4.68938416474349,-2.68481805035401,53.3207286338501,41.4448865109264,59.8269346560658,44.1297045612804,62.5117527064198,1,1,0,1,6.89850902557373,6.92793083190918,1
460,"xgboost",42.8155149688721,-7.18448503112793,3.48526782061958,-1.97611604727172,44.7916310161438,35.9845155639813,49.6465143737628,37.960631611253,51.6226304210346,0,1,1,1,15.7686109542847,15.9076437950134,1
461,"xgboost",41.6458814544678,-8.35411854553222,3.84521898901778,-2.30892747088623,43.954808925354,34.1093907233234,49.1823721856121,36.4183181942096,51.4912996564984,0,1,1,1,16.171991109848,16.3078730106354,1
462,"xgboost",44.3940021362305,-5.60599786376955,4.13803836232107,-1.52255339371203,45.9165555299425,36.2835959794361,52.5044082930249,37.8061493731481,54.0269616867369,1,1,0,1,6.88957905769348,6.91948199272156,1
463,"xgboost",46.9742314529419,-3.02576854705812,4.3641288580276,2.14890743936159,44.8253240135803,38.4206960673159,55.5277668385679,36.2717886279543,53.3788593992063,1,1,0,1,16.0916440486908,16.1392087936401,1
464,"xgboost",47.8755379943848,-2.12446200561524,3.9946204912046,2.08054074717713,45.7949972472076,40.046225699718,55.7048502890515,37.9656849525409,53.6243095418743,1,1,0,1,15.4503581523895,15.5682680606842,1
465,"xgboost",42.1716175231933,-7.82838247680666,4.11498581206578,2.23449562068178,39.9371219025116,34.1063935346511,50.2368415117356,31.8718979139693,48.0023458910538,1,0,0,1,15.8341109752655,15.9020059108734,1
466,"xgboost",45.1642185897827,-4.83578141021728,4.02753944171889,-2.33743294053806,47.5016515303208,37.2703863376992,53.0580508418663,39.6078192782372,55.3954837824044,1,1,0,1,15.7201948165894,15.7781949043274,1
467,"xgboost",43.0803135299683,-6.91968647003174,3.83033196772262,0.953078740821844,42.1272347891464,35.5730008243995,50.587626235537,34.6199220835776,49.6345474947152,1,0,0,1,15.2613399028778,15.3232750892639,1
468,"xgboost",45.0076369247436,-4.99236307525636,3.77968893592989,3.05796117512514,41.9496757496185,37.5995827375565,52.4156911119307,34.5416215624314,49.3577299368056,1,0,0,1,16.6569690704346,16.809937953949,1
469,"xgboost",44.1155167160034,-5.88448328399657,4.12646536881151,-0.832116930374156,44.9476336463776,36.0277932096811,52.2032402223258,36.8599101400552,53.0353571526999,1,1,0,1,6.96862816810608,6.99873495101929,1
470,"xgboost",49.4533206863403,-0.546679313659688,3.4146759891671,-0.10728728584288,49.5606079721832,42.7606787286991,56.1459626439815,42.867966014542,56.2532499298244,1,1,0,1,6.98142290115356,7.01083183288574,1
471,"xgboost",55.6086280059814,5.60862800598144,3.88125296341184,-2.50366002209472,58.1122880280762,48.0015119828049,63.215744029158,50.5051720048996,65.7194040512527,1,0,0,1,15.6542890071869,15.7116661071777,0
472,"xgboost",47.4966724090576,-2.50332759094239,4.15011585928624,2.33530472910309,45.1613676799545,39.3625947931881,55.6307500249271,37.027290064085,53.295445295824,1,1,0,1,16.0975029468536,16.178365945816,1
473,"xgboost",43.1674710998535,-6.83252890014649,3.8935826985242,0.466914445663456,42.7005566541901,35.5361892399178,50.7987529597892,35.0692747942544,50.3318385141258,1,1,0,1,6.98258399963379,7.01303601264954,1
474,"xgboost",43.3475123062134,-6.65248769378663,3.99025752413846,-2.71573613940429,46.0632484456177,35.526751269862,51.1682733425647,38.2424874092663,53.884009481969,1,1,0,1,16.4416499137878,16.5018200874329,1
475,"xgboost",43.6568431091309,-6.34315689086915,4.29565978951944,2.04581990731812,41.6110232018127,35.2375046318358,52.0761815864259,33.1916847245177,50.0303616791077,1,1,0,1,17.8101551532745,17.8701000213623,1
476,"xgboost",49.0091048355103,-0.990895164489743,3.65271684632281,-0.69806995490265,49.7071747904129,41.8499113709948,56.1682983000257,42.5479813258975,56.8663682549283,1,1,0,1,17.9239568710327,17.9667789936066,1
477,"xgboost",43.1949311141968,-6.80506888580323,3.81600265471173,1.60010172616578,41.594829388031,35.7157033460525,50.674158882341,34.1156016198868,49.0740571561752,1,0,0,1,15.0639991760254,15.1199650764465,1
478,"xgboost",48.4379664306641,-1.56203356933595,3.95381854328511,-1.15396732847165,49.5919337591357,40.6886244844186,56.1873083769095,41.8425918128903,57.3412757053811,1,1,0,1,15.9919447898865,16.0379312038422,1
479,"xgboost",46.4965641784668,-3.50343582153318,4.23950850624219,0.559033204029063,45.9375309744378,38.1872801940809,54.8058481628527,37.6282469900519,54.2468149588236,1,1,0,1,16.3656220436096,16.4195420742035,1
480,"xgboost",45.3761088943481,-4.62389110565185,3.81710659800817,-2.76613686849976,48.1422457628479,37.8947174371019,52.8575003515944,40.6608543056017,55.6236372200941,1,1,0,1,7.02034187316895,7.04992604255676,1
481,"xgboost",42.3742800292969,-7.62571997070312,3.88863412556821,-1.09993885378743,43.4742188830843,34.7526971941298,49.995862864464,35.8526360479172,51.0958017182514,0,1,1,1,7.09480690956116,7.12509202957153,1
482,"xgboost",49.4012076187134,-0.598792381286621,3.91450087480086,-2.96259947870636,52.3638070974197,41.7289268866531,57.0734883507736,44.6915263653595,60.03608782948,1,1,0,1,16.9052159786224,16.9533758163452,1
483,"xgboost",44.915379699707,-5.08462030029298,3.77088467265679,-0.662877240722651,45.5782569404297,37.5245815514456,52.3061778479684,38.1874587921683,52.9690550886911,1,1,0,1,16.9083089828491,16.9513919353485,1
484,"xgboost",44.8387247695923,-5.16127523040772,3.68592577705603,-0.638138625534054,45.4768633951263,37.6144429968747,52.0630065423099,38.2525816224087,52.701145167844,1,1,0,1,7.17890191078186,7.20869302749634,1
485,"xgboost",40.3709182052612,-9.62908179473876,3.61780970316178,1.08916387603759,39.2817543292237,33.2801414841446,47.4616949263779,32.190977608107,46.3725310503403,0,0,1,1,16.4021990299225,16.4677910804749,1
486,"xgboost",49.2732817001343,-0.726718299865709,4.06471929149553,-1.16972468733216,50.4430063874665,41.3065782815379,57.2399851187307,42.47630296887,58.4097098060629,1,1,0,1,14.4483211040497,14.5831689834595,1
487,"xgboost",51.7896243171692,1.78962431716919,4.2366345704925,-4.69199602004242,56.4816203372116,43.4859731433466,60.0932754909918,48.177969163389,64.7852715110342,1,1,0,1,12.3603019714355,12.4815011024475,1
488,"xgboost",48.7292590446472,-1.27074095535278,4.32931770198053,-0.71132113323975,49.440580177887,40.2439522711337,57.2145658181608,40.9552734043734,57.9258869514005,1,1,0,1,18.1137359142303,18.1734278202057,1
489,"xgboost",45.0150149459839,-4.98498505401611,3.77554379000355,0.329051394514082,44.6859635514698,37.6150850955231,52.4149447964447,37.286033701009,52.0858934019306,1,1,0,1,16.6386189460754,16.7124819755554,1
490,"xgboost",50.4790020828247,0.4790020828247,3.87256673058257,-3.11768653019713,53.5966886130218,42.8889107631548,58.0690934024946,46.006597293352,61.1867799326917,1,1,0,1,17.6339190006256,17.7310898303986,1
491,"xgboost",49.4474824142456,-0.552517585754408,4.01770544385155,-1.91709777186583,51.3645801861114,41.572924443806,57.3220403846852,43.4900222156719,59.239138156551,1,1,0,1,6.84941601753235,6.87918210029602,1
492,"xgboost",48.2849874572754,-1.71501254272462,3.97942981623026,-4.38330062072468,52.6682880780001,40.4854483384592,56.0845265760915,44.8687489591839,60.4678271968162,1,1,0,1,6.67293405532837,6.70100712776184,1
493,"xgboost",47.7399142227173,-2.26008577728272,4.06310569536498,-1.42231291477966,49.1622271374969,39.7763733944223,55.7034550510122,41.198686309202,57.1257679657919,1,1,0,1,15.7028000354767,15.7649030685425,1
494,"xgboost",45.960635055542,-4.03936494445804,4.08230127348697,1.06155572615817,44.8990793293838,37.9594715854655,53.9617985256184,36.8979158593073,52.9002427994603,1,1,0,1,14.4091081619263,14.4859259128571,1
495,"xgboost",48.9234438781738,-1.07655612182619,3.90735143818516,1.16525145021058,47.7581924279632,41.2651757843901,56.5817119719575,40.0999243341795,55.4164605217469,1,1,0,1,6.76851415634155,6.79826593399048,1
496,"xgboost",42.3470991744995,-7.65290082550049,3.43319161954343,1.75728447904968,40.5898146954498,35.6181672481696,49.0760311008294,33.86088276912,47.3187466217797,0,0,1,1,8.13420987129211,8.19144892692566,1
497,"xgboost",47.2080147476196,-2.79198525238038,3.77788214795601,-2.5266212030487,49.7346359506683,39.803501799789,54.6125276954502,42.3301230028377,57.1391488984989,1,1,0,1,7.8220751285553,7.85785794258118,1
498,"xgboost",41.3121431884766,-8.68785681152342,4.24672551859724,0.488291417907703,40.8238517705689,32.9887141197988,49.6355722571544,32.5004227018911,49.1472808392466,0,0,1,1,7.65324211120605,7.68779802322388,1
499,"xgboost",50.6363234939575,0.636323493957512,3.94706738833541,-1.7404597947607,52.3767832887182,42.9002135682675,58.3724334196475,44.6406733630282,60.1128932144082,1,1,0,1,9.79750609397888,9.90723204612732,1
500,"xgboost",51.9510005950928,1.95100059509276,3.81637529236867,-0.681019956512444,52.6320205516052,44.4710424705616,59.4309587196239,45.1520624270741,60.1119786761363,1,1,0,1,8.32166194915771,8.3576250076294,1
