"n","target_r2","achieved_r2_raw","ss","setting","Estimator","Procedure","ModelSpec","mean_estimate","mean_bias","mean_n_obs","mc_sd_estimate","mc_var_estimate","mc_se_estimate","sd_estimate","var_estimate","mean_bootstrap_se","sd_bootstrap_se","mean_bootstrap_bias","mean_eif_se","mean_eif_var","coverage_95","coverage_95_mc_mean","coverage_95_bc","reject_h0_effect_prob","reject_h0_null_prob","mean_ci_lower","mean_ci_upper","mean_bc_ci_lower","mean_bc_ci_upper","mean_bootstrap_time_sec","mean_replicate_time_sec","std_bias","relative_efficiency"
1000,0.2,0.200000000000002,81.1581892217526,"setting_three","bart","tmle","m1",51.7443476524596,1.74434765245963,608.122,6.8224199683997,46.545414225219,0.305107896407874,6.8224199683997,46.545414225219,NA,NA,NA,7.95838825164737,72508.9154754554,0.968,0.974,NA,0.032,0.996,36.1461933042441,67.3425020006752,NA,NA,NA,5.4684347076416,0.255678726982384,NA
1000,0.2,0.200000000000002,81.1581892217526,"setting_three","correct_model","tmle","m1",50.3846358394933,0.384635839493277,608.122,6.82536129092371,46.5855567516398,0.305239436350023,6.82536129092371,46.5855567516398,NA,NA,NA,7.15829084149371,51615.9191817493,0.96,0.964,NA,0.04,1,36.3546435993027,64.4146280796839,NA,NA,NA,0.064355751991272,0.0563539163860471,NA
1000,0.2,0.200000000000002,81.1581892217526,"setting_three","lm_interact","tmle","m1",50.0873470699276,0.0873470699276137,608.122,7.49333275861624,56.1500358313513,0.335112028525839,7.49333275861624,56.1500358313513,NA,NA,NA,8.60804416799069,151859.354274003,0.954,0.956,NA,0.046,0.988,33.2158905233358,66.9588036165194,NA,NA,NA,0.0637910184860229,0.0116566383398865,NA
1000,0.2,0.200000000000002,81.1581892217526,"setting_three","lm","tmle","m1",50.9728683250517,0.972868325051661,608.122,6.88741736253094,47.4365179256927,0.30801466824063,6.88741736253094,47.4365179256927,NA,NA,NA,8.37099282035404,94339.5963863082,0.97,0.97,NA,0.03,0.984,34.5660238823144,67.3797127677889,NA,NA,NA,0.0653416790962219,0.141252994241975,1
1000,0.2,0.200000000000002,81.1581892217526,"setting_three","rf","tmle","m1",47.2786941495062,-2.72130585049378,608.122,7.23893327411165,52.4021549470408,0.323734937709975,7.23893327411165,52.4021549470408,NA,NA,NA,8.19107388609292,79864.8916583971,0.936,0.966,NA,0.064,0.99,31.2244843380576,63.3329039609549,NA,NA,NA,0.568285068511963,-0.37592636199948,NA
1000,0.2,0.200000000000002,81.1581892217526,"setting_three","bart","tmle","m1",51.7443476524596,1.74434765245963,608.122,6.8224199683997,46.545414225219,0.305107896407874,6.8224199683997,46.545414225219,NA,NA,NA,7.95838825164737,72508.9154754554,0.968,0.974,NA,0.032,0.996,36.1461933042441,67.3425020006752,NA,NA,NA,5.4684347076416,0.255678726982384,1.01914482264916
1000,0.2,0.200000000000002,81.1581892217526,"setting_three","correct_model","tmle","m1",50.3846358394933,0.384635839493277,608.122,6.82536129092371,46.5855567516398,0.305239436350023,6.82536129092371,46.5855567516398,NA,NA,NA,7.15829084149371,51615.9191817493,0.96,0.964,NA,0.04,1,36.3546435993027,64.4146280796839,NA,NA,NA,0.064355751991272,0.0563539163860471,1.01826663097727
1000,0.2,0.200000000000002,81.1581892217526,"setting_three","lm_interact","tmle","m1",50.0873470699276,0.0873470699276137,608.122,7.49333275861624,56.1500358313513,0.335112028525839,7.49333275861624,56.1500358313513,NA,NA,NA,8.60804416799069,151859.354274003,0.954,0.956,NA,0.046,0.988,33.2158905233358,66.9588036165194,NA,NA,NA,0.0637910184860229,0.0116566383398865,0.844817233388239
1000,0.2,0.200000000000002,81.1581892217526,"setting_three","lm","tmle","m1",50.9728683250517,0.972868325051661,608.122,6.88741736253094,47.4365179256927,0.30801466824063,6.88741736253094,47.4365179256927,NA,NA,NA,8.37099282035404,94339.5963863082,0.97,0.97,NA,0.03,0.984,34.5660238823144,67.3797127677889,NA,NA,NA,0.0653416790962219,0.141252994241975,1
1000,0.2,0.200000000000002,81.1581892217526,"setting_three","rf","tmle","m1",47.2786941495062,-2.72130585049378,608.122,7.23893327411165,52.4021549470408,0.323734937709975,7.23893327411165,52.4021549470408,NA,NA,NA,8.19107388609292,79864.8916583971,0.936,0.966,NA,0.064,0.99,31.2244843380576,63.3329039609549,NA,NA,NA,0.568285068511963,-0.37592636199948,0.905239831713667
1000,0.2,0.200000000000002,81.1581892217526,"setting_three","super","tmle","m1",50.2418550836568,0.241855083656778,608.122,7.03096182935405,49.4344242458337,0.314434171952839,7.03096182935405,49.4344242458337,NA,NA,NA,7.92176530842925,73714.7192599144,0.972,0.97,NA,0.028,0.998,34.7154803851566,65.7682297821569,NA,NA,NA,20.6251595029831,0.0343985772539741,0.959584715496926
1000,0.2,0.200000000000002,81.1581892217526,"setting_three","unadj","tmle","m1",60.8518772602585,10.8518772602585,608.122,7.00450565040271,49.0630994065234,0.313251015661637,7.00450565040271,49.0630994065234,NA,NA,NA,NA,NA,NA,NA,NA,NA,NA,NA,NA,NA,NA,NA,0.000449838638305664,1.5492709695558,0.966847151922603
1000,0.2,0.200000000000002,81.1581892217526,"setting_three","xgboost","tmle","m1",47.3807075433676,-2.61929245663243,608.122,7.90330396972763,62.4622136379126,0.353446498463099,7.90330396972763,62.4622136379126,NA,NA,NA,8.67521314003251,84548.6209508646,0.948,0.966,NA,0.052,0.992,30.3776022306952,64.3838128560399,NA,NA,NA,1.44002114057541,-0.331417400452421,0.759443432483479
1000,0.2,0.200000000000002,81.1581892217526,"setting_three","super","tmle","m1",50.2418550836568,0.241855083656778,608.122,7.03096182935405,49.4344242458337,0.314434171952839,7.03096182935405,49.4344242458337,NA,NA,NA,7.92176530842925,73714.7192599144,0.972,0.97,NA,0.028,0.998,34.7154803851566,65.7682297821569,NA,NA,NA,20.6251595029831,0.0343985772539741,NA
1000,0.2,0.200000000000002,81.1581892217526,"setting_three","unadj","tmle","m1",60.8518772602585,10.8518772602585,608.122,7.00450565040271,49.0630994065234,0.313251015661637,7.00450565040271,49.0630994065234,NA,NA,NA,NA,NA,NA,NA,NA,NA,NA,NA,NA,NA,NA,NA,0.000449838638305664,1.5492709695558,NA
1000,0.2,0.200000000000002,81.1581892217526,"setting_three","xgboost","tmle","m1",47.3807075433676,-2.61929245663243,608.122,7.90330396972763,62.4622136379126,0.353446498463099,7.90330396972763,62.4622136379126,NA,NA,NA,8.67521314003251,84548.6209508646,0.948,0.966,NA,0.052,0.992,30.3776022306952,64.3838128560399,NA,NA,NA,1.44002114057541,-0.331417400452421,NA
1000,0.4,0.400000000000002,47.3874788491695,"setting_three","bart","tmle","m1",51.3273102293941,1.32731022939414,609.164,4.58022278092503,20.9784407229047,0.20483378980483,4.58022278092503,20.9784407229047,NA,NA,NA,6.35799017177354,865293.382139127,0.954,0.964,NA,0.046,0.99,38.8658784786584,63.7887419801299,NA,NA,NA,5.48683257246017,0.289791630861691,NA
1000,0.4,0.400000000000002,47.3874788491695,"setting_three","correct_model","tmle","m1",50.0275681133052,0.0275681133051574,609.164,4.23343067184051,17.92193525328,0.18932477520536,4.23343067184051,17.92193525328,NA,NA,NA,4.18000223025531,17559.5712372619,0.938,0.94,NA,0.062,1,41.8349142867076,58.2202219399027,NA,NA,NA,0.0643463096618652,0.00651200301649726,NA
1000,0.4,0.400000000000002,47.3874788491695,"setting_three","lm_interact","tmle","m1",49.8400530084634,-0.159946991536555,609.164,5.1032412959807,26.0430717250028,0.22822388886794,5.1032412959807,26.0430717250028,NA,NA,NA,13.3500603287093,23424697.3960656,0.948,0.952,NA,0.052,0.986,23.6744155727562,76.0056904441706,NA,NA,NA,0.0630323343276978,-0.0313422357007749,NA
1000,0.4,0.400000000000002,47.3874788491695,"setting_three","lm","tmle","m1",50.9147868369236,0.914786836923555,609.164,4.51994075880925,20.4298644631451,0.202137895819389,4.51994075880925,20.4298644631451,NA,NA,NA,6.79388396112016,418213.789300295,0.96,0.962,NA,0.04,0.982,37.5990189579837,64.2305547158634,NA,NA,NA,0.06275434923172,0.202389120950459,1
1000,0.4,0.400000000000002,47.3874788491695,"setting_three","rf","tmle","m1",49.0234419185773,-0.976558081422673,609.164,4.77052940283098,22.7579507832749,0.213344560667831,4.77052940283098,22.7579507832749,NA,NA,NA,8.79541475991241,4725504.10522405,0.934,0.926,NA,0.066,0.988,31.784745760057,66.2621380770976,NA,NA,NA,0.532126763820648,-0.204706437998926,NA
1000,0.4,0.400000000000002,47.3874788491695,"setting_three","bart","tmle","m1",51.3273102293941,1.32731022939414,609.164,4.58022278092503,20.9784407229047,0.20483378980483,4.58022278092503,20.9784407229047,NA,NA,NA,6.35799017177354,865293.382139127,0.954,0.964,NA,0.046,0.99,38.8658784786584,63.7887419801299,NA,NA,NA,5.48683257246017,0.289791630861691,0.973850475018353
1000,0.4,0.400000000000002,47.3874788491695,"setting_three","correct_model","tmle","m1",50.0275681133052,0.0275681133051574,609.164,4.23343067184051,17.92193525328,0.18932477520536,4.23343067184051,17.92193525328,NA,NA,NA,4.18000223025531,17559.5712372619,0.938,0.94,NA,0.062,1,41.8349142867076,58.2202219399027,NA,NA,NA,0.0643463096618652,0.00651200301649726,1.13993629451407
1000,0.4,0.400000000000002,47.3874788491695,"setting_three","lm_interact","tmle","m1",49.8400530084634,-0.159946991536555,609.164,5.1032412959807,26.0430717250028,0.22822388886794,5.1032412959807,26.0430717250028,NA,NA,NA,13.3500603287093,23424697.3960656,0.948,0.952,NA,0.052,0.986,23.6744155727562,76.0056904441706,NA,NA,NA,0.0630323343276978,-0.0313422357007749,0.784464470200391
1000,0.4,0.400000000000002,47.3874788491695,"setting_three","lm","tmle","m1",50.9147868369236,0.914786836923555,609.164,4.51994075880925,20.4298644631451,0.202137895819389,4.51994075880925,20.4298644631451,NA,NA,NA,6.79388396112016,418213.789300295,0.96,0.962,NA,0.04,0.982,37.5990189579837,64.2305547158634,NA,NA,NA,0.06275434923172,0.202389120950459,1
1000,0.4,0.400000000000002,47.3874788491695,"setting_three","rf","tmle","m1",49.0234419185773,-0.976558081422673,609.164,4.77052940283098,22.7579507832749,0.213344560667831,4.77052940283098,22.7579507832749,NA,NA,NA,8.79541475991241,4725504.10522405,0.934,0.926,NA,0.066,0.988,31.784745760057,66.2621380770976,NA,NA,NA,0.532126763820648,-0.204706437998926,0.897702286893039
1000,0.4,0.400000000000002,47.3874788491695,"setting_three","super","tmle","m1",50.2048292717073,0.204829271707321,609.164,4.50973413463029,20.3377019650496,0.20168144170969,4.50973413463029,20.3377019650496,NA,NA,NA,7.11266635626439,1617510.5029776,0.952,0.95,NA,0.048,0.986,36.2642593793794,64.1453991640353,NA,NA,NA,20.6216665115356,0.0454193674377466,1.00453160825416
1000,0.4,0.400000000000002,47.3874788491695,"setting_three","unadj","tmle","m1",60.5470277770679,10.5470277770679,609.164,5.16572998374156,26.6847662649265,0.2310184679411,5.16572998374156,26.6847662649265,NA,NA,NA,NA,NA,NA,NA,NA,NA,NA,NA,NA,NA,NA,NA,0.00139555168151855,2.04173036729819,0.765600277713408
1000,0.4,0.400000000000002,47.3874788491695,"setting_three","xgboost","tmle","m1",48.8953825483122,-1.10461745168783,609.164,5.32637830841657,28.3703058843705,0.238202879429996,5.32637830841657,28.3703058843705,NA,NA,NA,11.5302941447289,13834279.6168902,0.934,0.932,NA,0.066,0.988,26.2964212934904,71.4943438031339,NA,NA,NA,1.46759407520294,-0.207386217749939,0.720114352887543
1000,0.4,0.400000000000002,47.3874788491695,"setting_three","super","tmle","m1",50.2048292717073,0.204829271707321,609.164,4.50973413463029,20.3377019650496,0.20168144170969,4.50973413463029,20.3377019650496,NA,NA,NA,7.11266635626439,1617510.5029776,0.952,0.95,NA,0.048,0.986,36.2642593793794,64.1453991640353,NA,NA,NA,20.6216665115356,0.0454193674377466,NA
1000,0.4,0.400000000000002,47.3874788491695,"setting_three","unadj","tmle","m1",60.5470277770679,10.5470277770679,609.164,5.16572998374156,26.6847662649265,0.2310184679411,5.16572998374156,26.6847662649265,NA,NA,NA,NA,NA,NA,NA,NA,NA,NA,NA,NA,NA,NA,NA,0.00139555168151855,2.04173036729819,NA
1000,0.4,0.400000000000002,47.3874788491695,"setting_three","xgboost","tmle","m1",48.8953825483122,-1.10461745168783,609.164,5.32637830841657,28.3703058843705,0.238202879429996,5.32637830841657,28.3703058843705,NA,NA,NA,11.5302941447289,13834279.6168902,0.934,0.932,NA,0.066,0.988,26.2964212934904,71.4943438031339,NA,NA,NA,1.46759407520294,-0.207386217749939,NA
1000,0.6,0.600000000000007,29.0149531095981,"setting_three","bart","tmle","m1",50.8886712263542,0.888671226354218,608.998,3.00183310633376,9.01100199828142,0.134246057657433,3.00183310633376,9.01100199828142,NA,NA,NA,4.44430784069721,635122.876755568,0.944,0.948,NA,0.056,0.996,42.1779879223787,59.5993545303297,NA,NA,NA,5.51467699718475,0.296042849443946,NA
1000,0.6,0.600000000000007,29.0149531095981,"setting_three","correct_model","tmle","m1",49.8938568164078,-0.106143183592211,608.998,2.65338566414602,7.04045548269559,0.118663014311078,2.65338566414602,7.04045548269559,NA,NA,NA,2.55631794464167,6571.34367804615,0.944,0.946,NA,0.056,1,44.8835657118767,54.9041479209389,NA,NA,NA,0.0626036243438721,-0.0400029234447429,NA
1000,0.6,0.600000000000007,29.0149531095981,"setting_three","lm_interact","tmle","m1",49.7077054352139,-0.292294564786095,608.998,3.49680211894319,12.2276250590456,0.156381744836446,3.49680211894319,12.2276250590456,NA,NA,NA,5.03658879275055,210351.635586233,0.946,0.948,NA,0.054,0.982,39.8361727964848,59.579238073943,NA,NA,NA,0.0632125163078308,-0.0835891065161082,NA
1000,0.6,0.600000000000007,29.0149531095981,"setting_three","lm","tmle","m1",50.8001172031284,0.800117203128431,608.998,3.1064969659259,9.6503233993068,0.138926767754143,3.1064969659259,9.6503233993068,NA,NA,NA,6.38285266107723,981354.376669928,0.964,0.964,NA,0.036,0.982,38.2899558687914,63.3102785374654,NA,NA,NA,0.0629793772697449,0.257562525218805,1
1000,0.6,0.600000000000007,29.0149531095981,"setting_three","rf","tmle","m1",49.7658472161835,-0.234152783816498,608.998,3.28035421131816,10.7607237517128,0.146701900135702,3.28035421131816,10.7607237517128,NA,NA,NA,4.54678860548915,203154.556897584,0.93,0.928,NA,0.07,0.99,40.8543053041077,58.6773891282593,NA,NA,NA,0.547828395366669,-0.0713803353944534,NA
1000,0.6,0.600000000000007,29.0149531095981,"setting_three","bart","tmle","m1",50.8886712263542,0.888671226354218,608.998,3.00183310633376,9.01100199828142,0.134246057657433,3.00183310633376,9.01100199828142,NA,NA,NA,4.44430784069721,635122.876755568,0.944,0.948,NA,0.056,0.996,42.1779879223787,59.5993545303297,NA,NA,NA,5.51467699718475,0.296042849443946,1.07094898005209
1000,0.6,0.600000000000007,29.0149531095981,"setting_three","correct_model","tmle","m1",49.8938568164078,-0.106143183592211,608.998,2.65338566414602,7.04045548269559,0.118663014311078,2.65338566414602,7.04045548269559,NA,NA,NA,2.55631794464167,6571.34367804615,0.944,0.946,NA,0.056,1,44.8835657118767,54.9041479209389,NA,NA,NA,0.0626036243438721,-0.0400029234447429,1.37069589077381
1000,0.6,0.600000000000007,29.0149531095981,"setting_three","lm_interact","tmle","m1",49.7077054352139,-0.292294564786095,608.998,3.49680211894319,12.2276250590456,0.156381744836446,3.49680211894319,12.2276250590456,NA,NA,NA,5.03658879275055,210351.635586233,0.946,0.948,NA,0.054,0.982,39.8361727964848,59.579238073943,NA,NA,NA,0.0632125163078308,-0.0835891065161082,0.789223038219331
1000,0.6,0.600000000000007,29.0149531095981,"setting_three","lm","tmle","m1",50.8001172031284,0.800117203128431,608.998,3.1064969659259,9.6503233993068,0.138926767754143,3.1064969659259,9.6503233993068,NA,NA,NA,6.38285266107723,981354.376669928,0.964,0.964,NA,0.036,0.982,38.2899558687914,63.3102785374654,NA,NA,NA,0.0629793772697449,0.257562525218805,1
1000,0.6,0.600000000000007,29.0149531095981,"setting_three","rf","tmle","m1",49.7658472161835,-0.234152783816498,608.998,3.28035421131816,10.7607237517128,0.146701900135702,3.28035421131816,10.7607237517128,NA,NA,NA,4.54678860548915,203154.556897584,0.93,0.928,NA,0.07,0.99,40.8543053041077,58.6773891282593,NA,NA,NA,0.547828395366669,-0.0713803353944534,0.896809882120684
1000,0.6,0.600000000000007,29.0149531095981,"setting_three","super","tmle","m1",50.3252307139089,0.325230713908913,608.998,2.99918535138239,8.99511277194672,0.134127646456252,2.99918535138239,8.99511277194672,NA,NA,NA,4.18720375327177,350650.573596159,0.952,0.958,NA,0.048,0.994,42.1184621615653,58.5319992662525,NA,NA,NA,20.6498153729439,0.108439684716054,1.07284073518272
1000,0.6,0.600000000000007,29.0149531095981,"setting_three","unadj","tmle","m1",60.4536699367132,10.4536699367132,608.998,3.80821528723346,14.5025036739186,0.170308565104158,3.80821528723346,14.5025036739186,NA,NA,NA,NA,NA,NA,NA,NA,NA,NA,NA,NA,NA,NA,NA,0.00238417959213257,2.745031241211,0.665424647791126
1000,0.6,0.600000000000007,29.0149531095981,"setting_three","xgboost","tmle","m1",49.532976773583,-0.467023226417007,608.998,3.5120754646306,12.3346740692602,0.157064789620464,3.5120754646306,12.3346740692602,NA,NA,NA,4.2593084668879,251279.3606287,0.914,0.928,NA,0.086,0.996,41.1848855794362,57.8810679677298,NA,NA,NA,1.44993951559067,-0.1329764212416,0.782373603479058
1000,0.6,0.600000000000007,29.0149531095981,"setting_three","super","tmle","m1",50.3252307139089,0.325230713908913,608.998,2.99918535138239,8.99511277194672,0.134127646456252,2.99918535138239,8.99511277194672,NA,NA,NA,4.18720375327177,350650.573596159,0.952,0.958,NA,0.048,0.994,42.1184621615653,58.5319992662525,NA,NA,NA,20.6498153729439,0.108439684716054,NA
1000,0.6,0.600000000000007,29.0149531095981,"setting_three","unadj","tmle","m1",60.4536699367132,10.4536699367132,608.998,3.80821528723346,14.5025036739186,0.170308565104158,3.80821528723346,14.5025036739186,NA,NA,NA,NA,NA,NA,NA,NA,NA,NA,NA,NA,NA,NA,NA,0.00238417959213257,2.745031241211,NA
1000,0.6,0.600000000000007,29.0149531095981,"setting_three","xgboost","tmle","m1",49.532976773583,-0.467023226417007,608.998,3.5120754646306,12.3346740692602,0.157064789620464,3.5120754646306,12.3346740692602,NA,NA,NA,4.2593084668879,251279.3606287,0.914,0.928,NA,0.086,0.996,41.1848855794362,57.8810679677298,NA,NA,NA,1.44993951559067,-0.1329764212416,NA
1000,0.8,0.800000000000003,11.895857708535,"setting_three","bart","tmle","m1",50.5117431708931,0.511743170893118,609.036,1.31827393728854,1.73784617373422,0.0589550027348692,1.31827393728854,1.73784617373422,NA,NA,NA,2.46904340276679,101310.764894835,0.956,0.958,NA,0.044,0.99,45.672507025204,55.3509793165822,NA,NA,NA,4.59948054027557,0.388191829041001,NA
1000,0.8,0.800000000000003,11.895857708535,"setting_three","correct_model","tmle","m1",49.8824123230762,-0.11758767692376,609.036,1.03139800635787,1.06378184751899,0.0461255210814792,1.03139800635787,1.06378184751899,NA,NA,NA,1.04514241212652,1105.89465901857,0.934,0.944,NA,0.066,1,47.8339708365929,51.9308538095595,NA,NA,NA,0.0622376713752747,-0.114008051401022,NA
1000,0.8,0.800000000000003,11.895857708535,"setting_three","lm_interact","tmle","m1",49.7065642647952,-0.293435735204811,609.036,2.26407032652336,5.12601444344361,0.101252303118928,2.26407032652336,5.12601444344361,NA,NA,NA,4.65331803742588,569874.799362817,0.938,0.938,NA,0.062,0.984,40.5862285028299,58.8269000267605,NA,NA,NA,0.0627260093688965,-0.129605397750786,NA
1000,0.8,0.800000000000003,11.895857708535,"setting_three","lm","tmle","m1",50.7397977746399,0.73979777463992,609.036,1.83153478392942,3.35451966474339,0.0819087256004315,1.83153478392942,3.35451966474339,NA,NA,NA,4.0416498382413,283746.756011903,0.968,0.976,NA,0.032,0.988,42.8183096535648,58.661285895715,NA,NA,NA,0.0620551552772522,0.403922317572773,1
1000,0.8,0.800000000000003,11.895857708535,"setting_three","rf","tmle","m1",50.4840514953519,0.484051495351902,609.036,1.64433782563959,2.70384688482913,0.0735370231220864,1.64433782563959,2.70384688482913,NA,NA,NA,3.13431494146489,209330.491943495,0.962,0.964,NA,0.038,0.994,44.340907093875,56.6271958968289,NA,NA,NA,0.513811502933502,0.294374725074285,NA
1000,0.8,0.800000000000003,11.895857708535,"setting_three","bart","tmle","m1",50.5117431708931,0.511743170893118,609.036,1.31827393728854,1.73784617373422,0.0589550027348692,1.31827393728854,1.73784617373422,NA,NA,NA,2.46904340276679,101310.764894835,0.956,0.958,NA,0.044,0.99,45.672507025204,55.3509793165822,NA,NA,NA,4.59948054027557,0.388191829041001,1.93027421842252
1000,0.8,0.800000000000003,11.895857708535,"setting_three","correct_model","tmle","m1",49.8824123230762,-0.11758767692376,609.036,1.03139800635787,1.06378184751899,0.0461255210814792,1.03139800635787,1.06378184751899,NA,NA,NA,1.04514241212652,1105.89465901857,0.934,0.944,NA,0.066,1,47.8339708365929,51.9308538095595,NA,NA,NA,0.0622376713752747,-0.114008051401022,3.15339058714621
1000,0.8,0.800000000000003,11.895857708535,"setting_three","lm_interact","tmle","m1",49.7065642647952,-0.293435735204811,609.036,2.26407032652336,5.12601444344361,0.101252303118928,2.26407032652336,5.12601444344361,NA,NA,NA,4.65331803742588,569874.799362817,0.938,0.938,NA,0.062,0.984,40.5862285028299,58.8269000267605,NA,NA,NA,0.0627260093688965,-0.129605397750786,0.654410888177259
1000,0.8,0.800000000000003,11.895857708535,"setting_three","lm","tmle","m1",50.7397977746399,0.73979777463992,609.036,1.83153478392942,3.35451966474339,0.0819087256004315,1.83153478392942,3.35451966474339,NA,NA,NA,4.0416498382413,283746.756011903,0.968,0.976,NA,0.032,0.988,42.8183096535648,58.661285895715,NA,NA,NA,0.0620551552772522,0.403922317572773,1
1000,0.8,0.800000000000003,11.895857708535,"setting_three","rf","tmle","m1",50.4840514953519,0.484051495351902,609.036,1.64433782563959,2.70384688482913,0.0735370231220864,1.64433782563959,2.70384688482913,NA,NA,NA,3.13431494146489,209330.491943495,0.962,0.964,NA,0.038,0.994,44.340907093875,56.6271958968289,NA,NA,NA,0.513811502933502,0.294374725074285,1.24064705126799
1000,0.8,0.800000000000003,11.895857708535,"setting_three","super","tmle","m1",50.6254456639002,0.625445663900192,609.036,1.48990367725384,2.21981296749451,0.0666305180453298,1.48990367725384,2.21981296749451,NA,NA,NA,1.81765826121704,10017.286317084,0.932,0.948,NA,0.068,0.998,47.0629009357131,54.1879903920873,NA,NA,NA,17.1564732513428,0.419789328296042,1.51117220858909
1000,0.8,0.800000000000003,11.895857708535,"setting_three","unadj","tmle","m1",60.492872992993,10.492872992993,609.036,2.94582368580893,8.67787718787288,0.131741240223955,2.94582368580893,8.67787718787288,NA,NA,NA,NA,NA,NA,NA,NA,NA,NA,NA,NA,NA,NA,NA,0.00666585540771484,3.56194874918715,0.386559937657478
1000,0.8,0.800000000000003,11.895857708535,"setting_three","xgboost","tmle","m1",50.2636778201418,0.263677820141814,609.036,1.80746868441431,3.26694304513838,0.0808324569110501,1.80746868441431,3.26694304513838,NA,NA,NA,2.33084089174098,17779.9076074827,0.932,0.944,NA,0.068,0.992,45.6953136186363,54.8320420216473,NA,NA,NA,1.28172490501404,0.145882372632783,1.02680690125141
1000,0.8,0.800000000000003,11.895857708535,"setting_three","super","tmle","m1",50.6254456639002,0.625445663900192,609.036,1.48990367725384,2.21981296749451,0.0666305180453298,1.48990367725384,2.21981296749451,NA,NA,NA,1.81765826121704,10017.286317084,0.932,0.948,NA,0.068,0.998,47.0629009357131,54.1879903920873,NA,NA,NA,17.1564732513428,0.419789328296042,NA
1000,0.8,0.800000000000003,11.895857708535,"setting_three","unadj","tmle","m1",60.492872992993,10.492872992993,609.036,2.94582368580893,8.67787718787288,0.131741240223955,2.94582368580893,8.67787718787288,NA,NA,NA,NA,NA,NA,NA,NA,NA,NA,NA,NA,NA,NA,NA,0.00666585540771484,3.56194874918715,NA
1000,0.8,0.800000000000003,11.895857708535,"setting_three","xgboost","tmle","m1",50.2636778201418,0.263677820141814,609.036,1.80746868441431,3.26694304513838,0.0808324569110501,1.80746868441431,3.26694304513838,NA,NA,NA,2.33084089174098,17779.9076074827,0.932,0.944,NA,0.068,0.992,45.6953136186363,54.8320420216473,NA,NA,NA,1.28172490501404,0.145882372632783,NA
200,0.2,0.200000000000001,87.5334286060377,"setting_three","bart","tmle","m1",54.1986172009113,4.19861720091126,121.486,35.0717773705631,1230.02956793034,1.56845756584636,35.0717773705631,1230.02956793034,NA,NA,NA,125.48903565751,286449290.392984,0.982,0.978,NA,0.018,0.59,-191.75537314247,300.152607544293,NA,NA,NA,1.51779247808456,0.119714982122215,NA
200,0.2,0.200000000000001,87.5334286060377,"setting_three","correct_model","tmle","m1",52.2485351255705,2.24853512557051,121.486,19.2361532021026,370.029590014762,0.860266923710033,19.2361532021026,370.029590014762,NA,NA,NA,22.8827486258669,122249.684694108,0.966,0.964,NA,0.034,0.69,7.39917195158808,97.097898299553,NA,NA,NA,0.0657118768692017,0.116891100936165,NA
200,0.2,0.200000000000001,87.5334286060377,"setting_three","lm_interact","tmle","m1",53.6812638983719,3.68126389837185,121.486,67.9416278255998,4616.06479159232,3.03844196640065,67.9416278255998,4616.06479159232,NA,NA,NA,74.7355871284957,43575532.4795045,0.974,0.97,NA,0.026,0.476,-92.7977952369349,200.160323033679,NA,NA,NA,0.0538335566520691,0.0541827450443391,NA
200,0.2,0.200000000000001,87.5334286060377,"setting_three","lm","tmle","m1",52.3810373871978,2.38103738719781,121.486,22.5621672055033,509.051389009091,1.00901079182444,22.5621672055033,509.051389009091,NA,NA,NA,111.302818677939,127564198.697985,0.98,0.98,NA,0.02,0.56,-165.768478599354,270.53055337375,NA,NA,NA,0.0636879000663757,0.105532299513188,1
200,0.2,0.200000000000001,87.5334286060377,"setting_three","rf","tmle","m1",45.0203812177686,-4.9796187822314,121.486,92.0264458607742,8468.86673776601,4.11554777344791,92.0264458607742,8468.86673776601,NA,NA,NA,219.661993135469,2209430260.97052,0.978,0.992,NA,0.022,0.346,-385.509214100036,475.549976535573,NA,NA,NA,0.148992874145508,-0.0541107367089348,NA
200,0.2,0.200000000000001,87.5334286060377,"setting_three","bart","tmle","m1",54.1986172009113,4.19861720091126,121.486,35.0717773705631,1230.02956793034,1.56845756584636,35.0717773705631,1230.02956793034,NA,NA,NA,125.48903565751,286449290.392984,0.982,0.978,NA,0.018,0.59,-191.75537314247,300.152607544293,NA,NA,NA,1.51779247808456,0.119714982122215,0.413852969295385
200,0.2,0.200000000000001,87.5334286060377,"setting_three","correct_model","tmle","m1",52.2485351255705,2.24853512557051,121.486,19.2361532021026,370.029590014762,0.860266923710033,19.2361532021026,370.029590014762,NA,NA,NA,22.8827486258669,122249.684694108,0.966,0.964,NA,0.034,0.69,7.39917195158808,97.097898299553,NA,NA,NA,0.0657118768692017,0.116891100936165,1.3757045456521
200,0.2,0.200000000000001,87.5334286060377,"setting_three","lm_interact","tmle","m1",53.6812638983719,3.68126389837185,121.486,67.9416278255998,4616.06479159232,3.03844196640065,67.9416278255998,4616.06479159232,NA,NA,NA,74.7355871284957,43575532.4795045,0.974,0.97,NA,0.026,0.476,-92.7977952369349,200.160323033679,NA,NA,NA,0.0538335566520691,0.0541827450443391,0.110278215751277
200,0.2,0.200000000000001,87.5334286060377,"setting_three","lm","tmle","m1",52.3810373871978,2.38103738719781,121.486,22.5621672055033,509.051389009091,1.00901079182444,22.5621672055033,509.051389009091,NA,NA,NA,111.302818677939,127564198.697985,0.98,0.98,NA,0.02,0.56,-165.768478599354,270.53055337375,NA,NA,NA,0.0636879000663757,0.105532299513188,1
200,0.2,0.200000000000001,87.5334286060377,"setting_three","rf","tmle","m1",45.0203812177686,-4.9796187822314,121.486,92.0264458607742,8468.86673776601,4.11554777344791,92.0264458607742,8468.86673776601,NA,NA,NA,219.661993135469,2209430260.97052,0.978,0.992,NA,0.022,0.346,-385.509214100036,475.549976535573,NA,NA,NA,0.148992874145508,-0.0541107367089348,0.0601085605396328
200,0.2,0.200000000000001,87.5334286060377,"setting_three","super","tmle","m1",49.2685619727304,-0.731438027269568,121.486,41.2301008662648,1699.92121744237,1.84386616512282,41.2301008662648,1699.92121744237,NA,NA,NA,597.935591394061,17172042278.1696,0.974,0.974,NA,0.026,0.504,-1122.66366223429,1221.20078617975,NA,NA,NA,13.1261080579758,-0.0177403889852727,0.299455871122656
200,0.2,0.200000000000001,87.5334286060377,"setting_three","unadj","tmle","m1",62.8447753320013,12.8447753320013,121.486,18.3907722863963,338.22050529008,0.822460339822025,18.3907722863963,338.22050529008,NA,NA,NA,NA,NA,NA,NA,NA,NA,NA,NA,NA,NA,NA,NA,0.000356709957122803,0.698435885778578,1.50508730560998
200,0.2,0.200000000000001,87.5334286060377,"setting_three","xgboost","tmle","m1",47.7620930841694,-2.23790691583055,121.486,45.2730002460369,2049.64455127766,2.02467012191006,45.2730002460369,2049.64455127766,NA,NA,NA,206.875536121911,786671039.236792,0.982,0.988,NA,0.018,0.33,-357.70650699719,453.230693165529,NA,NA,NA,1.21867841386795,-0.0494313808156873,0.248360813923453
200,0.2,0.200000000000001,87.5334286060377,"setting_three","super","tmle","m1",49.2685619727304,-0.731438027269568,121.486,41.2301008662648,1699.92121744237,1.84386616512282,41.2301008662648,1699.92121744237,NA,NA,NA,597.935591394061,17172042278.1696,0.974,0.974,NA,0.026,0.504,-1122.66366223429,1221.20078617975,NA,NA,NA,13.1261080579758,-0.0177403889852727,NA
200,0.2,0.200000000000001,87.5334286060377,"setting_three","unadj","tmle","m1",62.8447753320013,12.8447753320013,121.486,18.3907722863963,338.22050529008,0.822460339822025,18.3907722863963,338.22050529008,NA,NA,NA,NA,NA,NA,NA,NA,NA,NA,NA,NA,NA,NA,NA,0.000356709957122803,0.698435885778578,NA
200,0.2,0.200000000000001,87.5334286060377,"setting_three","xgboost","tmle","m1",47.7620930841694,-2.23790691583055,121.486,45.2730002460369,2049.64455127766,2.02467012191006,45.2730002460369,2049.64455127766,NA,NA,NA,206.875536121911,786671039.236792,0.982,0.988,NA,0.018,0.33,-357.70650699719,453.230693165529,NA,NA,NA,1.21867841386795,-0.0494313808156873,NA
200,0.4,0.400000000000004,49.4733563967998,"setting_three","bart","tmle","m1",57.031395628677,7.03139562867704,121.864,111.626016731238,12460.3676112826,4.99206722937154,111.626016731238,12460.3676112826,NA,NA,NA,62.5338202070781,26221623.0133288,0.992,0.97,NA,0.008,0.834,-65.532639792899,179.595431050253,NA,NA,NA,1.05194416904449,0.0629906524892538,NA
200,0.4,0.400000000000004,49.4733563967998,"setting_three","correct_model","tmle","m1",50.421609776005,0.421609776004991,121.864,9.59717077891463,92.1056869596528,0.429198525066554,9.59717077891463,92.1056869596528,NA,NA,NA,12.840444330703,38880.5710015399,0.982,0.98,NA,0.018,0.976,25.2548013423357,75.5884182096743,NA,NA,NA,0.0334279894828796,0.0439306318202948,NA
200,0.4,0.400000000000004,49.4733563967998,"setting_three","lm_interact","tmle","m1",159.331069069645,109.331069069645,121.864,2613.15885506161,6828599.20178689,116.864016718466,2613.15885506161,6828599.20178689,NA,NA,NA,164.001139842695,1367460733.27583,0.984,0.09,NA,0.016,0.766,-162.105258445554,480.767396584845,NA,NA,NA,0.0614907751083374,0.0418386616098268,NA
200,0.4,0.400000000000004,49.4733563967998,"setting_three","lm","tmle","m1",88.0246185281513,38.0246185281512,121.864,802.423192762428,643882.980283048,35.8854561147841,802.423192762428,643882.980283048,NA,NA,NA,192.828405429666,1466680940.15599,0.992,0.36,NA,0.008,0.812,-289.912111310282,465.961348366584,NA,NA,NA,0.0636131868362427,0.0473872376460698,1
200,0.4,0.400000000000004,49.4733563967998,"setting_three","rf","tmle","m1",44.4295148909398,-5.57048510906023,121.864,47.6273619167769,2268.36560315165,2.12996037669796,47.6273619167769,2268.36560315165,NA,NA,NA,150.097467038644,483101234.787362,0.972,0.992,NA,0.028,0.768,-249.75611467549,338.61514445737,NA,NA,NA,0.183279427051544,-0.116959766085595,NA
200,0.4,0.400000000000004,49.4733563967998,"setting_three","bart","tmle","m1",57.031395628677,7.03139562867704,121.864,111.626016731238,12460.3676112826,4.99206722937154,111.626016731238,12460.3676112826,NA,NA,NA,62.5338202070781,26221623.0133288,0.992,0.97,NA,0.008,0.834,-65.532639792899,179.595431050253,NA,NA,NA,1.05194416904449,0.0629906524892538,51.6744770595713
200,0.4,0.400000000000004,49.4733563967998,"setting_three","correct_model","tmle","m1",50.421609776005,0.421609776004991,121.864,9.59717077891463,92.1056869596528,0.429198525066554,9.59717077891463,92.1056869596528,NA,NA,NA,12.840444330703,38880.5710015399,0.982,0.98,NA,0.018,0.976,25.2548013423357,75.5884182096743,NA,NA,NA,0.0334279894828796,0.0439306318202948,6990.69733408647
200,0.4,0.400000000000004,49.4733563967998,"setting_three","lm_interact","tmle","m1",159.331069069645,109.331069069645,121.864,2613.15885506161,6828599.20178689,116.864016718466,2613.15885506161,6828599.20178689,NA,NA,NA,164.001139842695,1367460733.27583,0.984,0.09,NA,0.016,0.766,-162.105258445554,480.767396584845,NA,NA,NA,0.0614907751083374,0.0418386616098268,0.0942921031468004
200,0.4,0.400000000000004,49.4733563967998,"setting_three","lm","tmle","m1",88.0246185281513,38.0246185281512,121.864,802.423192762428,643882.980283048,35.8854561147841,802.423192762428,643882.980283048,NA,NA,NA,192.828405429666,1466680940.15599,0.992,0.36,NA,0.008,0.812,-289.912111310282,465.961348366584,NA,NA,NA,0.0636131868362427,0.0473872376460698,1
200,0.4,0.400000000000004,49.4733563967998,"setting_three","rf","tmle","m1",44.4295148909398,-5.57048510906023,121.864,47.6273619167769,2268.36560315165,2.12996037669796,47.6273619167769,2268.36560315165,NA,NA,NA,150.097467038644,483101234.787362,0.972,0.992,NA,0.028,0.768,-249.75611467549,338.61514445737,NA,NA,NA,0.183279427051544,-0.116959766085595,283.853263948475
200,0.4,0.400000000000004,49.4733563967998,"setting_three","super","tmle","m1",46.2301018363135,-3.76989816368648,121.864,34.5573584709021,1194.21102448643,1.54545205327531,34.5573584709021,1194.21102448643,NA,NA,NA,190.790654550239,1316202873.11555,0.988,0.992,NA,0.012,0.822,-327.712709668978,420.172913341605,NA,NA,NA,15.7750556159019,-0.109091039665569,539.170186073227
200,0.4,0.400000000000004,49.4733563967998,"setting_three","unadj","tmle","m1",61.4933127627007,11.4933127627007,121.864,10.7204390085765,114.927812536608,0.479432607436349,10.7204390085765,114.927812536608,NA,NA,NA,NA,NA,NA,NA,NA,NA,NA,NA,NA,NA,NA,NA,0.000364102363586426,1.07209347989443,5602.49922165665
200,0.4,0.400000000000004,49.4733563967998,"setting_three","xgboost","tmle","m1",43.6560300157596,-6.34396998424038,121.864,21.839854116398,476.979227825547,0.976707968458891,21.839854116398,476.979227825547,NA,NA,NA,50232.19567229,251975909144180,0.972,0.98,NA,0.028,0.73,-98409.6383520413,98496.9504120728,NA,NA,NA,1.6586366019249,-0.2904767564119,1349.91828306315
200,0.4,0.400000000000004,49.4733563967998,"setting_three","super","tmle","m1",46.2301018363135,-3.76989816368648,121.864,34.5573584709021,1194.21102448643,1.54545205327531,34.5573584709021,1194.21102448643,NA,NA,NA,190.790654550239,1316202873.11555,0.988,0.992,NA,0.012,0.822,-327.712709668978,420.172913341605,NA,NA,NA,15.7750556159019,-0.109091039665569,NA
200,0.4,0.400000000000004,49.4733563967998,"setting_three","unadj","tmle","m1",61.4933127627007,11.4933127627007,121.864,10.7204390085765,114.927812536608,0.479432607436349,10.7204390085765,114.927812536608,NA,NA,NA,NA,NA,NA,NA,NA,NA,NA,NA,NA,NA,NA,NA,0.000364102363586426,1.07209347989443,NA
200,0.4,0.400000000000004,49.4733563967998,"setting_three","xgboost","tmle","m1",43.6560300157596,-6.34396998424038,121.864,21.839854116398,476.979227825547,0.976707968458891,21.839854116398,476.979227825547,NA,NA,NA,50232.19567229,251975909144180,0.972,0.98,NA,0.028,0.73,-98409.6383520413,98496.9504120728,NA,NA,NA,1.6586366019249,-0.2904767564119,NA
200,0.6,0.600000000000002,29.9653280160046,"setting_three","bart","tmle","m1",51.9607413369636,1.96074133696355,121.528,10.1962047570991,103.96259144869,0.455988138987606,10.1962047570991,103.96259144869,NA,NA,NA,38.5543355519417,16912122.147142,0.978,0.984,NA,0.022,0.924,-23.6043677927144,127.525850466642,NA,NA,NA,1.0478251991272,0.192301094738059,NA
200,0.6,0.600000000000002,29.9653280160046,"setting_three","correct_model","tmle","m1",50.1455189365449,0.145518936544905,121.528,6.24558891812232,39.0073809341723,0.279311227608818,6.24558891812232,39.0073809341723,NA,NA,NA,8.16696718297012,26674.1054801732,0.974,0.974,NA,0.026,0.992,34.1385573950029,66.1524804780869,NA,NA,NA,0.0335331649780273,0.0232994739891804,NA
200,0.6,0.600000000000002,29.9653280160046,"setting_three","lm_interact","tmle","m1",58.4280106177471,8.42801061774709,121.528,277.465426602921,76987.0629599408,12.4086311058022,277.465426602921,76987.0629599408,NA,NA,NA,609.034731431165,16263249255.9798,0.982,0.896,NA,0.018,0.89,-1135.25812832136,1252.11414955685,NA,NA,NA,0.0332403512001038,0.0303749938179086,NA
200,0.6,0.600000000000002,29.9653280160046,"setting_three","lm","tmle","m1",43.5443440399872,-6.45565596001281,121.528,191.452466719803,36654.0470130973,8.56201460090992,191.452466719803,36654.0470130973,NA,NA,NA,410.840213847467,14184858136.8591,0.978,0.924,NA,0.022,0.89,-761.687678501782,848.776366581757,NA,NA,NA,0.033003782749176,-0.03371936685183,1
200,0.6,0.600000000000002,29.9653280160046,"setting_three","rf","tmle","m1",46.7131496292074,-3.28685037079259,121.528,56.3168422388351,3171.58671975384,2.51856575048333,56.3168422388351,3171.58671975384,NA,NA,NA,80.7117522244993,264864331.11565,0.94,0.972,NA,0.06,0.878,-111.478977859932,204.905277118347,NA,NA,NA,0.199467443943024,-0.0583635417066413,NA
200,0.6,0.600000000000002,29.9653280160046,"setting_three","bart","tmle","m1",51.9607413369636,1.96074133696355,121.528,10.1962047570991,103.96259144869,0.455988138987606,10.1962047570991,103.96259144869,NA,NA,NA,38.5543355519417,16912122.147142,0.978,0.984,NA,0.022,0.924,-23.6043677927144,127.525850466642,NA,NA,NA,1.0478251991272,0.192301094738059,352.569578175508
200,0.6,0.600000000000002,29.9653280160046,"setting_three","correct_model","tmle","m1",50.1455189365449,0.145518936544905,121.528,6.24558891812232,39.0073809341723,0.279311227608818,6.24558891812232,39.0073809341723,NA,NA,NA,8.16696718297012,26674.1054801732,0.974,0.974,NA,0.026,0.992,34.1385573950029,66.1524804780869,NA,NA,NA,0.0335331649780273,0.0232994739891804,939.669522415606
200,0.6,0.600000000000002,29.9653280160046,"setting_three","lm_interact","tmle","m1",58.4280106177471,8.42801061774709,121.528,277.465426602921,76987.0629599408,12.4086311058022,277.465426602921,76987.0629599408,NA,NA,NA,609.034731431165,16263249255.9798,0.982,0.896,NA,0.018,0.89,-1135.25812832136,1252.11414955685,NA,NA,NA,0.0332403512001038,0.0303749938179086,0.476106576921498
200,0.6,0.600000000000002,29.9653280160046,"setting_three","lm","tmle","m1",43.5443440399872,-6.45565596001281,121.528,191.452466719803,36654.0470130973,8.56201460090992,191.452466719803,36654.0470130973,NA,NA,NA,410.840213847467,14184858136.8591,0.978,0.924,NA,0.022,0.89,-761.687678501782,848.776366581757,NA,NA,NA,0.033003782749176,-0.03371936685183,1
200,0.6,0.600000000000002,29.9653280160046,"setting_three","rf","tmle","m1",46.7131496292074,-3.28685037079259,121.528,56.3168422388351,3171.58671975384,2.51856575048333,56.3168422388351,3171.58671975384,NA,NA,NA,80.7117522244993,264864331.11565,0.94,0.972,NA,0.06,0.878,-111.478977859932,204.905277118347,NA,NA,NA,0.199467443943024,-0.0583635417066413,11.5570060830442
200,0.6,0.600000000000002,29.9653280160046,"setting_three","super","tmle","m1",49.9917654877401,-0.0082345122598947,121.528,13.8630430508502,192.183962629727,0.619974132734144,13.8630430508502,192.183962629727,NA,NA,NA,46.6124235719128,22268253.2773004,0.982,0.982,NA,0.018,0.868,-41.3669059453347,141.350436920815,NA,NA,NA,15.734125685215,-0.000593990239350059,190.723755049828
200,0.6,0.600000000000002,29.9653280160046,"setting_three","unadj","tmle","m1",60.604253320402,10.604253320402,121.528,8.86756213511118,78.6336582200576,0.396569434576236,8.86756213511118,78.6336582200576,NA,NA,NA,NA,NA,NA,NA,NA,NA,NA,NA,NA,NA,NA,NA,0.000203814029693604,1.19584764773335,466.136866105356
200,0.6,0.600000000000002,29.9653280160046,"setting_three","xgboost","tmle","m1",46.5968100673815,-3.40318993261852,121.528,14.4649271786231,209.234118282868,0.646891209219708,14.4649271786231,209.234118282868,NA,NA,NA,8474.21322617796,7122161502064.92,0.948,0.97,NA,0.052,0.892,-16562.5559105544,16655.7495306892,NA,NA,NA,1.64214567232132,-0.235271833075518,175.1819794683
200,0.6,0.600000000000002,29.9653280160046,"setting_three","super","tmle","m1",49.9917654877401,-0.0082345122598947,121.528,13.8630430508502,192.183962629727,0.619974132734144,13.8630430508502,192.183962629727,NA,NA,NA,46.6124235719128,22268253.2773004,0.982,0.982,NA,0.018,0.868,-41.3669059453347,141.350436920815,NA,NA,NA,15.734125685215,-0.000593990239350059,NA
200,0.6,0.600000000000002,29.9653280160046,"setting_three","unadj","tmle","m1",60.604253320402,10.604253320402,121.528,8.86756213511118,78.6336582200576,0.396569434576236,8.86756213511118,78.6336582200576,NA,NA,NA,NA,NA,NA,NA,NA,NA,NA,NA,NA,NA,NA,NA,0.000203814029693604,1.19584764773335,NA
200,0.6,0.600000000000002,29.9653280160046,"setting_three","xgboost","tmle","m1",46.5968100673815,-3.40318993261852,121.528,14.4649271786231,209.234118282868,0.646891209219708,14.4649271786231,209.234118282868,NA,NA,NA,8474.21322617796,7122161502064.92,0.948,0.97,NA,0.052,0.892,-16562.5559105544,16655.7495306892,NA,NA,NA,1.64214567232132,-0.235271833075518,NA
200,0.8,0.800000000000002,12.8390971386754,"setting_three","bart","tmle","m1",39.0543552373664,-10.9456447626336,121.996,293.897649750782,86375.8285290336,13.1435024654035,293.897649750782,86375.8285290336,NA,NA,NA,70.1864805545788,91614987.623709,0.972,0.47,NA,0.028,0.928,-98.5086188512288,176.617329325962,NA,NA,NA,1.04606571340561,-0.0372430496532217,NA
200,0.8,0.800000000000002,12.8390971386754,"setting_three","correct_model","tmle","m1",50.0946696126425,0.0946696126424574,121.996,2.74336546558388,7.52605407775828,0.122687033363418,2.74336546558388,7.52605407775828,NA,NA,NA,3.10234912001606,2095.77940588432,0.954,0.954,NA,0.046,1,44.0141770699415,56.1751621553435,NA,NA,NA,0.0331343097686768,0.0345085676079648,NA
200,0.8,0.800000000000002,12.8390971386754,"setting_three","lm_interact","tmle","m1",49.9329977481062,-0.0670022518937692,121.996,6.50245224115526,42.281885148505,0.29079850463338,6.50245224115526,42.281885148505,NA,NA,NA,48.4211019910128,64497712.46991,0.974,0.976,NA,0.026,0.902,-44.9706182460196,144.836613742232,NA,NA,NA,0.0339923610687256,-0.0103041513276636,NA
200,0.8,0.800000000000002,12.8390971386754,"setting_three","lm","tmle","m1",38.8508051347393,-11.1491948652607,121.996,270.487500670314,73163.488018873,12.0965687712568,270.487500670314,73163.488018873,NA,NA,NA,126.085354568646,774614707.78313,0.982,0.6,NA,0.018,0.888,-208.27194879777,285.973559067248,NA,NA,NA,0.0339472351074219,-0.0412188912154208,1
200,0.8,0.800000000000002,12.8390971386754,"setting_three","rf","tmle","m1",99.8427251917949,49.8427251917949,121.996,1165.67443129394,1358796.87977245,52.1305453601332,1165.67443129394,1358796.87977245,NA,NA,NA,521.580047701375,18585735156.2427,0.932,0.078,NA,0.068,0.906,-922.435383357583,1122.12083374117,NA,NA,NA,0.158034518718719,0.0427587016183134,NA
200,0.8,0.800000000000002,12.8390971386754,"setting_three","bart","tmle","m1",39.0543552373664,-10.9456447626336,121.996,293.897649750782,86375.8285290336,13.1435024654035,293.897649750782,86375.8285290336,NA,NA,NA,70.1864805545788,91614987.623709,0.972,0.47,NA,0.028,0.928,-98.5086188512288,176.617329325962,NA,NA,NA,1.04606571340561,-0.0372430496532217,0.847036598835987
200,0.8,0.800000000000002,12.8390971386754,"setting_three","correct_model","tmle","m1",50.0946696126425,0.0946696126424574,121.996,2.74336546558388,7.52605407775828,0.122687033363418,2.74336546558388,7.52605407775828,NA,NA,NA,3.10234912001606,2095.77940588432,0.954,0.954,NA,0.046,1,44.0141770699415,56.1751621553435,NA,NA,NA,0.0331343097686768,0.0345085676079648,9721.36092339448
200,0.8,0.800000000000002,12.8390971386754,"setting_three","lm_interact","tmle","m1",49.9329977481062,-0.0670022518937692,121.996,6.50245224115526,42.281885148505,0.29079850463338,6.50245224115526,42.281885148505,NA,NA,NA,48.4211019910128,64497712.46991,0.974,0.976,NA,0.026,0.902,-44.9706182460196,144.836613742232,NA,NA,NA,0.0339923610687256,-0.0103041513276636,1730.37431424601
200,0.8,0.800000000000002,12.8390971386754,"setting_three","lm","tmle","m1",38.8508051347393,-11.1491948652607,121.996,270.487500670314,73163.488018873,12.0965687712568,270.487500670314,73163.488018873,NA,NA,NA,126.085354568646,774614707.78313,0.982,0.6,NA,0.018,0.888,-208.27194879777,285.973559067248,NA,NA,NA,0.0339472351074219,-0.0412188912154208,1
200,0.8,0.800000000000002,12.8390971386754,"setting_three","rf","tmle","m1",99.8427251917949,49.8427251917949,121.996,1165.67443129394,1358796.87977245,52.1305453601332,1165.67443129394,1358796.87977245,NA,NA,NA,521.580047701375,18585735156.2427,0.932,0.078,NA,0.068,0.906,-922.435383357583,1122.12083374117,NA,NA,NA,0.158034518718719,0.0427587016183134,0.0538443155912496
200,0.8,0.800000000000002,12.8390971386754,"setting_three","super","tmle","m1",50.5540417751018,0.554041775101823,121.996,6.52107148988453,42.5243733761849,0.291631182750353,6.52107148988453,42.5243733761849,NA,NA,NA,12.1515762829916,215308.283290687,0.978,0.984,NA,0.022,0.93,26.7373899050471,74.3706936451565,NA,NA,NA,15.6703680095673,0.0849617698504381,1720.50714002636
200,0.8,0.800000000000002,12.8390971386754,"setting_three","unadj","tmle","m1",61.3155156364248,11.3155156364248,121.996,7.0797380929412,50.1226914646427,0.316615512774225,7.0797380929412,50.1226914646427,NA,NA,NA,NA,NA,NA,NA,NA,NA,NA,NA,NA,NA,NA,NA,0.000214725971221924,1.59829579680453,1459.68793536324
200,0.8,0.800000000000002,12.8390971386754,"setting_three","xgboost","tmle","m1",48.0994401883467,-1.90055981165325,121.996,9.43668236838495,89.0509741217873,0.422021265155649,9.43668236838495,89.0509741217873,NA,NA,NA,41.2127742052316,45257018.5722176,0.94,0.928,NA,0.06,0.9,-32.6761129568885,128.874993333582,NA,NA,NA,1.61982592201233,-0.201401269795894,821.591102628632
200,0.8,0.800000000000002,12.8390971386754,"setting_three","super","tmle","m1",50.5540417751018,0.554041775101823,121.996,6.52107148988453,42.5243733761849,0.291631182750353,6.52107148988453,42.5243733761849,NA,NA,NA,12.1515762829916,215308.283290687,0.978,0.984,NA,0.022,0.93,26.7373899050471,74.3706936451565,NA,NA,NA,15.6703680095673,0.0849617698504381,NA
200,0.8,0.800000000000002,12.8390971386754,"setting_three","unadj","tmle","m1",61.3155156364248,11.3155156364248,121.996,7.0797380929412,50.1226914646427,0.316615512774225,7.0797380929412,50.1226914646427,NA,NA,NA,NA,NA,NA,NA,NA,NA,NA,NA,NA,NA,NA,NA,0.000214725971221924,1.59829579680453,NA
200,0.8,0.800000000000002,12.8390971386754,"setting_three","xgboost","tmle","m1",48.0994401883467,-1.90055981165325,121.996,9.43668236838495,89.0509741217873,0.422021265155649,9.43668236838495,89.0509741217873,NA,NA,NA,41.2127742052316,45257018.5722176,0.94,0.928,NA,0.06,0.9,-32.6761129568885,128.874993333582,NA,NA,NA,1.61982592201233,-0.201401269795894,NA
2000,0.2,0.199999999999999,80.3725344984583,"setting_three","bart","tmle","m1",50.9875009177478,0.987500917747749,1219.43,4.88313830615523,23.8450397170406,0.218380583921926,4.88313830615523,23.8450397170406,NA,NA,NA,5.23859872647572,56179.5862088508,0.95,0.95,NA,0.05,1,40.7200360843979,61.2549657510976,NA,NA,NA,6.19287177610397,0.202226694358216,NA
2000,0.2,0.199999999999999,80.3725344984583,"setting_three","correct_model","tmle","m1",49.8052834575251,-0.194716542474869,1219.43,4.71249713156734,22.2076292150304,0.210749278599147,4.71249713156734,22.2076292150304,NA,NA,NA,4.90959772684079,48359.2573273441,0.956,0.956,NA,0.044,1,40.1826487343375,59.4279181807128,NA,NA,NA,0.0426617450714111,-0.0413191853572775,NA
2000,0.2,0.199999999999999,80.3725344984583,"setting_three","lm_interact","tmle","m1",49.544544239652,-0.455455760348044,1219.43,5.24002889911585,27.4579028635693,0.234341216449729,5.24002889911585,27.4579028635693,NA,NA,NA,5.73244254344392,135722.828678046,0.932,0.928,NA,0.068,0.996,38.3091633110567,60.7799251682472,NA,NA,NA,0.0420131349563599,-0.0869185588699506,NA
2000,0.2,0.199999999999999,80.3725344984583,"setting_three","lm","tmle","m1",50.5502413756433,0.550241375643339,1219.43,4.96004531604595,24.6020495372294,0.221819969963164,4.96004531604595,24.6020495372294,NA,NA,NA,5.75842041267436,101392.591735527,0.96,0.964,NA,0.04,0.994,39.2639447589613,61.8365379923254,NA,NA,NA,0.0422294106483459,0.110934747685326,1
2000,0.2,0.199999999999999,80.3725344984583,"setting_three","rf","tmle","m1",48.5631053754047,-1.4368946245953,1219.43,5.23071099691678,27.3603375332662,0.233924507195232,5.23071099691678,27.3603375332662,NA,NA,NA,5.44355182350627,77854.7167585577,0.94,0.958,NA,0.06,0.998,37.8939398533551,59.2322708974543,NA,NA,NA,1.05986317491531,-0.274703501195588,NA
2000,0.2,0.199999999999999,80.3725344984583,"setting_three","bart","tmle","m1",50.9875009177478,0.987500917747749,1219.43,4.88313830615523,23.8450397170406,0.218380583921926,4.88313830615523,23.8450397170406,NA,NA,NA,5.23859872647572,56179.5862088508,0.95,0.95,NA,0.05,1,40.7200360843979,61.2549657510976,NA,NA,NA,6.19287177610397,0.202226694358216,1.03174705637617
2000,0.2,0.199999999999999,80.3725344984583,"setting_three","correct_model","tmle","m1",49.8052834575251,-0.194716542474869,1219.43,4.71249713156734,22.2076292150304,0.210749278599147,4.71249713156734,22.2076292150304,NA,NA,NA,4.90959772684079,48359.2573273441,0.956,0.956,NA,0.044,1,40.1826487343375,59.4279181807128,NA,NA,NA,0.0426617450714111,-0.0413191853572775,1.10781971812545
2000,0.2,0.199999999999999,80.3725344984583,"setting_three","lm_interact","tmle","m1",49.544544239652,-0.455455760348044,1219.43,5.24002889911585,27.4579028635693,0.234341216449729,5.24002889911585,27.4579028635693,NA,NA,NA,5.73244254344392,135722.828678046,0.932,0.928,NA,0.068,0.996,38.3091633110567,60.7799251682472,NA,NA,NA,0.0420131349563599,-0.0869185588699506,0.895991571514771
2000,0.2,0.199999999999999,80.3725344984583,"setting_three","lm","tmle","m1",50.5502413756433,0.550241375643339,1219.43,4.96004531604595,24.6020495372294,0.221819969963164,4.96004531604595,24.6020495372294,NA,NA,NA,5.75842041267436,101392.591735527,0.96,0.964,NA,0.04,0.994,39.2639447589613,61.8365379923254,NA,NA,NA,0.0422294106483459,0.110934747685326,1
2000,0.2,0.199999999999999,80.3725344984583,"setting_three","rf","tmle","m1",48.5631053754047,-1.4368946245953,1219.43,5.23071099691678,27.3603375332662,0.233924507195232,5.23071099691678,27.3603375332662,NA,NA,NA,5.44355182350627,77854.7167585577,0.94,0.958,NA,0.06,0.998,37.8939398533551,59.2322708974543,NA,NA,NA,1.05986317491531,-0.274703501195588,0.899186623970442
2000,0.2,0.199999999999999,80.3725344984583,"setting_three","super","tmle","m1",50.1222592286691,0.122259228669131,1219.43,4.98352835773862,24.835554892385,0.222870163514029,4.98352835773862,24.835554892385,NA,NA,NA,5.40246653126044,67298.7756030454,0.96,0.954,NA,0.04,0.996,39.5336193997156,60.7108990576226,NA,NA,NA,22.4542535591125,0.0245326643881302,0.990597940888883
2000,0.2,0.199999999999999,80.3725344984583,"setting_three","unadj","tmle","m1",60.4397709555737,10.4397709555737,1219.43,5.04605279668803,25.4626488269631,0.225666341428947,5.04605279668803,25.4626488269631,NA,NA,NA,NA,NA,NA,NA,NA,NA,NA,NA,NA,NA,NA,NA,0.000339818477630615,2.06889847891124,0.966201501831876
2000,0.2,0.199999999999999,80.3725344984583,"setting_three","xgboost","tmle","m1",48.087487931136,-1.91251206886398,1219.43,5.39126032008118,29.0656878388818,0.241104491201976,5.39126032008118,29.0656878388818,NA,NA,NA,5.60313854681773,64769.0652834271,0.934,0.954,NA,0.066,1,37.1055381789852,59.0694376832869,NA,NA,NA,1.68025978708267,-0.354743038791935,0.846429290564344
2000,0.2,0.199999999999999,80.3725344984583,"setting_three","super","tmle","m1",50.1222592286691,0.122259228669131,1219.43,4.98352835773862,24.835554892385,0.222870163514029,4.98352835773862,24.835554892385,NA,NA,NA,5.40246653126044,67298.7756030454,0.96,0.954,NA,0.04,0.996,39.5336193997156,60.7108990576226,NA,NA,NA,22.4542535591125,0.0245326643881302,NA
2000,0.2,0.199999999999999,80.3725344984583,"setting_three","unadj","tmle","m1",60.4397709555737,10.4397709555737,1219.43,5.04605279668803,25.4626488269631,0.225666341428947,5.04605279668803,25.4626488269631,NA,NA,NA,NA,NA,NA,NA,NA,NA,NA,NA,NA,NA,NA,NA,0.000339818477630615,2.06889847891124,NA
2000,0.2,0.199999999999999,80.3725344984583,"setting_three","xgboost","tmle","m1",48.087487931136,-1.91251206886398,1219.43,5.39126032008118,29.0656878388818,0.241104491201976,5.39126032008118,29.0656878388818,NA,NA,NA,5.60313854681773,64769.0652834271,0.934,0.954,NA,0.066,1,37.1055381789852,59.0694376832869,NA,NA,NA,1.68025978708267,-0.354743038791935,NA
2000,0.4,0.399999999999998,47.3098136741244,"setting_three","bart","tmle","m1",51.0818127054265,1.08181270542651,1217.608,3.19497999859927,10.2078971914494,0.142883849272403,3.19497999859927,10.2078971914494,NA,NA,NA,3.16459551800424,20624.8440743953,0.932,0.942,NA,0.068,1,44.8793194645013,57.2843059463517,NA,NA,NA,8.07285696363449,0.338597645650614,NA
2000,0.4,0.399999999999998,47.3098136741244,"setting_three","correct_model","tmle","m1",50.1798193813609,0.179819381360909,1217.608,3.00246469962724,9.0147942725077,0.1342743033682,3.00246469962724,9.0147942725077,NA,NA,NA,2.87987138489741,16627.2935344832,0.93,0.93,NA,0.07,1,44.5353751868545,55.8242635758673,NA,NA,NA,0.0693543801307678,0.0598905896822813,NA
2000,0.4,0.399999999999998,47.3098136741244,"setting_three","lm_interact","tmle","m1",49.8908093675731,-0.109190632426905,1217.608,3.4554418232511,11.9400781938729,0.154532056181705,3.4554418232511,11.9400781938729,NA,NA,NA,3.60391409202165,35626.3041599156,0.94,0.94,NA,0.06,0.998,42.8272675438343,56.9543511913119,NA,NA,NA,0.0731876173019409,-0.0315996153349129,NA
2000,0.4,0.399999999999998,47.3098136741244,"setting_three","lm","tmle","m1",51.011518724495,1.01151872449497,1217.608,3.30910240162204,10.9501587044207,0.147987558290694,3.30910240162204,10.9501587044207,NA,NA,NA,3.55281829610332,31529.1690182553,0.944,0.954,NA,0.056,1,44.0481228205175,57.9749146284724,NA,NA,NA,0.0513212184906006,0.305677673800347,1
2000,0.4,0.399999999999998,47.3098136741244,"setting_three","rf","tmle","m1",50.1024739007148,0.102473900714837,1217.608,3.3591594973016,11.2839525283116,0.150226179664608,3.3591594973016,11.2839525283116,NA,NA,NA,3.24362665726401,21842.2899020519,0.94,0.936,NA,0.06,1,43.7450824731833,56.4598653282463,NA,NA,NA,0.976196108341217,0.0305058157545522,NA
2000,0.4,0.399999999999998,47.3098136741244,"setting_three","bart","tmle","m1",51.0818127054265,1.08181270542651,1217.608,3.19497999859927,10.2078971914494,0.142883849272403,3.19497999859927,10.2078971914494,NA,NA,NA,3.16459551800424,20624.8440743953,0.932,0.942,NA,0.068,1,44.8793194645013,57.2843059463517,NA,NA,NA,8.07285696363449,0.338597645650614,1.07271443854206
2000,0.4,0.399999999999998,47.3098136741244,"setting_three","correct_model","tmle","m1",50.1798193813609,0.179819381360909,1217.608,3.00246469962724,9.0147942725077,0.1342743033682,3.00246469962724,9.0147942725077,NA,NA,NA,2.87987138489741,16627.2935344832,0.93,0.93,NA,0.07,1,44.5353751868545,55.8242635758673,NA,NA,NA,0.0693543801307678,0.0598905896822813,1.21468758724925
2000,0.4,0.399999999999998,47.3098136741244,"setting_three","lm_interact","tmle","m1",49.8908093675731,-0.109190632426905,1217.608,3.4554418232511,11.9400781938729,0.154532056181705,3.4554418232511,11.9400781938729,NA,NA,NA,3.60391409202165,35626.3041599156,0.94,0.94,NA,0.06,0.998,42.8272675438343,56.9543511913119,NA,NA,NA,0.0731876173019409,-0.0315996153349129,0.917092713014209
2000,0.4,0.399999999999998,47.3098136741244,"setting_three","lm","tmle","m1",51.011518724495,1.01151872449497,1217.608,3.30910240162204,10.9501587044207,0.147987558290694,3.30910240162204,10.9501587044207,NA,NA,NA,3.55281829610332,31529.1690182553,0.944,0.954,NA,0.056,1,44.0481228205175,57.9749146284724,NA,NA,NA,0.0513212184906006,0.305677673800347,1
2000,0.4,0.399999999999998,47.3098136741244,"setting_three","rf","tmle","m1",50.1024739007148,0.102473900714837,1217.608,3.3591594973016,11.2839525283116,0.150226179664608,3.3591594973016,11.2839525283116,NA,NA,NA,3.24362665726401,21842.2899020519,0.94,0.936,NA,0.06,1,43.7450824731833,56.4598653282463,NA,NA,NA,0.976196108341217,0.0305058157545522,0.970418714271138
2000,0.4,0.399999999999998,47.3098136741244,"setting_three","super","tmle","m1",50.6152866492215,0.615286649221526,1217.608,3.22085832272904,10.3739283350929,0.144041163110362,3.22085832272904,10.3739283350929,NA,NA,NA,3.2571708515007,30142.3139269813,0.944,0.938,NA,0.056,0.998,44.2313490887865,56.9992242096566,NA,NA,NA,20.5726629528999,0.191031888884883,1.05554601407632
2000,0.4,0.399999999999998,47.3098136741244,"setting_three","unadj","tmle","m1",60.6934474379544,10.6934474379544,1217.608,3.60021244104428,12.96152962065,0.161006395032309,3.60021244104428,12.96152962065,NA,NA,NA,NA,NA,NA,NA,NA,NA,NA,NA,NA,NA,NA,NA,0.000360626697540283,2.97022678885377,0.844819942159849
2000,0.4,0.399999999999998,47.3098136741244,"setting_three","xgboost","tmle","m1",49.5866459524598,-0.413354047540216,1217.608,3.55604711778406,12.6454711039003,0.159031261731147,3.55604711778406,12.6454711039003,NA,NA,NA,3.35242683596096,22851.7932803874,0.932,0.934,NA,0.068,1,43.0160100931707,56.1572818117488,NA,NA,NA,1.20525549840927,-0.116239755506332,0.865935212255026
2000,0.4,0.399999999999998,47.3098136741244,"setting_three","super","tmle","m1",50.6152866492215,0.615286649221526,1217.608,3.22085832272904,10.3739283350929,0.144041163110362,3.22085832272904,10.3739283350929,NA,NA,NA,3.2571708515007,30142.3139269813,0.944,0.938,NA,0.056,0.998,44.2313490887865,56.9992242096566,NA,NA,NA,20.5726629528999,0.191031888884883,NA
2000,0.4,0.399999999999998,47.3098136741244,"setting_three","unadj","tmle","m1",60.6934474379544,10.6934474379544,1217.608,3.60021244104428,12.96152962065,0.161006395032309,3.60021244104428,12.96152962065,NA,NA,NA,NA,NA,NA,NA,NA,NA,NA,NA,NA,NA,NA,NA,0.000360626697540283,2.97022678885377,NA
2000,0.4,0.399999999999998,47.3098136741244,"setting_three","xgboost","tmle","m1",49.5866459524598,-0.413354047540216,1217.608,3.55604711778406,12.6454711039003,0.159031261731147,3.55604711778406,12.6454711039003,NA,NA,NA,3.35242683596096,22851.7932803874,0.932,0.934,NA,0.068,1,43.0160100931707,56.1572818117488,NA,NA,NA,1.20525549840927,-0.116239755506332,NA
2000,0.6,0.600000000000007,28.9504930292864,"setting_three","bart","tmle","m1",50.8066598560441,0.806659856044053,1218.48,1.87357124426119,3.51026920732241,0.0837886532571376,1.87357124426119,3.51026920732241,NA,NA,NA,2.17455721407523,32778.7468037555,0.94,0.962,NA,0.06,0.998,46.5446060341348,55.0687136779533,NA,NA,NA,8.07454719781876,0.430546667768776,NA
2000,0.6,0.600000000000007,28.9504930292864,"setting_three","correct_model","tmle","m1",50.0727569949546,0.0727569949545609,1218.48,1.73507888921944,3.01049875181496,0.0775950868523898,1.73507888921944,3.01049875181496,NA,NA,NA,1.7631627160208,6230.19650614244,0.954,0.952,NA,0.046,1,46.61702157267,53.5284924172391,NA,NA,NA,0.0696532483100891,0.0419329607469849,NA
2000,0.6,0.600000000000007,28.9504930292864,"setting_three","lm_interact","tmle","m1",49.7256278511814,-0.274372148818638,1218.48,2.28579098804351,5.22484044102093,0.102223680632434,2.28579098804351,5.22484044102093,NA,NA,NA,3.63203757815805,241014.169909607,0.952,0.96,NA,0.048,0.988,42.6069650074955,56.8442906948672,NA,NA,NA,0.0675256681442261,-0.120033787102067,NA
2000,0.6,0.600000000000007,28.9504930292864,"setting_three","lm","tmle","m1",50.7926638809173,0.792663880917263,1218.48,1.9800385716172,3.92055274509187,0.0885500168841528,1.9800385716172,3.92055274509187,NA,NA,NA,5.75431272726542,6688823.3623933,0.968,0.978,NA,0.032,0.99,39.5144181796966,62.0709095821379,NA,NA,NA,0.0729579644203186,0.400327494766859,1
2000,0.6,0.600000000000007,28.9504930292864,"setting_three","rf","tmle","m1",50.6865823197984,0.686582319798428,1218.48,2.05724765095485,4.23226789735926,0.0920029118817362,2.05724765095485,4.23226789735926,NA,NA,NA,3.41652329013535,1426505.29064077,0.942,0.958,NA,0.058,0.996,43.9903197187909,57.382844920806,NA,NA,NA,0.949256161689758,0.333738293238423,NA
2000,0.6,0.600000000000007,28.9504930292864,"setting_three","bart","tmle","m1",50.8066598560441,0.806659856044053,1218.48,1.87357124426119,3.51026920732241,0.0837886532571376,1.87357124426119,3.51026920732241,NA,NA,NA,2.17455721407523,32778.7468037555,0.94,0.962,NA,0.06,0.998,46.5446060341348,55.0687136779533,NA,NA,NA,8.07454719781876,0.430546667768776,1.11688093235516
2000,0.6,0.600000000000007,28.9504930292864,"setting_three","correct_model","tmle","m1",50.0727569949546,0.0727569949545609,1218.48,1.73507888921944,3.01049875181496,0.0775950868523898,1.73507888921944,3.01049875181496,NA,NA,NA,1.7631627160208,6230.19650614244,0.954,0.952,NA,0.046,1,46.61702157267,53.5284924172391,NA,NA,NA,0.0696532483100891,0.0419329607469849,1.3022934298605
2000,0.6,0.600000000000007,28.9504930292864,"setting_three","lm_interact","tmle","m1",49.7256278511814,-0.274372148818638,1218.48,2.28579098804351,5.22484044102093,0.102223680632434,2.28579098804351,5.22484044102093,NA,NA,NA,3.63203757815805,241014.169909607,0.952,0.96,NA,0.048,0.988,42.6069650074955,56.8442906948672,NA,NA,NA,0.0675256681442261,-0.120033787102067,0.750367937422754
2000,0.6,0.600000000000007,28.9504930292864,"setting_three","lm","tmle","m1",50.7926638809173,0.792663880917263,1218.48,1.9800385716172,3.92055274509187,0.0885500168841528,1.9800385716172,3.92055274509187,NA,NA,NA,5.75431272726542,6688823.3623933,0.968,0.978,NA,0.032,0.99,39.5144181796966,62.0709095821379,NA,NA,NA,0.0729579644203186,0.400327494766859,1
2000,0.6,0.600000000000007,28.9504930292864,"setting_three","rf","tmle","m1",50.6865823197984,0.686582319798428,1218.48,2.05724765095485,4.23226789735926,0.0920029118817362,2.05724765095485,4.23226789735926,NA,NA,NA,3.41652329013535,1426505.29064077,0.942,0.958,NA,0.058,0.996,43.9903197187909,57.382844920806,NA,NA,NA,0.949256161689758,0.333738293238423,0.926347962882528
2000,0.6,0.600000000000007,28.9504930292864,"setting_three","super","tmle","m1",50.7456549535093,0.74565495350934,1218.48,1.94905825795973,3.79882809292102,0.0871645351381055,1.94905825795973,3.79882809292102,NA,NA,NA,2.47173423509099,197517.291177224,0.942,0.966,NA,0.058,0.998,45.9011448733764,55.5901650336423,NA,NA,NA,20.4883968763351,0.382571916700884,1.03204268505797
2000,0.6,0.600000000000007,28.9504930292864,"setting_three","unadj","tmle","m1",60.7032635156002,10.7032635156002,1218.48,2.52456852338665,6.37344622927466,0.112902136642976,2.52456852338665,6.37344622927466,NA,NA,NA,NA,NA,NA,NA,NA,NA,NA,NA,NA,NA,NA,NA,0.00067946720123291,4.23964072135465,0.615138592851681
2000,0.6,0.600000000000007,28.9504930292864,"setting_three","xgboost","tmle","m1",50.0927304781091,0.0927304781090655,1218.48,2.18703165311124,4.78310745171049,0.0978070289060095,2.18703165311124,4.78310745171049,NA,NA,NA,3.29128130941375,1060516.54162496,0.946,0.942,NA,0.054,0.998,43.6419376486683,56.5435233075499,NA,NA,NA,1.20836735439301,0.0424001536407342,0.819666458400352
2000,0.6,0.600000000000007,28.9504930292864,"setting_three","super","tmle","m1",50.7456549535093,0.74565495350934,1218.48,1.94905825795973,3.79882809292102,0.0871645351381055,1.94905825795973,3.79882809292102,NA,NA,NA,2.47173423509099,197517.291177224,0.942,0.966,NA,0.058,0.998,45.9011448733764,55.5901650336423,NA,NA,NA,20.4883968763351,0.382571916700884,NA
2000,0.6,0.600000000000007,28.9504930292864,"setting_three","unadj","tmle","m1",60.7032635156002,10.7032635156002,1218.48,2.52456852338665,6.37344622927466,0.112902136642976,2.52456852338665,6.37344622927466,NA,NA,NA,NA,NA,NA,NA,NA,NA,NA,NA,NA,NA,NA,NA,0.00067946720123291,4.23964072135465,NA
2000,0.6,0.600000000000007,28.9504930292864,"setting_three","xgboost","tmle","m1",50.0927304781091,0.0927304781090655,1218.48,2.18703165311124,4.78310745171049,0.0978070289060095,2.18703165311124,4.78310745171049,NA,NA,NA,3.29128130941375,1060516.54162496,0.946,0.942,NA,0.054,0.998,43.6419376486683,56.5435233075499,NA,NA,NA,1.20836735439301,0.0424001536407342,NA
2000,0.8,0.800000000000001,11.8226689844557,"setting_three","bart","tmle","m1",50.4676285588953,0.467628558895309,1217.518,0.891358670922172,0.794520280228141,0.0398627716103169,0.891358670922172,0.794520280228141,NA,NA,NA,1.0652485352448,4027.86690954373,0.93,0.958,NA,0.07,1,48.3797797952315,52.5554773225592,NA,NA,NA,8.09273469161987,0.524624457191306,NA
2000,0.8,0.800000000000001,11.8226689844557,"setting_three","correct_model","tmle","m1",50.0418239625402,0.0418239625402206,1217.518,0.691565070330888,0.478262246501766,0.0309277301624858,0.691565070330888,0.478262246501766,NA,NA,NA,0.720786962907515,1044.92910715049,0.96,0.96,NA,0.04,1,48.6291074747155,51.454540450365,NA,NA,NA,0.0684382123947144,0.0604772628556983,NA
2000,0.8,0.800000000000001,11.8226689844557,"setting_three","lm_interact","tmle","m1",49.8505911203427,-0.14940887965728,1217.518,1.62223772294817,2.63165522975606,0.0725486764835315,1.62223772294817,2.63165522975606,NA,NA,NA,2.19889967802759,28987.0548235539,0.944,0.946,NA,0.056,0.998,45.5408269457919,54.1603552948935,NA,NA,NA,0.0692481484413147,-0.0921004841298795,NA
2000,0.8,0.800000000000001,11.8226689844557,"setting_three","lm","tmle","m1",50.8232308351965,0.82323083519653,1217.518,1.29737086836405,1.6831711700797,0.0580201890737991,1.29737086836405,1.6831711700797,NA,NA,NA,2.30240632125741,53013.9335810997,0.946,0.974,NA,0.054,0.992,46.3105973677547,55.3358643026384,NA,NA,NA,0.0670614633560181,0.634537783505653,1
2000,0.8,0.800000000000001,11.8226689844557,"setting_three","rf","tmle","m1",51.108426836258,1.108426836258,1217.518,1.10484302683111,1.22067811393733,0.0494100822492198,1.10484302683111,1.22067811393733,NA,NA,NA,1.30755642879348,4504.47996731864,0.874,0.958,NA,0.126,1,48.545663328069,53.671190344447,NA,NA,NA,0.950991212368011,1.00324372724437,NA
2000,0.8,0.800000000000001,11.8226689844557,"setting_three","bart","tmle","m1",50.4676285588953,0.467628558895309,1217.518,0.891358670922172,0.794520280228141,0.0398627716103169,0.891358670922172,0.794520280228141,NA,NA,NA,1.0652485352448,4027.86690954373,0.93,0.958,NA,0.07,1,48.3797797952315,52.5554773225592,NA,NA,NA,8.09273469161987,0.524624457191306,2.11847477272246
2000,0.8,0.800000000000001,11.8226689844557,"setting_three","correct_model","tmle","m1",50.0418239625402,0.0418239625402206,1217.518,0.691565070330888,0.478262246501766,0.0309277301624858,0.691565070330888,0.478262246501766,NA,NA,NA,0.720786962907515,1044.92910715049,0.96,0.96,NA,0.04,1,48.6291074747155,51.454540450365,NA,NA,NA,0.0684382123947144,0.0604772628556983,3.51934776870054
2000,0.8,0.800000000000001,11.8226689844557,"setting_three","lm_interact","tmle","m1",49.8505911203427,-0.14940887965728,1217.518,1.62223772294817,2.63165522975606,0.0725486764835315,1.62223772294817,2.63165522975606,NA,NA,NA,2.19889967802759,28987.0548235539,0.944,0.946,NA,0.056,0.998,45.5408269457919,54.1603552948935,NA,NA,NA,0.0692481484413147,-0.0921004841298795,0.639586504739726
2000,0.8,0.800000000000001,11.8226689844557,"setting_three","lm","tmle","m1",50.8232308351965,0.82323083519653,1217.518,1.29737086836405,1.6831711700797,0.0580201890737991,1.29737086836405,1.6831711700797,NA,NA,NA,2.30240632125741,53013.9335810997,0.946,0.974,NA,0.054,0.992,46.3105973677547,55.3358643026384,NA,NA,NA,0.0670614633560181,0.634537783505653,1
2000,0.8,0.800000000000001,11.8226689844557,"setting_three","rf","tmle","m1",51.108426836258,1.108426836258,1217.518,1.10484302683111,1.22067811393733,0.0494100822492198,1.10484302683111,1.22067811393733,NA,NA,NA,1.30755642879348,4504.47996731864,0.874,0.958,NA,0.126,1,48.545663328069,53.671190344447,NA,NA,NA,0.950991212368011,1.00324372724437,1.37888207453035
2000,0.8,0.800000000000001,11.8226689844557,"setting_three","super","tmle","m1",50.7674458722052,0.767445872205172,1217.518,0.978018870454311,0.956520910964727,0.043738333552268,0.978018870454311,0.956520910964727,NA,NA,NA,1.03315362078912,2307.06575835783,0.884,0.948,NA,0.116,1,48.7425019849614,52.792389759449,NA,NA,NA,20.4074717001915,0.784694340149773,1.75968047408612
2000,0.8,0.800000000000001,11.8226689844557,"setting_three","unadj","tmle","m1",60.6397294491291,10.6397294491291,1217.518,2.07088152041951,4.28855027161504,0.092612637060123,2.07088152041951,4.28855027161504,NA,NA,NA,NA,NA,NA,NA,NA,NA,NA,NA,NA,NA,NA,NA,0.00059034252166748,5.13777796760372,0.392480223729738
2000,0.8,0.800000000000001,11.8226689844557,"setting_three","xgboost","tmle","m1",50.4967770097417,0.49677700974168,1217.518,1.18670642891586,1.40827214843024,0.0530711248878377,1.18670642891586,1.40827214843024,NA,NA,NA,1.60176411347026,49323.8649455296,0.924,0.938,NA,0.076,0.994,47.3573770356113,53.6361769838721,NA,NA,NA,1.19355591535568,0.418618284722297,1.19520305216281
2000,0.8,0.800000000000001,11.8226689844557,"setting_three","super","tmle","m1",50.7674458722052,0.767445872205172,1217.518,0.978018870454311,0.956520910964727,0.043738333552268,0.978018870454311,0.956520910964727,NA,NA,NA,1.03315362078912,2307.06575835783,0.884,0.948,NA,0.116,1,48.7425019849614,52.792389759449,NA,NA,NA,20.4074717001915,0.784694340149773,NA
2000,0.8,0.800000000000001,11.8226689844557,"setting_three","unadj","tmle","m1",60.6397294491291,10.6397294491291,1217.518,2.07088152041951,4.28855027161504,0.092612637060123,2.07088152041951,4.28855027161504,NA,NA,NA,NA,NA,NA,NA,NA,NA,NA,NA,NA,NA,NA,NA,0.00059034252166748,5.13777796760372,NA
2000,0.8,0.800000000000001,11.8226689844557,"setting_three","xgboost","tmle","m1",50.4967770097417,0.49677700974168,1217.518,1.18670642891586,1.40827214843024,0.0530711248878377,1.18670642891586,1.40827214843024,NA,NA,NA,1.60176411347026,49323.8649455296,0.924,0.938,NA,0.076,0.994,47.3573770356113,53.6361769838721,NA,NA,NA,1.19355591535568,0.418618284722297,NA
500,0.2,0.200000000000002,81.8928012306109,"setting_three","bart","tmle","m1",50.5458595047185,0.545859504718483,304.492,11.0514090125229,122.133641162073,0.494234035983102,11.0514090125229,122.133641162073,NA,NA,NA,15.5354433186208,1278882.70144091,0.976,0.974,NA,0.024,0.958,20.0969501163583,80.9947688930787,NA,NA,NA,2.76508214473724,0.0493927520101681,NA
500,0.2,0.200000000000002,81.8928012306109,"setting_three","correct_model","tmle","m1",48.7206522565937,-1.27934774340633,304.492,10.0330680418977,100.66245433335,0.448692443291281,10.0330680418977,100.66245433335,NA,NA,NA,10.7655854034799,59618.1283497339,0.966,0.972,NA,0.034,0.996,27.6204925932829,69.8208119199044,NA,NA,NA,0.0611187381744385,-0.127513113442849,NA
500,0.2,0.200000000000002,81.8928012306109,"setting_three","lm_interact","tmle","m1",48.5804625981663,-1.4195374018337,304.492,11.9433275946709,142.643074033627,0.534121847584663,11.9433275946709,142.643074033627,NA,NA,NA,18.1592600874342,1254085.22237388,0.946,0.95,NA,0.054,0.926,12.9889668408995,84.1719583554331,NA,NA,NA,0.0595470695495605,-0.11885610526727,NA
500,0.2,0.200000000000002,81.8928012306109,"setting_three","lm","tmle","m1",49.6656211814166,-0.334378818583411,304.492,10.6626091580881,113.691234058145,0.476846377899937,10.6626091580881,113.691234058145,NA,NA,NA,14.5458128455237,295912.480962794,0.962,0.962,NA,0.038,0.944,21.15635187833,78.1748904845032,NA,NA,NA,0.0573684034347534,-0.0313599432958459,1
500,0.2,0.200000000000002,81.8928012306109,"setting_three","rf","tmle","m1",42.9864600739193,-7.01353992608067,304.492,9.93960324182231,98.7957126048446,0.444512570361839,9.93960324182231,98.7957126048446,NA,NA,NA,18.6138091877045,3261585.49350011,0.936,0.99,NA,0.064,0.92,6.50406445091784,79.4688556969208,NA,NA,NA,0.257947269439697,-0.705615682582801,NA
500,0.2,0.200000000000002,81.8928012306109,"setting_three","bart","tmle","m1",50.5458595047185,0.545859504718483,304.492,11.0514090125229,122.133641162073,0.494234035983102,11.0514090125229,122.133641162073,NA,NA,NA,15.5354433186208,1278882.70144091,0.976,0.974,NA,0.024,0.958,20.0969501163583,80.9947688930787,NA,NA,NA,2.76508214473724,0.0493927520101681,0.93087566190936
500,0.2,0.200000000000002,81.8928012306109,"setting_three","correct_model","tmle","m1",48.7206522565937,-1.27934774340633,304.492,10.0330680418977,100.66245433335,0.448692443291281,10.0330680418977,100.66245433335,NA,NA,NA,10.7655854034799,59618.1283497339,0.966,0.972,NA,0.034,0.996,27.6204925932829,69.8208119199044,NA,NA,NA,0.0611187381744385,-0.127513113442849,1.1294303800864
500,0.2,0.200000000000002,81.8928012306109,"setting_three","lm_interact","tmle","m1",48.5804625981663,-1.4195374018337,304.492,11.9433275946709,142.643074033627,0.534121847584663,11.9433275946709,142.643074033627,NA,NA,NA,18.1592600874342,1254085.22237388,0.946,0.95,NA,0.054,0.926,12.9889668408995,84.1719583554331,NA,NA,NA,0.0595470695495605,-0.11885610526727,0.797032977790027
500,0.2,0.200000000000002,81.8928012306109,"setting_three","lm","tmle","m1",49.6656211814166,-0.334378818583411,304.492,10.6626091580881,113.691234058145,0.476846377899937,10.6626091580881,113.691234058145,NA,NA,NA,14.5458128455237,295912.480962794,0.962,0.962,NA,0.038,0.944,21.15635187833,78.1748904845032,NA,NA,NA,0.0573684034347534,-0.0313599432958459,1
500,0.2,0.200000000000002,81.8928012306109,"setting_three","rf","tmle","m1",42.9864600739193,-7.01353992608067,304.492,9.93960324182231,98.7957126048446,0.444512570361839,9.93960324182231,98.7957126048446,NA,NA,NA,18.6138091877045,3261585.49350011,0.936,0.99,NA,0.064,0.92,6.50406445091784,79.4688556969208,NA,NA,NA,0.257947269439697,-0.705615682582801,1.15077092983658
500,0.2,0.200000000000002,81.8928012306109,"setting_three","super","tmle","m1",48.3684990722649,-1.63150092773514,304.492,10.6775423820774,114.009911321059,0.477514211979202,10.6775423820774,114.009911321059,NA,NA,NA,16.5707928770081,1262506.81231146,0.966,0.966,NA,0.034,0.958,15.8903418380561,80.8466563064736,NA,NA,NA,14.4100858783722,-0.152797419982492,0.997204828429201
500,0.2,0.200000000000002,81.8928012306109,"setting_three","unadj","tmle","m1",59.7177283674468,9.71772836744676,304.492,10.409515241871,108.358007570744,0.465527673872874,10.409515241871,108.358007570744,NA,NA,NA,NA,NA,NA,NA,NA,NA,NA,NA,NA,NA,NA,NA,0.000394614219665527,0.933542834767022,1.04921857283062
500,0.2,0.200000000000002,81.8928012306109,"setting_three","xgboost","tmle","m1",44.2611383534659,-5.73886164653408,304.492,12.836706574947,164.781035691286,0.574074970175998,12.836706574947,164.781035691286,NA,NA,NA,19.0543978397611,3362969.43655922,0.942,0.974,NA,0.058,0.916,6.91520484043643,81.6070718664954,NA,NA,NA,1.16430685901642,-0.447066512974166,0.689953389242821
500,0.2,0.200000000000002,81.8928012306109,"setting_three","super","tmle","m1",48.3684990722649,-1.63150092773514,304.492,10.6775423820774,114.009911321059,0.477514211979202,10.6775423820774,114.009911321059,NA,NA,NA,16.5707928770081,1262506.81231146,0.966,0.966,NA,0.034,0.958,15.8903418380561,80.8466563064736,NA,NA,NA,14.4100858783722,-0.152797419982492,NA
500,0.2,0.200000000000002,81.8928012306109,"setting_three","unadj","tmle","m1",59.7177283674468,9.71772836744676,304.492,10.409515241871,108.358007570744,0.465527673872874,10.409515241871,108.358007570744,NA,NA,NA,NA,NA,NA,NA,NA,NA,NA,NA,NA,NA,NA,NA,0.000394614219665527,0.933542834767022,NA
500,0.2,0.200000000000002,81.8928012306109,"setting_three","xgboost","tmle","m1",44.2611383534659,-5.73886164653408,304.492,12.836706574947,164.781035691286,0.574074970175998,12.836706574947,164.781035691286,NA,NA,NA,19.0543978397611,3362969.43655922,0.942,0.974,NA,0.058,0.916,6.91520484043643,81.6070718664954,NA,NA,NA,1.16430685901642,-0.447066512974166,NA
500,0.4,0.400000000000007,47.9979525873881,"setting_three","bart","tmle","m1",51.3987920162408,1.39879201624084,303.74,6.24948140341302,39.0560178116052,0.279485304843046,6.24948140341302,39.0560178116052,NA,NA,NA,8.23647317329325,55678.9680311187,0.97,0.968,NA,0.03,0.986,35.2556012369557,67.5419827955259,NA,NA,NA,2.77538367319107,0.223825294603952,NA
500,0.4,0.400000000000007,47.9979525873881,"setting_three","correct_model","tmle","m1",49.9113726159343,-0.0886273840657036,303.74,5.77190040256835,33.3148342571687,0.258127233190025,5.77190040256835,33.3148342571687,NA,NA,NA,6.32927564943439,20427.441267202,0.958,0.958,NA,0.042,1,37.5062202948165,62.3165249370521,NA,NA,NA,0.0595518622398376,-0.0153549745983605,NA
500,0.4,0.400000000000007,47.9979525873881,"setting_three","lm_interact","tmle","m1",49.6643711054353,-0.335628894564676,303.74,7.14589342326017,51.063792816593,0.319574069087568,7.14589342326017,51.063792816593,NA,NA,NA,10.6964126024362,413330.043346222,0.962,0.956,NA,0.038,0.966,28.6997876408801,70.6289545699906,NA,NA,NA,0.059330596446991,-0.0469680800824976,NA
500,0.4,0.400000000000007,47.9979525873881,"setting_three","lm","tmle","m1",50.8506893623886,0.850689362388602,303.74,6.31387754680105,39.8650496759984,0.282365187925135,6.31387754680105,39.8650496759984,NA,NA,NA,10.3697958099523,543506.175406429,0.968,0.97,NA,0.032,0.97,30.5262630478478,71.1751156769294,NA,NA,NA,0.0597709188461304,0.134733269070067,1
500,0.4,0.400000000000007,47.9979525873881,"setting_three","rf","tmle","m1",46.3216485413357,-3.67835145866434,303.74,6.42411395703478,41.2692401329691,0.287295110062699,6.42411395703478,41.2692401329691,NA,NA,NA,11.4419124247184,674459.284821347,0.942,0.968,NA,0.058,0.964,23.8959122746262,68.7473848080451,NA,NA,NA,0.262331249713898,-0.572585026241063,NA
500,0.4,0.400000000000007,47.9979525873881,"setting_three","bart","tmle","m1",51.3987920162408,1.39879201624084,303.74,6.24948140341302,39.0560178116052,0.279485304843046,6.24948140341302,39.0560178116052,NA,NA,NA,8.23647317329325,55678.9680311187,0.97,0.968,NA,0.03,0.986,35.2556012369557,67.5419827955259,NA,NA,NA,2.77538367319107,0.223825294603952,1.02071465320135
500,0.4,0.400000000000007,47.9979525873881,"setting_three","correct_model","tmle","m1",49.9113726159343,-0.0886273840657036,303.74,5.77190040256835,33.3148342571687,0.258127233190025,5.77190040256835,33.3148342571687,NA,NA,NA,6.32927564943439,20427.441267202,0.958,0.958,NA,0.042,1,37.5062202948165,62.3165249370521,NA,NA,NA,0.0595518622398376,-0.0153549745983605,1.19661557876189
500,0.4,0.400000000000007,47.9979525873881,"setting_three","lm_interact","tmle","m1",49.6643711054353,-0.335628894564676,303.74,7.14589342326017,51.063792816593,0.319574069087568,7.14589342326017,51.063792816593,NA,NA,NA,10.6964126024362,413330.043346222,0.962,0.956,NA,0.038,0.966,28.6997876408801,70.6289545699906,NA,NA,NA,0.059330596446991,-0.0469680800824976,0.780691121381888
500,0.4,0.400000000000007,47.9979525873881,"setting_three","lm","tmle","m1",50.8506893623886,0.850689362388602,303.74,6.31387754680105,39.8650496759984,0.282365187925135,6.31387754680105,39.8650496759984,NA,NA,NA,10.3697958099523,543506.175406429,0.968,0.97,NA,0.032,0.97,30.5262630478478,71.1751156769294,NA,NA,NA,0.0597709188461304,0.134733269070067,1
500,0.4,0.400000000000007,47.9979525873881,"setting_three","rf","tmle","m1",46.3216485413357,-3.67835145866434,303.74,6.42411395703478,41.2692401329691,0.287295110062699,6.42411395703478,41.2692401329691,NA,NA,NA,11.4419124247184,674459.284821347,0.942,0.968,NA,0.058,0.964,23.8959122746262,68.7473848080451,NA,NA,NA,0.262331249713898,-0.572585026241063,0.965974889471034
500,0.4,0.400000000000007,47.9979525873881,"setting_three","super","tmle","m1",49.6440287897343,-0.35597121026571,303.74,6.69822428981132,44.8662086366184,0.299553696811167,6.69822428981132,44.8662086366184,NA,NA,NA,9.92600445606105,253299.813202859,0.964,0.962,NA,0.036,0.976,30.1894175454705,69.098640033998,NA,NA,NA,14.4300248370171,-0.0531441162409533,0.888531723259134
500,0.4,0.400000000000007,47.9979525873881,"setting_three","unadj","tmle","m1",60.4239724277011,10.4239724277011,303.74,7.22802791242808,52.2443875028394,0.323247235109102,7.22802791242808,52.2443875028394,NA,NA,NA,NA,NA,NA,NA,NA,NA,NA,NA,NA,NA,NA,NA,0.000425774574279785,1.44215995759754,0.763049421793524
500,0.4,0.400000000000007,47.9979525873881,"setting_three","xgboost","tmle","m1",46.7898795580637,-3.21012044193628,303.74,8.0455308215999,64.7305662013139,0.359807076643342,8.0455308215999,64.7305662013139,NA,NA,NA,9.56166574582849,115812.753954712,0.936,0.954,NA,0.064,0.976,28.0493590640296,65.5304000520979,NA,NA,NA,1.19523525285721,-0.39899423830657,0.615861284945615
500,0.4,0.400000000000007,47.9979525873881,"setting_three","super","tmle","m1",49.6440287897343,-0.35597121026571,303.74,6.69822428981132,44.8662086366184,0.299553696811167,6.69822428981132,44.8662086366184,NA,NA,NA,9.92600445606105,253299.813202859,0.964,0.962,NA,0.036,0.976,30.1894175454705,69.098640033998,NA,NA,NA,14.4300248370171,-0.0531441162409533,NA
500,0.4,0.400000000000007,47.9979525873881,"setting_three","unadj","tmle","m1",60.4239724277011,10.4239724277011,303.74,7.22802791242808,52.2443875028394,0.323247235109102,7.22802791242808,52.2443875028394,NA,NA,NA,NA,NA,NA,NA,NA,NA,NA,NA,NA,NA,NA,NA,0.000425774574279785,1.44215995759754,NA
500,0.4,0.400000000000007,47.9979525873881,"setting_three","xgboost","tmle","m1",46.7898795580637,-3.21012044193628,303.74,8.0455308215999,64.7305662013139,0.359807076643342,8.0455308215999,64.7305662013139,NA,NA,NA,9.56166574582849,115812.753954712,0.936,0.954,NA,0.064,0.976,28.0493590640296,65.5304000520979,NA,NA,NA,1.19523525285721,-0.39899423830657,NA
500,0.6,0.600000000000008,29.2812927980116,"setting_three","bart","tmle","m1",51.3858888883019,1.38588888830186,303.554,4.16741194347731,17.3673223066373,0.186372327917196,4.16741194347731,17.3673223066373,NA,NA,NA,12.6396308149794,8209154.43477464,0.976,0.972,NA,0.024,0.98,26.6126677130595,76.1591100635442,NA,NA,NA,2.77624747848511,0.332553850470915,NA
500,0.6,0.600000000000008,29.2812927980116,"setting_three","correct_model","tmle","m1",50.1652515693496,0.165251569349564,303.554,3.65795365582499,13.3806249481634,0.163588660659371,3.65795365582499,13.3806249481634,NA,NA,NA,3.85541090833543,7550.46045454355,0.954,0.956,NA,0.046,1,42.6087850434093,57.7217180952899,NA,NA,NA,0.0601133403778076,0.0451759603587144,NA
500,0.6,0.600000000000008,29.2812927980116,"setting_three","lm_interact","tmle","m1",49.8260679071083,-0.173932092891682,303.554,4.73686311972529,22.4378722150136,0.211838958716349,4.73686311972529,22.4378722150136,NA,NA,NA,27.5740215274091,84831841.2605795,0.966,0.968,NA,0.034,0.982,-4.21802119554566,103.870157009762,NA,NA,NA,0.0603696975708008,-0.0367188344893042,NA
500,0.6,0.600000000000008,29.2812927980116,"setting_three","lm","tmle","m1",50.9901164688817,0.990116468881694,303.554,4.32511663409165,18.7066338984962,0.19342509608888,4.32511663409165,18.7066338984962,NA,NA,NA,8.14384790152181,410038.937250531,0.974,0.978,NA,0.026,0.978,35.0284678863269,66.9517650514365,NA,NA,NA,0.0597942929267883,0.228922489876308,1
500,0.6,0.600000000000008,29.2812927980116,"setting_three","rf","tmle","m1",48.531143650426,-1.46885634957401,303.554,5.26481832806056,27.7183120274824,0.235449833414604,5.26481832806056,27.7183120274824,NA,NA,NA,13.310121233807,6805492.93143055,0.95,0.964,NA,0.05,0.984,22.4437854023025,74.6185018985495,NA,NA,NA,0.25799480342865,-0.278994688524249,NA
500,0.6,0.600000000000008,29.2812927980116,"setting_three","bart","tmle","m1",51.3858888883019,1.38588888830186,303.554,4.16741194347731,17.3673223066373,0.186372327917196,4.16741194347731,17.3673223066373,NA,NA,NA,12.6396308149794,8209154.43477464,0.976,0.972,NA,0.024,0.98,26.6126677130595,76.1591100635442,NA,NA,NA,2.77624747848511,0.332553850470915,1.07711675802476
500,0.6,0.600000000000008,29.2812927980116,"setting_three","correct_model","tmle","m1",50.1652515693496,0.165251569349564,303.554,3.65795365582499,13.3806249481634,0.163588660659371,3.65795365582499,13.3806249481634,NA,NA,NA,3.85541090833543,7550.46045454355,0.954,0.956,NA,0.046,1,42.6087850434093,57.7217180952899,NA,NA,NA,0.0601133403778076,0.0451759603587144,1.39803887867463
500,0.6,0.600000000000008,29.2812927980116,"setting_three","lm_interact","tmle","m1",49.8260679071083,-0.173932092891682,303.554,4.73686311972529,22.4378722150136,0.211838958716349,4.73686311972529,22.4378722150136,NA,NA,NA,27.5740215274091,84831841.2605795,0.966,0.968,NA,0.034,0.982,-4.21802119554566,103.870157009762,NA,NA,NA,0.0603696975708008,-0.0367188344893042,0.833708014701111
500,0.6,0.600000000000008,29.2812927980116,"setting_three","lm","tmle","m1",50.9901164688817,0.990116468881694,303.554,4.32511663409165,18.7066338984962,0.19342509608888,4.32511663409165,18.7066338984962,NA,NA,NA,8.14384790152181,410038.937250531,0.974,0.978,NA,0.026,0.978,35.0284678863269,66.9517650514365,NA,NA,NA,0.0597942929267883,0.228922489876308,1
500,0.6,0.600000000000008,29.2812927980116,"setting_three","rf","tmle","m1",48.531143650426,-1.46885634957401,303.554,5.26481832806056,27.7183120274824,0.235449833414604,5.26481832806056,27.7183120274824,NA,NA,NA,13.310121233807,6805492.93143055,0.95,0.964,NA,0.05,0.984,22.4437854023025,74.6185018985495,NA,NA,NA,0.25799480342865,-0.278994688524249,0.674883588868932
500,0.6,0.600000000000008,29.2812927980116,"setting_three","super","tmle","m1",50.2001773706941,0.200177370694121,303.554,4.17382269379747,17.4207958792588,0.186659025387249,4.17382269379747,17.4207958792588,NA,NA,NA,7.01035556993824,242869.323436968,0.97,0.968,NA,0.03,0.986,36.4601329347954,63.9402218065928,NA,NA,NA,14.4718705205917,0.0479601998886048,1.07381052095148
500,0.6,0.600000000000008,29.2812927980116,"setting_three","unadj","tmle","m1",60.5442747833427,10.5442747833427,303.554,5.34104912395383,28.526805744488,0.238858978246529,5.34104912395383,28.526805744488,NA,NA,NA,NA,NA,NA,NA,NA,NA,NA,NA,NA,NA,NA,NA,0.000401947498321533,1.97419543213958,0.655756346015387
500,0.6,0.600000000000008,29.2812927980116,"setting_three","xgboost","tmle","m1",49.1017726209397,-0.898227379060288,303.554,5.18687073049031,26.9036279748171,0.231963910877606,5.18687073049031,26.9036279748171,NA,NA,NA,7.70005810656112,424090.011755404,0.946,0.948,NA,0.054,0.984,34.0099360532142,64.1936091886652,NA,NA,NA,1.18783253288269,-0.173173272620847,0.695320122475912
500,0.6,0.600000000000008,29.2812927980116,"setting_three","super","tmle","m1",50.2001773706941,0.200177370694121,303.554,4.17382269379747,17.4207958792588,0.186659025387249,4.17382269379747,17.4207958792588,NA,NA,NA,7.01035556993824,242869.323436968,0.97,0.968,NA,0.03,0.986,36.4601329347954,63.9402218065928,NA,NA,NA,14.4718705205917,0.0479601998886048,NA
500,0.6,0.600000000000008,29.2812927980116,"setting_three","unadj","tmle","m1",60.5442747833427,10.5442747833427,303.554,5.34104912395383,28.526805744488,0.238858978246529,5.34104912395383,28.526805744488,NA,NA,NA,NA,NA,NA,NA,NA,NA,NA,NA,NA,NA,NA,NA,0.000401947498321533,1.97419543213958,NA
500,0.6,0.600000000000008,29.2812927980116,"setting_three","xgboost","tmle","m1",49.1017726209397,-0.898227379060288,303.554,5.18687073049031,26.9036279748171,0.231963910877606,5.18687073049031,26.9036279748171,NA,NA,NA,7.70005810656112,424090.011755404,0.946,0.948,NA,0.054,0.984,34.0099360532142,64.1936091886652,NA,NA,NA,1.18783253288269,-0.173173272620847,NA
500,0.8,0.800000000000005,12.087439066557,"setting_three","bart","tmle","m1",50.9028336230108,0.902833623010804,304.522,2.82303310200912,7.96951589503924,0.12624987837649,2.82303310200912,7.96951589503924,NA,NA,NA,15.5025338915951,15719379.1136432,0.958,0.98,NA,0.042,0.986,20.5184255263728,81.2872417196488,NA,NA,NA,2.78643154716492,0.319809789820838,NA
500,0.8,0.800000000000005,12.087439066557,"setting_three","correct_model","tmle","m1",49.9576699683564,-0.0423300316436178,304.522,1.54832764893606,2.39731850845986,0.0692433174892691,1.54832764893606,2.39731850845986,NA,NA,NA,1.5794899365984,1282.76186547895,0.956,0.956,NA,0.044,1,46.8619265786801,53.0534133580327,NA,NA,NA,0.0616247239112854,-0.0273391950810315,NA
500,0.8,0.800000000000005,12.087439066557,"setting_three","lm_interact","tmle","m1",49.7771534498822,-0.222846550117763,304.522,3.28299526383345,10.7780579023529,0.146820011594829,3.28299526383345,10.7780579023529,NA,NA,NA,15.2430017374991,16913011.3221973,0.952,0.962,NA,0.048,0.964,19.9014190281025,79.652887871662,NA,NA,NA,0.0649083285331726,-0.0678790349083695,NA
500,0.8,0.800000000000005,12.087439066557,"setting_three","lm","tmle","m1",50.8843371359554,0.884337135955398,304.522,2.95812438160214,8.75049985702906,0.132291344063238,2.95812438160214,8.75049985702906,NA,NA,NA,29.7318931221974,133291548.854312,0.982,0.984,NA,0.018,0.97,-7.38910257574561,109.157776847656,NA,NA,NA,0.0617925782203674,0.298951978306076,1
500,0.8,0.800000000000005,12.087439066557,"setting_three","rf","tmle","m1",49.3998359680923,-0.600164031907739,304.522,8.79148355399843,77.2901830802249,0.393167096996239,8.79148355399843,77.2901830802249,NA,NA,NA,723.809547138086,128655304927.626,0.964,0.97,NA,0.036,0.976,-1369.2408080888,1468.04048002499,NA,NA,NA,0.253541593074799,-0.0682665250092836,NA
500,0.8,0.800000000000005,12.087439066557,"setting_three","bart","tmle","m1",50.9028336230108,0.902833623010804,304.522,2.82303310200912,7.96951589503924,0.12624987837649,2.82303310200912,7.96951589503924,NA,NA,NA,15.5025338915951,15719379.1136432,0.958,0.98,NA,0.042,0.986,20.5184255263728,81.2872417196488,NA,NA,NA,2.78643154716492,0.319809789820838,1.09799641186185
500,0.8,0.800000000000005,12.087439066557,"setting_three","correct_model","tmle","m1",49.9576699683564,-0.0423300316436178,304.522,1.54832764893606,2.39731850845986,0.0692433174892691,1.54832764893606,2.39731850845986,NA,NA,NA,1.5794899365984,1282.76186547895,0.956,0.956,NA,0.044,1,46.8619265786801,53.0534133580327,NA,NA,NA,0.0616247239112854,-0.0273391950810315,3.65011984271158
500,0.8,0.800000000000005,12.087439066557,"setting_three","lm_interact","tmle","m1",49.7771534498822,-0.222846550117763,304.522,3.28299526383345,10.7780579023529,0.146820011594829,3.28299526383345,10.7780579023529,NA,NA,NA,15.2430017374991,16913011.3221973,0.952,0.962,NA,0.048,0.964,19.9014190281025,79.652887871662,NA,NA,NA,0.0649083285331726,-0.0678790349083695,0.811880947041376
500,0.8,0.800000000000005,12.087439066557,"setting_three","lm","tmle","m1",50.8843371359554,0.884337135955398,304.522,2.95812438160214,8.75049985702906,0.132291344063238,2.95812438160214,8.75049985702906,NA,NA,NA,29.7318931221974,133291548.854312,0.982,0.984,NA,0.018,0.97,-7.38910257574561,109.157776847656,NA,NA,NA,0.0617925782203674,0.298951978306076,1
500,0.8,0.800000000000005,12.087439066557,"setting_three","rf","tmle","m1",49.3998359680923,-0.600164031907739,304.522,8.79148355399843,77.2901830802249,0.393167096996239,8.79148355399843,77.2901830802249,NA,NA,NA,723.809547138086,128655304927.626,0.964,0.97,NA,0.036,0.976,-1369.2408080888,1468.04048002499,NA,NA,NA,0.253541593074799,-0.0682665250092836,0.113216187467771
500,0.8,0.800000000000005,12.087439066557,"setting_three","super","tmle","m1",49.7667811725002,-0.233218827499843,304.522,15.0111950494405,225.335976812348,0.671321051081147,15.0111950494405,225.335976812348,NA,NA,NA,61.9292559733194,842624231.365191,0.946,0.944,NA,0.054,0.99,-71.6123301245677,171.145892469568,NA,NA,NA,14.4215668458939,-0.0155363265037673,0.0388331236796518
500,0.8,0.800000000000005,12.087439066557,"setting_three","unadj","tmle","m1",60.2626558864896,10.2626558864896,304.522,4.2876929800605,18.3843110912601,0.191751459401279,4.2876929800605,18.3843110912601,NA,NA,NA,NA,NA,NA,NA,NA,NA,NA,NA,NA,NA,NA,NA,0.000443161487579346,2.3935146322778,0.475976489605262
500,0.8,0.800000000000005,12.087439066557,"setting_three","xgboost","tmle","m1",52.6967955143677,2.69679551436774,304.522,57.9300794924582,3355.89411000252,2.59071191374206,57.9300794924582,3355.89411000252,NA,NA,NA,11.7397875528211,3855247.71459718,0.95,0.85,NA,0.05,0.976,29.6872347246869,75.7063563040486,NA,NA,NA,1.16869006347656,0.0465525947486199,0.00260750177752852
500,0.8,0.800000000000005,12.087439066557,"setting_three","super","tmle","m1",49.7667811725002,-0.233218827499843,304.522,15.0111950494405,225.335976812348,0.671321051081147,15.0111950494405,225.335976812348,NA,NA,NA,61.9292559733194,842624231.365191,0.946,0.944,NA,0.054,0.99,-71.6123301245677,171.145892469568,NA,NA,NA,14.4215668458939,-0.0155363265037673,NA
500,0.8,0.800000000000005,12.087439066557,"setting_three","unadj","tmle","m1",60.2626558864896,10.2626558864896,304.522,4.2876929800605,18.3843110912601,0.191751459401279,4.2876929800605,18.3843110912601,NA,NA,NA,NA,NA,NA,NA,NA,NA,NA,NA,NA,NA,NA,NA,0.000443161487579346,2.3935146322778,NA
500,0.8,0.800000000000005,12.087439066557,"setting_three","xgboost","tmle","m1",52.6967955143677,2.69679551436774,304.522,57.9300794924582,3355.89411000252,2.59071191374206,57.9300794924582,3355.89411000252,NA,NA,NA,11.7397875528211,3855247.71459718,0.95,0.85,NA,0.05,0.976,29.6872347246869,75.7063563040486,NA,NA,NA,1.16869006347656,0.0465525947486199,NA
5000,0.2,0.199999999999995,80.1268739835556,"setting_three","bart","tmle","m1",50.9520844859618,0.952084485961754,3043.868,3.31977899244936,11.0209325587081,0.148465029947851,3.31977899244936,11.0209325587081,NA,NA,NA,3.2422470109871,55418.0462824268,0.94,0.944,NA,0.06,1,44.5973971154444,57.3067718564791,NA,NA,NA,18.4511619386673,0.286791526823687,NA
5000,0.2,0.199999999999995,80.1268739835556,"setting_three","correct_model","tmle","m1",50.1495623055435,0.149562305543503,3043.868,3.12230585029384,9.74879382277916,0.139633762556046,3.12230585029384,9.74879382277916,NA,NA,NA,3.05640646919906,46765.3918174118,0.948,0.946,NA,0.052,1,44.1591157037981,56.1400089072889,NA,NA,NA,0.0939588069915771,0.0479012347651425,NA
5000,0.2,0.199999999999995,80.1268739835556,"setting_three","lm_interact","tmle","m1",49.9207069419607,-0.0792930580392526,3043.868,3.46665077255402,12.0176675788494,0.155033335633659,3.46665077255402,12.0176675788494,NA,NA,NA,3.47385152273631,73404.4994350226,0.928,0.928,NA,0.072,0.998,43.112083069758,56.7293308141635,NA,NA,NA,0.0917106032371521,-0.0228731023808418,NA
5000,0.2,0.199999999999995,80.1268739835556,"setting_three","lm","tmle","m1",50.8953797827161,0.895379782716107,3043.868,3.22085239291229,10.3738901369288,0.144040897920895,3.22085239291229,10.3738901369288,NA,NA,NA,3.50122154674354,83724.4401434221,0.946,0.948,NA,0.054,0.996,44.0331116492032,57.7576479162291,NA,NA,NA,0.099134388923645,0.277994665227892,1
5000,0.2,0.199999999999995,80.1268739835556,"setting_three","rf","tmle","m1",50.1344667957567,0.134466795756718,3043.868,3.5079648181407,12.3058171653129,0.156880955920806,3.5079648181407,12.3058171653129,NA,NA,NA,3.29622256434905,56618.522479122,0.926,0.926,NA,0.074,1,43.6739892846043,56.5949443069091,NA,NA,NA,2.86769230461121,0.0383318541455579,NA
5000,0.2,0.199999999999995,80.1268739835556,"setting_three","bart","tmle","m1",50.9520844859618,0.952084485961754,3043.868,3.31977899244936,11.0209325587081,0.148465029947851,3.31977899244936,11.0209325587081,NA,NA,NA,3.2422470109871,55418.0462824268,0.94,0.944,NA,0.06,1,44.5973971154444,57.3067718564791,NA,NA,NA,18.4511619386673,0.286791526823687,0.941289685030506
5000,0.2,0.199999999999995,80.1268739835556,"setting_three","correct_model","tmle","m1",50.1495623055435,0.149562305543503,3043.868,3.12230585029384,9.74879382277916,0.139633762556046,3.12230585029384,9.74879382277916,NA,NA,NA,3.05640646919906,46765.3918174118,0.948,0.946,NA,0.052,1,44.1591157037981,56.1400089072889,NA,NA,NA,0.0939588069915771,0.0479012347651425,1.0641203748395
5000,0.2,0.199999999999995,80.1268739835556,"setting_three","lm_interact","tmle","m1",49.9207069419607,-0.0792930580392526,3043.868,3.46665077255402,12.0176675788494,0.155033335633659,3.46665077255402,12.0176675788494,NA,NA,NA,3.47385152273631,73404.4994350226,0.928,0.928,NA,0.072,0.998,43.112083069758,56.7293308141635,NA,NA,NA,0.0917106032371521,-0.0228731023808418,0.863219927566179
5000,0.2,0.199999999999995,80.1268739835556,"setting_three","lm","tmle","m1",50.8953797827161,0.895379782716107,3043.868,3.22085239291229,10.3738901369288,0.144040897920895,3.22085239291229,10.3738901369288,NA,NA,NA,3.50122154674354,83724.4401434221,0.946,0.948,NA,0.054,0.996,44.0331116492032,57.7576479162291,NA,NA,NA,0.099134388923645,0.277994665227892,1
5000,0.2,0.199999999999995,80.1268739835556,"setting_three","rf","tmle","m1",50.1344667957567,0.134466795756718,3043.868,3.5079648181407,12.3058171653129,0.156880955920806,3.5079648181407,12.3058171653129,NA,NA,NA,3.29622256434905,56618.522479122,0.926,0.926,NA,0.074,1,43.6739892846043,56.5949443069091,NA,NA,NA,2.86769230461121,0.0383318541455579,0.84300701022686
5000,0.2,0.199999999999995,80.1268739835556,"setting_three","super","tmle","m1",50.6215810306523,0.621581030652314,3043.868,3.25447543221345,10.591610338881,0.145544565950646,3.25447543221345,10.591610338881,NA,NA,NA,3.40459860734919,84397.6709873069,0.948,0.942,NA,0.052,0.996,43.9486903784327,57.294471682872,NA,NA,NA,32.7632201328278,0.190992694091275,0.979444088765901
5000,0.2,0.199999999999995,80.1268739835556,"setting_three","unadj","tmle","m1",60.7149586236163,10.7149586236163,3043.868,3.3597376604594,11.2878371471092,0.150252035907067,3.3597376604594,11.2878371471092,NA,NA,NA,NA,NA,NA,NA,NA,NA,NA,NA,NA,NA,NA,NA,0.00121871185302734,3.18922478672074,0.919032583632334
5000,0.2,0.199999999999995,80.1268739835556,"setting_three","xgboost","tmle","m1",49.393115320254,-0.606884679746027,3043.868,3.52667331336555,12.4374246592048,0.157717625262396,3.52667331336555,12.4374246592048,NA,NA,NA,3.40564747045188,60220.1792370546,0.942,0.946,NA,0.058,1,42.7181689341284,56.0680617063796,NA,NA,NA,1.24996821212769,-0.17208417843695,0.834086671572414
5000,0.2,0.199999999999995,80.1268739835556,"setting_three","super","tmle","m1",50.6215810306523,0.621581030652314,3043.868,3.25447543221345,10.591610338881,0.145544565950646,3.25447543221345,10.591610338881,NA,NA,NA,3.40459860734919,84397.6709873069,0.948,0.942,NA,0.052,0.996,43.9486903784327,57.294471682872,NA,NA,NA,32.7632201328278,0.190992694091275,NA
5000,0.2,0.199999999999995,80.1268739835556,"setting_three","unadj","tmle","m1",60.7149586236163,10.7149586236163,3043.868,3.3597376604594,11.2878371471092,0.150252035907067,3.3597376604594,11.2878371471092,NA,NA,NA,NA,NA,NA,NA,NA,NA,NA,NA,NA,NA,NA,NA,0.00121871185302734,3.18922478672074,NA
5000,0.2,0.199999999999995,80.1268739835556,"setting_three","xgboost","tmle","m1",49.393115320254,-0.606884679746027,3043.868,3.52667331336555,12.4374246592048,0.157717625262396,3.52667331336555,12.4374246592048,NA,NA,NA,3.40564747045188,60220.1792370546,0.942,0.946,NA,0.058,1,42.7181689341284,56.0680617063796,NA,NA,NA,1.24996821212769,-0.17208417843695,NA
5000,0.4,0.399999999999999,47.1588038334409,"setting_three","bart","tmle","m1",50.7438227226929,0.743822722692882,3046.076,1.91583429233084,3.67042103567082,0.0856787142255393,1.91583429233084,3.67042103567082,NA,NA,NA,1.93706796359662,19086.7061850186,0.928,0.952,NA,0.072,1,46.9472392784372,54.5404061669486,NA,NA,NA,18.4039799184799,0.388250030637009,NA
5000,0.4,0.399999999999999,47.1588038334409,"setting_three","correct_model","tmle","m1",50.1377620719612,0.137762071961169,3046.076,1.80067322469225,3.24242406212357,0.0805285547135123,1.80067322469225,3.24242406212357,NA,NA,NA,1.79757956864927,16169.7718121129,0.948,0.948,NA,0.052,1,46.6145708580636,53.6609532858588,NA,NA,NA,0.0904397988319397,0.0765058701779241,NA
5000,0.4,0.399999999999999,47.1588038334409,"setting_three","lm_interact","tmle","m1",49.8689231733963,-0.131076826603737,3046.076,2.12608801923114,4.52025026551819,0.0950815467429742,2.12608801923114,4.52025026551819,NA,NA,NA,2.60940819457149,305790.424018583,0.938,0.938,NA,0.062,0.998,44.7545770910724,54.9832692557201,NA,NA,NA,0.0945416283607483,-0.0616516463185464,NA
5000,0.4,0.399999999999999,47.1588038334409,"setting_three","lm","tmle","m1",50.8315546680802,0.831554668080181,3046.076,1.92203827274133,3.69423112188249,0.0859561646641181,1.92203827274133,3.69423112188249,NA,NA,NA,2.32078305183965,37304.7076837302,0.95,0.958,NA,0.05,1,46.2829034705435,55.3802058656168,NA,NA,NA,0.0971512069702148,0.432642096608287,1
5000,0.4,0.399999999999999,47.1588038334409,"setting_three","rf","tmle","m1",50.7039718439559,0.703971843955938,3046.076,2.01544571738768,4.06202143973634,0.0901334725807936,2.01544571738768,4.06202143973634,NA,NA,NA,2.00158317280924,21067.4376277949,0.936,0.94,NA,0.064,1,46.7809409131884,54.6270027747235,NA,NA,NA,2.83906354999542,0.349288416890926,NA
5000,0.4,0.399999999999999,47.1588038334409,"setting_three","bart","tmle","m1",50.7438227226929,0.743822722692882,3046.076,1.91583429233084,3.67042103567082,0.0856787142255393,1.91583429233084,3.67042103567082,NA,NA,NA,1.93706796359662,19086.7061850186,0.928,0.952,NA,0.072,1,46.9472392784372,54.5404061669486,NA,NA,NA,18.4039799184799,0.388250030637009,1.00648701769641
5000,0.4,0.399999999999999,47.1588038334409,"setting_three","correct_model","tmle","m1",50.1377620719612,0.137762071961169,3046.076,1.80067322469225,3.24242406212357,0.0805285547135123,1.80067322469225,3.24242406212357,NA,NA,NA,1.79757956864927,16169.7718121129,0.948,0.948,NA,0.052,1,46.6145708580636,53.6609532858588,NA,NA,NA,0.0904397988319397,0.0765058701779241,1.13934237197309
5000,0.4,0.399999999999999,47.1588038334409,"setting_three","lm_interact","tmle","m1",49.8689231733963,-0.131076826603737,3046.076,2.12608801923114,4.52025026551819,0.0950815467429742,2.12608801923114,4.52025026551819,NA,NA,NA,2.60940819457149,305790.424018583,0.938,0.938,NA,0.062,0.998,44.7545770910724,54.9832692557201,NA,NA,NA,0.0945416283607483,-0.0616516463185464,0.817262519746568
5000,0.4,0.399999999999999,47.1588038334409,"setting_three","lm","tmle","m1",50.8315546680802,0.831554668080181,3046.076,1.92203827274133,3.69423112188249,0.0859561646641181,1.92203827274133,3.69423112188249,NA,NA,NA,2.32078305183965,37304.7076837302,0.95,0.958,NA,0.05,1,46.2829034705435,55.3802058656168,NA,NA,NA,0.0971512069702148,0.432642096608287,1
5000,0.4,0.399999999999999,47.1588038334409,"setting_three","rf","tmle","m1",50.7039718439559,0.703971843955938,3046.076,2.01544571738768,4.06202143973634,0.0901334725807936,2.01544571738768,4.06202143973634,NA,NA,NA,2.00158317280924,21067.4376277949,0.936,0.94,NA,0.064,1,46.7809409131884,54.6270027747235,NA,NA,NA,2.83906354999542,0.349288416890926,0.909456332687963
5000,0.4,0.399999999999999,47.1588038334409,"setting_three","super","tmle","m1",50.7345151261728,0.734515126172811,3046.076,1.91944477897265,3.68426825952537,0.0858401800967982,1.91944477897265,3.68426825952537,NA,NA,NA,1.9837630279797,20615.2859357527,0.938,0.948,NA,0.062,1,46.8464110374705,54.6226192148751,NA,NA,NA,32.3588354873657,0.38267062132725,1.0027041631215
5000,0.4,0.399999999999999,47.1588038334409,"setting_three","unadj","tmle","m1",60.6859240983466,10.6859240983466,3046.076,2.18338250391461,4.76715915840043,0.0976438339927353,2.18338250391461,4.76715915840043,NA,NA,NA,NA,NA,NA,NA,NA,NA,NA,NA,NA,NA,NA,NA,0.00123778104782104,4.89420615910756,0.77493345599186
5000,0.4,0.399999999999999,47.1588038334409,"setting_three","xgboost","tmle","m1",49.8587569346672,-0.1412430653328,3046.076,2.11115662738101,4.45698230533476,0.0944137945994626,2.11115662738101,4.45698230533476,NA,NA,NA,2.03866119955841,21383.35723597,0.93,0.932,NA,0.07,1,45.8630544068535,53.8544594624809,NA,NA,NA,1.27255201387405,-0.0669031674395558,0.828863762250234
5000,0.4,0.399999999999999,47.1588038334409,"setting_three","super","tmle","m1",50.7345151261728,0.734515126172811,3046.076,1.91944477897265,3.68426825952537,0.0858401800967982,1.91944477897265,3.68426825952537,NA,NA,NA,1.9837630279797,20615.2859357527,0.938,0.948,NA,0.062,1,46.8464110374705,54.6226192148751,NA,NA,NA,32.3588354873657,0.38267062132725,NA
5000,0.4,0.399999999999999,47.1588038334409,"setting_three","unadj","tmle","m1",60.6859240983466,10.6859240983466,3046.076,2.18338250391461,4.76715915840043,0.0976438339927353,2.18338250391461,4.76715915840043,NA,NA,NA,NA,NA,NA,NA,NA,NA,NA,NA,NA,NA,NA,NA,0.00123778104782104,4.89420615910756,NA
5000,0.4,0.399999999999999,47.1588038334409,"setting_three","xgboost","tmle","m1",49.8587569346672,-0.1412430653328,3046.076,2.11115662738101,4.45698230533476,0.0944137945994626,2.11115662738101,4.45698230533476,NA,NA,NA,2.03866119955841,21383.35723597,0.93,0.932,NA,0.07,1,45.8630544068535,53.8544594624809,NA,NA,NA,1.27255201387405,-0.0669031674395558,NA
5000,0.6,0.599999999999999,28.8201857811979,"setting_three","bart","tmle","m1",50.4897596895578,0.489759689557756,3044.854,1.17546599852136,1.38172031367981,0.0525684375586685,1.17546599852136,1.38172031367981,NA,NA,NA,1.22453161063304,7869.21589284762,0.932,0.952,NA,0.068,1,48.0897218347862,52.8897975443293,NA,NA,NA,18.6616320352554,0.416651515376739,NA
5000,0.6,0.599999999999999,28.8201857811979,"setting_three","correct_model","tmle","m1",49.9819955252535,-0.0180044747464536,3044.854,1.07984589312472,1.16606715289832,0.0482921764450168,1.07984589312472,1.16606715289832,NA,NA,NA,1.10114566578637,6067.40898653925,0.958,0.958,NA,0.042,1,47.8237896785799,52.1402013719272,NA,NA,NA,0.0956711006164551,-0.0166731890736322,NA
5000,0.6,0.599999999999999,28.8201857811979,"setting_three","lm_interact","tmle","m1",49.7427716668827,-0.257228333117255,3044.854,1.49358781782143,2.23080456954457,0.0667952778202857,1.49358781782143,2.23080456954457,NA,NA,NA,1.74615006286078,26330.7578057704,0.956,0.954,NA,0.044,1,46.3203804320733,53.1651629016922,NA,NA,NA,0.0934831991195679,-0.172221766974809,NA
5000,0.6,0.599999999999999,28.8201857811979,"setting_three","lm","tmle","m1",50.7082939729759,0.708293972975859,3044.854,1.27814134566486,1.63364529949798,0.0571602186751936,1.27814134566486,1.63364529949798,NA,NA,NA,1.77102350590376,33319.1963901053,0.956,0.974,NA,0.044,0.998,47.2371516856306,54.1794362603211,NA,NA,NA,0.100757584571838,0.554159346599824,1
5000,0.6,0.599999999999999,28.8201857811979,"setting_three","rf","tmle","m1",50.9143555690478,0.914355569047782,3044.854,1.22245913949042,1.49440634772366,0.0546700347123296,1.22245913949042,1.49440634772366,NA,NA,NA,1.26815063316315,8276.47165216104,0.876,0.96,NA,0.124,1,48.4288260010763,53.3998851370192,NA,NA,NA,2.78237904787064,0.747964115535942,NA
5000,0.6,0.599999999999999,28.8201857811979,"setting_three","bart","tmle","m1",50.4897596895578,0.489759689557756,3044.854,1.17546599852136,1.38172031367981,0.0525684375586685,1.17546599852136,1.38172031367981,NA,NA,NA,1.22453161063304,7869.21589284762,0.932,0.952,NA,0.068,1,48.0897218347862,52.8897975443293,NA,NA,NA,18.6616320352554,0.416651515376739,1.18232704790106
5000,0.6,0.599999999999999,28.8201857811979,"setting_three","correct_model","tmle","m1",49.9819955252535,-0.0180044747464536,3044.854,1.07984589312472,1.16606715289832,0.0482921764450168,1.07984589312472,1.16606715289832,NA,NA,NA,1.10114566578637,6067.40898653925,0.958,0.958,NA,0.042,1,47.8237896785799,52.1402013719272,NA,NA,NA,0.0956711006164551,-0.0166731890736322,1.40098732344657
5000,0.6,0.599999999999999,28.8201857811979,"setting_three","lm_interact","tmle","m1",49.7427716668827,-0.257228333117255,3044.854,1.49358781782143,2.23080456954457,0.0667952778202857,1.49358781782143,2.23080456954457,NA,NA,NA,1.74615006286078,26330.7578057704,0.956,0.954,NA,0.044,1,46.3203804320733,53.1651629016922,NA,NA,NA,0.0934831991195679,-0.172221766974809,0.732312154009751
5000,0.6,0.599999999999999,28.8201857811979,"setting_three","lm","tmle","m1",50.7082939729759,0.708293972975859,3044.854,1.27814134566486,1.63364529949798,0.0571602186751936,1.27814134566486,1.63364529949798,NA,NA,NA,1.77102350590376,33319.1963901053,0.956,0.974,NA,0.044,0.998,47.2371516856306,54.1794362603211,NA,NA,NA,0.100757584571838,0.554159346599824,1
5000,0.6,0.599999999999999,28.8201857811979,"setting_three","rf","tmle","m1",50.9143555690478,0.914355569047782,3044.854,1.22245913949042,1.49440634772366,0.0546700347123296,1.22245913949042,1.49440634772366,NA,NA,NA,1.26815063316315,8276.47165216104,0.876,0.96,NA,0.124,1,48.4288260010763,53.3998851370192,NA,NA,NA,2.78237904787064,0.747964115535942,1.09317342099518
5000,0.6,0.599999999999999,28.8201857811979,"setting_three","super","tmle","m1",50.7802292011255,0.780229201125468,3044.854,1.18452751908314,1.40310544346525,0.0529736810777814,1.18452751908314,1.40310544346525,NA,NA,NA,1.22624953119879,7816.76669279206,0.908,0.954,NA,0.092,1,48.3768242839167,53.1836341183342,NA,NA,NA,32.2642223610878,0.658683895946454,1.16430686453854
5000,0.6,0.599999999999999,28.8201857811979,"setting_three","unadj","tmle","m1",60.5298678843939,10.5298678843939,3044.854,1.73288632665125,3.00289502109485,0.0774970324734418,1.73288632665125,3.00289502109485,NA,NA,NA,NA,NA,NA,NA,NA,NA,NA,NA,NA,NA,NA,NA,0.00124037075042725,6.07649083638541,0.544023446714549
5000,0.6,0.599999999999999,28.8201857811979,"setting_three","xgboost","tmle","m1",50.1102491947977,0.110249194797689,3044.854,1.24181005451882,1.54209221150403,0.055535433940936,1.24181005451882,1.54209221150403,NA,NA,NA,1.29478056073419,8701.64976981438,0.958,0.952,NA,0.042,1,47.5725259278761,52.6479724617193,NA,NA,NA,1.20537739467621,0.08878104537526,1.05936939912605
5000,0.6,0.599999999999999,28.8201857811979,"setting_three","super","tmle","m1",50.7802292011255,0.780229201125468,3044.854,1.18452751908314,1.40310544346525,0.0529736810777814,1.18452751908314,1.40310544346525,NA,NA,NA,1.22624953119879,7816.76669279206,0.908,0.954,NA,0.092,1,48.3768242839167,53.1836341183342,NA,NA,NA,32.2642223610878,0.658683895946454,NA
5000,0.6,0.599999999999999,28.8201857811979,"setting_three","unadj","tmle","m1",60.5298678843939,10.5298678843939,3044.854,1.73288632665125,3.00289502109485,0.0774970324734418,1.73288632665125,3.00289502109485,NA,NA,NA,NA,NA,NA,NA,NA,NA,NA,NA,NA,NA,NA,NA,0.00124037075042725,6.07649083638541,NA
5000,0.6,0.599999999999999,28.8201857811979,"setting_three","xgboost","tmle","m1",50.1102491947977,0.110249194797689,3044.854,1.24181005451882,1.54209221150403,0.055535433940936,1.24181005451882,1.54209221150403,NA,NA,NA,1.29478056073419,8701.64976981438,0.958,0.952,NA,0.042,1,47.5725259278761,52.6479724617193,NA,NA,NA,1.20537739467621,0.08878104537526,NA
5000,0.8,0.8,11.7885900633284,"setting_three","bart","tmle","m1",50.2852365640962,0.285236564096156,3040.726,0.512013596769829,0.262157923277177,0.0228979441556301,0.512013596769829,0.262157923277177,NA,NA,NA,0.581891413434268,2189.88725564081,0.932,0.968,NA,0.068,1,49.1447503508519,51.4257227773404,NA,NA,NA,19.5512527060509,0.557087870118382,NA
5000,0.8,0.8,11.7885900633284,"setting_three","correct_model","tmle","m1",50.0176330539676,0.0176330539676199,3040.726,0.448461361764063,0.201117592995277,0.0200558018037314,0.448461361764063,0.201117592995277,NA,NA,NA,0.449520572581623,1012.90495954569,0.952,0.948,NA,0.048,1,49.1365889213978,50.8986771865374,NA,NA,NA,0.0933916440010071,0.0393190037559953,NA
5000,0.8,0.8,11.7885900633284,"setting_three","lm_interact","tmle","m1",49.7630806540033,-0.236919345996665,3040.726,1.00415685708241,1.00833099362562,0.0449072598501762,1.00415685708241,1.00833099362562,NA,NA,NA,1.30285785435609,18457.7330432577,0.962,0.958,NA,0.038,1,47.2095261824903,52.3166351255164,NA,NA,NA,0.0887646927833557,-0.235938583026797,NA
5000,0.8,0.8,11.7885900633284,"setting_three","lm","tmle","m1",50.7518880539704,0.751888053970374,3040.726,0.788014962275515,0.620967580770081,0.0352411004586997,0.788014962275515,0.620967580770081,NA,NA,NA,1.3084786644812,14991.2441675796,0.934,0.986,NA,0.066,1,48.1873169970481,53.3164591108926,NA,NA,NA,0.100476103782654,0.954154540161498,1
5000,0.8,0.8,11.7885900633284,"setting_three","rf","tmle","m1",51.1758493702595,1.17584937025954,3040.726,0.636470350258973,0.40509450675878,0.0284638193768433,0.636470350258973,0.40509450675878,NA,NA,NA,0.716722871428418,3166.26497378045,0.592,0.97,NA,0.408,1,49.7710983553637,52.5806003851554,NA,NA,NA,2.74246668148041,1.84745349061602,NA
5000,0.8,0.8,11.7885900633284,"setting_three","bart","tmle","m1",50.2852365640962,0.285236564096156,3040.726,0.512013596769829,0.262157923277177,0.0228979441556301,0.512013596769829,0.262157923277177,NA,NA,NA,0.581891413434268,2189.88725564081,0.932,0.968,NA,0.068,1,49.1447503508519,51.4257227773404,NA,NA,NA,19.5512527060509,0.557087870118382,2.36867752462907
5000,0.8,0.8,11.7885900633284,"setting_three","correct_model","tmle","m1",50.0176330539676,0.0176330539676199,3040.726,0.448461361764063,0.201117592995277,0.0200558018037314,0.448461361764063,0.201117592995277,NA,NA,NA,0.449520572581623,1012.90495954569,0.952,0.948,NA,0.048,1,49.1365889213978,50.8986771865374,NA,NA,NA,0.0933916440010071,0.0393190037559953,3.08758458930375
5000,0.8,0.8,11.7885900633284,"setting_three","lm_interact","tmle","m1",49.7630806540033,-0.236919345996665,3040.726,1.00415685708241,1.00833099362562,0.0449072598501762,1.00415685708241,1.00833099362562,NA,NA,NA,1.30285785435609,18457.7330432577,0.962,0.958,NA,0.038,1,47.2095261824903,52.3166351255164,NA,NA,NA,0.0887646927833557,-0.235938583026797,0.615837046263241
5000,0.8,0.8,11.7885900633284,"setting_three","lm","tmle","m1",50.7518880539704,0.751888053970374,3040.726,0.788014962275515,0.620967580770081,0.0352411004586997,0.788014962275515,0.620967580770081,NA,NA,NA,1.3084786644812,14991.2441675796,0.934,0.986,NA,0.066,1,48.1873169970481,53.3164591108926,NA,NA,NA,0.100476103782654,0.954154540161498,1
5000,0.8,0.8,11.7885900633284,"setting_three","rf","tmle","m1",51.1758493702595,1.17584937025954,3040.726,0.636470350258973,0.40509450675878,0.0284638193768433,0.636470350258973,0.40509450675878,NA,NA,NA,0.716722871428418,3166.26497378045,0.592,0.97,NA,0.408,1,49.7710983553637,52.5806003851554,NA,NA,NA,2.74246668148041,1.84745349061602,1.53289558463415
5000,0.8,0.8,11.7885900633284,"setting_three","super","tmle","m1",50.7058805029023,0.705880502902279,3040.726,0.578751908304433,0.334953771366023,0.0258825721815288,0.578751908304433,0.334953771366023,NA,NA,NA,0.604323473891272,2013.70345784292,0.794,0.956,NA,0.206,1,49.5214282590633,51.8903327467413,NA,NA,NA,33.4961822772026,1.21965991433237,1.85389039877839
5000,0.8,0.8,11.7885900633284,"setting_three","unadj","tmle","m1",60.5389233817693,10.5389233817693,3040.726,1.41005183222382,1.98824616955775,0.0630594349730118,1.41005183222382,1.98824616955775,NA,NA,NA,NA,NA,NA,NA,NA,NA,NA,NA,NA,NA,NA,NA,0.000859625816345215,7.47413899327953,0.312319264222802
5000,0.8,0.8,11.7885900633284,"setting_three","xgboost","tmle","m1",50.4297976457653,0.429797645765343,3040.726,0.647336299503609,0.419044284655027,0.0289497593998647,0.647336299503609,0.419044284655027,NA,NA,NA,0.69459975238557,2938.56984039588,0.906,0.964,NA,0.094,1,49.0684071474192,51.7911881441115,NA,NA,NA,1.29226951122284,0.663948006770084,1.48186624542865
5000,0.8,0.8,11.7885900633284,"setting_three","super","tmle","m1",50.7058805029023,0.705880502902279,3040.726,0.578751908304433,0.334953771366023,0.0258825721815288,0.578751908304433,0.334953771366023,NA,NA,NA,0.604323473891272,2013.70345784292,0.794,0.956,NA,0.206,1,49.5214282590633,51.8903327467413,NA,NA,NA,33.4961822772026,1.21965991433237,NA
5000,0.8,0.8,11.7885900633284,"setting_three","unadj","tmle","m1",60.5389233817693,10.5389233817693,3040.726,1.41005183222382,1.98824616955775,0.0630594349730118,1.41005183222382,1.98824616955775,NA,NA,NA,NA,NA,NA,NA,NA,NA,NA,NA,NA,NA,NA,NA,0.000859625816345215,7.47413899327953,NA
5000,0.8,0.8,11.7885900633284,"setting_three","xgboost","tmle","m1",50.4297976457653,0.429797645765343,3040.726,0.647336299503609,0.419044284655027,0.0289497593998647,0.647336299503609,0.419044284655027,NA,NA,NA,0.69459975238557,2938.56984039588,0.906,0.964,NA,0.094,1,49.0684071474192,51.7911881441115,NA,NA,NA,1.29226951122284,0.663948006770084,NA
